================================================================
=== Tue Apr 21 14:09:05 UTC 2026 === mu sweep START: mu in -4 -3 -2 -1 1 2
================================================================
================================================================
=== Tue Apr 21 14:09:05 UTC 2026 === START mu=-4   (model=lewm_lp_p1.0_mu-4_pusht_expert)
================================================================
[2026-04-21 14:09:14,304][root][INFO] - Cached 'action' from '/home/ubuntu/le-wm-palash/dataset/pusht_expert_train.h5'
[2026-04-21 14:09:14,367][root][INFO] - Cached 'proprio' from '/home/ubuntu/le-wm-palash/dataset/pusht_expert_train.h5'
[2026-04-21 14:09:14,447][root][INFO] - Cached 'state' from '/home/ubuntu/le-wm-palash/dataset/pusht_expert_train.h5'
14:09:15.055 | INFO    (151978, stable_pretraining.backbone.utils) | Created ViT-tiny from scratch with config: {'hidden_size': 192, 'num_hidden_layers': 12, 'num_attention_heads': 3, 'intermediate_size': 768, 'image_size': 112, 'patch_size': 14}
14:09:16.889 | INFO    (151978, stable_pretraining.data.module) | Setting up DataModule
14:09:16.890 | INFO    (151978, stable_pretraining.module) | Initializing Module configuration...
14:09:16.890 | WARNING (151978, stable_pretraining.module) | No hyperparameters provided - hyperparameter logging is disabled.
14:09:16.890 | INFO    (151978, stable_pretraining.module) | Setting custom forward method.
14:09:16.890 | INFO    (151978, stable_pretraining.module) | Setting attribute: self.model = <class 'torch._dynamo.eval_frame.OptimizedModule'>
14:09:16.891 | INFO    (151978, stable_pretraining.module) | Setting attribute: self.rdmreg = <class 'rdmreg.RDMReg'>
14:09:16.891 | INFO    (151978, stable_pretraining.module) | Setting attribute: self.optim = <class 'dict'>
14:09:16.891 | INFO    (151978, stable_pretraining.module) | No metrics configuration provided - automatic metric tracking is disabled.
wandb: WARNING The anonymous setting has no effect and will be removed in a future version.
wandb: [wandb.login()] Loaded credentials for https://api.wandb.ai from /home/ubuntu/.netrc.
wandb: Currently logged in as: narendraaironi (wms_at_iitb) to https://api.wandb.ai. Use `wandb login --relogin` to force relogin
wandb: setting up run lewm_lp_pusht_expert_mu-4
wandb: Tracking run with wandb version 0.26.0
wandb: Run data is saved locally in wandb/run-20260421_140917-lewm_lp_pusht_expert_mu-4
wandb: Run `wandb offline` to turn off syncing.
wandb: Resuming run lewm_lp_p1.0_mu-4_pusht_expert
wandb: ⭐️ View project at https://wandb.ai/wms_at_iitb/le-wm
wandb: 🚀 View run at https://wandb.ai/wms_at_iitb/le-wm/runs/lewm_lp_pusht_expert_mu-4
/home/ubuntu/miniconda3/envs/jepa-wms/lib/python3.10/site-packages/lightning/fabric/connector.py:571: `precision=bf16` is supported for historical reasons but its usage is discouraged. Please set your precision to bf16-mixed instead!
Using bfloat16 Automatic Mixed Precision (AMP)
14:09:18.780 | INFO    (151978, stable_pretraining.callbacks.env_info) | EnvironmentDumpCallback initialized (filename=environment.json, async=True)
14:09:18.781 | INFO    (151978, stable_pretraining.callbacks.cpu_offload) | ============================================================
14:09:18.781 | INFO    (151978, stable_pretraining.callbacks.cpu_offload) | Initializing CPUOffloadCallback
14:09:18.781 | INFO    (151978, stable_pretraining.callbacks.cpu_offload) | Configuration:
14:09:18.781 | INFO    (151978, stable_pretraining.callbacks.cpu_offload) |   - Offload keys: ['state_dict', 'optimizer_states', 'lr_schedulers']
14:09:18.781 | INFO    (151978, stable_pretraining.callbacks.cpu_offload) |   - Log all skipped objects: False
14:09:18.781 | INFO    (151978, stable_pretraining.callbacks.cpu_offload) |   - Will show first/last 10 skipped objects only
14:09:18.783 | SUCCESS (151978, stable_pretraining.callbacks.cpu_offload) | ✓ CUDA available: 1 GPU(s) detected
14:09:19.922 | INFO    (151978, stable_pretraining.callbacks.cpu_offload) |   - GPU 0: NVIDIA A100-SXM4-80GB (85.1 GB)
14:09:19.922 | SUCCESS (151978, stable_pretraining.callbacks.cpu_offload) | CPUOffloadCallback initialized successfully
14:09:19.922 | INFO    (151978, stable_pretraining.callbacks.cpu_offload) | ============================================================
Adding 10 callbacks from entry point 'stablepretraining_callbacks': ModuleRegistryCallback, LoggingCallback, EnvironmentDumpCallback, TrainerInfo, SklearnCheckpoint, WandbCheckpoint, ModuleSummary, SLURMInfo, LogUnusedParametersOnce, CPUOffloadCallback
GPU available: True (cuda), used: True
TPU available: False, using: 0 TPU cores
💡 Tip: For seamless cloud logging and experiment tracking, try installing [litlogger](https://pypi.org/project/litlogger/) to enable LitLogger, which logs metrics and artifacts automatically to the Lightning Experiments platform.
14:09:19.925 | WARNING (151978, stable_pretraining.manager) | User didn't specify seed, runs won't be exactly reproducible!
14:09:19.926 | INFO    (151978, stable_pretraining.manager) | 📁📁📁 CURRENT WORKING DIR: /home/ubuntu/le-wm-palash 📁📁📁
14:09:19.926 | INFO    (151978, stable_pretraining.manager) | 🌱🌱🌱 SEEDING EVERYTHING with self.seed=None 🌱🌱🌱
/home/ubuntu/miniconda3/envs/jepa-wms/lib/python3.10/site-packages/lightning/fabric/utilities/seed.py:44: No seed found, seed set to 0
Seed set to 0
14:09:19.929 | INFO    (151978, stable_pretraining.manager) | 📈📈📈 Using Wandb 📈📈📈
14:09:19.930 | INFO    (151978, stable_pretraining.manager) | 		a Wandb™ config is provided, not uploading Hydra's:
14:09:19.930 | INFO    (151978, stable_pretraining.manager) | 📈📈📈 WandbLogger setup 📈📈📈
14:09:19.930 | INFO    (151978, stable_pretraining.manager) | 📈📈📈 init={'name': 'lewm_lp_p1.0_mu-4_pusht_expert', 'project': 'le-wm', 'dir': '.', 'id': 'lewm_lp_pusht_expert_mu-4', 'resume': 'allow', 'anonymous': None, 'entity': 'wms_at_iitb'} 📈📈📈
14:09:19.930 | INFO    (151978, stable_pretraining.manager) | 	● 👂👂👂 SIGNALS HANDLERS 👂👂👂
14:09:19.930 | INFO    (151978, stable_pretraining.manager) | 		- SIGUSR1: `0`
14:09:19.930 | INFO    (151978, stable_pretraining.manager) | 		- SIGUSR2: `0`
14:09:19.930 | INFO    (151978, stable_pretraining.manager) | 		- SIGCONT: `0`
14:09:19.931 | INFO    (151978, stable_pretraining.manager) | 		- SIGTERM: `0`
14:09:19.931 | INFO    (151978, stable_pretraining.manager) | 	● 📞📞📞 CALLBACKS 📞📞📞
14:09:19.931 | INFO    (151978, stable_pretraining.manager) | 		 - we found 14 callbacks
14:09:19.931 | INFO    (151978, stable_pretraining.manager) | 	● 📞📞📞 CHECKPOINTING SETUP 📞📞📞
14:09:19.931 | WARNING (151978, stable_pretraining.manager) | 		 Checkpoint mismatch: `manager.ckpt_path` (/home/ubuntu/le-wm-palash/lewm-pusht/lewm_lp_p1.0_mu-4_pusht_expert_weights.ckpt) was provided, but no matching `ModelCheckpoint` callback was found.
14:09:19.931 | WARNING (151978, stable_pretraining.manager) | 		 Automatically creating a `ModelCheckpoint` to save to the specified path to prevent data loss.
14:09:19.932 | WARNING (151978, stable_pretraining.manager) | 		 - Automatic `ModelCheckpoint` callback has been added to the trainer.
14:09:19.932 | WARNING (151978, stable_pretraining.manager) | /home/ubuntu/le-wm-palash/lewm-pusht/lewm_lp_p1.0_mu-4_pusht_expert_weights.ckpt specified, but does not exist, using None for now!
14:09:19.932 | INFO    (151978, stable_pretraining.manager) | 📣📣📣 CALLING trainer.fit with ckpt_path=None 📣📣📣
💡 Tip: For seamless cloud uploads and versioning, try installing [litmodels](https://pypi.org/project/litmodels/) to enable LitModelCheckpoint, which syncs automatically with the Lightning model registry.
You are using a CUDA device ('NVIDIA A100-SXM4-80GB') that has Tensor Cores. To properly utilize them, you should set `torch.set_float32_matmul_precision('medium' | 'high')` which will trade-off precision for performance. For more details, read https://pytorch.org/docs/stable/generated/torch.set_float32_matmul_precision.html#torch.set_float32_matmul_precision
14:09:19.934 | INFO    (151978, stable_pretraining.data.module) | dataset for fit loaded!  ✅
14:09:19.934 | INFO    (151978, stable_pretraining.data.module) | 	● setup was done by user
14:09:19.934 | INFO    (151978, stable_pretraining.callbacks.env_info) | ======================================================================
14:09:19.935 | INFO    (151978, stable_pretraining.callbacks.env_info) | 🔍 Starting environment configuration dump...
14:09:19.935 | INFO    (151978, stable_pretraining.callbacks.env_info) | ======================================================================
14:09:19.935 | INFO    (151978, stable_pretraining.callbacks.env_info) | EnvironmentDumpCallback  log_dir=PosixPath('/home/ubuntu/le-wm-palash')
14:09:19.935 | INFO    (151978, stable_pretraining.callbacks.env_info) | ⚡ Running environment dump in background thread (non-blocking)
14:09:19.935 | INFO    (151978, stable_pretraining.callbacks.env_info) | 📁 Log directory: /home/ubuntu/le-wm-palash
14:09:19.936 | INFO    (151978, stable_pretraining.callbacks.env_info) | 📊 Collecting environment information...
14:09:19.936 | SUCCESS (151978, stable_pretraining.callbacks.env_info) | ✓ Background thread started successfully
14:09:19.937 | SUCCESS (151978, stable_pretraining.callbacks.env_info) |   ✓ Python 3.10.20
14:09:19.937 | INFO    (151978, stable_pretraining.callbacks.trainer_info) | 	 linking trainer to DataModule! 🔧
14:09:19.937 | SUCCESS (151978, stable_pretraining.callbacks.env_info) |   ✓ System: Linux 6.17.0-20-generic (x86_64)
14:09:19.938 | INFO    (151978, stable_pretraining.callbacks.checkpoint_sklearn) | Setting up SklearnCheckpoint callback!
14:09:19.938 | INFO    (151978, stable_pretraining.callbacks.env_info) |      Hostname: instance-0wzqq7mi-main
14:09:19.939 | INFO    (151978, stable_pretraining.callbacks.checkpoint_sklearn) | Sklearn Modules:
14:09:19.940 | INFO    (151978, stable_pretraining.callbacks.checkpoint_sklearn) | 
┏━━━━━━━━━━┳━━━━━━━━┳━━━━━━━━┓
┃ Module   ┃ Name   ┃ Type   ┃
┣━━━━━━━━━━╋━━━━━━━━╋━━━━━━━━┫
┗━━━━━━━━━━┻━━━━━━━━┻━━━━━━━━┛
14:09:19.941 | INFO    (151978, stable_pretraining.callbacks.checkpoint_sklearn) | Setting up WandbCheckpoint callback!
14:09:19.941 | INFO    (151978, stable_pretraining.callbacks.trainer_info) | PyTorch Modules:
14:09:19.941 | WARNING (151978, stable_pretraining.module) | You are calling self.parameters which also gives callbacks parameters, to remove then, pass `with_callbacks=False`
14:09:19.965 | INFO    (151978, stable_pretraining.callbacks.trainer_info) | \n+---------------------------------------------------------------------------+----------------------+--------------------------+--------------------------+---------+
| Module                                                                    | Trainable parameters | Non Trainable parameters | Uninitialized parameters | Buffers |
+---------------------------------------------------------------------------+----------------------+--------------------------+--------------------------+---------+
|                                                                           |             18588206 |                        0 |                        0 |    8194 |
| callbacks_modules                                                         |                    0 |                        0 |                        0 |       0 |
| callbacks_metrics                                                         |                    0 |                        0 |                        0 |       0 |
| model                                                                     |             18588206 |                        0 |                        0 |    8194 |
| model._orig_mod                                                           |             18588206 |                        0 |                        0 |    8194 |
| model._orig_mod.encoder                                                   |              5464512 |                        0 |                        0 |       0 |
| model._orig_mod.encoder.embeddings                                        |               125760 |                        0 |                        0 |       0 |
| model._orig_mod.encoder.embeddings.patch_embeddings                       |               113088 |                        0 |                        0 |       0 |
| model._orig_mod.encoder.embeddings.patch_embeddings.projection            |               113088 |                        0 |                        0 |       0 |
| model._orig_mod.encoder.embeddings.dropout                                |                    0 |                        0 |                        0 |       0 |
| model._orig_mod.encoder.encoder                                           |              5338368 |                        0 |                        0 |       0 |
| model._orig_mod.encoder.encoder.layer                                     |              5338368 |                        0 |                        0 |       0 |
| model._orig_mod.encoder.encoder.layer.0                                   |               444864 |                        0 |                        0 |       0 |
| model._orig_mod.encoder.encoder.layer.0.attention                         |               148224 |                        0 |                        0 |       0 |
| model._orig_mod.encoder.encoder.layer.0.attention.attention               |               111168 |                        0 |                        0 |       0 |
| model._orig_mod.encoder.encoder.layer.0.attention.attention.query         |                37056 |                        0 |                        0 |       0 |
| model._orig_mod.encoder.encoder.layer.0.attention.attention.key           |                37056 |                        0 |                        0 |       0 |
| model._orig_mod.encoder.encoder.layer.0.attention.attention.value         |                37056 |                        0 |                        0 |       0 |
| model._orig_mod.encoder.encoder.layer.0.attention.output                  |                37056 |                        0 |                        0 |       0 |
| model._orig_mod.encoder.encoder.layer.0.attention.output.dense            |                37056 |                        0 |                        0 |       0 |
| model._orig_mod.encoder.encoder.layer.0.attention.output.dropout          |                    0 |                        0 |                        0 |       0 |
| model._orig_mod.encoder.encoder.layer.0.intermediate                      |               148224 |                        0 |                        0 |       0 |
| model._orig_mod.encoder.encoder.layer.0.intermediate.dense                |               148224 |                        0 |                        0 |       0 |
| model._orig_mod.encoder.encoder.layer.0.intermediate.intermediate_act_fn  |                    0 |                        0 |                        0 |       0 |
| model._orig_mod.encoder.encoder.layer.0.output                            |               147648 |                        0 |                        0 |       0 |
| model._orig_mod.encoder.encoder.layer.0.output.dense                      |               147648 |                        0 |                        0 |       0 |
| model._orig_mod.encoder.encoder.layer.0.output.dropout                    |                    0 |                        0 |                        0 |       0 |
| model._orig_mod.encoder.encoder.layer.0.layernorm_before                  |                  384 |                        0 |                        0 |       0 |
| model._orig_mod.encoder.encoder.layer.0.layernorm_after                   |                  384 |                        0 |                        0 |       0 |
| model._orig_mod.encoder.encoder.layer.1                                   |               444864 |                        0 |                        0 |       0 |
| model._orig_mod.encoder.encoder.layer.1.attention                         |               148224 |                        0 |                        0 |       0 |
| model._orig_mod.encoder.encoder.layer.1.attention.attention               |               111168 |                        0 |                        0 |       0 |
| model._orig_mod.encoder.encoder.layer.1.attention.attention.query         |                37056 |                        0 |                        0 |       0 |
| model._orig_mod.encoder.encoder.layer.1.attention.attention.key           |                37056 |                        0 |                        0 |       0 |
| model._orig_mod.encoder.encoder.layer.1.attention.attention.value         |                37056 |                        0 |                        0 |       0 |
| model._orig_mod.encoder.encoder.layer.1.attention.output                  |                37056 |                        0 |                        0 |       0 |
| model._orig_mod.encoder.encoder.layer.1.attention.output.dense            |                37056 |                        0 |                        0 |       0 |
| model._orig_mod.encoder.encoder.layer.1.attention.output.dropout          |                    0 |                        0 |                        0 |       0 |
| model._orig_mod.encoder.encoder.layer.1.intermediate                      |               148224 |                        0 |                        0 |       0 |
| model._orig_mod.encoder.encoder.layer.1.intermediate.dense                |               148224 |                        0 |                        0 |       0 |
| model._orig_mod.encoder.encoder.layer.1.intermediate.intermediate_act_fn  |                    0 |                        0 |                        0 |       0 |
| model._orig_mod.encoder.encoder.layer.1.output                            |               147648 |                        0 |                        0 |       0 |
| model._orig_mod.encoder.encoder.layer.1.output.dense                      |               147648 |                        0 |                        0 |       0 |
| model._orig_mod.encoder.encoder.layer.1.output.dropout                    |                    0 |                        0 |                        0 |       0 |
| model._orig_mod.encoder.encoder.layer.1.layernorm_before                  |                  384 |                        0 |                        0 |       0 |
| model._orig_mod.encoder.encoder.layer.1.layernorm_after                   |                  384 |                        0 |                        0 |       0 |
| model._orig_mod.encoder.encoder.layer.2                                   |               444864 |                        0 |                        0 |       0 |
| model._orig_mod.encoder.encoder.layer.2.attention                         |               148224 |                        0 |                        0 |       0 |
| model._orig_mod.encoder.encoder.layer.2.attention.attention               |               111168 |                        0 |                        0 |       0 |
| model._orig_mod.encoder.encoder.layer.2.attention.attention.query         |                37056 |                        0 |                        0 |       0 |
| model._orig_mod.encoder.encoder.layer.2.attention.attention.key           |                37056 |                        0 |                        0 |       0 |
| model._orig_mod.encoder.encoder.layer.2.attention.attention.value         |                37056 |                        0 |                        0 |       0 |
| model._orig_mod.encoder.encoder.layer.2.attention.output                  |                37056 |                        0 |                        0 |       0 |
| model._orig_mod.encoder.encoder.layer.2.attention.output.dense            |                37056 |                        0 |                        0 |       0 |
| model._orig_mod.encoder.encoder.layer.2.attention.output.dropout          |                    0 |                        0 |                        0 |       0 |
| model._orig_mod.encoder.encoder.layer.2.intermediate                      |               148224 |                        0 |                        0 |       0 |
| model._orig_mod.encoder.encoder.layer.2.intermediate.dense                |               148224 |                        0 |                        0 |       0 |
| model._orig_mod.encoder.encoder.layer.2.intermediate.intermediate_act_fn  |                    0 |                        0 |                        0 |       0 |
| model._orig_mod.encoder.encoder.layer.2.output                            |               147648 |                        0 |                        0 |       0 |
| model._orig_mod.encoder.encoder.layer.2.output.dense                      |               147648 |                        0 |                        0 |       0 |
| model._orig_mod.encoder.encoder.layer.2.output.dropout                    |                    0 |                        0 |                        0 |       0 |
| model._orig_mod.encoder.encoder.layer.2.layernorm_before                  |                  384 |                        0 |                        0 |       0 |
| model._orig_mod.encoder.encoder.layer.2.layernorm_after                   |                  384 |                        0 |                        0 |       0 |
| model._orig_mod.encoder.encoder.layer.3                                   |               444864 |                        0 |                        0 |       0 |
| model._orig_mod.encoder.encoder.layer.3.attention                         |               148224 |                        0 |                        0 |       0 |
| model._orig_mod.encoder.encoder.layer.3.attention.attention               |               111168 |                        0 |                        0 |       0 |
| model._orig_mod.encoder.encoder.layer.3.attention.attention.query         |                37056 |                        0 |                        0 |       0 |
| model._orig_mod.encoder.encoder.layer.3.attention.attention.key           |                37056 |                        0 |                        0 |       0 |
| model._orig_mod.encoder.encoder.layer.3.attention.attention.value         |                37056 |                        0 |                        0 |       0 |
| model._orig_mod.encoder.encoder.layer.3.attention.output                  |                37056 |                        0 |                        0 |       0 |
| model._orig_mod.encoder.encoder.layer.3.attention.output.dense            |                37056 |                        0 |                        0 |       0 |
| model._orig_mod.encoder.encoder.layer.3.attention.output.dropout          |                    0 |                        0 |                        0 |       0 |
| model._orig_mod.encoder.encoder.layer.3.intermediate                      |               148224 |                        0 |                        0 |       0 |
| model._orig_mod.encoder.encoder.layer.3.intermediate.dense                |               148224 |                        0 |                        0 |       0 |
| model._orig_mod.encoder.encoder.layer.3.intermediate.intermediate_act_fn  |                    0 |                        0 |                        0 |       0 |
| model._orig_mod.encoder.encoder.layer.3.output                            |               147648 |                        0 |                        0 |       0 |
| model._orig_mod.encoder.encoder.layer.3.output.dense                      |               147648 |                        0 |                        0 |       0 |
| model._orig_mod.encoder.encoder.layer.3.output.dropout                    |                    0 |                        0 |                        0 |       0 |
| model._orig_mod.encoder.encoder.layer.3.layernorm_before                  |                  384 |                        0 |                        0 |       0 |
| model._orig_mod.encoder.encoder.layer.3.layernorm_after                   |                  384 |                        0 |                        0 |       0 |
| model._orig_mod.encoder.encoder.layer.4                                   |               444864 |                        0 |                        0 |       0 |
| model._orig_mod.encoder.encoder.layer.4.attention                         |               148224 |                        0 |                        0 |       0 |
| model._orig_mod.encoder.encoder.layer.4.attention.attention               |               111168 |                        0 |                        0 |       0 |
| model._orig_mod.encoder.encoder.layer.4.attention.attention.query         |                37056 |                        0 |                        0 |       0 |
| model._orig_mod.encoder.encoder.layer.4.attention.attention.key           |                37056 |                        0 |                        0 |       0 |
| model._orig_mod.encoder.encoder.layer.4.attention.attention.value         |                37056 |                        0 |                        0 |       0 |
| model._orig_mod.encoder.encoder.layer.4.attention.output                  |                37056 |                        0 |                        0 |       0 |
| model._orig_mod.encoder.encoder.layer.4.attention.output.dense            |                37056 |                        0 |                        0 |       0 |
| model._orig_mod.encoder.encoder.layer.4.attention.output.dropout          |                    0 |                        0 |                        0 |       0 |
| model._orig_mod.encoder.encoder.layer.4.intermediate                      |               148224 |                        0 |                        0 |       0 |
| model._orig_mod.encoder.encoder.layer.4.intermediate.dense                |               148224 |                        0 |                        0 |       0 |
| model._orig_mod.encoder.encoder.layer.4.intermediate.intermediate_act_fn  |                    0 |                        0 |                        0 |       0 |
| model._orig_mod.encoder.encoder.layer.4.output                            |               147648 |                        0 |                        0 |       0 |
| model._orig_mod.encoder.encoder.layer.4.output.dense                      |               147648 |                        0 |                        0 |       0 |
| model._orig_mod.encoder.encoder.layer.4.output.dropout                    |                    0 |                        0 |                        0 |       0 |
| model._orig_mod.encoder.encoder.layer.4.layernorm_before                  |                  384 |                        0 |                        0 |       0 |
| model._orig_mod.encoder.encoder.layer.4.layernorm_after                   |                  384 |                        0 |                        0 |       0 |
| model._orig_mod.encoder.encoder.layer.5                                   |               444864 |                        0 |                        0 |       0 |
| model._orig_mod.encoder.encoder.layer.5.attention                         |               148224 |                        0 |                        0 |       0 |
| model._orig_mod.encoder.encoder.layer.5.attention.attention               |               111168 |                        0 |                        0 |       0 |
| model._orig_mod.encoder.encoder.layer.5.attention.attention.query         |                37056 |                        0 |                        0 |       0 |
| model._orig_mod.encoder.encoder.layer.5.attention.attention.key           |                37056 |                        0 |                        0 |       0 |
| model._orig_mod.encoder.encoder.layer.5.attention.attention.value         |                37056 |                        0 |                        0 |       0 |
| model._orig_mod.encoder.encoder.layer.5.attention.output                  |                37056 |                        0 |                        0 |       0 |
| model._orig_mod.encoder.encoder.layer.5.attention.output.dense            |                37056 |                        0 |                        0 |       0 |
| model._orig_mod.encoder.encoder.layer.5.attention.output.dropout          |                    0 |                        0 |                        0 |       0 |
| model._orig_mod.encoder.encoder.layer.5.intermediate                      |               148224 |                        0 |                        0 |       0 |
| model._orig_mod.encoder.encoder.layer.5.intermediate.dense                |               148224 |                        0 |                        0 |       0 |
| model._orig_mod.encoder.encoder.layer.5.intermediate.intermediate_act_fn  |                    0 |                        0 |                        0 |       0 |
| model._orig_mod.encoder.encoder.layer.5.output                            |               147648 |                        0 |                        0 |       0 |
| model._orig_mod.encoder.encoder.layer.5.output.dense                      |               147648 |                        0 |                        0 |       0 |
| model._orig_mod.encoder.encoder.layer.5.output.dropout                    |                    0 |                        0 |                        0 |       0 |
| model._orig_mod.encoder.encoder.layer.5.layernorm_before                  |                  384 |                        0 |                        0 |       0 |
| model._orig_mod.encoder.encoder.layer.5.layernorm_after                   |                  384 |                        0 |                        0 |       0 |
| model._orig_mod.encoder.encoder.layer.6                                   |               444864 |                        0 |                        0 |       0 |
| model._orig_mod.encoder.encoder.layer.6.attention                         |               148224 |                        0 |                        0 |       0 |
| model._orig_mod.encoder.encoder.layer.6.attention.attention               |               111168 |                        0 |                        0 |       0 |
| model._orig_mod.encoder.encoder.layer.6.attention.attention.query         |                37056 |                        0 |                        0 |       0 |
| model._orig_mod.encoder.encoder.layer.6.attention.attention.key           |                37056 |                        0 |                        0 |       0 |
| model._orig_mod.encoder.encoder.layer.6.attention.attention.value         |                37056 |                        0 |                        0 |       0 |
| model._orig_mod.encoder.encoder.layer.6.attention.output                  |                37056 |                        0 |                        0 |       0 |
| model._orig_mod.encoder.encoder.layer.6.attention.output.dense            |                37056 |                        0 |                        0 |       0 |
| model._orig_mod.encoder.encoder.layer.6.attention.output.dropout          |                    0 |                        0 |                        0 |       0 |
| model._orig_mod.encoder.encoder.layer.6.intermediate                      |               148224 |                        0 |                        0 |       0 |
| model._orig_mod.encoder.encoder.layer.6.intermediate.dense                |               148224 |                        0 |                        0 |       0 |
| model._orig_mod.encoder.encoder.layer.6.intermediate.intermediate_act_fn  |                    0 |                        0 |                        0 |       0 |
| model._orig_mod.encoder.encoder.layer.6.output                            |               147648 |                        0 |                        0 |       0 |
| model._orig_mod.encoder.encoder.layer.6.output.dense                      |               147648 |                        0 |                        0 |       0 |
| model._orig_mod.encoder.encoder.layer.6.output.dropout                    |                    0 |                        0 |                        0 |       0 |
| model._orig_mod.encoder.encoder.layer.6.layernorm_before                  |                  384 |                        0 |                        0 |       0 |
| model._orig_mod.encoder.encoder.layer.6.layernorm_after                   |                  384 |                        0 |                        0 |       0 |
| model._orig_mod.encoder.encoder.layer.7                                   |               444864 |                        0 |                        0 |       0 |
| model._orig_mod.encoder.encoder.layer.7.attention                         |               148224 |                        0 |                        0 |       0 |
| model._orig_mod.encoder.encoder.layer.7.attention.attention               |               111168 |                        0 |                        0 |       0 |
| model._orig_mod.encoder.encoder.layer.7.attention.attention.query         |                37056 |                        0 |                        0 |       0 |
| model._orig_mod.encoder.encoder.layer.7.attention.attention.key           |                37056 |                        0 |                        0 |       0 |
| model._orig_mod.encoder.encoder.layer.7.attention.attention.value         |                37056 |                        0 |                        0 |       0 |
| model._orig_mod.encoder.encoder.layer.7.attention.output                  |                37056 |                        0 |                        0 |       0 |
| model._orig_mod.encoder.encoder.layer.7.attention.output.dense            |                37056 |                        0 |                        0 |       0 |
| model._orig_mod.encoder.encoder.layer.7.attention.output.dropout          |                    0 |                        0 |                        0 |       0 |
| model._orig_mod.encoder.encoder.layer.7.intermediate                      |               148224 |                        0 |                        0 |       0 |
| model._orig_mod.encoder.encoder.layer.7.intermediate.dense                |               148224 |                        0 |                        0 |       0 |
| model._orig_mod.encoder.encoder.layer.7.intermediate.intermediate_act_fn  |                    0 |                        0 |                        0 |       0 |
| model._orig_mod.encoder.encoder.layer.7.output                            |               147648 |                        0 |                        0 |       0 |
| model._orig_mod.encoder.encoder.layer.7.output.dense                      |               147648 |                        0 |                        0 |       0 |
| model._orig_mod.encoder.encoder.layer.7.output.dropout                    |                    0 |                        0 |                        0 |       0 |
| model._orig_mod.encoder.encoder.layer.7.layernorm_before                  |                  384 |                        0 |                        0 |       0 |
| model._orig_mod.encoder.encoder.layer.7.layernorm_after                   |                  384 |                        0 |                        0 |       0 |
| model._orig_mod.encoder.encoder.layer.8                                   |               444864 |                        0 |                        0 |       0 |
| model._orig_mod.encoder.encoder.layer.8.attention                         |               148224 |                        0 |                        0 |       0 |
| model._orig_mod.encoder.encoder.layer.8.attention.attention               |               111168 |                        0 |                        0 |       0 |
| model._orig_mod.encoder.encoder.layer.8.attention.attention.query         |                37056 |                        0 |                        0 |       0 |
| model._orig_mod.encoder.encoder.layer.8.attention.attention.key           |                37056 |                        0 |                        0 |       0 |
| model._orig_mod.encoder.encoder.layer.8.attention.attention.value         |                37056 |                        0 |                        0 |       0 |
| model._orig_mod.encoder.encoder.layer.8.attention.output                  |                37056 |                        0 |                        0 |       0 |
| model._orig_mod.encoder.encoder.layer.8.attention.output.dense            |                37056 |                        0 |                        0 |       0 |
| model._orig_mod.encoder.encoder.layer.8.attention.output.dropout          |                    0 |                        0 |                        0 |       0 |
| model._orig_mod.encoder.encoder.layer.8.intermediate                      |               148224 |                        0 |                        0 |       0 |
| model._orig_mod.encoder.encoder.layer.8.intermediate.dense                |               148224 |                        0 |                        0 |       0 |
| model._orig_mod.encoder.encoder.layer.8.intermediate.intermediate_act_fn  |                    0 |                        0 |                        0 |       0 |
| model._orig_mod.encoder.encoder.layer.8.output                            |               147648 |                        0 |                        0 |       0 |
| model._orig_mod.encoder.encoder.layer.8.output.dense                      |               147648 |                        0 |                        0 |       0 |
| model._orig_mod.encoder.encoder.layer.8.output.dropout                    |                    0 |                        0 |                        0 |       0 |
| model._orig_mod.encoder.encoder.layer.8.layernorm_before                  |                  384 |                        0 |                        0 |       0 |
| model._orig_mod.encoder.encoder.layer.8.layernorm_after                   |                  384 |                        0 |                        0 |       0 |
| model._orig_mod.encoder.encoder.layer.9                                   |               444864 |                        0 |                        0 |       0 |
| model._orig_mod.encoder.encoder.layer.9.attention                         |               148224 |                        0 |                        0 |       0 |
| model._orig_mod.encoder.encoder.layer.9.attention.attention               |               111168 |                        0 |                        0 |       0 |
| model._orig_mod.encoder.encoder.layer.9.attention.attention.query         |                37056 |                        0 |                        0 |       0 |
| model._orig_mod.encoder.encoder.layer.9.attention.attention.key           |                37056 |                        0 |                        0 |       0 |
| model._orig_mod.encoder.encoder.layer.9.attention.attention.value         |                37056 |                        0 |                        0 |       0 |
| model._orig_mod.encoder.encoder.layer.9.attention.output                  |                37056 |                        0 |                        0 |       0 |
| model._orig_mod.encoder.encoder.layer.9.attention.output.dense            |                37056 |                        0 |                        0 |       0 |
| model._orig_mod.encoder.encoder.layer.9.attention.output.dropout          |                    0 |                        0 |                        0 |       0 |
| model._orig_mod.encoder.encoder.layer.9.intermediate                      |               148224 |                        0 |                        0 |       0 |
| model._orig_mod.encoder.encoder.layer.9.intermediate.dense                |               148224 |                        0 |                        0 |       0 |
| model._orig_mod.encoder.encoder.layer.9.intermediate.intermediate_act_fn  |                    0 |                        0 |                        0 |       0 |
| model._orig_mod.encoder.encoder.layer.9.output                            |               147648 |                        0 |                        0 |       0 |
| model._orig_mod.encoder.encoder.layer.9.output.dense                      |               147648 |                        0 |                        0 |       0 |
| model._orig_mod.encoder.encoder.layer.9.output.dropout                    |                    0 |                        0 |                        0 |       0 |
| model._orig_mod.encoder.encoder.layer.9.layernorm_before                  |                  384 |                        0 |                        0 |       0 |
| model._orig_mod.encoder.encoder.layer.9.layernorm_after                   |                  384 |                        0 |                        0 |       0 |
| model._orig_mod.encoder.encoder.layer.10                                  |               444864 |                        0 |                        0 |       0 |
| model._orig_mod.encoder.encoder.layer.10.attention                        |               148224 |                        0 |                        0 |       0 |
| model._orig_mod.encoder.encoder.layer.10.attention.attention              |               111168 |                        0 |                        0 |       0 |
| model._orig_mod.encoder.encoder.layer.10.attention.attention.query        |                37056 |                        0 |                        0 |       0 |
| model._orig_mod.encoder.encoder.layer.10.attention.attention.key          |                37056 |                        0 |                        0 |       0 |
| model._orig_mod.encoder.encoder.layer.10.attention.attention.value        |                37056 |                        0 |                        0 |       0 |
| model._orig_mod.encoder.encoder.layer.10.attention.output                 |                37056 |                        0 |                        0 |       0 |
| model._orig_mod.encoder.encoder.layer.10.attention.output.dense           |                37056 |                        0 |                        0 |       0 |
| model._orig_mod.encoder.encoder.layer.10.attention.output.dropout         |                    0 |                        0 |                        0 |       0 |
| model._orig_mod.encoder.encoder.layer.10.intermediate                     |               148224 |                        0 |                        0 |       0 |
| model._orig_mod.encoder.encoder.layer.10.intermediate.dense               |               148224 |                        0 |                        0 |       0 |
| model._orig_mod.encoder.encoder.layer.10.intermediate.intermediate_act_fn |                    0 |                        0 |                        0 |       0 |
| model._orig_mod.encoder.encoder.layer.10.output                           |               147648 |                        0 |                        0 |       0 |
| model._orig_mod.encoder.encoder.layer.10.output.dense                     |               147648 |                        0 |                        0 |       0 |
| model._orig_mod.encoder.encoder.layer.10.output.dropout                   |                    0 |                        0 |                        0 |       0 |
| model._orig_mod.encoder.encoder.layer.10.layernorm_before                 |                  384 |                        0 |                        0 |       0 |
| model._orig_mod.encoder.encoder.layer.10.layernorm_after                  |                  384 |                        0 |                        0 |       0 |
| model._orig_mod.encoder.encoder.layer.11                                  |               444864 |                        0 |                        0 |       0 |
| model._orig_mod.encoder.encoder.layer.11.attention                        |               148224 |                        0 |                        0 |       0 |
| model._orig_mod.encoder.encoder.layer.11.attention.attention              |               111168 |                        0 |                        0 |       0 |
| model._orig_mod.encoder.encoder.layer.11.attention.attention.query        |                37056 |                        0 |                        0 |       0 |
| model._orig_mod.encoder.encoder.layer.11.attention.attention.key          |                37056 |                        0 |                        0 |       0 |
| model._orig_mod.encoder.encoder.layer.11.attention.attention.value        |                37056 |                        0 |                        0 |       0 |
| model._orig_mod.encoder.encoder.layer.11.attention.output                 |                37056 |                        0 |                        0 |       0 |
| model._orig_mod.encoder.encoder.layer.11.attention.output.dense           |                37056 |                        0 |                        0 |       0 |
| model._orig_mod.encoder.encoder.layer.11.attention.output.dropout         |                    0 |                        0 |                        0 |       0 |
| model._orig_mod.encoder.encoder.layer.11.intermediate                     |               148224 |                        0 |                        0 |       0 |
| model._orig_mod.encoder.encoder.layer.11.intermediate.dense               |               148224 |                        0 |                        0 |       0 |
| model._orig_mod.encoder.encoder.layer.11.intermediate.intermediate_act_fn |                    0 |                        0 |                        0 |       0 |
| model._orig_mod.encoder.encoder.layer.11.output                           |               147648 |                        0 |                        0 |       0 |
| model._orig_mod.encoder.encoder.layer.11.output.dense                     |               147648 |                        0 |                        0 |       0 |
| model._orig_mod.encoder.encoder.layer.11.output.dropout                   |                    0 |                        0 |                        0 |       0 |
| model._orig_mod.encoder.encoder.layer.11.layernorm_before                 |                  384 |                        0 |                        0 |       0 |
| model._orig_mod.encoder.encoder.layer.11.layernorm_after                  |                  384 |                        0 |                        0 |       0 |
| model._orig_mod.encoder.layernorm                                         |                  384 |                        0 |                        0 |       0 |
| model._orig_mod.predictor                                                 |             10791360 |                        0 |                        0 |       0 |
| model._orig_mod.predictor.dropout                                         |                    0 |                        0 |                        0 |       0 |
| model._orig_mod.predictor.transformer                                     |             10790784 |                        0 |                        0 |       0 |
| model._orig_mod.predictor.transformer.norm                                |                  384 |                        0 |                        0 |       0 |
| model._orig_mod.predictor.transformer.layers                              |             10790400 |                        0 |                        0 |       0 |
| model._orig_mod.predictor.transformer.layers.0                            |              1798400 |                        0 |                        0 |       0 |
| model._orig_mod.predictor.transformer.layers.0.attn                       |               787008 |                        0 |                        0 |       0 |
| model._orig_mod.predictor.transformer.layers.0.attn.norm                  |                  384 |                        0 |                        0 |       0 |
| model._orig_mod.predictor.transformer.layers.0.attn.attend                |                    0 |                        0 |                        0 |       0 |
| model._orig_mod.predictor.transformer.layers.0.attn.to_qkv                |               589824 |                        0 |                        0 |       0 |
| model._orig_mod.predictor.transformer.layers.0.attn.to_out                |               196800 |                        0 |                        0 |       0 |
| model._orig_mod.predictor.transformer.layers.0.attn.to_out.0              |               196800 |                        0 |                        0 |       0 |
| model._orig_mod.predictor.transformer.layers.0.attn.to_out.1              |                    0 |                        0 |                        0 |       0 |
| model._orig_mod.predictor.transformer.layers.0.mlp                        |               789056 |                        0 |                        0 |       0 |
| model._orig_mod.predictor.transformer.layers.0.mlp.net                    |               789056 |                        0 |                        0 |       0 |
| model._orig_mod.predictor.transformer.layers.0.mlp.net.0                  |                  384 |                        0 |                        0 |       0 |
| model._orig_mod.predictor.transformer.layers.0.mlp.net.1                  |               395264 |                        0 |                        0 |       0 |
| model._orig_mod.predictor.transformer.layers.0.mlp.net.2                  |                    0 |                        0 |                        0 |       0 |
| model._orig_mod.predictor.transformer.layers.0.mlp.net.3                  |                    0 |                        0 |                        0 |       0 |
| model._orig_mod.predictor.transformer.layers.0.mlp.net.4                  |               393408 |                        0 |                        0 |       0 |
| model._orig_mod.predictor.transformer.layers.0.mlp.net.5                  |                    0 |                        0 |                        0 |       0 |
| model._orig_mod.predictor.transformer.layers.0.norm1                      |                    0 |                        0 |                        0 |       0 |
| model._orig_mod.predictor.transformer.layers.0.norm2                      |                    0 |                        0 |                        0 |       0 |
| model._orig_mod.predictor.transformer.layers.0.adaLN_modulation           |               222336 |                        0 |                        0 |       0 |
| model._orig_mod.predictor.transformer.layers.0.adaLN_modulation.0         |                    0 |                        0 |                        0 |       0 |
| model._orig_mod.predictor.transformer.layers.0.adaLN_modulation.1         |               222336 |                        0 |                        0 |       0 |
| model._orig_mod.predictor.transformer.layers.1                            |              1798400 |                        0 |                        0 |       0 |
| model._orig_mod.predictor.transformer.layers.1.attn                       |               787008 |                        0 |                        0 |       0 |
| model._orig_mod.predictor.transformer.layers.1.attn.norm                  |                  384 |                        0 |                        0 |       0 |
| model._orig_mod.predictor.transformer.layers.1.attn.attend                |                    0 |                        0 |                        0 |       0 |
| model._orig_mod.predictor.transformer.layers.1.attn.to_qkv                |               589824 |                        0 |                        0 |       0 |
| model._orig_mod.predictor.transformer.layers.1.attn.to_out                |               196800 |                        0 |                        0 |       0 |
| model._orig_mod.predictor.transformer.layers.1.attn.to_out.0              |               196800 |                        0 |                        0 |       0 |
| model._orig_mod.predictor.transformer.layers.1.attn.to_out.1              |                    0 |                        0 |                        0 |       0 |
| model._orig_mod.predictor.transformer.layers.1.mlp                        |               789056 |                        0 |                        0 |       0 |
| model._orig_mod.predictor.transformer.layers.1.mlp.net                    |               789056 |                        0 |                        0 |       0 |
| model._orig_mod.predictor.transformer.layers.1.mlp.net.0                  |                  384 |                        0 |                        0 |       0 |
| model._orig_mod.predictor.transformer.layers.1.mlp.net.1                  |               395264 |                        0 |                        0 |       0 |
| model._orig_mod.predictor.transformer.layers.1.mlp.net.2                  |                    0 |                        0 |                        0 |       0 |
| model._orig_mod.predictor.transformer.layers.1.mlp.net.3                  |                    0 |                        0 |                        0 |       0 |
| model._orig_mod.predictor.transformer.layers.1.mlp.net.4                  |               393408 |                        0 |                        0 |       0 |
| model._orig_mod.predictor.transformer.layers.1.mlp.net.5                  |                    0 |                        0 |                        0 |       0 |
| model._orig_mod.predictor.transformer.layers.1.norm1                      |                    0 |                        0 |                        0 |       0 |
| model._orig_mod.predictor.transformer.layers.1.norm2                      |                    0 |                        0 |                        0 |       0 |
| model._orig_mod.predictor.transformer.layers.1.adaLN_modulation           |               222336 |                        0 |                        0 |       0 |
| model._orig_mod.predictor.transformer.layers.1.adaLN_modulation.0         |                    0 |                        0 |                        0 |       0 |
| model._orig_mod.predictor.transformer.layers.1.adaLN_modulation.1         |               222336 |                        0 |                        0 |       0 |
| model._orig_mod.predictor.transformer.layers.2                            |              1798400 |                        0 |                        0 |       0 |
| model._orig_mod.predictor.transformer.layers.2.attn                       |               787008 |                        0 |                        0 |       0 |
| model._orig_mod.predictor.transformer.layers.2.attn.norm                  |                  384 |                        0 |                        0 |       0 |
| model._orig_mod.predictor.transformer.layers.2.attn.attend                |                    0 |                        0 |                        0 |       0 |
| model._orig_mod.predictor.transformer.layers.2.attn.to_qkv                |               589824 |                        0 |                        0 |       0 |
| model._orig_mod.predictor.transformer.layers.2.attn.to_out                |               196800 |                        0 |                        0 |       0 |
| model._orig_mod.predictor.transformer.layers.2.attn.to_out.0              |               196800 |                        0 |                        0 |       0 |
| model._orig_mod.predictor.transformer.layers.2.attn.to_out.1              |                    0 |                        0 |                        0 |       0 |
| model._orig_mod.predictor.transformer.layers.2.mlp                        |               789056 |                        0 |                        0 |       0 |
| model._orig_mod.predictor.transformer.layers.2.mlp.net                    |               789056 |                        0 |                        0 |       0 |
| model._orig_mod.predictor.transformer.layers.2.mlp.net.0                  |                  384 |                        0 |                        0 |       0 |
| model._orig_mod.predictor.transformer.layers.2.mlp.net.1                  |               395264 |                        0 |                        0 |       0 |
| model._orig_mod.predictor.transformer.layers.2.mlp.net.2                  |                    0 |                        0 |                        0 |       0 |
| model._orig_mod.predictor.transformer.layers.2.mlp.net.3                  |                    0 |                        0 |                        0 |       0 |
| model._orig_mod.predictor.transformer.layers.2.mlp.net.4                  |               393408 |                        0 |                        0 |       0 |
| model._orig_mod.predictor.transformer.layers.2.mlp.net.5                  |                    0 |                        0 |                        0 |       0 |
| model._orig_mod.predictor.transformer.layers.2.norm1                      |                    0 |                        0 |                        0 |       0 |
| model._orig_mod.predictor.transformer.layers.2.norm2                      |                    0 |                        0 |                        0 |       0 |
| model._orig_mod.predictor.transformer.layers.2.adaLN_modulation           |               222336 |                        0 |                        0 |       0 |
| model._orig_mod.predictor.transformer.layers.2.adaLN_modulation.0         |                    0 |                        0 |                        0 |       0 |
| model._orig_mod.predictor.transformer.layers.2.adaLN_modulation.1         |               222336 |                        0 |                        0 |       0 |
| model._orig_mod.predictor.transformer.layers.3                            |              1798400 |                        0 |                        0 |       0 |
| model._orig_mod.predictor.transformer.layers.3.attn                       |               787008 |                        0 |                        0 |       0 |
| model._orig_mod.predictor.transformer.layers.3.attn.norm                  |                  384 |                        0 |                        0 |       0 |
| model._orig_mod.predictor.transformer.layers.3.attn.attend                |                    0 |                        0 |                        0 |       0 |
| model._orig_mod.predictor.transformer.layers.3.attn.to_qkv                |               589824 |                        0 |                        0 |       0 |
| model._orig_mod.predictor.transformer.layers.3.attn.to_out                |               196800 |                        0 |                        0 |       0 |
| model._orig_mod.predictor.transformer.layers.3.attn.to_out.0              |               196800 |                        0 |                        0 |       0 |
| model._orig_mod.predictor.transformer.layers.3.attn.to_out.1              |                    0 |                        0 |                        0 |       0 |
| model._orig_mod.predictor.transformer.layers.3.mlp                        |               789056 |                        0 |                        0 |       0 |
| model._orig_mod.predictor.transformer.layers.3.mlp.net                    |               789056 |                        0 |                        0 |       0 |
| model._orig_mod.predictor.transformer.layers.3.mlp.net.0                  |                  384 |                        0 |                        0 |       0 |
| model._orig_mod.predictor.transformer.layers.3.mlp.net.1                  |               395264 |                        0 |                        0 |       0 |
| model._orig_mod.predictor.transformer.layers.3.mlp.net.2                  |                    0 |                        0 |                        0 |       0 |
| model._orig_mod.predictor.transformer.layers.3.mlp.net.3                  |                    0 |                        0 |                        0 |       0 |
| model._orig_mod.predictor.transformer.layers.3.mlp.net.4                  |               393408 |                        0 |                        0 |       0 |
| model._orig_mod.predictor.transformer.layers.3.mlp.net.5                  |                    0 |                        0 |                        0 |       0 |
| model._orig_mod.predictor.transformer.layers.3.norm1                      |                    0 |                        0 |                        0 |       0 |
| model._orig_mod.predictor.transformer.layers.3.norm2                      |                    0 |                        0 |                        0 |       0 |
| model._orig_mod.predictor.transformer.layers.3.adaLN_modulation           |               222336 |                        0 |                        0 |       0 |
| model._orig_mod.predictor.transformer.layers.3.adaLN_modulation.0         |                    0 |                        0 |                        0 |       0 |
| model._orig_mod.predictor.transformer.layers.3.adaLN_modulation.1         |               222336 |                        0 |                        0 |       0 |
| model._orig_mod.predictor.transformer.layers.4                            |              1798400 |                        0 |                        0 |       0 |
| model._orig_mod.predictor.transformer.layers.4.attn                       |               787008 |                        0 |                        0 |       0 |
| model._orig_mod.predictor.transformer.layers.4.attn.norm                  |                  384 |                        0 |                        0 |       0 |
| model._orig_mod.predictor.transformer.layers.4.attn.attend                |                    0 |                        0 |                        0 |       0 |
| model._orig_mod.predictor.transformer.layers.4.attn.to_qkv                |               589824 |                        0 |                        0 |       0 |
| model._orig_mod.predictor.transformer.layers.4.attn.to_out                |               196800 |                        0 |                        0 |       0 |
| model._orig_mod.predictor.transformer.layers.4.attn.to_out.0              |               196800 |                        0 |                        0 |       0 |
| model._orig_mod.predictor.transformer.layers.4.attn.to_out.1              |                    0 |                        0 |                        0 |       0 |
| model._orig_mod.predictor.transformer.layers.4.mlp                        |               789056 |                        0 |                        0 |       0 |
| model._orig_mod.predictor.transformer.layers.4.mlp.net                    |               789056 |                        0 |                        0 |       0 |
| model._orig_mod.predictor.transformer.layers.4.mlp.net.0                  |                  384 |                        0 |                        0 |       0 |
| model._orig_mod.predictor.transformer.layers.4.mlp.net.1                  |               395264 |                        0 |                        0 |       0 |
| model._orig_mod.predictor.transformer.layers.4.mlp.net.2                  |                    0 |                        0 |                        0 |       0 |
| model._orig_mod.predictor.transformer.layers.4.mlp.net.3                  |                    0 |                        0 |                        0 |       0 |
| model._orig_mod.predictor.transformer.layers.4.mlp.net.4                  |               393408 |                        0 |                        0 |       0 |
| model._orig_mod.predictor.transformer.layers.4.mlp.net.5                  |                    0 |                        0 |                        0 |       0 |
| model._orig_mod.predictor.transformer.layers.4.norm1                      |                    0 |                        0 |                        0 |       0 |
| model._orig_mod.predictor.transformer.layers.4.norm2                      |                    0 |                        0 |                        0 |       0 |
| model._orig_mod.predictor.transformer.layers.4.adaLN_modulation           |               222336 |                        0 |                        0 |       0 |
| model._orig_mod.predictor.transformer.layers.4.adaLN_modulation.0         |                    0 |                        0 |                        0 |       0 |
| model._orig_mod.predictor.transformer.layers.4.adaLN_modulation.1         |               222336 |                        0 |                        0 |       0 |
| model._orig_mod.predictor.transformer.layers.5                            |              1798400 |                        0 |                        0 |       0 |
| model._orig_mod.predictor.transformer.layers.5.attn                       |               787008 |                        0 |                        0 |       0 |
| model._orig_mod.predictor.transformer.layers.5.attn.norm                  |                  384 |                        0 |                        0 |       0 |
| model._orig_mod.predictor.transformer.layers.5.attn.attend                |                    0 |                        0 |                        0 |       0 |
| model._orig_mod.predictor.transformer.layers.5.attn.to_qkv                |               589824 |                        0 |                        0 |       0 |
| model._orig_mod.predictor.transformer.layers.5.attn.to_out                |               196800 |                        0 |                        0 |       0 |
| model._orig_mod.predictor.transformer.layers.5.attn.to_out.0              |               196800 |                        0 |                        0 |       0 |
| model._orig_mod.predictor.transformer.layers.5.attn.to_out.1              |                    0 |                        0 |                        0 |       0 |
| model._orig_mod.predictor.transformer.layers.5.mlp                        |               789056 |                        0 |                        0 |       0 |
| model._orig_mod.predictor.transformer.layers.5.mlp.net                    |               789056 |                        0 |                        0 |       0 |
| model._orig_mod.predictor.transformer.layers.5.mlp.net.0                  |                  384 |                        0 |                        0 |       0 |
| model._orig_mod.predictor.transformer.layers.5.mlp.net.1                  |               395264 |                        0 |                        0 |       0 |
| model._orig_mod.predictor.transformer.layers.5.mlp.net.2                  |                    0 |                        0 |                        0 |       0 |
| model._orig_mod.predictor.transformer.layers.5.mlp.net.3                  |                    0 |                        0 |                        0 |       0 |
| model._orig_mod.predictor.transformer.layers.5.mlp.net.4                  |               393408 |                        0 |                        0 |       0 |
| model._orig_mod.predictor.transformer.layers.5.mlp.net.5                  |                    0 |                        0 |                        0 |       0 |
| model._orig_mod.predictor.transformer.layers.5.norm1                      |                    0 |                        0 |                        0 |       0 |
| model._orig_mod.predictor.transformer.layers.5.norm2                      |                    0 |                        0 |                        0 |       0 |
| model._orig_mod.predictor.transformer.layers.5.adaLN_modulation           |               222336 |                        0 |                        0 |       0 |
| model._orig_mod.predictor.transformer.layers.5.adaLN_modulation.0         |                    0 |                        0 |                        0 |       0 |
| model._orig_mod.predictor.transformer.layers.5.adaLN_modulation.1         |               222336 |                        0 |                        0 |       0 |
| model._orig_mod.predictor.transformer.input_proj                          |                    0 |                        0 |                        0 |       0 |
| model._orig_mod.predictor.transformer.cond_proj                           |                    0 |                        0 |                        0 |       0 |
| model._orig_mod.predictor.transformer.output_proj                         |                    0 |                        0 |                        0 |       0 |
| model._orig_mod.action_encoder                                            |               746798 |                        0 |                        0 |       0 |
| model._orig_mod.action_encoder.patch_embed                                |                  110 |                        0 |                        0 |       0 |
| model._orig_mod.action_encoder.embed                                      |               746688 |                        0 |                        0 |       0 |
| model._orig_mod.action_encoder.embed.0                                    |                 8448 |                        0 |                        0 |       0 |
| model._orig_mod.action_encoder.embed.1                                    |                    0 |                        0 |                        0 |       0 |
| model._orig_mod.action_encoder.embed.2                                    |               590592 |                        0 |                        0 |       0 |
| model._orig_mod.action_encoder.embed.3                                    |                    0 |                        0 |                        0 |       0 |
| model._orig_mod.action_encoder.embed.4                                    |               147648 |                        0 |                        0 |       0 |
| model._orig_mod.projector                                                 |               792768 |                        0 |                        0 |    4097 |
| model._orig_mod.projector.net                                             |               792768 |                        0 |                        0 |    4097 |
| model._orig_mod.projector.net.0                                           |               395264 |                        0 |                        0 |       0 |
| model._orig_mod.projector.net.1                                           |                 4096 |                        0 |                        0 |    4097 |
| model._orig_mod.projector.net.2                                           |                    0 |                        0 |                        0 |       0 |
| model._orig_mod.projector.net.3                                           |               393408 |                        0 |                        0 |       0 |
| model._orig_mod.pred_proj                                                 |               792768 |                        0 |                        0 |    4097 |
| model._orig_mod.pred_proj.net                                             |               792768 |                        0 |                        0 |    4097 |
| model._orig_mod.pred_proj.net.0                                           |               395264 |                        0 |                        0 |       0 |
| model._orig_mod.pred_proj.net.1                                           |                 4096 |                        0 |                        0 |    4097 |
| model._orig_mod.pred_proj.net.2                                           |                    0 |                        0 |                        0 |       0 |
| model._orig_mod.pred_proj.net.3                                           |               393408 |                        0 |                        0 |       0 |
| rdmreg                                                                    |                    0 |                        0 |                        0 |       0 |
+---------------------------------------------------------------------------+----------------------+--------------------------+--------------------------+---------+
14:09:19.965 | INFO    (151978, stable_pretraining.callbacks.trainer_info) | ---- SLURM INFO ---- 🔧
14:09:19.965 | INFO    (151978, stable_pretraining.callbacks.trainer_info) | Job ID: N/A
14:09:19.966 | INFO    (151978, stable_pretraining.callbacks.trainer_info) | Task ID: N/A
14:09:19.966 | INFO    (151978, stable_pretraining.callbacks.trainer_info) | Job Name: N/A
14:09:19.966 | INFO    (151978, stable_pretraining.callbacks.trainer_info) | Nodes: N/A
14:09:19.966 | INFO    (151978, stable_pretraining.callbacks.trainer_info) | Tasks: N/A
14:09:19.966 | INFO    (151978, stable_pretraining.callbacks.trainer_info) | CPUs per node: N/A
14:09:19.966 | INFO    (151978, stable_pretraining.callbacks.trainer_info) | CPUs per task: N/A
14:09:19.966 | INFO    (151978, stable_pretraining.callbacks.trainer_info) | Memory per node: N/A
14:09:19.967 | INFO    (151978, stable_pretraining.callbacks.trainer_info) | Memory per CPU: N/A
14:09:19.967 | INFO    (151978, stable_pretraining.callbacks.trainer_info) | Time limit: N/A
14:09:19.967 | INFO    (151978, stable_pretraining.callbacks.trainer_info) | Partition: N/A
14:09:19.967 | INFO    (151978, stable_pretraining.callbacks.trainer_info) | Node List: N/A
14:09:19.967 | INFO    (151978, stable_pretraining.callbacks.trainer_info) | Submit Directory: N/A
14:09:19.967 | INFO    (151978, stable_pretraining.callbacks.cpu_offload) | CPUOffloadCallback: Setup called for stage 'fit'
14:09:19.968 | INFO    (151978, stable_pretraining.callbacks.cpu_offload) |   - Trainer rank: 0/1
14:09:19.968 | INFO    (151978, stable_pretraining.callbacks.cpu_offload) |   - Strategy: SingleDeviceStrategy
14:09:19.968 | SUCCESS (151978, stable_pretraining.callbacks.cpu_offload) | ✓ Strategy 'SingleDeviceStrategy' is compatible with CPU offload
14:09:19.969 | SUCCESS (151978, stable_pretraining.callbacks.cpu_offload) | ✓ CPUOffloadCallback ENABLED for strategy 'SingleDeviceStrategy'
14:09:19.969 | INFO    (151978, stable_pretraining.callbacks.cpu_offload) |   - This rank will handle checkpoint saving and CPU offload
/home/ubuntu/miniconda3/envs/jepa-wms/lib/python3.10/site-packages/lightning/pytorch/callbacks/model_checkpoint.py:881: Checkpoint directory /home/ubuntu/le-wm-palash/lewm-pusht exists and is not empty.
LOCAL_RANK: 0 - CUDA_VISIBLE_DEVICES: [0]
14:09:20.020 | INFO    (151978, stable_pretraining.module) | Configuring optimizers and learning rate schedulers...
14:09:20.021 | INFO    (151978, stable_pretraining.module) | 	Optimizer specified by Dict with keys ['model_opt']... 🔧
14:09:20.024 | INFO    (151978, stable_pretraining.module) | 
┏━━━━━━━━━━━━━┳━━━━━━━━━━━┳━━━━━━━━━━━━━━━━━━━┳━━━━━━━━━━━━━━━━━┳━━━━━━━━━━━━━━━━┳━━━━━━━━━━━━━━━━━━━━━━━━┓
┃ Optimizer   ┃ Pattern   ┃   Matched Modules ┃   Param Tensors ┃   Total Params ┃   RequiresGrad Tensors ┃
┣━━━━━━━━━━━━━╋━━━━━━━━━━━╋━━━━━━━━━━━━━━━━━━━╋━━━━━━━━━━━━━━━━━╋━━━━━━━━━━━━━━━━╋━━━━━━━━━━━━━━━━━━━━━━━━┫
┃ model_opt   ┃ model     ┃               368 ┃             299 ┃       18588206 ┃                    299 ┃
┗━━━━━━━━━━━━━┻━━━━━━━━━━━┻━━━━━━━━━━━━━━━━━━━┻━━━━━━━━━━━━━━━━━┻━━━━━━━━━━━━━━━━┻━━━━━━━━━━━━━━━━━━━━━━━━┛
14:09:20.025 | INFO    (151978, stable_pretraining.optim.lr_scheduler) | 	User provided a dict
Loading `train_dataloader` to estimate number of stepping batches.
14:09:20.493 | SUCCESS (151978, stable_pretraining.callbacks.env_info) |   ✓ Packages: 260 packages collected in 0.55s
14:09:20.813 | INFO    (151978, stable_pretraining.module) | Configured optimizer 'model_opt' (modules=368, param_tensors=299, total_params=18588206) with LinearWarmupCosineAnnealingLR scheduler.
/home/ubuntu/miniconda3/envs/jepa-wms/lib/python3.10/site-packages/lightning/pytorch/utilities/model_summary/model_summary.py:242: Precision bf16-mixed is not supported by the model summary.  Estimated model size in MB will not be accurate. Using 32 bits instead.
14:09:20.820 | WARNING (151978, stable_pretraining.module) | You are calling self.parameters which also gives callbacks parameters, to remove then, pass `with_callbacks=False`
14:09:20.823 | WARNING (151978, stable_pretraining.module) | You are calling self.parameters which also gives callbacks parameters, to remove then, pass `with_callbacks=False`
14:09:20.824 | WARNING (151978, stable_pretraining.module) | You are calling self.parameters which also gives callbacks parameters, to remove then, pass `with_callbacks=False`
14:09:20.826 | WARNING (151978, stable_pretraining.module) | You are calling self.parameters which also gives callbacks parameters, to remove then, pass `with_callbacks=False`
┏━━━┳━━━━━━━━━━━━━━━━━━━┳━━━━━━━━━━━━━━━━━┳━━━━━━━━┳━━━━━━━┳━━━━━━━┓
┃   ┃ Name              ┃ Type            ┃ Params ┃ Mode  ┃ FLOPs ┃
┡━━━╇━━━━━━━━━━━━━━━━━━━╇━━━━━━━━━━━━━━━━━╇━━━━━━━━╇━━━━━━━╇━━━━━━━┩
│ 0 │ callbacks_modules │ ModuleDict      │      0 │ train │     0 │
│ 1 │ callbacks_metrics │ ModuleDict      │      0 │ train │     0 │
│ 2 │ model             │ OptimizedModule │ 18.6 M │ train │     0 │
│ 3 │ rdmreg            │ RDMReg          │      0 │ train │     0 │
└───┴───────────────────┴─────────────────┴────────┴───────┴───────┘
Trainable params: 18.6 M                                                        
Non-trainable params: 0                                                         
Total params: 18.6 M                                                            
Total estimated model params size (MB): 74                                      
Modules in train mode: 371                                                      
Modules in eval mode: 0                                                         
Total FLOPs: 0                                                                  
14:09:20.845 | WARNING (151978, stable_pretraining.module) | You are calling self.parameters which also gives callbacks parameters, to remove then, pass `with_callbacks=False`
14:09:30.560 | WARNING (151978, stable_pretraining.callbacks.env_info) |      ⚠️  nvidia-smi timed out
14:09:30.627 | SUCCESS (151978, stable_pretraining.callbacks.env_info) |   ✓ Git: Palash @ 6b33c8d9
14:09:30.628 | INFO    (151978, stable_pretraining.callbacks.env_info) |      Remote: https://github.com/Planning-for-WMs/le-wm.git
14:09:30.628 | WARNING (151978, stable_pretraining.callbacks.env_info) |      ⚠️  Working directory has uncommitted changes!
14:09:30.629 | SUCCESS (151978, stable_pretraining.callbacks.env_info) |   ✓ Environment: 4 relevant variables captured
14:09:30.629 | INFO    (151978, stable_pretraining.callbacks.env_info) | 🔄 Serializing environment data...
14:09:30.631 | INFO    (151978, stable_pretraining.callbacks.env_info) | 📋 File exists, using version 11: environment_v11.json
14:09:30.632 | INFO    (151978, stable_pretraining.callbacks.env_info) | 📋 File exists, using version 11: requirements_frozen_v11.txt
14:09:30.632 | INFO    (151978, stable_pretraining.callbacks.env_info) | 📁 Save directory: /home/ubuntu/le-wm-palash
14:09:30.633 | INFO    (151978, stable_pretraining.callbacks.env_info) | 💾 Writing environment to temp file...
14:09:30.634 | INFO    (151978, stable_pretraining.callbacks.env_info) | 💾 Moving to: environment_v11.json
14:09:30.635 | SUCCESS (151978, stable_pretraining.callbacks.env_info) | ✓ Environment file saved (15.0 KB)
14:09:30.635 | SUCCESS (151978, stable_pretraining.callbacks.env_info) | ✓ Requirements file saved (5.2 KB)
/home/ubuntu/miniconda3/envs/jepa-wms/lib/python3.10/site-packages/lightning/pytorch/utilities/data.py:79: Trying to infer the `batch_size` from an ambiguous collection. The batch size we found is 512. To avoid any miscalculations, use `self.log(..., batch_size=batch_size)`.
14:09:31.527 | INFO    (151978, stable_pretraining.callbacks.trainer_info) | \n+----------------------------+--------------------+
|           Metric           |       Value        |
+----------------------------+--------------------+
|       [0;34;40mvalidate/loss[0m        | [0;32;40m0.1278640478849411[0m |
|    [0;34;40mvalidate/loss_epoch[0m     | [0;32;40m0.1278640478849411[0m |
|     [0;34;40mvalidate/pred_loss[0m     | [0;32;40m0.0869840607047081[0m |
|  [0;34;40mvalidate/pred_loss_epoch[0m  | [0;32;40m0.0869840607047081[0m |
|    [0;34;40mvalidate/rdmreg_loss[0m    | [0;32;40m0.040879987180233[0m  |
| [0;34;40mvalidate/rdmreg_loss_epoch[0m | [0;32;40m0.040879987180233[0m  |
+----------------------------+--------------------+
14:09:31.626 | INFO    (151978, stable_pretraining.callbacks.cpu_offload) | CPUOffloadCallback: Training started
14:09:31.626 | WARNING (151978, stable_pretraining.module) | You are calling self.parameters which also gives callbacks parameters, to remove then, pass `with_callbacks=False`
14:09:31.627 | WARNING (151978, stable_pretraining.module) | You are calling self.parameters which also gives callbacks parameters, to remove then, pass `with_callbacks=False`
14:09:31.628 | INFO    (151978, stable_pretraining.callbacks.cpu_offload) | Model statistics:
14:09:31.628 | INFO    (151978, stable_pretraining.callbacks.cpu_offload) |   - Total parameters: 18,588,206
14:09:31.628 | INFO    (151978, stable_pretraining.callbacks.cpu_offload) |   - Trainable parameters: 18,588,206
14:09:31.629 | INFO    (151978, stable_pretraining.callbacks.cpu_offload) |   - Model size (bf16): ~0.04 GB
14:09:31.629 | INFO    (151978, stable_pretraining.callbacks.cpu_offload) |   - Estimated checkpoint size (with optimizer): ~0.11 GB
14:09:31.629 | INFO    (151978, stable_pretraining.module) | Double checking optimizers!
14:09:31.629 | INFO    (151978, stable_pretraining.module) | `self.optimizers() gave us 1 optimizers
14:09:31.629 | WARNING (151978, stable_pretraining.module) | No clip val found for optimizer default_0
14:09:31.629 | WARNING (151978, stable_pretraining.module) | -> we will use the Trainer's value of 1.0
14:09:31.629 | WARNING (151978, stable_pretraining.module) | No clip algorithm found for optimizer default_0
14:09:31.630 | WARNING (151978, stable_pretraining.module) | -> we will use the Trainer's value of None
14:09:31.630 | SUCCESS (151978, stable_pretraining.module) | We are done checking your optimizers! Here is the summary:
+------------+-----------+----------------+-----------+-----------+
| Opt. Index | Opt. name |      opt       | clip val. | clip alg. |
+------------+-----------+----------------+-----------+-----------+
|     0      | default_0 | LightningAdamW |    1.0    |    None   |
+------------+-----------+----------------+-----------+-----------+
14:09:32.023 | WARNING (151978, stable_pretraining.module) | You are calling self.parameters which also gives callbacks parameters, to remove then, pass `with_callbacks=False`
14:09:32.027 | INFO    (151978, stable_pretraining.callbacks.unused_parameters) | [LogUnusedParametersOnce] Registered hooks on 299 leaf parameters.
14:09:32.883 | WARNING (151978, stable_pretraining.module) | You are calling self.parameters which also gives callbacks parameters, to remove then, pass `with_callbacks=False`
14:09:32.885 | INFO    (151978, stable_pretraining.callbacks.unused_parameters) | [LogUnusedParametersOnce] All tracked parameters received gradients on the first backward pass.
14:09:32.886 | INFO    (151978, stable_pretraining.callbacks.unused_parameters) | [LogUnusedParametersOnce] Hooks removed, callback disabled.
14:56:24.916 | WARNING (151978, stable_pretraining.module) | You are calling self.parameters which also gives callbacks parameters, to remove then, pass `with_callbacks=False`
/home/ubuntu/miniconda3/envs/jepa-wms/lib/python3.10/site-packages/lightning/pytorch/utilities/data.py:79: Trying to infer the `batch_size` from an ambiguous collection. The batch size we found is 28. To avoid any miscalculations, use `self.log(..., batch_size=batch_size)`.
15:01:09.139 | INFO    (151978, stable_pretraining.callbacks.trainer_info) | \n+----------------------------+------------------------+
|           Metric           |         Value          |
+----------------------------+------------------------+
|          [0;34;40mfit/loss[0m          | [0;32;40m0.00046094186836853623[0m |
|       [0;34;40mfit/pred_loss[0m        | [0;32;40m0.00010902016947511584[0m |
|      [0;34;40mfit/rdmreg_loss[0m       | [0;32;40m0.0003519217134453356[0m  |
|       [0;34;40mvalidate/loss[0m        |  [0;32;40m0.001664925366640091[0m  |
|    [0;34;40mvalidate/loss_epoch[0m     |  [0;32;40m0.001664925366640091[0m  |
|     [0;34;40mvalidate/pred_loss[0m     | [0;32;40m0.0005165717448107898[0m  |
|  [0;34;40mvalidate/pred_loss_epoch[0m  | [0;32;40m0.0005165717448107898[0m  |
|    [0;34;40mvalidate/rdmreg_loss[0m    |  [0;32;40m0.001148353097960353[0m  |
| [0;34;40mvalidate/rdmreg_loss_epoch[0m |  [0;32;40m0.001148353097960353[0m  |
+----------------------------+------------------------+
15:01:09.460 | INFO    (151978, stable_pretraining.callbacks.checkpoint_sklearn) | Checking for non PyTorch modules to save... 🔧
15:01:09.531 | INFO    (151978, stable_pretraining.callbacks.checkpoint_sklearn) | Checking for Wandb params to save... 🔧
15:01:09.531 | INFO    (151978, stable_pretraining.callbacks.checkpoint_sklearn) | Saving Wandb params {'id': 'lewm_lp_pusht_expert_mu-4'}
15:01:09.531 | INFO    (151978, stable_pretraining.callbacks.checkpoint_sklearn) | Checking for Wandb params to save... Done!
15:01:09.531 | INFO    (151978, stable_pretraining.callbacks.cpu_offload) | ============================================================
15:01:09.532 | INFO    (151978, stable_pretraining.callbacks.cpu_offload) | CPUOffloadCallback: Starting checkpoint CPU offload (#1)
15:01:09.532 | INFO    (151978, stable_pretraining.callbacks.cpu_offload) |   - Global step: 3483
15:01:09.532 | INFO    (151978, stable_pretraining.callbacks.cpu_offload) |   - Epoch: 0
15:01:09.532 | INFO    (151978, stable_pretraining.callbacks.cpu_offload) | Checkpoint contains 11 keys: ['callbacks', 'epoch', 'global_step', 'hparams_name', 'hyper_parameters', 'loops', 'lr_schedulers', 'optimizer_states', 'pytorch-lightning_version', 'state_dict', 'wandb']
15:01:09.532 | INFO    (151978, stable_pretraining.callbacks.cpu_offload) | GPU memory before offload:
15:01:09.533 | INFO    (151978, stable_pretraining.callbacks.cpu_offload) |   - Allocated: 0.24 GB
15:01:09.533 | INFO    (151978, stable_pretraining.callbacks.cpu_offload) |   - Reserved: 16.63 GB
15:01:09.533 | INFO    (151978, stable_pretraining.callbacks.cpu_offload) | Processing checkpoint key: 'state_dict'
15:01:09.757 | SUCCESS (151978, stable_pretraining.callbacks.cpu_offload) | ✓ Completed 'state_dict' in 0.22s
15:01:09.757 | INFO    (151978, stable_pretraining.callbacks.cpu_offload) | Processing checkpoint key: 'optimizer_states'
15:01:10.293 | SUCCESS (151978, stable_pretraining.callbacks.cpu_offload) | ✓ Completed 'optimizer_states' in 0.54s
15:01:10.293 | INFO    (151978, stable_pretraining.callbacks.cpu_offload) | Processing checkpoint key: 'lr_schedulers'
15:01:10.293 | SUCCESS (151978, stable_pretraining.callbacks.cpu_offload) | ✓ Completed 'lr_schedulers' in 0.00s
15:01:10.294 | WARNING (151978, stable_pretraining.callbacks.cpu_offload) | Skipped 321 custom object(s)
15:01:10.294 | WARNING (151978, stable_pretraining.callbacks.cpu_offload) | First 10 skipped objects:
15:01:10.294 | WARNING (151978, stable_pretraining.callbacks.cpu_offload) |   - float at 'optimizer_states[0].param_groups[0].lr'
15:01:10.294 | WARNING (151978, stable_pretraining.callbacks.cpu_offload) |   - float at 'optimizer_states[0].param_groups[0].betas[0]'
15:01:10.294 | WARNING (151978, stable_pretraining.callbacks.cpu_offload) |   - float at 'optimizer_states[0].param_groups[0].betas[1]'
15:01:10.295 | WARNING (151978, stable_pretraining.callbacks.cpu_offload) |   - float at 'optimizer_states[0].param_groups[0].eps'
15:01:10.295 | WARNING (151978, stable_pretraining.callbacks.cpu_offload) |   - float at 'optimizer_states[0].param_groups[0].weight_decay'
15:01:10.295 | WARNING (151978, stable_pretraining.callbacks.cpu_offload) |   - bool at 'optimizer_states[0].param_groups[0].amsgrad'
15:01:10.295 | WARNING (151978, stable_pretraining.callbacks.cpu_offload) |   - bool at 'optimizer_states[0].param_groups[0].maximize'
15:01:10.295 | WARNING (151978, stable_pretraining.callbacks.cpu_offload) |   - NoneType at 'optimizer_states[0].param_groups[0].foreach'
15:01:10.295 | WARNING (151978, stable_pretraining.callbacks.cpu_offload) |   - bool at 'optimizer_states[0].param_groups[0].capturable'
15:01:10.296 | WARNING (151978, stable_pretraining.callbacks.cpu_offload) |   - bool at 'optimizer_states[0].param_groups[0].differentiable'
15:01:10.296 | WARNING (151978, stable_pretraining.callbacks.cpu_offload) | ... (301 more skipped) ...
15:01:10.296 | WARNING (151978, stable_pretraining.callbacks.cpu_offload) | Last 10 skipped objects:
15:01:10.296 | WARNING (151978, stable_pretraining.callbacks.cpu_offload) |   - int at 'optimizer_states[0].param_groups[0].params[298]'
15:01:10.297 | WARNING (151978, stable_pretraining.callbacks.cpu_offload) |   - int at 'lr_schedulers[0].warmup_steps'
15:01:10.297 | WARNING (151978, stable_pretraining.callbacks.cpu_offload) |   - int at 'lr_schedulers[0].max_steps'
15:01:10.297 | WARNING (151978, stable_pretraining.callbacks.cpu_offload) |   - float at 'lr_schedulers[0].warmup_start_lr'
15:01:10.297 | WARNING (151978, stable_pretraining.callbacks.cpu_offload) |   - float at 'lr_schedulers[0].eta_min'
15:01:10.297 | WARNING (151978, stable_pretraining.callbacks.cpu_offload) |   - float at 'lr_schedulers[0].base_lrs[0]'
15:01:10.297 | WARNING (151978, stable_pretraining.callbacks.cpu_offload) |   - int at 'lr_schedulers[0].last_epoch'
15:01:10.298 | WARNING (151978, stable_pretraining.callbacks.cpu_offload) |   - int at 'lr_schedulers[0]._step_count'
15:01:10.298 | WARNING (151978, stable_pretraining.callbacks.cpu_offload) |   - bool at 'lr_schedulers[0]._get_lr_called_within_step'
15:01:10.298 | WARNING (151978, stable_pretraining.callbacks.cpu_offload) |   - float at 'lr_schedulers[0]._last_lr[0]'
15:01:10.298 | INFO    (151978, stable_pretraining.callbacks.cpu_offload) | To see all 321 skipped objects, set log_skipped=True
15:01:10.299 | INFO    (151978, stable_pretraining.callbacks.cpu_offload) | GPU memory after offload:
15:01:10.299 | INFO    (151978, stable_pretraining.callbacks.cpu_offload) |   - Allocated: 0.24 GB
15:01:10.299 | INFO    (151978, stable_pretraining.callbacks.cpu_offload) |   - Reserved: 16.63 GB
15:01:10.299 | INFO    (151978, stable_pretraining.callbacks.cpu_offload) | GPU memory freed: 0.00 GB
15:01:10.299 | SUCCESS (151978, stable_pretraining.callbacks.cpu_offload) | CPUOffloadCallback: Checkpoint #1 completed in 0.77s
15:01:10.299 | INFO    (151978, stable_pretraining.callbacks.cpu_offload) | Successfully processed keys: ['state_dict', 'optimizer_states', 'lr_schedulers']
15:01:10.300 | INFO    (151978, stable_pretraining.callbacks.cpu_offload) | Cumulative stats:
15:01:10.300 | INFO    (151978, stable_pretraining.callbacks.cpu_offload) |   - Total checkpoints saved: 1
15:01:10.300 | INFO    (151978, stable_pretraining.callbacks.cpu_offload) |   - Total time in offload: 0.77s
15:01:10.300 | INFO    (151978, stable_pretraining.callbacks.cpu_offload) |   - Total memory freed: 0.00 GB
15:01:10.300 | INFO    (151978, stable_pretraining.callbacks.cpu_offload) |   - Average time per checkpoint: 0.77s
15:01:10.300 | INFO    (151978, stable_pretraining.callbacks.cpu_offload) | ============================================================
15:01:11.729 | INFO    (151978, stable_pretraining.callbacks.checkpoint_sklearn) | Checking for non PyTorch modules to save... 🔧
15:01:11.730 | INFO    (151978, stable_pretraining.callbacks.checkpoint_sklearn) | Checking for Wandb params to save... 🔧
15:01:11.730 | INFO    (151978, stable_pretraining.callbacks.checkpoint_sklearn) | Saving Wandb params {'id': 'lewm_lp_pusht_expert_mu-4'}
15:01:11.730 | INFO    (151978, stable_pretraining.callbacks.checkpoint_sklearn) | Checking for Wandb params to save... Done!
15:01:11.731 | INFO    (151978, stable_pretraining.callbacks.cpu_offload) | ============================================================
15:01:11.731 | INFO    (151978, stable_pretraining.callbacks.cpu_offload) | CPUOffloadCallback: Starting checkpoint CPU offload (#2)
15:01:11.731 | INFO    (151978, stable_pretraining.callbacks.cpu_offload) |   - Global step: 3483
15:01:11.731 | INFO    (151978, stable_pretraining.callbacks.cpu_offload) |   - Epoch: 0
15:01:11.732 | INFO    (151978, stable_pretraining.callbacks.cpu_offload) | Checkpoint contains 11 keys: ['callbacks', 'epoch', 'global_step', 'hparams_name', 'hyper_parameters', 'loops', 'lr_schedulers', 'optimizer_states', 'pytorch-lightning_version', 'state_dict', 'wandb']
15:01:11.732 | INFO    (151978, stable_pretraining.callbacks.cpu_offload) | GPU memory before offload:
15:01:11.733 | INFO    (151978, stable_pretraining.callbacks.cpu_offload) |   - Allocated: 0.24 GB
15:01:11.733 | INFO    (151978, stable_pretraining.callbacks.cpu_offload) |   - Reserved: 16.63 GB
15:01:11.733 | INFO    (151978, stable_pretraining.callbacks.cpu_offload) | Processing checkpoint key: 'state_dict'
15:01:12.005 | SUCCESS (151978, stable_pretraining.callbacks.cpu_offload) | ✓ Completed 'state_dict' in 0.27s
15:01:12.005 | INFO    (151978, stable_pretraining.callbacks.cpu_offload) | Processing checkpoint key: 'optimizer_states'
15:01:12.521 | SUCCESS (151978, stable_pretraining.callbacks.cpu_offload) | ✓ Completed 'optimizer_states' in 0.52s
15:01:12.521 | INFO    (151978, stable_pretraining.callbacks.cpu_offload) | Processing checkpoint key: 'lr_schedulers'
15:01:12.522 | SUCCESS (151978, stable_pretraining.callbacks.cpu_offload) | ✓ Completed 'lr_schedulers' in 0.00s
15:01:12.522 | WARNING (151978, stable_pretraining.callbacks.cpu_offload) | Skipped 321 custom object(s)
15:01:12.522 | WARNING (151978, stable_pretraining.callbacks.cpu_offload) | First 10 skipped objects:
15:01:12.522 | WARNING (151978, stable_pretraining.callbacks.cpu_offload) |   - float at 'optimizer_states[0].param_groups[0].lr'
15:01:12.522 | WARNING (151978, stable_pretraining.callbacks.cpu_offload) |   - float at 'optimizer_states[0].param_groups[0].betas[0]'
15:01:12.522 | WARNING (151978, stable_pretraining.callbacks.cpu_offload) |   - float at 'optimizer_states[0].param_groups[0].betas[1]'
15:01:12.523 | WARNING (151978, stable_pretraining.callbacks.cpu_offload) |   - float at 'optimizer_states[0].param_groups[0].eps'
15:01:12.523 | WARNING (151978, stable_pretraining.callbacks.cpu_offload) |   - float at 'optimizer_states[0].param_groups[0].weight_decay'
15:01:12.523 | WARNING (151978, stable_pretraining.callbacks.cpu_offload) |   - bool at 'optimizer_states[0].param_groups[0].amsgrad'
15:01:12.523 | WARNING (151978, stable_pretraining.callbacks.cpu_offload) |   - bool at 'optimizer_states[0].param_groups[0].maximize'
15:01:12.524 | WARNING (151978, stable_pretraining.callbacks.cpu_offload) |   - NoneType at 'optimizer_states[0].param_groups[0].foreach'
15:01:12.524 | WARNING (151978, stable_pretraining.callbacks.cpu_offload) |   - bool at 'optimizer_states[0].param_groups[0].capturable'
15:01:12.524 | WARNING (151978, stable_pretraining.callbacks.cpu_offload) |   - bool at 'optimizer_states[0].param_groups[0].differentiable'
15:01:12.524 | WARNING (151978, stable_pretraining.callbacks.cpu_offload) | ... (301 more skipped) ...
15:01:12.524 | WARNING (151978, stable_pretraining.callbacks.cpu_offload) | Last 10 skipped objects:
15:01:12.525 | WARNING (151978, stable_pretraining.callbacks.cpu_offload) |   - int at 'optimizer_states[0].param_groups[0].params[298]'
15:01:12.525 | WARNING (151978, stable_pretraining.callbacks.cpu_offload) |   - int at 'lr_schedulers[0].warmup_steps'
15:01:12.525 | WARNING (151978, stable_pretraining.callbacks.cpu_offload) |   - int at 'lr_schedulers[0].max_steps'
15:01:12.525 | WARNING (151978, stable_pretraining.callbacks.cpu_offload) |   - float at 'lr_schedulers[0].warmup_start_lr'
15:01:12.525 | WARNING (151978, stable_pretraining.callbacks.cpu_offload) |   - float at 'lr_schedulers[0].eta_min'
15:01:12.525 | WARNING (151978, stable_pretraining.callbacks.cpu_offload) |   - float at 'lr_schedulers[0].base_lrs[0]'
15:01:12.525 | WARNING (151978, stable_pretraining.callbacks.cpu_offload) |   - int at 'lr_schedulers[0].last_epoch'
15:01:12.526 | WARNING (151978, stable_pretraining.callbacks.cpu_offload) |   - int at 'lr_schedulers[0]._step_count'
15:01:12.526 | WARNING (151978, stable_pretraining.callbacks.cpu_offload) |   - bool at 'lr_schedulers[0]._get_lr_called_within_step'
15:01:12.526 | WARNING (151978, stable_pretraining.callbacks.cpu_offload) |   - float at 'lr_schedulers[0]._last_lr[0]'
15:01:12.526 | INFO    (151978, stable_pretraining.callbacks.cpu_offload) | To see all 321 skipped objects, set log_skipped=True
15:01:12.527 | INFO    (151978, stable_pretraining.callbacks.cpu_offload) | GPU memory after offload:
15:01:12.527 | INFO    (151978, stable_pretraining.callbacks.cpu_offload) |   - Allocated: 0.24 GB
15:01:12.527 | INFO    (151978, stable_pretraining.callbacks.cpu_offload) |   - Reserved: 16.63 GB
15:01:12.527 | INFO    (151978, stable_pretraining.callbacks.cpu_offload) | GPU memory freed: 0.00 GB
15:01:12.528 | SUCCESS (151978, stable_pretraining.callbacks.cpu_offload) | CPUOffloadCallback: Checkpoint #2 completed in 0.80s
15:01:12.528 | INFO    (151978, stable_pretraining.callbacks.cpu_offload) | Successfully processed keys: ['state_dict', 'optimizer_states', 'lr_schedulers']
15:01:12.528 | INFO    (151978, stable_pretraining.callbacks.cpu_offload) | Cumulative stats:
15:01:12.528 | INFO    (151978, stable_pretraining.callbacks.cpu_offload) |   - Total checkpoints saved: 2
15:01:12.528 | INFO    (151978, stable_pretraining.callbacks.cpu_offload) |   - Total time in offload: 1.56s
15:01:12.529 | INFO    (151978, stable_pretraining.callbacks.cpu_offload) |   - Total memory freed: 0.00 GB
15:01:12.529 | INFO    (151978, stable_pretraining.callbacks.cpu_offload) |   - Average time per checkpoint: 0.78s
15:01:12.529 | INFO    (151978, stable_pretraining.callbacks.cpu_offload) | ============================================================
15:42:42.495 | WARNING (151978, stable_pretraining.module) | You are calling self.parameters which also gives callbacks parameters, to remove then, pass `with_callbacks=False`
15:47:29.481 | INFO    (151978, stable_pretraining.callbacks.trainer_info) | \n+----------------------------+------------------------+
|           Metric           |         Value          |
+----------------------------+------------------------+
|          [0;34;40mfit/loss[0m          | [0;32;40m0.0005106609896756709[0m  |
|       [0;34;40mfit/pred_loss[0m        | [0;32;40m0.00010053846199298277[0m |
|      [0;34;40mfit/rdmreg_loss[0m       | [0;32;40m0.00041012250585481524[0m |
|       [0;34;40mvalidate/loss[0m        | [0;32;40m0.0035044094547629356[0m  |
|    [0;34;40mvalidate/loss_epoch[0m     | [0;32;40m0.0035044094547629356[0m  |
|     [0;34;40mvalidate/pred_loss[0m     |  [0;32;40m0.000992112560197711[0m  |
|  [0;34;40mvalidate/pred_loss_epoch[0m  |  [0;32;40m0.000992112560197711[0m  |
|    [0;34;40mvalidate/rdmreg_loss[0m    | [0;32;40m0.0025122947990894318[0m  |
| [0;34;40mvalidate/rdmreg_loss_epoch[0m | [0;32;40m0.0025122947990894318[0m  |
+----------------------------+------------------------+
15:47:29.741 | INFO    (151978, stable_pretraining.callbacks.checkpoint_sklearn) | Checking for non PyTorch modules to save... 🔧
15:47:29.742 | INFO    (151978, stable_pretraining.callbacks.checkpoint_sklearn) | Checking for Wandb params to save... 🔧
15:47:29.742 | INFO    (151978, stable_pretraining.callbacks.checkpoint_sklearn) | Saving Wandb params {'id': 'lewm_lp_pusht_expert_mu-4'}
15:47:29.742 | INFO    (151978, stable_pretraining.callbacks.checkpoint_sklearn) | Checking for Wandb params to save... Done!
15:47:29.742 | INFO    (151978, stable_pretraining.callbacks.cpu_offload) | ============================================================
15:47:29.742 | INFO    (151978, stable_pretraining.callbacks.cpu_offload) | CPUOffloadCallback: Starting checkpoint CPU offload (#3)
15:47:29.743 | INFO    (151978, stable_pretraining.callbacks.cpu_offload) |   - Global step: 6966
15:47:29.743 | INFO    (151978, stable_pretraining.callbacks.cpu_offload) |   - Epoch: 1
15:47:29.743 | INFO    (151978, stable_pretraining.callbacks.cpu_offload) | Checkpoint contains 11 keys: ['callbacks', 'epoch', 'global_step', 'hparams_name', 'hyper_parameters', 'loops', 'lr_schedulers', 'optimizer_states', 'pytorch-lightning_version', 'state_dict', 'wandb']
15:47:29.743 | INFO    (151978, stable_pretraining.callbacks.cpu_offload) | GPU memory before offload:
15:47:29.744 | INFO    (151978, stable_pretraining.callbacks.cpu_offload) |   - Allocated: 0.24 GB
15:47:29.744 | INFO    (151978, stable_pretraining.callbacks.cpu_offload) |   - Reserved: 16.63 GB
15:47:29.744 | INFO    (151978, stable_pretraining.callbacks.cpu_offload) | Processing checkpoint key: 'state_dict'
15:47:29.975 | SUCCESS (151978, stable_pretraining.callbacks.cpu_offload) | ✓ Completed 'state_dict' in 0.23s
15:47:29.975 | INFO    (151978, stable_pretraining.callbacks.cpu_offload) | Processing checkpoint key: 'optimizer_states'
15:47:30.478 | SUCCESS (151978, stable_pretraining.callbacks.cpu_offload) | ✓ Completed 'optimizer_states' in 0.50s
15:47:30.479 | INFO    (151978, stable_pretraining.callbacks.cpu_offload) | Processing checkpoint key: 'lr_schedulers'
15:47:30.479 | SUCCESS (151978, stable_pretraining.callbacks.cpu_offload) | ✓ Completed 'lr_schedulers' in 0.00s
15:47:30.480 | WARNING (151978, stable_pretraining.callbacks.cpu_offload) | Skipped 321 custom object(s)
15:47:30.480 | WARNING (151978, stable_pretraining.callbacks.cpu_offload) | First 10 skipped objects:
15:47:30.480 | WARNING (151978, stable_pretraining.callbacks.cpu_offload) |   - float at 'optimizer_states[0].param_groups[0].lr'
15:47:30.480 | WARNING (151978, stable_pretraining.callbacks.cpu_offload) |   - float at 'optimizer_states[0].param_groups[0].betas[0]'
15:47:30.480 | WARNING (151978, stable_pretraining.callbacks.cpu_offload) |   - float at 'optimizer_states[0].param_groups[0].betas[1]'
15:47:30.481 | WARNING (151978, stable_pretraining.callbacks.cpu_offload) |   - float at 'optimizer_states[0].param_groups[0].eps'
15:47:30.481 | WARNING (151978, stable_pretraining.callbacks.cpu_offload) |   - float at 'optimizer_states[0].param_groups[0].weight_decay'
15:47:30.481 | WARNING (151978, stable_pretraining.callbacks.cpu_offload) |   - bool at 'optimizer_states[0].param_groups[0].amsgrad'
15:47:30.482 | WARNING (151978, stable_pretraining.callbacks.cpu_offload) |   - bool at 'optimizer_states[0].param_groups[0].maximize'
15:47:30.482 | WARNING (151978, stable_pretraining.callbacks.cpu_offload) |   - NoneType at 'optimizer_states[0].param_groups[0].foreach'
15:47:30.482 | WARNING (151978, stable_pretraining.callbacks.cpu_offload) |   - bool at 'optimizer_states[0].param_groups[0].capturable'
15:47:30.482 | WARNING (151978, stable_pretraining.callbacks.cpu_offload) |   - bool at 'optimizer_states[0].param_groups[0].differentiable'
15:47:30.483 | WARNING (151978, stable_pretraining.callbacks.cpu_offload) | ... (301 more skipped) ...
15:47:30.483 | WARNING (151978, stable_pretraining.callbacks.cpu_offload) | Last 10 skipped objects:
15:47:30.483 | WARNING (151978, stable_pretraining.callbacks.cpu_offload) |   - int at 'optimizer_states[0].param_groups[0].params[298]'
15:47:30.484 | WARNING (151978, stable_pretraining.callbacks.cpu_offload) |   - int at 'lr_schedulers[0].warmup_steps'
15:47:30.484 | WARNING (151978, stable_pretraining.callbacks.cpu_offload) |   - int at 'lr_schedulers[0].max_steps'
15:47:30.484 | WARNING (151978, stable_pretraining.callbacks.cpu_offload) |   - float at 'lr_schedulers[0].warmup_start_lr'
15:47:30.484 | WARNING (151978, stable_pretraining.callbacks.cpu_offload) |   - float at 'lr_schedulers[0].eta_min'
15:47:30.484 | WARNING (151978, stable_pretraining.callbacks.cpu_offload) |   - float at 'lr_schedulers[0].base_lrs[0]'
15:47:30.484 | WARNING (151978, stable_pretraining.callbacks.cpu_offload) |   - int at 'lr_schedulers[0].last_epoch'
15:47:30.485 | WARNING (151978, stable_pretraining.callbacks.cpu_offload) |   - int at 'lr_schedulers[0]._step_count'
15:47:30.485 | WARNING (151978, stable_pretraining.callbacks.cpu_offload) |   - bool at 'lr_schedulers[0]._get_lr_called_within_step'
15:47:30.485 | WARNING (151978, stable_pretraining.callbacks.cpu_offload) |   - float at 'lr_schedulers[0]._last_lr[0]'
15:47:30.485 | INFO    (151978, stable_pretraining.callbacks.cpu_offload) | To see all 321 skipped objects, set log_skipped=True
15:47:30.486 | INFO    (151978, stable_pretraining.callbacks.cpu_offload) | GPU memory after offload:
15:47:30.486 | INFO    (151978, stable_pretraining.callbacks.cpu_offload) |   - Allocated: 0.24 GB
15:47:30.486 | INFO    (151978, stable_pretraining.callbacks.cpu_offload) |   - Reserved: 16.63 GB
15:47:30.486 | INFO    (151978, stable_pretraining.callbacks.cpu_offload) | GPU memory freed: 0.00 GB
15:47:30.487 | SUCCESS (151978, stable_pretraining.callbacks.cpu_offload) | CPUOffloadCallback: Checkpoint #3 completed in 0.74s
15:47:30.487 | INFO    (151978, stable_pretraining.callbacks.cpu_offload) | Successfully processed keys: ['state_dict', 'optimizer_states', 'lr_schedulers']
15:47:30.487 | INFO    (151978, stable_pretraining.callbacks.cpu_offload) | Cumulative stats:
15:47:30.487 | INFO    (151978, stable_pretraining.callbacks.cpu_offload) |   - Total checkpoints saved: 3
15:47:30.487 | INFO    (151978, stable_pretraining.callbacks.cpu_offload) |   - Total time in offload: 2.31s
15:47:30.487 | INFO    (151978, stable_pretraining.callbacks.cpu_offload) |   - Total memory freed: 0.00 GB
15:47:30.488 | INFO    (151978, stable_pretraining.callbacks.cpu_offload) |   - Average time per checkpoint: 0.77s
15:47:30.488 | INFO    (151978, stable_pretraining.callbacks.cpu_offload) | ============================================================
15:47:31.958 | INFO    (151978, stable_pretraining.callbacks.checkpoint_sklearn) | Checking for non PyTorch modules to save... 🔧
15:47:31.959 | INFO    (151978, stable_pretraining.callbacks.checkpoint_sklearn) | Checking for Wandb params to save... 🔧
15:47:31.959 | INFO    (151978, stable_pretraining.callbacks.checkpoint_sklearn) | Saving Wandb params {'id': 'lewm_lp_pusht_expert_mu-4'}
15:47:31.959 | INFO    (151978, stable_pretraining.callbacks.checkpoint_sklearn) | Checking for Wandb params to save... Done!
15:47:31.960 | INFO    (151978, stable_pretraining.callbacks.cpu_offload) | ============================================================
15:47:31.960 | INFO    (151978, stable_pretraining.callbacks.cpu_offload) | CPUOffloadCallback: Starting checkpoint CPU offload (#4)
15:47:31.960 | INFO    (151978, stable_pretraining.callbacks.cpu_offload) |   - Global step: 6966
15:47:31.960 | INFO    (151978, stable_pretraining.callbacks.cpu_offload) |   - Epoch: 1
15:47:31.960 | INFO    (151978, stable_pretraining.callbacks.cpu_offload) | Checkpoint contains 11 keys: ['callbacks', 'epoch', 'global_step', 'hparams_name', 'hyper_parameters', 'loops', 'lr_schedulers', 'optimizer_states', 'pytorch-lightning_version', 'state_dict', 'wandb']
15:47:31.961 | INFO    (151978, stable_pretraining.callbacks.cpu_offload) | GPU memory before offload:
15:47:31.961 | INFO    (151978, stable_pretraining.callbacks.cpu_offload) |   - Allocated: 0.24 GB
15:47:31.961 | INFO    (151978, stable_pretraining.callbacks.cpu_offload) |   - Reserved: 16.63 GB
15:47:31.961 | INFO    (151978, stable_pretraining.callbacks.cpu_offload) | Processing checkpoint key: 'state_dict'
15:47:32.090 | SUCCESS (151978, stable_pretraining.callbacks.cpu_offload) | ✓ Completed 'state_dict' in 0.13s
15:47:32.091 | INFO    (151978, stable_pretraining.callbacks.cpu_offload) | Processing checkpoint key: 'optimizer_states'
15:47:32.447 | SUCCESS (151978, stable_pretraining.callbacks.cpu_offload) | ✓ Completed 'optimizer_states' in 0.36s
15:47:32.448 | INFO    (151978, stable_pretraining.callbacks.cpu_offload) | Processing checkpoint key: 'lr_schedulers'
15:47:32.448 | SUCCESS (151978, stable_pretraining.callbacks.cpu_offload) | ✓ Completed 'lr_schedulers' in 0.00s
15:47:32.449 | WARNING (151978, stable_pretraining.callbacks.cpu_offload) | Skipped 321 custom object(s)
15:47:32.449 | WARNING (151978, stable_pretraining.callbacks.cpu_offload) | First 10 skipped objects:
15:47:32.449 | WARNING (151978, stable_pretraining.callbacks.cpu_offload) |   - float at 'optimizer_states[0].param_groups[0].lr'
15:47:32.449 | WARNING (151978, stable_pretraining.callbacks.cpu_offload) |   - float at 'optimizer_states[0].param_groups[0].betas[0]'
15:47:32.450 | WARNING (151978, stable_pretraining.callbacks.cpu_offload) |   - float at 'optimizer_states[0].param_groups[0].betas[1]'
15:47:32.450 | WARNING (151978, stable_pretraining.callbacks.cpu_offload) |   - float at 'optimizer_states[0].param_groups[0].eps'
15:47:32.450 | WARNING (151978, stable_pretraining.callbacks.cpu_offload) |   - float at 'optimizer_states[0].param_groups[0].weight_decay'
15:47:32.450 | WARNING (151978, stable_pretraining.callbacks.cpu_offload) |   - bool at 'optimizer_states[0].param_groups[0].amsgrad'
15:47:32.451 | WARNING (151978, stable_pretraining.callbacks.cpu_offload) |   - bool at 'optimizer_states[0].param_groups[0].maximize'
15:47:32.451 | WARNING (151978, stable_pretraining.callbacks.cpu_offload) |   - NoneType at 'optimizer_states[0].param_groups[0].foreach'
15:47:32.451 | WARNING (151978, stable_pretraining.callbacks.cpu_offload) |   - bool at 'optimizer_states[0].param_groups[0].capturable'
15:47:32.451 | WARNING (151978, stable_pretraining.callbacks.cpu_offload) |   - bool at 'optimizer_states[0].param_groups[0].differentiable'
15:47:32.452 | WARNING (151978, stable_pretraining.callbacks.cpu_offload) | ... (301 more skipped) ...
15:47:32.452 | WARNING (151978, stable_pretraining.callbacks.cpu_offload) | Last 10 skipped objects:
15:47:32.453 | WARNING (151978, stable_pretraining.callbacks.cpu_offload) |   - int at 'optimizer_states[0].param_groups[0].params[298]'
15:47:32.453 | WARNING (151978, stable_pretraining.callbacks.cpu_offload) |   - int at 'lr_schedulers[0].warmup_steps'
15:47:32.454 | WARNING (151978, stable_pretraining.callbacks.cpu_offload) |   - int at 'lr_schedulers[0].max_steps'
15:47:32.454 | WARNING (151978, stable_pretraining.callbacks.cpu_offload) |   - float at 'lr_schedulers[0].warmup_start_lr'
15:47:32.454 | WARNING (151978, stable_pretraining.callbacks.cpu_offload) |   - float at 'lr_schedulers[0].eta_min'
15:47:32.454 | WARNING (151978, stable_pretraining.callbacks.cpu_offload) |   - float at 'lr_schedulers[0].base_lrs[0]'
15:47:32.455 | WARNING (151978, stable_pretraining.callbacks.cpu_offload) |   - int at 'lr_schedulers[0].last_epoch'
15:47:32.455 | WARNING (151978, stable_pretraining.callbacks.cpu_offload) |   - int at 'lr_schedulers[0]._step_count'
15:47:32.455 | WARNING (151978, stable_pretraining.callbacks.cpu_offload) |   - bool at 'lr_schedulers[0]._get_lr_called_within_step'
15:47:32.456 | WARNING (151978, stable_pretraining.callbacks.cpu_offload) |   - float at 'lr_schedulers[0]._last_lr[0]'
15:47:32.456 | INFO    (151978, stable_pretraining.callbacks.cpu_offload) | To see all 321 skipped objects, set log_skipped=True
15:47:32.457 | INFO    (151978, stable_pretraining.callbacks.cpu_offload) | GPU memory after offload:
15:47:32.457 | INFO    (151978, stable_pretraining.callbacks.cpu_offload) |   - Allocated: 0.24 GB
15:47:32.457 | INFO    (151978, stable_pretraining.callbacks.cpu_offload) |   - Reserved: 16.63 GB
15:47:32.457 | INFO    (151978, stable_pretraining.callbacks.cpu_offload) | GPU memory freed: 0.00 GB
15:47:32.458 | SUCCESS (151978, stable_pretraining.callbacks.cpu_offload) | CPUOffloadCallback: Checkpoint #4 completed in 0.50s
15:47:32.458 | INFO    (151978, stable_pretraining.callbacks.cpu_offload) | Successfully processed keys: ['state_dict', 'optimizer_states', 'lr_schedulers']
15:47:32.458 | INFO    (151978, stable_pretraining.callbacks.cpu_offload) | Cumulative stats:
15:47:32.458 | INFO    (151978, stable_pretraining.callbacks.cpu_offload) |   - Total checkpoints saved: 4
15:47:32.458 | INFO    (151978, stable_pretraining.callbacks.cpu_offload) |   - Total time in offload: 2.81s
15:47:32.459 | INFO    (151978, stable_pretraining.callbacks.cpu_offload) |   - Total memory freed: 0.00 GB
15:47:32.459 | INFO    (151978, stable_pretraining.callbacks.cpu_offload) |   - Average time per checkpoint: 0.70s
15:47:32.459 | INFO    (151978, stable_pretraining.callbacks.cpu_offload) | ============================================================
16:28:13.389 | WARNING (151978, stable_pretraining.module) | You are calling self.parameters which also gives callbacks parameters, to remove then, pass `with_callbacks=False`
16:32:47.215 | INFO    (151978, stable_pretraining.callbacks.trainer_info) | \n+----------------------------+------------------------+
|           Metric           |         Value          |
+----------------------------+------------------------+
|          [0;34;40mfit/loss[0m          | [0;32;40m0.00040810208884067833[0m |
|       [0;34;40mfit/pred_loss[0m        | [0;32;40m0.0001854391157394275[0m  |
|      [0;34;40mfit/rdmreg_loss[0m       | [0;32;40m0.00022266297310125083[0m |
|       [0;34;40mvalidate/loss[0m        | [0;32;40m0.0010545456316322088[0m  |
|    [0;34;40mvalidate/loss_epoch[0m     | [0;32;40m0.0010545456316322088[0m  |
|     [0;34;40mvalidate/pred_loss[0m     | [0;32;40m0.0003066297504119575[0m  |
|  [0;34;40mvalidate/pred_loss_epoch[0m  | [0;32;40m0.0003066297504119575[0m  |
|    [0;34;40mvalidate/rdmreg_loss[0m    | [0;32;40m0.0007479159976355731[0m  |
| [0;34;40mvalidate/rdmreg_loss_epoch[0m | [0;32;40m0.0007479159976355731[0m  |
+----------------------------+------------------------+
16:32:47.451 | INFO    (151978, stable_pretraining.callbacks.checkpoint_sklearn) | Checking for non PyTorch modules to save... 🔧
16:32:47.452 | INFO    (151978, stable_pretraining.callbacks.checkpoint_sklearn) | Checking for Wandb params to save... 🔧
16:32:47.452 | INFO    (151978, stable_pretraining.callbacks.checkpoint_sklearn) | Saving Wandb params {'id': 'lewm_lp_pusht_expert_mu-4'}
16:32:47.452 | INFO    (151978, stable_pretraining.callbacks.checkpoint_sklearn) | Checking for Wandb params to save... Done!
16:32:47.452 | INFO    (151978, stable_pretraining.callbacks.cpu_offload) | ============================================================
16:32:47.452 | INFO    (151978, stable_pretraining.callbacks.cpu_offload) | CPUOffloadCallback: Starting checkpoint CPU offload (#5)
16:32:47.453 | INFO    (151978, stable_pretraining.callbacks.cpu_offload) |   - Global step: 10449
16:32:47.453 | INFO    (151978, stable_pretraining.callbacks.cpu_offload) |   - Epoch: 2
16:32:47.453 | INFO    (151978, stable_pretraining.callbacks.cpu_offload) | Checkpoint contains 11 keys: ['callbacks', 'epoch', 'global_step', 'hparams_name', 'hyper_parameters', 'loops', 'lr_schedulers', 'optimizer_states', 'pytorch-lightning_version', 'state_dict', 'wandb']
16:32:47.453 | INFO    (151978, stable_pretraining.callbacks.cpu_offload) | GPU memory before offload:
16:32:47.453 | INFO    (151978, stable_pretraining.callbacks.cpu_offload) |   - Allocated: 0.24 GB
16:32:47.453 | INFO    (151978, stable_pretraining.callbacks.cpu_offload) |   - Reserved: 16.63 GB
16:32:47.454 | INFO    (151978, stable_pretraining.callbacks.cpu_offload) | Processing checkpoint key: 'state_dict'
16:32:47.640 | SUCCESS (151978, stable_pretraining.callbacks.cpu_offload) | ✓ Completed 'state_dict' in 0.19s
16:32:47.641 | INFO    (151978, stable_pretraining.callbacks.cpu_offload) | Processing checkpoint key: 'optimizer_states'
16:32:48.042 | SUCCESS (151978, stable_pretraining.callbacks.cpu_offload) | ✓ Completed 'optimizer_states' in 0.40s
16:32:48.043 | INFO    (151978, stable_pretraining.callbacks.cpu_offload) | Processing checkpoint key: 'lr_schedulers'
16:32:48.043 | SUCCESS (151978, stable_pretraining.callbacks.cpu_offload) | ✓ Completed 'lr_schedulers' in 0.00s
16:32:48.043 | WARNING (151978, stable_pretraining.callbacks.cpu_offload) | Skipped 321 custom object(s)
16:32:48.044 | WARNING (151978, stable_pretraining.callbacks.cpu_offload) | First 10 skipped objects:
16:32:48.044 | WARNING (151978, stable_pretraining.callbacks.cpu_offload) |   - float at 'optimizer_states[0].param_groups[0].lr'
16:32:48.044 | WARNING (151978, stable_pretraining.callbacks.cpu_offload) |   - float at 'optimizer_states[0].param_groups[0].betas[0]'
16:32:48.044 | WARNING (151978, stable_pretraining.callbacks.cpu_offload) |   - float at 'optimizer_states[0].param_groups[0].betas[1]'
16:32:48.045 | WARNING (151978, stable_pretraining.callbacks.cpu_offload) |   - float at 'optimizer_states[0].param_groups[0].eps'
16:32:48.045 | WARNING (151978, stable_pretraining.callbacks.cpu_offload) |   - float at 'optimizer_states[0].param_groups[0].weight_decay'
16:32:48.045 | WARNING (151978, stable_pretraining.callbacks.cpu_offload) |   - bool at 'optimizer_states[0].param_groups[0].amsgrad'
16:32:48.045 | WARNING (151978, stable_pretraining.callbacks.cpu_offload) |   - bool at 'optimizer_states[0].param_groups[0].maximize'
16:32:48.045 | WARNING (151978, stable_pretraining.callbacks.cpu_offload) |   - NoneType at 'optimizer_states[0].param_groups[0].foreach'
16:32:48.045 | WARNING (151978, stable_pretraining.callbacks.cpu_offload) |   - bool at 'optimizer_states[0].param_groups[0].capturable'
16:32:48.045 | WARNING (151978, stable_pretraining.callbacks.cpu_offload) |   - bool at 'optimizer_states[0].param_groups[0].differentiable'
16:32:48.046 | WARNING (151978, stable_pretraining.callbacks.cpu_offload) | ... (301 more skipped) ...
16:32:48.046 | WARNING (151978, stable_pretraining.callbacks.cpu_offload) | Last 10 skipped objects:
16:32:48.046 | WARNING (151978, stable_pretraining.callbacks.cpu_offload) |   - int at 'optimizer_states[0].param_groups[0].params[298]'
16:32:48.046 | WARNING (151978, stable_pretraining.callbacks.cpu_offload) |   - int at 'lr_schedulers[0].warmup_steps'
16:32:48.046 | WARNING (151978, stable_pretraining.callbacks.cpu_offload) |   - int at 'lr_schedulers[0].max_steps'
16:32:48.046 | WARNING (151978, stable_pretraining.callbacks.cpu_offload) |   - float at 'lr_schedulers[0].warmup_start_lr'
16:32:48.047 | WARNING (151978, stable_pretraining.callbacks.cpu_offload) |   - float at 'lr_schedulers[0].eta_min'
16:32:48.047 | WARNING (151978, stable_pretraining.callbacks.cpu_offload) |   - float at 'lr_schedulers[0].base_lrs[0]'
16:32:48.047 | WARNING (151978, stable_pretraining.callbacks.cpu_offload) |   - int at 'lr_schedulers[0].last_epoch'
16:32:48.047 | WARNING (151978, stable_pretraining.callbacks.cpu_offload) |   - int at 'lr_schedulers[0]._step_count'
16:32:48.047 | WARNING (151978, stable_pretraining.callbacks.cpu_offload) |   - bool at 'lr_schedulers[0]._get_lr_called_within_step'
16:32:48.048 | WARNING (151978, stable_pretraining.callbacks.cpu_offload) |   - float at 'lr_schedulers[0]._last_lr[0]'
16:32:48.048 | INFO    (151978, stable_pretraining.callbacks.cpu_offload) | To see all 321 skipped objects, set log_skipped=True
16:32:48.048 | INFO    (151978, stable_pretraining.callbacks.cpu_offload) | GPU memory after offload:
16:32:48.049 | INFO    (151978, stable_pretraining.callbacks.cpu_offload) |   - Allocated: 0.24 GB
16:32:48.049 | INFO    (151978, stable_pretraining.callbacks.cpu_offload) |   - Reserved: 16.63 GB
16:32:48.049 | INFO    (151978, stable_pretraining.callbacks.cpu_offload) | GPU memory freed: 0.00 GB
16:32:48.049 | SUCCESS (151978, stable_pretraining.callbacks.cpu_offload) | CPUOffloadCallback: Checkpoint #5 completed in 0.60s
16:32:48.049 | INFO    (151978, stable_pretraining.callbacks.cpu_offload) | Successfully processed keys: ['state_dict', 'optimizer_states', 'lr_schedulers']
16:32:48.050 | INFO    (151978, stable_pretraining.callbacks.cpu_offload) | Cumulative stats:
16:32:48.050 | INFO    (151978, stable_pretraining.callbacks.cpu_offload) |   - Total checkpoints saved: 5
16:32:48.050 | INFO    (151978, stable_pretraining.callbacks.cpu_offload) |   - Total time in offload: 3.40s
16:32:48.050 | INFO    (151978, stable_pretraining.callbacks.cpu_offload) |   - Total memory freed: 0.00 GB
16:32:48.050 | INFO    (151978, stable_pretraining.callbacks.cpu_offload) |   - Average time per checkpoint: 0.68s
16:32:48.050 | INFO    (151978, stable_pretraining.callbacks.cpu_offload) | ============================================================
16:32:49.381 | INFO    (151978, stable_pretraining.callbacks.checkpoint_sklearn) | Checking for non PyTorch modules to save... 🔧
16:32:49.381 | INFO    (151978, stable_pretraining.callbacks.checkpoint_sklearn) | Checking for Wandb params to save... 🔧
16:32:49.382 | INFO    (151978, stable_pretraining.callbacks.checkpoint_sklearn) | Saving Wandb params {'id': 'lewm_lp_pusht_expert_mu-4'}
16:32:49.382 | INFO    (151978, stable_pretraining.callbacks.checkpoint_sklearn) | Checking for Wandb params to save... Done!
16:32:49.382 | INFO    (151978, stable_pretraining.callbacks.cpu_offload) | ============================================================
16:32:49.382 | INFO    (151978, stable_pretraining.callbacks.cpu_offload) | CPUOffloadCallback: Starting checkpoint CPU offload (#6)
16:32:49.382 | INFO    (151978, stable_pretraining.callbacks.cpu_offload) |   - Global step: 10449
16:32:49.382 | INFO    (151978, stable_pretraining.callbacks.cpu_offload) |   - Epoch: 2
16:32:49.382 | INFO    (151978, stable_pretraining.callbacks.cpu_offload) | Checkpoint contains 11 keys: ['callbacks', 'epoch', 'global_step', 'hparams_name', 'hyper_parameters', 'loops', 'lr_schedulers', 'optimizer_states', 'pytorch-lightning_version', 'state_dict', 'wandb']
16:32:49.383 | INFO    (151978, stable_pretraining.callbacks.cpu_offload) | GPU memory before offload:
16:32:49.383 | INFO    (151978, stable_pretraining.callbacks.cpu_offload) |   - Allocated: 0.24 GB
16:32:49.383 | INFO    (151978, stable_pretraining.callbacks.cpu_offload) |   - Reserved: 16.63 GB
16:32:49.383 | INFO    (151978, stable_pretraining.callbacks.cpu_offload) | Processing checkpoint key: 'state_dict'
16:32:49.646 | SUCCESS (151978, stable_pretraining.callbacks.cpu_offload) | ✓ Completed 'state_dict' in 0.26s
16:32:49.647 | INFO    (151978, stable_pretraining.callbacks.cpu_offload) | Processing checkpoint key: 'optimizer_states'
16:32:50.169 | SUCCESS (151978, stable_pretraining.callbacks.cpu_offload) | ✓ Completed 'optimizer_states' in 0.52s
16:32:50.169 | INFO    (151978, stable_pretraining.callbacks.cpu_offload) | Processing checkpoint key: 'lr_schedulers'
16:32:50.170 | SUCCESS (151978, stable_pretraining.callbacks.cpu_offload) | ✓ Completed 'lr_schedulers' in 0.00s
16:32:50.170 | WARNING (151978, stable_pretraining.callbacks.cpu_offload) | Skipped 321 custom object(s)
16:32:50.170 | WARNING (151978, stable_pretraining.callbacks.cpu_offload) | First 10 skipped objects:
16:32:50.170 | WARNING (151978, stable_pretraining.callbacks.cpu_offload) |   - float at 'optimizer_states[0].param_groups[0].lr'
16:32:50.171 | WARNING (151978, stable_pretraining.callbacks.cpu_offload) |   - float at 'optimizer_states[0].param_groups[0].betas[0]'
16:32:50.171 | WARNING (151978, stable_pretraining.callbacks.cpu_offload) |   - float at 'optimizer_states[0].param_groups[0].betas[1]'
16:32:50.171 | WARNING (151978, stable_pretraining.callbacks.cpu_offload) |   - float at 'optimizer_states[0].param_groups[0].eps'
16:32:50.171 | WARNING (151978, stable_pretraining.callbacks.cpu_offload) |   - float at 'optimizer_states[0].param_groups[0].weight_decay'
16:32:50.171 | WARNING (151978, stable_pretraining.callbacks.cpu_offload) |   - bool at 'optimizer_states[0].param_groups[0].amsgrad'
16:32:50.171 | WARNING (151978, stable_pretraining.callbacks.cpu_offload) |   - bool at 'optimizer_states[0].param_groups[0].maximize'
16:32:50.172 | WARNING (151978, stable_pretraining.callbacks.cpu_offload) |   - NoneType at 'optimizer_states[0].param_groups[0].foreach'
16:32:50.172 | WARNING (151978, stable_pretraining.callbacks.cpu_offload) |   - bool at 'optimizer_states[0].param_groups[0].capturable'
16:32:50.172 | WARNING (151978, stable_pretraining.callbacks.cpu_offload) |   - bool at 'optimizer_states[0].param_groups[0].differentiable'
16:32:50.172 | WARNING (151978, stable_pretraining.callbacks.cpu_offload) | ... (301 more skipped) ...
16:32:50.172 | WARNING (151978, stable_pretraining.callbacks.cpu_offload) | Last 10 skipped objects:
16:32:50.172 | WARNING (151978, stable_pretraining.callbacks.cpu_offload) |   - int at 'optimizer_states[0].param_groups[0].params[298]'
16:32:50.173 | WARNING (151978, stable_pretraining.callbacks.cpu_offload) |   - int at 'lr_schedulers[0].warmup_steps'
16:32:50.173 | WARNING (151978, stable_pretraining.callbacks.cpu_offload) |   - int at 'lr_schedulers[0].max_steps'
16:32:50.173 | WARNING (151978, stable_pretraining.callbacks.cpu_offload) |   - float at 'lr_schedulers[0].warmup_start_lr'
16:32:50.173 | WARNING (151978, stable_pretraining.callbacks.cpu_offload) |   - float at 'lr_schedulers[0].eta_min'
16:32:50.173 | WARNING (151978, stable_pretraining.callbacks.cpu_offload) |   - float at 'lr_schedulers[0].base_lrs[0]'
16:32:50.174 | WARNING (151978, stable_pretraining.callbacks.cpu_offload) |   - int at 'lr_schedulers[0].last_epoch'
16:32:50.174 | WARNING (151978, stable_pretraining.callbacks.cpu_offload) |   - int at 'lr_schedulers[0]._step_count'
16:32:50.174 | WARNING (151978, stable_pretraining.callbacks.cpu_offload) |   - bool at 'lr_schedulers[0]._get_lr_called_within_step'
16:32:50.174 | WARNING (151978, stable_pretraining.callbacks.cpu_offload) |   - float at 'lr_schedulers[0]._last_lr[0]'
16:32:50.174 | INFO    (151978, stable_pretraining.callbacks.cpu_offload) | To see all 321 skipped objects, set log_skipped=True
16:32:50.175 | INFO    (151978, stable_pretraining.callbacks.cpu_offload) | GPU memory after offload:
16:32:50.175 | INFO    (151978, stable_pretraining.callbacks.cpu_offload) |   - Allocated: 0.24 GB
16:32:50.175 | INFO    (151978, stable_pretraining.callbacks.cpu_offload) |   - Reserved: 16.63 GB
16:32:50.175 | INFO    (151978, stable_pretraining.callbacks.cpu_offload) | GPU memory freed: 0.00 GB
16:32:50.176 | SUCCESS (151978, stable_pretraining.callbacks.cpu_offload) | CPUOffloadCallback: Checkpoint #6 completed in 0.79s
16:32:50.176 | INFO    (151978, stable_pretraining.callbacks.cpu_offload) | Successfully processed keys: ['state_dict', 'optimizer_states', 'lr_schedulers']
16:32:50.176 | INFO    (151978, stable_pretraining.callbacks.cpu_offload) | Cumulative stats:
16:32:50.176 | INFO    (151978, stable_pretraining.callbacks.cpu_offload) |   - Total checkpoints saved: 6
16:32:50.176 | INFO    (151978, stable_pretraining.callbacks.cpu_offload) |   - Total time in offload: 4.20s
16:32:50.176 | INFO    (151978, stable_pretraining.callbacks.cpu_offload) |   - Total memory freed: 0.00 GB
16:32:50.176 | INFO    (151978, stable_pretraining.callbacks.cpu_offload) |   - Average time per checkpoint: 0.70s
16:32:50.176 | INFO    (151978, stable_pretraining.callbacks.cpu_offload) | ============================================================
17:13:17.648 | WARNING (151978, stable_pretraining.module) | You are calling self.parameters which also gives callbacks parameters, to remove then, pass `with_callbacks=False`
17:17:55.174 | INFO    (151978, stable_pretraining.callbacks.trainer_info) | \n+----------------------------+------------------------+
|           Metric           |         Value          |
+----------------------------+------------------------+
|          [0;34;40mfit/loss[0m          |  [0;32;40m0.00041554233757779[0m   |
|       [0;34;40mfit/pred_loss[0m        | [0;32;40m0.00011883401748491451[0m |
|      [0;34;40mfit/rdmreg_loss[0m       | [0;32;40m0.0002967083128169179[0m  |
|       [0;34;40mvalidate/loss[0m        | [0;32;40m0.0007152780890464783[0m  |
|    [0;34;40mvalidate/loss_epoch[0m     | [0;32;40m0.0007152780890464783[0m  |
|     [0;34;40mvalidate/pred_loss[0m     | [0;32;40m0.00021377019584178925[0m |
|  [0;34;40mvalidate/pred_loss_epoch[0m  | [0;32;40m0.00021377019584178925[0m |
|    [0;34;40mvalidate/rdmreg_loss[0m    | [0;32;40m0.0005015075439587235[0m  |
| [0;34;40mvalidate/rdmreg_loss_epoch[0m | [0;32;40m0.0005015075439587235[0m  |
+----------------------------+------------------------+
17:17:55.478 | INFO    (151978, stable_pretraining.callbacks.checkpoint_sklearn) | Checking for non PyTorch modules to save... 🔧
17:17:55.479 | INFO    (151978, stable_pretraining.callbacks.checkpoint_sklearn) | Checking for Wandb params to save... 🔧
17:17:55.479 | INFO    (151978, stable_pretraining.callbacks.checkpoint_sklearn) | Saving Wandb params {'id': 'lewm_lp_pusht_expert_mu-4'}
17:17:55.479 | INFO    (151978, stable_pretraining.callbacks.checkpoint_sklearn) | Checking for Wandb params to save... Done!
17:17:55.480 | INFO    (151978, stable_pretraining.callbacks.cpu_offload) | ============================================================
17:17:55.480 | INFO    (151978, stable_pretraining.callbacks.cpu_offload) | CPUOffloadCallback: Starting checkpoint CPU offload (#7)
17:17:55.480 | INFO    (151978, stable_pretraining.callbacks.cpu_offload) |   - Global step: 13932
17:17:55.480 | INFO    (151978, stable_pretraining.callbacks.cpu_offload) |   - Epoch: 3
17:17:55.481 | INFO    (151978, stable_pretraining.callbacks.cpu_offload) | Checkpoint contains 11 keys: ['callbacks', 'epoch', 'global_step', 'hparams_name', 'hyper_parameters', 'loops', 'lr_schedulers', 'optimizer_states', 'pytorch-lightning_version', 'state_dict', 'wandb']
17:17:55.481 | INFO    (151978, stable_pretraining.callbacks.cpu_offload) | GPU memory before offload:
17:17:55.481 | INFO    (151978, stable_pretraining.callbacks.cpu_offload) |   - Allocated: 0.24 GB
17:17:55.481 | INFO    (151978, stable_pretraining.callbacks.cpu_offload) |   - Reserved: 16.63 GB
17:17:55.481 | INFO    (151978, stable_pretraining.callbacks.cpu_offload) | Processing checkpoint key: 'state_dict'
17:17:55.798 | SUCCESS (151978, stable_pretraining.callbacks.cpu_offload) | ✓ Completed 'state_dict' in 0.32s
17:17:55.798 | INFO    (151978, stable_pretraining.callbacks.cpu_offload) | Processing checkpoint key: 'optimizer_states'
17:17:56.469 | SUCCESS (151978, stable_pretraining.callbacks.cpu_offload) | ✓ Completed 'optimizer_states' in 0.67s
17:17:56.470 | INFO    (151978, stable_pretraining.callbacks.cpu_offload) | Processing checkpoint key: 'lr_schedulers'
17:17:56.470 | SUCCESS (151978, stable_pretraining.callbacks.cpu_offload) | ✓ Completed 'lr_schedulers' in 0.00s
17:17:56.470 | WARNING (151978, stable_pretraining.callbacks.cpu_offload) | Skipped 321 custom object(s)
17:17:56.470 | WARNING (151978, stable_pretraining.callbacks.cpu_offload) | First 10 skipped objects:
17:17:56.471 | WARNING (151978, stable_pretraining.callbacks.cpu_offload) |   - float at 'optimizer_states[0].param_groups[0].lr'
17:17:56.471 | WARNING (151978, stable_pretraining.callbacks.cpu_offload) |   - float at 'optimizer_states[0].param_groups[0].betas[0]'
17:17:56.471 | WARNING (151978, stable_pretraining.callbacks.cpu_offload) |   - float at 'optimizer_states[0].param_groups[0].betas[1]'
17:17:56.471 | WARNING (151978, stable_pretraining.callbacks.cpu_offload) |   - float at 'optimizer_states[0].param_groups[0].eps'
17:17:56.472 | WARNING (151978, stable_pretraining.callbacks.cpu_offload) |   - float at 'optimizer_states[0].param_groups[0].weight_decay'
17:17:56.472 | WARNING (151978, stable_pretraining.callbacks.cpu_offload) |   - bool at 'optimizer_states[0].param_groups[0].amsgrad'
17:17:56.472 | WARNING (151978, stable_pretraining.callbacks.cpu_offload) |   - bool at 'optimizer_states[0].param_groups[0].maximize'
17:17:56.472 | WARNING (151978, stable_pretraining.callbacks.cpu_offload) |   - NoneType at 'optimizer_states[0].param_groups[0].foreach'
17:17:56.472 | WARNING (151978, stable_pretraining.callbacks.cpu_offload) |   - bool at 'optimizer_states[0].param_groups[0].capturable'
17:17:56.473 | WARNING (151978, stable_pretraining.callbacks.cpu_offload) |   - bool at 'optimizer_states[0].param_groups[0].differentiable'
17:17:56.473 | WARNING (151978, stable_pretraining.callbacks.cpu_offload) | ... (301 more skipped) ...
17:17:56.473 | WARNING (151978, stable_pretraining.callbacks.cpu_offload) | Last 10 skipped objects:
17:17:56.473 | WARNING (151978, stable_pretraining.callbacks.cpu_offload) |   - int at 'optimizer_states[0].param_groups[0].params[298]'
17:17:56.473 | WARNING (151978, stable_pretraining.callbacks.cpu_offload) |   - int at 'lr_schedulers[0].warmup_steps'
17:17:56.474 | WARNING (151978, stable_pretraining.callbacks.cpu_offload) |   - int at 'lr_schedulers[0].max_steps'
17:17:56.474 | WARNING (151978, stable_pretraining.callbacks.cpu_offload) |   - float at 'lr_schedulers[0].warmup_start_lr'
17:17:56.474 | WARNING (151978, stable_pretraining.callbacks.cpu_offload) |   - float at 'lr_schedulers[0].eta_min'
17:17:56.474 | WARNING (151978, stable_pretraining.callbacks.cpu_offload) |   - float at 'lr_schedulers[0].base_lrs[0]'
17:17:56.475 | WARNING (151978, stable_pretraining.callbacks.cpu_offload) |   - int at 'lr_schedulers[0].last_epoch'
17:17:56.475 | WARNING (151978, stable_pretraining.callbacks.cpu_offload) |   - int at 'lr_schedulers[0]._step_count'
17:17:56.475 | WARNING (151978, stable_pretraining.callbacks.cpu_offload) |   - bool at 'lr_schedulers[0]._get_lr_called_within_step'
17:17:56.476 | WARNING (151978, stable_pretraining.callbacks.cpu_offload) |   - float at 'lr_schedulers[0]._last_lr[0]'
17:17:56.476 | INFO    (151978, stable_pretraining.callbacks.cpu_offload) | To see all 321 skipped objects, set log_skipped=True
17:17:56.476 | INFO    (151978, stable_pretraining.callbacks.cpu_offload) | GPU memory after offload:
17:17:56.476 | INFO    (151978, stable_pretraining.callbacks.cpu_offload) |   - Allocated: 0.24 GB
17:17:56.477 | INFO    (151978, stable_pretraining.callbacks.cpu_offload) |   - Reserved: 16.63 GB
17:17:56.477 | INFO    (151978, stable_pretraining.callbacks.cpu_offload) | GPU memory freed: 0.00 GB
17:17:56.477 | SUCCESS (151978, stable_pretraining.callbacks.cpu_offload) | CPUOffloadCallback: Checkpoint #7 completed in 1.00s
17:17:56.477 | INFO    (151978, stable_pretraining.callbacks.cpu_offload) | Successfully processed keys: ['state_dict', 'optimizer_states', 'lr_schedulers']
17:17:56.477 | INFO    (151978, stable_pretraining.callbacks.cpu_offload) | Cumulative stats:
17:17:56.477 | INFO    (151978, stable_pretraining.callbacks.cpu_offload) |   - Total checkpoints saved: 7
17:17:56.478 | INFO    (151978, stable_pretraining.callbacks.cpu_offload) |   - Total time in offload: 5.20s
17:17:56.478 | INFO    (151978, stable_pretraining.callbacks.cpu_offload) |   - Total memory freed: 0.00 GB
17:17:56.478 | INFO    (151978, stable_pretraining.callbacks.cpu_offload) |   - Average time per checkpoint: 0.74s
17:17:56.478 | INFO    (151978, stable_pretraining.callbacks.cpu_offload) | ============================================================
17:17:57.765 | INFO    (151978, stable_pretraining.callbacks.checkpoint_sklearn) | Checking for non PyTorch modules to save... 🔧
17:17:57.765 | INFO    (151978, stable_pretraining.callbacks.checkpoint_sklearn) | Checking for Wandb params to save... 🔧
17:17:57.765 | INFO    (151978, stable_pretraining.callbacks.checkpoint_sklearn) | Saving Wandb params {'id': 'lewm_lp_pusht_expert_mu-4'}
17:17:57.766 | INFO    (151978, stable_pretraining.callbacks.checkpoint_sklearn) | Checking for Wandb params to save... Done!
17:17:57.766 | INFO    (151978, stable_pretraining.callbacks.cpu_offload) | ============================================================
17:17:57.766 | INFO    (151978, stable_pretraining.callbacks.cpu_offload) | CPUOffloadCallback: Starting checkpoint CPU offload (#8)
17:17:57.766 | INFO    (151978, stable_pretraining.callbacks.cpu_offload) |   - Global step: 13932
17:17:57.766 | INFO    (151978, stable_pretraining.callbacks.cpu_offload) |   - Epoch: 3
17:17:57.767 | INFO    (151978, stable_pretraining.callbacks.cpu_offload) | Checkpoint contains 11 keys: ['callbacks', 'epoch', 'global_step', 'hparams_name', 'hyper_parameters', 'loops', 'lr_schedulers', 'optimizer_states', 'pytorch-lightning_version', 'state_dict', 'wandb']
17:17:57.767 | INFO    (151978, stable_pretraining.callbacks.cpu_offload) | GPU memory before offload:
17:17:57.767 | INFO    (151978, stable_pretraining.callbacks.cpu_offload) |   - Allocated: 0.24 GB
17:17:57.767 | INFO    (151978, stable_pretraining.callbacks.cpu_offload) |   - Reserved: 16.63 GB
17:17:57.768 | INFO    (151978, stable_pretraining.callbacks.cpu_offload) | Processing checkpoint key: 'state_dict'
17:17:58.107 | SUCCESS (151978, stable_pretraining.callbacks.cpu_offload) | ✓ Completed 'state_dict' in 0.34s
17:17:58.108 | INFO    (151978, stable_pretraining.callbacks.cpu_offload) | Processing checkpoint key: 'optimizer_states'
17:17:58.840 | SUCCESS (151978, stable_pretraining.callbacks.cpu_offload) | ✓ Completed 'optimizer_states' in 0.73s
17:17:58.841 | INFO    (151978, stable_pretraining.callbacks.cpu_offload) | Processing checkpoint key: 'lr_schedulers'
17:17:58.841 | SUCCESS (151978, stable_pretraining.callbacks.cpu_offload) | ✓ Completed 'lr_schedulers' in 0.00s
17:17:58.842 | WARNING (151978, stable_pretraining.callbacks.cpu_offload) | Skipped 321 custom object(s)
17:17:58.842 | WARNING (151978, stable_pretraining.callbacks.cpu_offload) | First 10 skipped objects:
17:17:58.842 | WARNING (151978, stable_pretraining.callbacks.cpu_offload) |   - float at 'optimizer_states[0].param_groups[0].lr'
17:17:58.842 | WARNING (151978, stable_pretraining.callbacks.cpu_offload) |   - float at 'optimizer_states[0].param_groups[0].betas[0]'
17:17:58.843 | WARNING (151978, stable_pretraining.callbacks.cpu_offload) |   - float at 'optimizer_states[0].param_groups[0].betas[1]'
17:17:58.843 | WARNING (151978, stable_pretraining.callbacks.cpu_offload) |   - float at 'optimizer_states[0].param_groups[0].eps'
17:17:58.843 | WARNING (151978, stable_pretraining.callbacks.cpu_offload) |   - float at 'optimizer_states[0].param_groups[0].weight_decay'
17:17:58.843 | WARNING (151978, stable_pretraining.callbacks.cpu_offload) |   - bool at 'optimizer_states[0].param_groups[0].amsgrad'
17:17:58.844 | WARNING (151978, stable_pretraining.callbacks.cpu_offload) |   - bool at 'optimizer_states[0].param_groups[0].maximize'
17:17:58.844 | WARNING (151978, stable_pretraining.callbacks.cpu_offload) |   - NoneType at 'optimizer_states[0].param_groups[0].foreach'
17:17:58.844 | WARNING (151978, stable_pretraining.callbacks.cpu_offload) |   - bool at 'optimizer_states[0].param_groups[0].capturable'
17:17:58.845 | WARNING (151978, stable_pretraining.callbacks.cpu_offload) |   - bool at 'optimizer_states[0].param_groups[0].differentiable'
17:17:58.845 | WARNING (151978, stable_pretraining.callbacks.cpu_offload) | ... (301 more skipped) ...
17:17:58.845 | WARNING (151978, stable_pretraining.callbacks.cpu_offload) | Last 10 skipped objects:
17:17:58.846 | WARNING (151978, stable_pretraining.callbacks.cpu_offload) |   - int at 'optimizer_states[0].param_groups[0].params[298]'
17:17:58.846 | WARNING (151978, stable_pretraining.callbacks.cpu_offload) |   - int at 'lr_schedulers[0].warmup_steps'
17:17:58.846 | WARNING (151978, stable_pretraining.callbacks.cpu_offload) |   - int at 'lr_schedulers[0].max_steps'
17:17:58.846 | WARNING (151978, stable_pretraining.callbacks.cpu_offload) |   - float at 'lr_schedulers[0].warmup_start_lr'
17:17:58.847 | WARNING (151978, stable_pretraining.callbacks.cpu_offload) |   - float at 'lr_schedulers[0].eta_min'
17:17:58.848 | WARNING (151978, stable_pretraining.callbacks.cpu_offload) |   - float at 'lr_schedulers[0].base_lrs[0]'
17:17:58.849 | WARNING (151978, stable_pretraining.callbacks.cpu_offload) |   - int at 'lr_schedulers[0].last_epoch'
17:17:58.849 | WARNING (151978, stable_pretraining.callbacks.cpu_offload) |   - int at 'lr_schedulers[0]._step_count'
17:17:58.849 | WARNING (151978, stable_pretraining.callbacks.cpu_offload) |   - bool at 'lr_schedulers[0]._get_lr_called_within_step'
17:17:58.850 | WARNING (151978, stable_pretraining.callbacks.cpu_offload) |   - float at 'lr_schedulers[0]._last_lr[0]'
17:17:58.850 | INFO    (151978, stable_pretraining.callbacks.cpu_offload) | To see all 321 skipped objects, set log_skipped=True
17:17:58.851 | INFO    (151978, stable_pretraining.callbacks.cpu_offload) | GPU memory after offload:
17:17:58.851 | INFO    (151978, stable_pretraining.callbacks.cpu_offload) |   - Allocated: 0.24 GB
17:17:58.851 | INFO    (151978, stable_pretraining.callbacks.cpu_offload) |   - Reserved: 16.63 GB
17:17:58.852 | INFO    (151978, stable_pretraining.callbacks.cpu_offload) | GPU memory freed: 0.00 GB
17:17:58.852 | SUCCESS (151978, stable_pretraining.callbacks.cpu_offload) | CPUOffloadCallback: Checkpoint #8 completed in 1.09s
17:17:58.852 | INFO    (151978, stable_pretraining.callbacks.cpu_offload) | Successfully processed keys: ['state_dict', 'optimizer_states', 'lr_schedulers']
17:17:58.853 | INFO    (151978, stable_pretraining.callbacks.cpu_offload) | Cumulative stats:
17:17:58.853 | INFO    (151978, stable_pretraining.callbacks.cpu_offload) |   - Total checkpoints saved: 8
17:17:58.854 | INFO    (151978, stable_pretraining.callbacks.cpu_offload) |   - Total time in offload: 6.28s
17:17:58.854 | INFO    (151978, stable_pretraining.callbacks.cpu_offload) |   - Total memory freed: 0.00 GB
17:17:58.855 | INFO    (151978, stable_pretraining.callbacks.cpu_offload) |   - Average time per checkpoint: 0.79s
17:17:58.855 | INFO    (151978, stable_pretraining.callbacks.cpu_offload) | ============================================================
17:58:45.546 | WARNING (151978, stable_pretraining.module) | You are calling self.parameters which also gives callbacks parameters, to remove then, pass `with_callbacks=False`
18:03:19.217 | INFO    (151978, stable_pretraining.callbacks.trainer_info) | \n+----------------------------+------------------------+
|           Metric           |         Value          |
+----------------------------+------------------------+
|          [0;34;40mfit/loss[0m          | [0;32;40m0.0003424993483349681[0m  |
|       [0;34;40mfit/pred_loss[0m        | [0;32;40m8.811344741843641e-05[0m  |
|      [0;34;40mfit/rdmreg_loss[0m       | [0;32;40m0.0002543859009165317[0m  |
|       [0;34;40mvalidate/loss[0m        | [0;32;40m0.0004520723014138639[0m  |
|    [0;34;40mvalidate/loss_epoch[0m     | [0;32;40m0.0004520723014138639[0m  |
|     [0;34;40mvalidate/pred_loss[0m     | [0;32;40m0.0001195920558529906[0m  |
|  [0;34;40mvalidate/pred_loss_epoch[0m  | [0;32;40m0.0001195920558529906[0m  |
|    [0;34;40mvalidate/rdmreg_loss[0m    | [0;32;40m0.00033248018007725477[0m |
| [0;34;40mvalidate/rdmreg_loss_epoch[0m | [0;32;40m0.00033248018007725477[0m |
+----------------------------+------------------------+
18:03:19.519 | INFO    (151978, stable_pretraining.callbacks.checkpoint_sklearn) | Checking for non PyTorch modules to save... 🔧
18:03:19.520 | INFO    (151978, stable_pretraining.callbacks.checkpoint_sklearn) | Checking for Wandb params to save... 🔧
18:03:19.520 | INFO    (151978, stable_pretraining.callbacks.checkpoint_sklearn) | Saving Wandb params {'id': 'lewm_lp_pusht_expert_mu-4'}
18:03:19.520 | INFO    (151978, stable_pretraining.callbacks.checkpoint_sklearn) | Checking for Wandb params to save... Done!
18:03:19.520 | INFO    (151978, stable_pretraining.callbacks.cpu_offload) | ============================================================
18:03:19.520 | INFO    (151978, stable_pretraining.callbacks.cpu_offload) | CPUOffloadCallback: Starting checkpoint CPU offload (#9)
18:03:19.521 | INFO    (151978, stable_pretraining.callbacks.cpu_offload) |   - Global step: 17415
18:03:19.522 | INFO    (151978, stable_pretraining.callbacks.cpu_offload) |   - Epoch: 4
18:03:19.522 | INFO    (151978, stable_pretraining.callbacks.cpu_offload) | Checkpoint contains 11 keys: ['callbacks', 'epoch', 'global_step', 'hparams_name', 'hyper_parameters', 'loops', 'lr_schedulers', 'optimizer_states', 'pytorch-lightning_version', 'state_dict', 'wandb']
18:03:19.522 | INFO    (151978, stable_pretraining.callbacks.cpu_offload) | GPU memory before offload:
18:03:19.522 | INFO    (151978, stable_pretraining.callbacks.cpu_offload) |   - Allocated: 0.24 GB
18:03:19.522 | INFO    (151978, stable_pretraining.callbacks.cpu_offload) |   - Reserved: 16.63 GB
18:03:19.523 | INFO    (151978, stable_pretraining.callbacks.cpu_offload) | Processing checkpoint key: 'state_dict'
18:03:19.750 | SUCCESS (151978, stable_pretraining.callbacks.cpu_offload) | ✓ Completed 'state_dict' in 0.23s
18:03:19.750 | INFO    (151978, stable_pretraining.callbacks.cpu_offload) | Processing checkpoint key: 'optimizer_states'
18:03:20.277 | SUCCESS (151978, stable_pretraining.callbacks.cpu_offload) | ✓ Completed 'optimizer_states' in 0.53s
18:03:20.277 | INFO    (151978, stable_pretraining.callbacks.cpu_offload) | Processing checkpoint key: 'lr_schedulers'
18:03:20.278 | SUCCESS (151978, stable_pretraining.callbacks.cpu_offload) | ✓ Completed 'lr_schedulers' in 0.00s
18:03:20.278 | WARNING (151978, stable_pretraining.callbacks.cpu_offload) | Skipped 321 custom object(s)
18:03:20.278 | WARNING (151978, stable_pretraining.callbacks.cpu_offload) | First 10 skipped objects:
18:03:20.278 | WARNING (151978, stable_pretraining.callbacks.cpu_offload) |   - float at 'optimizer_states[0].param_groups[0].lr'
18:03:20.278 | WARNING (151978, stable_pretraining.callbacks.cpu_offload) |   - float at 'optimizer_states[0].param_groups[0].betas[0]'
18:03:20.279 | WARNING (151978, stable_pretraining.callbacks.cpu_offload) |   - float at 'optimizer_states[0].param_groups[0].betas[1]'
18:03:20.279 | WARNING (151978, stable_pretraining.callbacks.cpu_offload) |   - float at 'optimizer_states[0].param_groups[0].eps'
18:03:20.279 | WARNING (151978, stable_pretraining.callbacks.cpu_offload) |   - float at 'optimizer_states[0].param_groups[0].weight_decay'
18:03:20.279 | WARNING (151978, stable_pretraining.callbacks.cpu_offload) |   - bool at 'optimizer_states[0].param_groups[0].amsgrad'
18:03:20.279 | WARNING (151978, stable_pretraining.callbacks.cpu_offload) |   - bool at 'optimizer_states[0].param_groups[0].maximize'
18:03:20.280 | WARNING (151978, stable_pretraining.callbacks.cpu_offload) |   - NoneType at 'optimizer_states[0].param_groups[0].foreach'
18:03:20.280 | WARNING (151978, stable_pretraining.callbacks.cpu_offload) |   - bool at 'optimizer_states[0].param_groups[0].capturable'
18:03:20.280 | WARNING (151978, stable_pretraining.callbacks.cpu_offload) |   - bool at 'optimizer_states[0].param_groups[0].differentiable'
18:03:20.280 | WARNING (151978, stable_pretraining.callbacks.cpu_offload) | ... (301 more skipped) ...
18:03:20.280 | WARNING (151978, stable_pretraining.callbacks.cpu_offload) | Last 10 skipped objects:
18:03:20.281 | WARNING (151978, stable_pretraining.callbacks.cpu_offload) |   - int at 'optimizer_states[0].param_groups[0].params[298]'
18:03:20.281 | WARNING (151978, stable_pretraining.callbacks.cpu_offload) |   - int at 'lr_schedulers[0].warmup_steps'
18:03:20.281 | WARNING (151978, stable_pretraining.callbacks.cpu_offload) |   - int at 'lr_schedulers[0].max_steps'
18:03:20.281 | WARNING (151978, stable_pretraining.callbacks.cpu_offload) |   - float at 'lr_schedulers[0].warmup_start_lr'
18:03:20.281 | WARNING (151978, stable_pretraining.callbacks.cpu_offload) |   - float at 'lr_schedulers[0].eta_min'
18:03:20.281 | WARNING (151978, stable_pretraining.callbacks.cpu_offload) |   - float at 'lr_schedulers[0].base_lrs[0]'
18:03:20.282 | WARNING (151978, stable_pretraining.callbacks.cpu_offload) |   - int at 'lr_schedulers[0].last_epoch'
18:03:20.282 | WARNING (151978, stable_pretraining.callbacks.cpu_offload) |   - int at 'lr_schedulers[0]._step_count'
18:03:20.282 | WARNING (151978, stable_pretraining.callbacks.cpu_offload) |   - bool at 'lr_schedulers[0]._get_lr_called_within_step'
18:03:20.282 | WARNING (151978, stable_pretraining.callbacks.cpu_offload) |   - float at 'lr_schedulers[0]._last_lr[0]'
18:03:20.282 | INFO    (151978, stable_pretraining.callbacks.cpu_offload) | To see all 321 skipped objects, set log_skipped=True
18:03:20.283 | INFO    (151978, stable_pretraining.callbacks.cpu_offload) | GPU memory after offload:
18:03:20.283 | INFO    (151978, stable_pretraining.callbacks.cpu_offload) |   - Allocated: 0.24 GB
18:03:20.283 | INFO    (151978, stable_pretraining.callbacks.cpu_offload) |   - Reserved: 16.63 GB
18:03:20.284 | INFO    (151978, stable_pretraining.callbacks.cpu_offload) | GPU memory freed: 0.00 GB
18:03:20.284 | SUCCESS (151978, stable_pretraining.callbacks.cpu_offload) | CPUOffloadCallback: Checkpoint #9 completed in 0.76s
18:03:20.284 | INFO    (151978, stable_pretraining.callbacks.cpu_offload) | Successfully processed keys: ['state_dict', 'optimizer_states', 'lr_schedulers']
18:03:20.284 | INFO    (151978, stable_pretraining.callbacks.cpu_offload) | Cumulative stats:
18:03:20.284 | INFO    (151978, stable_pretraining.callbacks.cpu_offload) |   - Total checkpoints saved: 9
18:03:20.284 | INFO    (151978, stable_pretraining.callbacks.cpu_offload) |   - Total time in offload: 7.04s
18:03:20.285 | INFO    (151978, stable_pretraining.callbacks.cpu_offload) |   - Total memory freed: 0.00 GB
18:03:20.285 | INFO    (151978, stable_pretraining.callbacks.cpu_offload) |   - Average time per checkpoint: 0.78s
18:03:20.285 | INFO    (151978, stable_pretraining.callbacks.cpu_offload) | ============================================================
18:03:21.943 | INFO    (151978, stable_pretraining.callbacks.checkpoint_sklearn) | Checking for non PyTorch modules to save... 🔧
18:03:21.944 | INFO    (151978, stable_pretraining.callbacks.checkpoint_sklearn) | Checking for Wandb params to save... 🔧
18:03:21.944 | INFO    (151978, stable_pretraining.callbacks.checkpoint_sklearn) | Saving Wandb params {'id': 'lewm_lp_pusht_expert_mu-4'}
18:03:21.944 | INFO    (151978, stable_pretraining.callbacks.checkpoint_sklearn) | Checking for Wandb params to save... Done!
18:03:21.944 | INFO    (151978, stable_pretraining.callbacks.cpu_offload) | ============================================================
18:03:21.944 | INFO    (151978, stable_pretraining.callbacks.cpu_offload) | CPUOffloadCallback: Starting checkpoint CPU offload (#10)
18:03:21.945 | INFO    (151978, stable_pretraining.callbacks.cpu_offload) |   - Global step: 17415
18:03:21.945 | INFO    (151978, stable_pretraining.callbacks.cpu_offload) |   - Epoch: 4
18:03:21.945 | INFO    (151978, stable_pretraining.callbacks.cpu_offload) | Checkpoint contains 11 keys: ['callbacks', 'epoch', 'global_step', 'hparams_name', 'hyper_parameters', 'loops', 'lr_schedulers', 'optimizer_states', 'pytorch-lightning_version', 'state_dict', 'wandb']
18:03:21.946 | INFO    (151978, stable_pretraining.callbacks.cpu_offload) | GPU memory before offload:
18:03:21.946 | INFO    (151978, stable_pretraining.callbacks.cpu_offload) |   - Allocated: 0.24 GB
18:03:21.946 | INFO    (151978, stable_pretraining.callbacks.cpu_offload) |   - Reserved: 16.63 GB
18:03:21.946 | INFO    (151978, stable_pretraining.callbacks.cpu_offload) | Processing checkpoint key: 'state_dict'
18:03:22.139 | SUCCESS (151978, stable_pretraining.callbacks.cpu_offload) | ✓ Completed 'state_dict' in 0.19s
18:03:22.140 | INFO    (151978, stable_pretraining.callbacks.cpu_offload) | Processing checkpoint key: 'optimizer_states'
18:03:22.582 | SUCCESS (151978, stable_pretraining.callbacks.cpu_offload) | ✓ Completed 'optimizer_states' in 0.44s
18:03:22.583 | INFO    (151978, stable_pretraining.callbacks.cpu_offload) | Processing checkpoint key: 'lr_schedulers'
18:03:22.583 | SUCCESS (151978, stable_pretraining.callbacks.cpu_offload) | ✓ Completed 'lr_schedulers' in 0.00s
18:03:22.583 | WARNING (151978, stable_pretraining.callbacks.cpu_offload) | Skipped 321 custom object(s)
18:03:22.583 | WARNING (151978, stable_pretraining.callbacks.cpu_offload) | First 10 skipped objects:
18:03:22.584 | WARNING (151978, stable_pretraining.callbacks.cpu_offload) |   - float at 'optimizer_states[0].param_groups[0].lr'
18:03:22.584 | WARNING (151978, stable_pretraining.callbacks.cpu_offload) |   - float at 'optimizer_states[0].param_groups[0].betas[0]'
18:03:22.584 | WARNING (151978, stable_pretraining.callbacks.cpu_offload) |   - float at 'optimizer_states[0].param_groups[0].betas[1]'
18:03:22.584 | WARNING (151978, stable_pretraining.callbacks.cpu_offload) |   - float at 'optimizer_states[0].param_groups[0].eps'
18:03:22.584 | WARNING (151978, stable_pretraining.callbacks.cpu_offload) |   - float at 'optimizer_states[0].param_groups[0].weight_decay'
18:03:22.585 | WARNING (151978, stable_pretraining.callbacks.cpu_offload) |   - bool at 'optimizer_states[0].param_groups[0].amsgrad'
18:03:22.585 | WARNING (151978, stable_pretraining.callbacks.cpu_offload) |   - bool at 'optimizer_states[0].param_groups[0].maximize'
18:03:22.585 | WARNING (151978, stable_pretraining.callbacks.cpu_offload) |   - NoneType at 'optimizer_states[0].param_groups[0].foreach'
18:03:22.585 | WARNING (151978, stable_pretraining.callbacks.cpu_offload) |   - bool at 'optimizer_states[0].param_groups[0].capturable'
18:03:22.585 | WARNING (151978, stable_pretraining.callbacks.cpu_offload) |   - bool at 'optimizer_states[0].param_groups[0].differentiable'
18:03:22.586 | WARNING (151978, stable_pretraining.callbacks.cpu_offload) | ... (301 more skipped) ...
18:03:22.586 | WARNING (151978, stable_pretraining.callbacks.cpu_offload) | Last 10 skipped objects:
18:03:22.586 | WARNING (151978, stable_pretraining.callbacks.cpu_offload) |   - int at 'optimizer_states[0].param_groups[0].params[298]'
18:03:22.586 | WARNING (151978, stable_pretraining.callbacks.cpu_offload) |   - int at 'lr_schedulers[0].warmup_steps'
18:03:22.586 | WARNING (151978, stable_pretraining.callbacks.cpu_offload) |   - int at 'lr_schedulers[0].max_steps'
18:03:22.587 | WARNING (151978, stable_pretraining.callbacks.cpu_offload) |   - float at 'lr_schedulers[0].warmup_start_lr'
18:03:22.587 | WARNING (151978, stable_pretraining.callbacks.cpu_offload) |   - float at 'lr_schedulers[0].eta_min'
18:03:22.587 | WARNING (151978, stable_pretraining.callbacks.cpu_offload) |   - float at 'lr_schedulers[0].base_lrs[0]'
18:03:22.587 | WARNING (151978, stable_pretraining.callbacks.cpu_offload) |   - int at 'lr_schedulers[0].last_epoch'
18:03:22.588 | WARNING (151978, stable_pretraining.callbacks.cpu_offload) |   - int at 'lr_schedulers[0]._step_count'
18:03:22.588 | WARNING (151978, stable_pretraining.callbacks.cpu_offload) |   - bool at 'lr_schedulers[0]._get_lr_called_within_step'
18:03:22.588 | WARNING (151978, stable_pretraining.callbacks.cpu_offload) |   - float at 'lr_schedulers[0]._last_lr[0]'
18:03:22.588 | INFO    (151978, stable_pretraining.callbacks.cpu_offload) | To see all 321 skipped objects, set log_skipped=True
18:03:22.589 | INFO    (151978, stable_pretraining.callbacks.cpu_offload) | GPU memory after offload:
18:03:22.589 | INFO    (151978, stable_pretraining.callbacks.cpu_offload) |   - Allocated: 0.24 GB
18:03:22.589 | INFO    (151978, stable_pretraining.callbacks.cpu_offload) |   - Reserved: 16.63 GB
18:03:22.589 | INFO    (151978, stable_pretraining.callbacks.cpu_offload) | GPU memory freed: 0.00 GB
18:03:22.590 | SUCCESS (151978, stable_pretraining.callbacks.cpu_offload) | CPUOffloadCallback: Checkpoint #10 completed in 0.65s
18:03:22.590 | INFO    (151978, stable_pretraining.callbacks.cpu_offload) | Successfully processed keys: ['state_dict', 'optimizer_states', 'lr_schedulers']
18:03:22.590 | INFO    (151978, stable_pretraining.callbacks.cpu_offload) | Cumulative stats:
18:03:22.590 | INFO    (151978, stable_pretraining.callbacks.cpu_offload) |   - Total checkpoints saved: 10
18:03:22.590 | INFO    (151978, stable_pretraining.callbacks.cpu_offload) |   - Total time in offload: 7.69s
18:03:22.590 | INFO    (151978, stable_pretraining.callbacks.cpu_offload) |   - Total memory freed: 0.00 GB
18:03:22.591 | INFO    (151978, stable_pretraining.callbacks.cpu_offload) |   - Average time per checkpoint: 0.77s
18:03:22.591 | INFO    (151978, stable_pretraining.callbacks.cpu_offload) | ============================================================
18:44:06.488 | WARNING (151978, stable_pretraining.module) | You are calling self.parameters which also gives callbacks parameters, to remove then, pass `with_callbacks=False`
18:48:36.883 | INFO    (151978, stable_pretraining.callbacks.trainer_info) | \n+----------------------------+------------------------+
|           Metric           |         Value          |
+----------------------------+------------------------+
|          [0;34;40mfit/loss[0m          | [0;32;40m0.0002404482220299542[0m  |
|       [0;34;40mfit/pred_loss[0m        | [0;32;40m6.822500290581957e-05[0m  |
|      [0;34;40mfit/rdmreg_loss[0m       | [0;32;40m0.00017222322640009224[0m |
|       [0;34;40mvalidate/loss[0m        | [0;32;40m0.0003435359976720065[0m  |
|    [0;34;40mvalidate/loss_epoch[0m     | [0;32;40m0.0003435359976720065[0m  |
|     [0;34;40mvalidate/pred_loss[0m     | [0;32;40m7.465400267392397e-05[0m  |
|  [0;34;40mvalidate/pred_loss_epoch[0m  | [0;32;40m7.465400267392397e-05[0m  |
|    [0;34;40mvalidate/rdmreg_loss[0m    | [0;32;40m0.0002688819949980825[0m  |
| [0;34;40mvalidate/rdmreg_loss_epoch[0m | [0;32;40m0.0002688819949980825[0m  |
+----------------------------+------------------------+
18:48:37.132 | INFO    (151978, stable_pretraining.callbacks.checkpoint_sklearn) | Checking for non PyTorch modules to save... 🔧
18:48:37.132 | INFO    (151978, stable_pretraining.callbacks.checkpoint_sklearn) | Checking for Wandb params to save... 🔧
18:48:37.132 | INFO    (151978, stable_pretraining.callbacks.checkpoint_sklearn) | Saving Wandb params {'id': 'lewm_lp_pusht_expert_mu-4'}
18:48:37.133 | INFO    (151978, stable_pretraining.callbacks.checkpoint_sklearn) | Checking for Wandb params to save... Done!
18:48:37.133 | INFO    (151978, stable_pretraining.callbacks.cpu_offload) | ============================================================
18:48:37.133 | INFO    (151978, stable_pretraining.callbacks.cpu_offload) | CPUOffloadCallback: Starting checkpoint CPU offload (#11)
18:48:37.133 | INFO    (151978, stable_pretraining.callbacks.cpu_offload) |   - Global step: 20898
18:48:37.133 | INFO    (151978, stable_pretraining.callbacks.cpu_offload) |   - Epoch: 5
18:48:37.134 | INFO    (151978, stable_pretraining.callbacks.cpu_offload) | Checkpoint contains 11 keys: ['callbacks', 'epoch', 'global_step', 'hparams_name', 'hyper_parameters', 'loops', 'lr_schedulers', 'optimizer_states', 'pytorch-lightning_version', 'state_dict', 'wandb']
18:48:37.134 | INFO    (151978, stable_pretraining.callbacks.cpu_offload) | GPU memory before offload:
18:48:37.134 | INFO    (151978, stable_pretraining.callbacks.cpu_offload) |   - Allocated: 0.24 GB
18:48:37.134 | INFO    (151978, stable_pretraining.callbacks.cpu_offload) |   - Reserved: 16.63 GB
18:48:37.134 | INFO    (151978, stable_pretraining.callbacks.cpu_offload) | Processing checkpoint key: 'state_dict'
18:48:37.362 | SUCCESS (151978, stable_pretraining.callbacks.cpu_offload) | ✓ Completed 'state_dict' in 0.23s
18:48:37.362 | INFO    (151978, stable_pretraining.callbacks.cpu_offload) | Processing checkpoint key: 'optimizer_states'
18:48:37.771 | SUCCESS (151978, stable_pretraining.callbacks.cpu_offload) | ✓ Completed 'optimizer_states' in 0.41s
18:48:37.772 | INFO    (151978, stable_pretraining.callbacks.cpu_offload) | Processing checkpoint key: 'lr_schedulers'
18:48:37.772 | SUCCESS (151978, stable_pretraining.callbacks.cpu_offload) | ✓ Completed 'lr_schedulers' in 0.00s
18:48:37.772 | WARNING (151978, stable_pretraining.callbacks.cpu_offload) | Skipped 321 custom object(s)
18:48:37.772 | WARNING (151978, stable_pretraining.callbacks.cpu_offload) | First 10 skipped objects:
18:48:37.772 | WARNING (151978, stable_pretraining.callbacks.cpu_offload) |   - float at 'optimizer_states[0].param_groups[0].lr'
18:48:37.773 | WARNING (151978, stable_pretraining.callbacks.cpu_offload) |   - float at 'optimizer_states[0].param_groups[0].betas[0]'
18:48:37.773 | WARNING (151978, stable_pretraining.callbacks.cpu_offload) |   - float at 'optimizer_states[0].param_groups[0].betas[1]'
18:48:37.773 | WARNING (151978, stable_pretraining.callbacks.cpu_offload) |   - float at 'optimizer_states[0].param_groups[0].eps'
18:48:37.773 | WARNING (151978, stable_pretraining.callbacks.cpu_offload) |   - float at 'optimizer_states[0].param_groups[0].weight_decay'
18:48:37.773 | WARNING (151978, stable_pretraining.callbacks.cpu_offload) |   - bool at 'optimizer_states[0].param_groups[0].amsgrad'
18:48:37.773 | WARNING (151978, stable_pretraining.callbacks.cpu_offload) |   - bool at 'optimizer_states[0].param_groups[0].maximize'
18:48:37.773 | WARNING (151978, stable_pretraining.callbacks.cpu_offload) |   - NoneType at 'optimizer_states[0].param_groups[0].foreach'
18:48:37.773 | WARNING (151978, stable_pretraining.callbacks.cpu_offload) |   - bool at 'optimizer_states[0].param_groups[0].capturable'
18:48:37.774 | WARNING (151978, stable_pretraining.callbacks.cpu_offload) |   - bool at 'optimizer_states[0].param_groups[0].differentiable'
18:48:37.774 | WARNING (151978, stable_pretraining.callbacks.cpu_offload) | ... (301 more skipped) ...
18:48:37.774 | WARNING (151978, stable_pretraining.callbacks.cpu_offload) | Last 10 skipped objects:
18:48:37.774 | WARNING (151978, stable_pretraining.callbacks.cpu_offload) |   - int at 'optimizer_states[0].param_groups[0].params[298]'
18:48:37.774 | WARNING (151978, stable_pretraining.callbacks.cpu_offload) |   - int at 'lr_schedulers[0].warmup_steps'
18:48:37.774 | WARNING (151978, stable_pretraining.callbacks.cpu_offload) |   - int at 'lr_schedulers[0].max_steps'
18:48:37.774 | WARNING (151978, stable_pretraining.callbacks.cpu_offload) |   - float at 'lr_schedulers[0].warmup_start_lr'
18:48:37.774 | WARNING (151978, stable_pretraining.callbacks.cpu_offload) |   - float at 'lr_schedulers[0].eta_min'
18:48:37.774 | WARNING (151978, stable_pretraining.callbacks.cpu_offload) |   - float at 'lr_schedulers[0].base_lrs[0]'
18:48:37.775 | WARNING (151978, stable_pretraining.callbacks.cpu_offload) |   - int at 'lr_schedulers[0].last_epoch'
18:48:37.775 | WARNING (151978, stable_pretraining.callbacks.cpu_offload) |   - int at 'lr_schedulers[0]._step_count'
18:48:37.775 | WARNING (151978, stable_pretraining.callbacks.cpu_offload) |   - bool at 'lr_schedulers[0]._get_lr_called_within_step'
18:48:37.775 | WARNING (151978, stable_pretraining.callbacks.cpu_offload) |   - float at 'lr_schedulers[0]._last_lr[0]'
18:48:37.775 | INFO    (151978, stable_pretraining.callbacks.cpu_offload) | To see all 321 skipped objects, set log_skipped=True
18:48:37.776 | INFO    (151978, stable_pretraining.callbacks.cpu_offload) | GPU memory after offload:
18:48:37.776 | INFO    (151978, stable_pretraining.callbacks.cpu_offload) |   - Allocated: 0.24 GB
18:48:37.776 | INFO    (151978, stable_pretraining.callbacks.cpu_offload) |   - Reserved: 16.63 GB
18:48:37.776 | INFO    (151978, stable_pretraining.callbacks.cpu_offload) | GPU memory freed: 0.00 GB
18:48:37.776 | SUCCESS (151978, stable_pretraining.callbacks.cpu_offload) | CPUOffloadCallback: Checkpoint #11 completed in 0.64s
18:48:37.776 | INFO    (151978, stable_pretraining.callbacks.cpu_offload) | Successfully processed keys: ['state_dict', 'optimizer_states', 'lr_schedulers']
18:48:37.777 | INFO    (151978, stable_pretraining.callbacks.cpu_offload) | Cumulative stats:
18:48:37.777 | INFO    (151978, stable_pretraining.callbacks.cpu_offload) |   - Total checkpoints saved: 11
18:48:37.777 | INFO    (151978, stable_pretraining.callbacks.cpu_offload) |   - Total time in offload: 8.33s
18:48:37.777 | INFO    (151978, stable_pretraining.callbacks.cpu_offload) |   - Total memory freed: 0.00 GB
18:48:37.777 | INFO    (151978, stable_pretraining.callbacks.cpu_offload) |   - Average time per checkpoint: 0.76s
18:48:37.777 | INFO    (151978, stable_pretraining.callbacks.cpu_offload) | ============================================================
18:48:39.262 | INFO    (151978, stable_pretraining.callbacks.checkpoint_sklearn) | Checking for non PyTorch modules to save... 🔧
18:48:39.263 | INFO    (151978, stable_pretraining.callbacks.checkpoint_sklearn) | Checking for Wandb params to save... 🔧
18:48:39.263 | INFO    (151978, stable_pretraining.callbacks.checkpoint_sklearn) | Saving Wandb params {'id': 'lewm_lp_pusht_expert_mu-4'}
18:48:39.263 | INFO    (151978, stable_pretraining.callbacks.checkpoint_sklearn) | Checking for Wandb params to save... Done!
18:48:39.263 | INFO    (151978, stable_pretraining.callbacks.cpu_offload) | ============================================================
18:48:39.264 | INFO    (151978, stable_pretraining.callbacks.cpu_offload) | CPUOffloadCallback: Starting checkpoint CPU offload (#12)
18:48:39.264 | INFO    (151978, stable_pretraining.callbacks.cpu_offload) |   - Global step: 20898
18:48:39.264 | INFO    (151978, stable_pretraining.callbacks.cpu_offload) |   - Epoch: 5
18:48:39.264 | INFO    (151978, stable_pretraining.callbacks.cpu_offload) | Checkpoint contains 11 keys: ['callbacks', 'epoch', 'global_step', 'hparams_name', 'hyper_parameters', 'loops', 'lr_schedulers', 'optimizer_states', 'pytorch-lightning_version', 'state_dict', 'wandb']
18:48:39.265 | INFO    (151978, stable_pretraining.callbacks.cpu_offload) | GPU memory before offload:
18:48:39.265 | INFO    (151978, stable_pretraining.callbacks.cpu_offload) |   - Allocated: 0.24 GB
18:48:39.265 | INFO    (151978, stable_pretraining.callbacks.cpu_offload) |   - Reserved: 16.63 GB
18:48:39.265 | INFO    (151978, stable_pretraining.callbacks.cpu_offload) | Processing checkpoint key: 'state_dict'
18:48:39.420 | SUCCESS (151978, stable_pretraining.callbacks.cpu_offload) | ✓ Completed 'state_dict' in 0.16s
18:48:39.421 | INFO    (151978, stable_pretraining.callbacks.cpu_offload) | Processing checkpoint key: 'optimizer_states'
18:48:39.831 | SUCCESS (151978, stable_pretraining.callbacks.cpu_offload) | ✓ Completed 'optimizer_states' in 0.41s
18:48:39.832 | INFO    (151978, stable_pretraining.callbacks.cpu_offload) | Processing checkpoint key: 'lr_schedulers'
18:48:39.832 | SUCCESS (151978, stable_pretraining.callbacks.cpu_offload) | ✓ Completed 'lr_schedulers' in 0.00s
18:48:39.832 | WARNING (151978, stable_pretraining.callbacks.cpu_offload) | Skipped 321 custom object(s)
18:48:39.833 | WARNING (151978, stable_pretraining.callbacks.cpu_offload) | First 10 skipped objects:
18:48:39.833 | WARNING (151978, stable_pretraining.callbacks.cpu_offload) |   - float at 'optimizer_states[0].param_groups[0].lr'
18:48:39.833 | WARNING (151978, stable_pretraining.callbacks.cpu_offload) |   - float at 'optimizer_states[0].param_groups[0].betas[0]'
18:48:39.834 | WARNING (151978, stable_pretraining.callbacks.cpu_offload) |   - float at 'optimizer_states[0].param_groups[0].betas[1]'
18:48:39.834 | WARNING (151978, stable_pretraining.callbacks.cpu_offload) |   - float at 'optimizer_states[0].param_groups[0].eps'
18:48:39.834 | WARNING (151978, stable_pretraining.callbacks.cpu_offload) |   - float at 'optimizer_states[0].param_groups[0].weight_decay'
18:48:39.834 | WARNING (151978, stable_pretraining.callbacks.cpu_offload) |   - bool at 'optimizer_states[0].param_groups[0].amsgrad'
18:48:39.834 | WARNING (151978, stable_pretraining.callbacks.cpu_offload) |   - bool at 'optimizer_states[0].param_groups[0].maximize'
18:48:39.834 | WARNING (151978, stable_pretraining.callbacks.cpu_offload) |   - NoneType at 'optimizer_states[0].param_groups[0].foreach'
18:48:39.834 | WARNING (151978, stable_pretraining.callbacks.cpu_offload) |   - bool at 'optimizer_states[0].param_groups[0].capturable'
18:48:39.835 | WARNING (151978, stable_pretraining.callbacks.cpu_offload) |   - bool at 'optimizer_states[0].param_groups[0].differentiable'
18:48:39.835 | WARNING (151978, stable_pretraining.callbacks.cpu_offload) | ... (301 more skipped) ...
18:48:39.835 | WARNING (151978, stable_pretraining.callbacks.cpu_offload) | Last 10 skipped objects:
18:48:39.835 | WARNING (151978, stable_pretraining.callbacks.cpu_offload) |   - int at 'optimizer_states[0].param_groups[0].params[298]'
18:48:39.835 | WARNING (151978, stable_pretraining.callbacks.cpu_offload) |   - int at 'lr_schedulers[0].warmup_steps'
18:48:39.835 | WARNING (151978, stable_pretraining.callbacks.cpu_offload) |   - int at 'lr_schedulers[0].max_steps'
18:48:39.835 | WARNING (151978, stable_pretraining.callbacks.cpu_offload) |   - float at 'lr_schedulers[0].warmup_start_lr'
18:48:39.835 | WARNING (151978, stable_pretraining.callbacks.cpu_offload) |   - float at 'lr_schedulers[0].eta_min'
18:48:39.836 | WARNING (151978, stable_pretraining.callbacks.cpu_offload) |   - float at 'lr_schedulers[0].base_lrs[0]'
18:48:39.836 | WARNING (151978, stable_pretraining.callbacks.cpu_offload) |   - int at 'lr_schedulers[0].last_epoch'
18:48:39.836 | WARNING (151978, stable_pretraining.callbacks.cpu_offload) |   - int at 'lr_schedulers[0]._step_count'
18:48:39.836 | WARNING (151978, stable_pretraining.callbacks.cpu_offload) |   - bool at 'lr_schedulers[0]._get_lr_called_within_step'
18:48:39.836 | WARNING (151978, stable_pretraining.callbacks.cpu_offload) |   - float at 'lr_schedulers[0]._last_lr[0]'
18:48:39.836 | INFO    (151978, stable_pretraining.callbacks.cpu_offload) | To see all 321 skipped objects, set log_skipped=True
18:48:39.837 | INFO    (151978, stable_pretraining.callbacks.cpu_offload) | GPU memory after offload:
18:48:39.837 | INFO    (151978, stable_pretraining.callbacks.cpu_offload) |   - Allocated: 0.24 GB
18:48:39.837 | INFO    (151978, stable_pretraining.callbacks.cpu_offload) |   - Reserved: 16.63 GB
18:48:39.837 | INFO    (151978, stable_pretraining.callbacks.cpu_offload) | GPU memory freed: 0.00 GB
18:48:39.837 | SUCCESS (151978, stable_pretraining.callbacks.cpu_offload) | CPUOffloadCallback: Checkpoint #12 completed in 0.57s
18:48:39.837 | INFO    (151978, stable_pretraining.callbacks.cpu_offload) | Successfully processed keys: ['state_dict', 'optimizer_states', 'lr_schedulers']
18:48:39.838 | INFO    (151978, stable_pretraining.callbacks.cpu_offload) | Cumulative stats:
18:48:39.838 | INFO    (151978, stable_pretraining.callbacks.cpu_offload) |   - Total checkpoints saved: 12
18:48:39.838 | INFO    (151978, stable_pretraining.callbacks.cpu_offload) |   - Total time in offload: 8.91s
18:48:39.838 | INFO    (151978, stable_pretraining.callbacks.cpu_offload) |   - Total memory freed: 0.00 GB
18:48:39.838 | INFO    (151978, stable_pretraining.callbacks.cpu_offload) |   - Average time per checkpoint: 0.74s
18:48:39.839 | INFO    (151978, stable_pretraining.callbacks.cpu_offload) | ============================================================
19:29:53.761 | WARNING (151978, stable_pretraining.module) | You are calling self.parameters which also gives callbacks parameters, to remove then, pass `with_callbacks=False`
19:34:26.767 | INFO    (151978, stable_pretraining.callbacks.trainer_info) | \n+----------------------------+------------------------+
|           Metric           |         Value          |
+----------------------------+------------------------+
|          [0;34;40mfit/loss[0m          | [0;32;40m0.0002751220017671585[0m  |
|       [0;34;40mfit/pred_loss[0m        | [0;32;40m6.092484181863256e-05[0m  |
|      [0;34;40mfit/rdmreg_loss[0m       | [0;32;40m0.00021419714903458953[0m |
|       [0;34;40mvalidate/loss[0m        | [0;32;40m0.0003057741851080209[0m  |
|    [0;34;40mvalidate/loss_epoch[0m     | [0;32;40m0.0003057741851080209[0m  |
|     [0;34;40mvalidate/pred_loss[0m     | [0;32;40m5.101501665194519e-05[0m  |
|  [0;34;40mvalidate/pred_loss_epoch[0m  | [0;32;40m5.101501665194519e-05[0m  |
|    [0;34;40mvalidate/rdmreg_loss[0m    | [0;32;40m0.0002547592739574611[0m  |
| [0;34;40mvalidate/rdmreg_loss_epoch[0m | [0;32;40m0.0002547592739574611[0m  |
+----------------------------+------------------------+
19:34:27.067 | INFO    (151978, stable_pretraining.callbacks.checkpoint_sklearn) | Checking for non PyTorch modules to save... 🔧
19:34:27.068 | INFO    (151978, stable_pretraining.callbacks.checkpoint_sklearn) | Checking for Wandb params to save... 🔧
19:34:27.068 | INFO    (151978, stable_pretraining.callbacks.checkpoint_sklearn) | Saving Wandb params {'id': 'lewm_lp_pusht_expert_mu-4'}
19:34:27.068 | INFO    (151978, stable_pretraining.callbacks.checkpoint_sklearn) | Checking for Wandb params to save... Done!
19:34:27.069 | INFO    (151978, stable_pretraining.callbacks.cpu_offload) | ============================================================
19:34:27.069 | INFO    (151978, stable_pretraining.callbacks.cpu_offload) | CPUOffloadCallback: Starting checkpoint CPU offload (#13)
19:34:27.069 | INFO    (151978, stable_pretraining.callbacks.cpu_offload) |   - Global step: 24381
19:34:27.069 | INFO    (151978, stable_pretraining.callbacks.cpu_offload) |   - Epoch: 6
19:34:27.069 | INFO    (151978, stable_pretraining.callbacks.cpu_offload) | Checkpoint contains 11 keys: ['callbacks', 'epoch', 'global_step', 'hparams_name', 'hyper_parameters', 'loops', 'lr_schedulers', 'optimizer_states', 'pytorch-lightning_version', 'state_dict', 'wandb']
19:34:27.070 | INFO    (151978, stable_pretraining.callbacks.cpu_offload) | GPU memory before offload:
19:34:27.070 | INFO    (151978, stable_pretraining.callbacks.cpu_offload) |   - Allocated: 0.24 GB
19:34:27.070 | INFO    (151978, stable_pretraining.callbacks.cpu_offload) |   - Reserved: 16.63 GB
19:34:27.070 | INFO    (151978, stable_pretraining.callbacks.cpu_offload) | Processing checkpoint key: 'state_dict'
19:34:27.253 | SUCCESS (151978, stable_pretraining.callbacks.cpu_offload) | ✓ Completed 'state_dict' in 0.18s
19:34:27.254 | INFO    (151978, stable_pretraining.callbacks.cpu_offload) | Processing checkpoint key: 'optimizer_states'
19:34:27.718 | SUCCESS (151978, stable_pretraining.callbacks.cpu_offload) | ✓ Completed 'optimizer_states' in 0.46s
19:34:27.718 | INFO    (151978, stable_pretraining.callbacks.cpu_offload) | Processing checkpoint key: 'lr_schedulers'
19:34:27.719 | SUCCESS (151978, stable_pretraining.callbacks.cpu_offload) | ✓ Completed 'lr_schedulers' in 0.00s
19:34:27.719 | WARNING (151978, stable_pretraining.callbacks.cpu_offload) | Skipped 321 custom object(s)
19:34:27.719 | WARNING (151978, stable_pretraining.callbacks.cpu_offload) | First 10 skipped objects:
19:34:27.719 | WARNING (151978, stable_pretraining.callbacks.cpu_offload) |   - float at 'optimizer_states[0].param_groups[0].lr'
19:34:27.719 | WARNING (151978, stable_pretraining.callbacks.cpu_offload) |   - float at 'optimizer_states[0].param_groups[0].betas[0]'
19:34:27.719 | WARNING (151978, stable_pretraining.callbacks.cpu_offload) |   - float at 'optimizer_states[0].param_groups[0].betas[1]'
19:34:27.720 | WARNING (151978, stable_pretraining.callbacks.cpu_offload) |   - float at 'optimizer_states[0].param_groups[0].eps'
19:34:27.720 | WARNING (151978, stable_pretraining.callbacks.cpu_offload) |   - float at 'optimizer_states[0].param_groups[0].weight_decay'
19:34:27.720 | WARNING (151978, stable_pretraining.callbacks.cpu_offload) |   - bool at 'optimizer_states[0].param_groups[0].amsgrad'
19:34:27.720 | WARNING (151978, stable_pretraining.callbacks.cpu_offload) |   - bool at 'optimizer_states[0].param_groups[0].maximize'
19:34:27.721 | WARNING (151978, stable_pretraining.callbacks.cpu_offload) |   - NoneType at 'optimizer_states[0].param_groups[0].foreach'
19:34:27.721 | WARNING (151978, stable_pretraining.callbacks.cpu_offload) |   - bool at 'optimizer_states[0].param_groups[0].capturable'
19:34:27.721 | WARNING (151978, stable_pretraining.callbacks.cpu_offload) |   - bool at 'optimizer_states[0].param_groups[0].differentiable'
19:34:27.721 | WARNING (151978, stable_pretraining.callbacks.cpu_offload) | ... (301 more skipped) ...
19:34:27.721 | WARNING (151978, stable_pretraining.callbacks.cpu_offload) | Last 10 skipped objects:
19:34:27.722 | WARNING (151978, stable_pretraining.callbacks.cpu_offload) |   - int at 'optimizer_states[0].param_groups[0].params[298]'
19:34:27.722 | WARNING (151978, stable_pretraining.callbacks.cpu_offload) |   - int at 'lr_schedulers[0].warmup_steps'
19:34:27.722 | WARNING (151978, stable_pretraining.callbacks.cpu_offload) |   - int at 'lr_schedulers[0].max_steps'
19:34:27.722 | WARNING (151978, stable_pretraining.callbacks.cpu_offload) |   - float at 'lr_schedulers[0].warmup_start_lr'
19:34:27.722 | WARNING (151978, stable_pretraining.callbacks.cpu_offload) |   - float at 'lr_schedulers[0].eta_min'
19:34:27.723 | WARNING (151978, stable_pretraining.callbacks.cpu_offload) |   - float at 'lr_schedulers[0].base_lrs[0]'
19:34:27.723 | WARNING (151978, stable_pretraining.callbacks.cpu_offload) |   - int at 'lr_schedulers[0].last_epoch'
19:34:27.723 | WARNING (151978, stable_pretraining.callbacks.cpu_offload) |   - int at 'lr_schedulers[0]._step_count'
19:34:27.723 | WARNING (151978, stable_pretraining.callbacks.cpu_offload) |   - bool at 'lr_schedulers[0]._get_lr_called_within_step'
19:34:27.724 | WARNING (151978, stable_pretraining.callbacks.cpu_offload) |   - float at 'lr_schedulers[0]._last_lr[0]'
19:34:27.724 | INFO    (151978, stable_pretraining.callbacks.cpu_offload) | To see all 321 skipped objects, set log_skipped=True
19:34:27.724 | INFO    (151978, stable_pretraining.callbacks.cpu_offload) | GPU memory after offload:
19:34:27.725 | INFO    (151978, stable_pretraining.callbacks.cpu_offload) |   - Allocated: 0.24 GB
19:34:27.725 | INFO    (151978, stable_pretraining.callbacks.cpu_offload) |   - Reserved: 16.63 GB
19:34:27.725 | INFO    (151978, stable_pretraining.callbacks.cpu_offload) | GPU memory freed: 0.00 GB
19:34:27.725 | SUCCESS (151978, stable_pretraining.callbacks.cpu_offload) | CPUOffloadCallback: Checkpoint #13 completed in 0.66s
19:34:27.725 | INFO    (151978, stable_pretraining.callbacks.cpu_offload) | Successfully processed keys: ['state_dict', 'optimizer_states', 'lr_schedulers']
19:34:27.725 | INFO    (151978, stable_pretraining.callbacks.cpu_offload) | Cumulative stats:
19:34:27.726 | INFO    (151978, stable_pretraining.callbacks.cpu_offload) |   - Total checkpoints saved: 13
19:34:27.726 | INFO    (151978, stable_pretraining.callbacks.cpu_offload) |   - Total time in offload: 9.56s
19:34:27.726 | INFO    (151978, stable_pretraining.callbacks.cpu_offload) |   - Total memory freed: 0.00 GB
19:34:27.726 | INFO    (151978, stable_pretraining.callbacks.cpu_offload) |   - Average time per checkpoint: 0.74s
19:34:27.726 | INFO    (151978, stable_pretraining.callbacks.cpu_offload) | ============================================================
19:34:29.047 | INFO    (151978, stable_pretraining.callbacks.checkpoint_sklearn) | Checking for non PyTorch modules to save... 🔧
19:34:29.048 | INFO    (151978, stable_pretraining.callbacks.checkpoint_sklearn) | Checking for Wandb params to save... 🔧
19:34:29.048 | INFO    (151978, stable_pretraining.callbacks.checkpoint_sklearn) | Saving Wandb params {'id': 'lewm_lp_pusht_expert_mu-4'}
19:34:29.048 | INFO    (151978, stable_pretraining.callbacks.checkpoint_sklearn) | Checking for Wandb params to save... Done!
19:34:29.048 | INFO    (151978, stable_pretraining.callbacks.cpu_offload) | ============================================================
19:34:29.049 | INFO    (151978, stable_pretraining.callbacks.cpu_offload) | CPUOffloadCallback: Starting checkpoint CPU offload (#14)
19:34:29.049 | INFO    (151978, stable_pretraining.callbacks.cpu_offload) |   - Global step: 24381
19:34:29.049 | INFO    (151978, stable_pretraining.callbacks.cpu_offload) |   - Epoch: 6
19:34:29.049 | INFO    (151978, stable_pretraining.callbacks.cpu_offload) | Checkpoint contains 11 keys: ['callbacks', 'epoch', 'global_step', 'hparams_name', 'hyper_parameters', 'loops', 'lr_schedulers', 'optimizer_states', 'pytorch-lightning_version', 'state_dict', 'wandb']
19:34:29.050 | INFO    (151978, stable_pretraining.callbacks.cpu_offload) | GPU memory before offload:
19:34:29.050 | INFO    (151978, stable_pretraining.callbacks.cpu_offload) |   - Allocated: 0.24 GB
19:34:29.050 | INFO    (151978, stable_pretraining.callbacks.cpu_offload) |   - Reserved: 16.63 GB
19:34:29.050 | INFO    (151978, stable_pretraining.callbacks.cpu_offload) | Processing checkpoint key: 'state_dict'
19:34:29.305 | SUCCESS (151978, stable_pretraining.callbacks.cpu_offload) | ✓ Completed 'state_dict' in 0.25s
19:34:29.306 | INFO    (151978, stable_pretraining.callbacks.cpu_offload) | Processing checkpoint key: 'optimizer_states'
19:34:29.974 | SUCCESS (151978, stable_pretraining.callbacks.cpu_offload) | ✓ Completed 'optimizer_states' in 0.67s
19:34:29.975 | INFO    (151978, stable_pretraining.callbacks.cpu_offload) | Processing checkpoint key: 'lr_schedulers'
19:34:29.975 | SUCCESS (151978, stable_pretraining.callbacks.cpu_offload) | ✓ Completed 'lr_schedulers' in 0.00s
19:34:29.975 | WARNING (151978, stable_pretraining.callbacks.cpu_offload) | Skipped 321 custom object(s)
19:34:29.975 | WARNING (151978, stable_pretraining.callbacks.cpu_offload) | First 10 skipped objects:
19:34:29.976 | WARNING (151978, stable_pretraining.callbacks.cpu_offload) |   - float at 'optimizer_states[0].param_groups[0].lr'
19:34:29.976 | WARNING (151978, stable_pretraining.callbacks.cpu_offload) |   - float at 'optimizer_states[0].param_groups[0].betas[0]'
19:34:29.976 | WARNING (151978, stable_pretraining.callbacks.cpu_offload) |   - float at 'optimizer_states[0].param_groups[0].betas[1]'
19:34:29.976 | WARNING (151978, stable_pretraining.callbacks.cpu_offload) |   - float at 'optimizer_states[0].param_groups[0].eps'
19:34:29.977 | WARNING (151978, stable_pretraining.callbacks.cpu_offload) |   - float at 'optimizer_states[0].param_groups[0].weight_decay'
19:34:29.977 | WARNING (151978, stable_pretraining.callbacks.cpu_offload) |   - bool at 'optimizer_states[0].param_groups[0].amsgrad'
19:34:29.977 | WARNING (151978, stable_pretraining.callbacks.cpu_offload) |   - bool at 'optimizer_states[0].param_groups[0].maximize'
19:34:29.977 | WARNING (151978, stable_pretraining.callbacks.cpu_offload) |   - NoneType at 'optimizer_states[0].param_groups[0].foreach'
19:34:29.977 | WARNING (151978, stable_pretraining.callbacks.cpu_offload) |   - bool at 'optimizer_states[0].param_groups[0].capturable'
19:34:29.978 | WARNING (151978, stable_pretraining.callbacks.cpu_offload) |   - bool at 'optimizer_states[0].param_groups[0].differentiable'
19:34:29.978 | WARNING (151978, stable_pretraining.callbacks.cpu_offload) | ... (301 more skipped) ...
19:34:29.978 | WARNING (151978, stable_pretraining.callbacks.cpu_offload) | Last 10 skipped objects:
19:34:29.979 | WARNING (151978, stable_pretraining.callbacks.cpu_offload) |   - int at 'optimizer_states[0].param_groups[0].params[298]'
19:34:29.979 | WARNING (151978, stable_pretraining.callbacks.cpu_offload) |   - int at 'lr_schedulers[0].warmup_steps'
19:34:29.979 | WARNING (151978, stable_pretraining.callbacks.cpu_offload) |   - int at 'lr_schedulers[0].max_steps'
19:34:29.979 | WARNING (151978, stable_pretraining.callbacks.cpu_offload) |   - float at 'lr_schedulers[0].warmup_start_lr'
19:34:29.979 | WARNING (151978, stable_pretraining.callbacks.cpu_offload) |   - float at 'lr_schedulers[0].eta_min'
19:34:29.979 | WARNING (151978, stable_pretraining.callbacks.cpu_offload) |   - float at 'lr_schedulers[0].base_lrs[0]'
19:34:29.980 | WARNING (151978, stable_pretraining.callbacks.cpu_offload) |   - int at 'lr_schedulers[0].last_epoch'
19:34:29.980 | WARNING (151978, stable_pretraining.callbacks.cpu_offload) |   - int at 'lr_schedulers[0]._step_count'
19:34:29.980 | WARNING (151978, stable_pretraining.callbacks.cpu_offload) |   - bool at 'lr_schedulers[0]._get_lr_called_within_step'
19:34:29.980 | WARNING (151978, stable_pretraining.callbacks.cpu_offload) |   - float at 'lr_schedulers[0]._last_lr[0]'
19:34:29.980 | INFO    (151978, stable_pretraining.callbacks.cpu_offload) | To see all 321 skipped objects, set log_skipped=True
19:34:29.981 | INFO    (151978, stable_pretraining.callbacks.cpu_offload) | GPU memory after offload:
19:34:29.981 | INFO    (151978, stable_pretraining.callbacks.cpu_offload) |   - Allocated: 0.24 GB
19:34:29.981 | INFO    (151978, stable_pretraining.callbacks.cpu_offload) |   - Reserved: 16.63 GB
19:34:29.981 | INFO    (151978, stable_pretraining.callbacks.cpu_offload) | GPU memory freed: 0.00 GB
19:34:29.982 | SUCCESS (151978, stable_pretraining.callbacks.cpu_offload) | CPUOffloadCallback: Checkpoint #14 completed in 0.93s
19:34:29.982 | INFO    (151978, stable_pretraining.callbacks.cpu_offload) | Successfully processed keys: ['state_dict', 'optimizer_states', 'lr_schedulers']
19:34:29.982 | INFO    (151978, stable_pretraining.callbacks.cpu_offload) | Cumulative stats:
19:34:29.982 | INFO    (151978, stable_pretraining.callbacks.cpu_offload) |   - Total checkpoints saved: 14
19:34:29.983 | INFO    (151978, stable_pretraining.callbacks.cpu_offload) |   - Total time in offload: 10.50s
19:34:29.983 | INFO    (151978, stable_pretraining.callbacks.cpu_offload) |   - Total memory freed: 0.00 GB
19:34:29.983 | INFO    (151978, stable_pretraining.callbacks.cpu_offload) |   - Average time per checkpoint: 0.75s
19:34:29.983 | INFO    (151978, stable_pretraining.callbacks.cpu_offload) | ============================================================
20:16:03.769 | WARNING (151978, stable_pretraining.module) | You are calling self.parameters which also gives callbacks parameters, to remove then, pass `with_callbacks=False`
20:20:45.220 | INFO    (151978, stable_pretraining.callbacks.trainer_info) | \n+----------------------------+------------------------+
|           Metric           |         Value          |
+----------------------------+------------------------+
|          [0;34;40mfit/loss[0m          | [0;32;40m0.00022996110783424228[0m |
|       [0;34;40mfit/pred_loss[0m        | [0;32;40m3.5850112908519804e-05[0m |
|      [0;34;40mfit/rdmreg_loss[0m       | [0;32;40m0.00019411099492572248[0m |
|       [0;34;40mvalidate/loss[0m        | [0;32;40m0.0002898026432376355[0m  |
|    [0;34;40mvalidate/loss_epoch[0m     | [0;32;40m0.0002898026432376355[0m  |
|     [0;34;40mvalidate/pred_loss[0m     | [0;32;40m4.227538374834694e-05[0m  |
|  [0;34;40mvalidate/pred_loss_epoch[0m  | [0;32;40m4.227538374834694e-05[0m  |
|    [0;34;40mvalidate/rdmreg_loss[0m    | [0;32;40m0.0002475272340234369[0m  |
| [0;34;40mvalidate/rdmreg_loss_epoch[0m | [0;32;40m0.0002475272340234369[0m  |
+----------------------------+------------------------+
20:20:45.486 | INFO    (151978, stable_pretraining.callbacks.checkpoint_sklearn) | Checking for non PyTorch modules to save... 🔧
20:20:45.486 | INFO    (151978, stable_pretraining.callbacks.checkpoint_sklearn) | Checking for Wandb params to save... 🔧
20:20:45.486 | INFO    (151978, stable_pretraining.callbacks.checkpoint_sklearn) | Saving Wandb params {'id': 'lewm_lp_pusht_expert_mu-4'}
20:20:45.487 | INFO    (151978, stable_pretraining.callbacks.checkpoint_sklearn) | Checking for Wandb params to save... Done!
20:20:45.487 | INFO    (151978, stable_pretraining.callbacks.cpu_offload) | ============================================================
20:20:45.487 | INFO    (151978, stable_pretraining.callbacks.cpu_offload) | CPUOffloadCallback: Starting checkpoint CPU offload (#15)
20:20:45.487 | INFO    (151978, stable_pretraining.callbacks.cpu_offload) |   - Global step: 27864
20:20:45.487 | INFO    (151978, stable_pretraining.callbacks.cpu_offload) |   - Epoch: 7
20:20:45.487 | INFO    (151978, stable_pretraining.callbacks.cpu_offload) | Checkpoint contains 11 keys: ['callbacks', 'epoch', 'global_step', 'hparams_name', 'hyper_parameters', 'loops', 'lr_schedulers', 'optimizer_states', 'pytorch-lightning_version', 'state_dict', 'wandb']
20:20:45.488 | INFO    (151978, stable_pretraining.callbacks.cpu_offload) | GPU memory before offload:
20:20:45.488 | INFO    (151978, stable_pretraining.callbacks.cpu_offload) |   - Allocated: 0.24 GB
20:20:45.488 | INFO    (151978, stable_pretraining.callbacks.cpu_offload) |   - Reserved: 16.63 GB
20:20:45.488 | INFO    (151978, stable_pretraining.callbacks.cpu_offload) | Processing checkpoint key: 'state_dict'
20:20:45.721 | SUCCESS (151978, stable_pretraining.callbacks.cpu_offload) | ✓ Completed 'state_dict' in 0.23s
20:20:45.721 | INFO    (151978, stable_pretraining.callbacks.cpu_offload) | Processing checkpoint key: 'optimizer_states'
20:20:46.166 | SUCCESS (151978, stable_pretraining.callbacks.cpu_offload) | ✓ Completed 'optimizer_states' in 0.44s
20:20:46.167 | INFO    (151978, stable_pretraining.callbacks.cpu_offload) | Processing checkpoint key: 'lr_schedulers'
20:20:46.167 | SUCCESS (151978, stable_pretraining.callbacks.cpu_offload) | ✓ Completed 'lr_schedulers' in 0.00s
20:20:46.167 | WARNING (151978, stable_pretraining.callbacks.cpu_offload) | Skipped 321 custom object(s)
20:20:46.168 | WARNING (151978, stable_pretraining.callbacks.cpu_offload) | First 10 skipped objects:
20:20:46.168 | WARNING (151978, stable_pretraining.callbacks.cpu_offload) |   - float at 'optimizer_states[0].param_groups[0].lr'
20:20:46.168 | WARNING (151978, stable_pretraining.callbacks.cpu_offload) |   - float at 'optimizer_states[0].param_groups[0].betas[0]'
20:20:46.168 | WARNING (151978, stable_pretraining.callbacks.cpu_offload) |   - float at 'optimizer_states[0].param_groups[0].betas[1]'
20:20:46.169 | WARNING (151978, stable_pretraining.callbacks.cpu_offload) |   - float at 'optimizer_states[0].param_groups[0].eps'
20:20:46.169 | WARNING (151978, stable_pretraining.callbacks.cpu_offload) |   - float at 'optimizer_states[0].param_groups[0].weight_decay'
20:20:46.169 | WARNING (151978, stable_pretraining.callbacks.cpu_offload) |   - bool at 'optimizer_states[0].param_groups[0].amsgrad'
20:20:46.169 | WARNING (151978, stable_pretraining.callbacks.cpu_offload) |   - bool at 'optimizer_states[0].param_groups[0].maximize'
20:20:46.169 | WARNING (151978, stable_pretraining.callbacks.cpu_offload) |   - NoneType at 'optimizer_states[0].param_groups[0].foreach'
20:20:46.169 | WARNING (151978, stable_pretraining.callbacks.cpu_offload) |   - bool at 'optimizer_states[0].param_groups[0].capturable'
20:20:46.169 | WARNING (151978, stable_pretraining.callbacks.cpu_offload) |   - bool at 'optimizer_states[0].param_groups[0].differentiable'
20:20:46.170 | WARNING (151978, stable_pretraining.callbacks.cpu_offload) | ... (301 more skipped) ...
20:20:46.170 | WARNING (151978, stable_pretraining.callbacks.cpu_offload) | Last 10 skipped objects:
20:20:46.170 | WARNING (151978, stable_pretraining.callbacks.cpu_offload) |   - int at 'optimizer_states[0].param_groups[0].params[298]'
20:20:46.170 | WARNING (151978, stable_pretraining.callbacks.cpu_offload) |   - int at 'lr_schedulers[0].warmup_steps'
20:20:46.170 | WARNING (151978, stable_pretraining.callbacks.cpu_offload) |   - int at 'lr_schedulers[0].max_steps'
20:20:46.170 | WARNING (151978, stable_pretraining.callbacks.cpu_offload) |   - float at 'lr_schedulers[0].warmup_start_lr'
20:20:46.170 | WARNING (151978, stable_pretraining.callbacks.cpu_offload) |   - float at 'lr_schedulers[0].eta_min'
20:20:46.171 | WARNING (151978, stable_pretraining.callbacks.cpu_offload) |   - float at 'lr_schedulers[0].base_lrs[0]'
20:20:46.171 | WARNING (151978, stable_pretraining.callbacks.cpu_offload) |   - int at 'lr_schedulers[0].last_epoch'
20:20:46.171 | WARNING (151978, stable_pretraining.callbacks.cpu_offload) |   - int at 'lr_schedulers[0]._step_count'
20:20:46.171 | WARNING (151978, stable_pretraining.callbacks.cpu_offload) |   - bool at 'lr_schedulers[0]._get_lr_called_within_step'
20:20:46.171 | WARNING (151978, stable_pretraining.callbacks.cpu_offload) |   - float at 'lr_schedulers[0]._last_lr[0]'
20:20:46.171 | INFO    (151978, stable_pretraining.callbacks.cpu_offload) | To see all 321 skipped objects, set log_skipped=True
20:20:46.172 | INFO    (151978, stable_pretraining.callbacks.cpu_offload) | GPU memory after offload:
20:20:46.172 | INFO    (151978, stable_pretraining.callbacks.cpu_offload) |   - Allocated: 0.24 GB
20:20:46.172 | INFO    (151978, stable_pretraining.callbacks.cpu_offload) |   - Reserved: 16.63 GB
20:20:46.172 | INFO    (151978, stable_pretraining.callbacks.cpu_offload) | GPU memory freed: 0.00 GB
20:20:46.173 | SUCCESS (151978, stable_pretraining.callbacks.cpu_offload) | CPUOffloadCallback: Checkpoint #15 completed in 0.69s
20:20:46.173 | INFO    (151978, stable_pretraining.callbacks.cpu_offload) | Successfully processed keys: ['state_dict', 'optimizer_states', 'lr_schedulers']
20:20:46.173 | INFO    (151978, stable_pretraining.callbacks.cpu_offload) | Cumulative stats:
20:20:46.173 | INFO    (151978, stable_pretraining.callbacks.cpu_offload) |   - Total checkpoints saved: 15
20:20:46.174 | INFO    (151978, stable_pretraining.callbacks.cpu_offload) |   - Total time in offload: 11.18s
20:20:46.174 | INFO    (151978, stable_pretraining.callbacks.cpu_offload) |   - Total memory freed: 0.00 GB
20:20:46.174 | INFO    (151978, stable_pretraining.callbacks.cpu_offload) |   - Average time per checkpoint: 0.75s
20:20:46.174 | INFO    (151978, stable_pretraining.callbacks.cpu_offload) | ============================================================
20:20:47.928 | INFO    (151978, stable_pretraining.callbacks.checkpoint_sklearn) | Checking for non PyTorch modules to save... 🔧
20:20:47.929 | INFO    (151978, stable_pretraining.callbacks.checkpoint_sklearn) | Checking for Wandb params to save... 🔧
20:20:47.930 | INFO    (151978, stable_pretraining.callbacks.checkpoint_sklearn) | Saving Wandb params {'id': 'lewm_lp_pusht_expert_mu-4'}
20:20:47.930 | INFO    (151978, stable_pretraining.callbacks.checkpoint_sklearn) | Checking for Wandb params to save... Done!
20:20:47.930 | INFO    (151978, stable_pretraining.callbacks.cpu_offload) | ============================================================
20:20:47.930 | INFO    (151978, stable_pretraining.callbacks.cpu_offload) | CPUOffloadCallback: Starting checkpoint CPU offload (#16)
20:20:47.931 | INFO    (151978, stable_pretraining.callbacks.cpu_offload) |   - Global step: 27864
20:20:47.931 | INFO    (151978, stable_pretraining.callbacks.cpu_offload) |   - Epoch: 7
20:20:47.932 | INFO    (151978, stable_pretraining.callbacks.cpu_offload) | Checkpoint contains 11 keys: ['callbacks', 'epoch', 'global_step', 'hparams_name', 'hyper_parameters', 'loops', 'lr_schedulers', 'optimizer_states', 'pytorch-lightning_version', 'state_dict', 'wandb']
20:20:47.932 | INFO    (151978, stable_pretraining.callbacks.cpu_offload) | GPU memory before offload:
20:20:47.933 | INFO    (151978, stable_pretraining.callbacks.cpu_offload) |   - Allocated: 0.24 GB
20:20:47.933 | INFO    (151978, stable_pretraining.callbacks.cpu_offload) |   - Reserved: 16.63 GB
20:20:47.933 | INFO    (151978, stable_pretraining.callbacks.cpu_offload) | Processing checkpoint key: 'state_dict'
20:20:48.086 | SUCCESS (151978, stable_pretraining.callbacks.cpu_offload) | ✓ Completed 'state_dict' in 0.15s
20:20:48.086 | INFO    (151978, stable_pretraining.callbacks.cpu_offload) | Processing checkpoint key: 'optimizer_states'
20:20:48.382 | SUCCESS (151978, stable_pretraining.callbacks.cpu_offload) | ✓ Completed 'optimizer_states' in 0.30s
20:20:48.383 | INFO    (151978, stable_pretraining.callbacks.cpu_offload) | Processing checkpoint key: 'lr_schedulers'
20:20:48.383 | SUCCESS (151978, stable_pretraining.callbacks.cpu_offload) | ✓ Completed 'lr_schedulers' in 0.00s
20:20:48.383 | WARNING (151978, stable_pretraining.callbacks.cpu_offload) | Skipped 321 custom object(s)
20:20:48.383 | WARNING (151978, stable_pretraining.callbacks.cpu_offload) | First 10 skipped objects:
20:20:48.383 | WARNING (151978, stable_pretraining.callbacks.cpu_offload) |   - float at 'optimizer_states[0].param_groups[0].lr'
20:20:48.384 | WARNING (151978, stable_pretraining.callbacks.cpu_offload) |   - float at 'optimizer_states[0].param_groups[0].betas[0]'
20:20:48.384 | WARNING (151978, stable_pretraining.callbacks.cpu_offload) |   - float at 'optimizer_states[0].param_groups[0].betas[1]'
20:20:48.384 | WARNING (151978, stable_pretraining.callbacks.cpu_offload) |   - float at 'optimizer_states[0].param_groups[0].eps'
20:20:48.384 | WARNING (151978, stable_pretraining.callbacks.cpu_offload) |   - float at 'optimizer_states[0].param_groups[0].weight_decay'
20:20:48.384 | WARNING (151978, stable_pretraining.callbacks.cpu_offload) |   - bool at 'optimizer_states[0].param_groups[0].amsgrad'
20:20:48.385 | WARNING (151978, stable_pretraining.callbacks.cpu_offload) |   - bool at 'optimizer_states[0].param_groups[0].maximize'
20:20:48.385 | WARNING (151978, stable_pretraining.callbacks.cpu_offload) |   - NoneType at 'optimizer_states[0].param_groups[0].foreach'
20:20:48.385 | WARNING (151978, stable_pretraining.callbacks.cpu_offload) |   - bool at 'optimizer_states[0].param_groups[0].capturable'
20:20:48.385 | WARNING (151978, stable_pretraining.callbacks.cpu_offload) |   - bool at 'optimizer_states[0].param_groups[0].differentiable'
20:20:48.385 | WARNING (151978, stable_pretraining.callbacks.cpu_offload) | ... (301 more skipped) ...
20:20:48.386 | WARNING (151978, stable_pretraining.callbacks.cpu_offload) | Last 10 skipped objects:
20:20:48.386 | WARNING (151978, stable_pretraining.callbacks.cpu_offload) |   - int at 'optimizer_states[0].param_groups[0].params[298]'
20:20:48.386 | WARNING (151978, stable_pretraining.callbacks.cpu_offload) |   - int at 'lr_schedulers[0].warmup_steps'
20:20:48.386 | WARNING (151978, stable_pretraining.callbacks.cpu_offload) |   - int at 'lr_schedulers[0].max_steps'
20:20:48.387 | WARNING (151978, stable_pretraining.callbacks.cpu_offload) |   - float at 'lr_schedulers[0].warmup_start_lr'
20:20:48.387 | WARNING (151978, stable_pretraining.callbacks.cpu_offload) |   - float at 'lr_schedulers[0].eta_min'
20:20:48.387 | WARNING (151978, stable_pretraining.callbacks.cpu_offload) |   - float at 'lr_schedulers[0].base_lrs[0]'
20:20:48.387 | WARNING (151978, stable_pretraining.callbacks.cpu_offload) |   - int at 'lr_schedulers[0].last_epoch'
20:20:48.387 | WARNING (151978, stable_pretraining.callbacks.cpu_offload) |   - int at 'lr_schedulers[0]._step_count'
20:20:48.388 | WARNING (151978, stable_pretraining.callbacks.cpu_offload) |   - bool at 'lr_schedulers[0]._get_lr_called_within_step'
20:20:48.388 | WARNING (151978, stable_pretraining.callbacks.cpu_offload) |   - float at 'lr_schedulers[0]._last_lr[0]'
20:20:48.388 | INFO    (151978, stable_pretraining.callbacks.cpu_offload) | To see all 321 skipped objects, set log_skipped=True
20:20:48.388 | INFO    (151978, stable_pretraining.callbacks.cpu_offload) | GPU memory after offload:
20:20:48.389 | INFO    (151978, stable_pretraining.callbacks.cpu_offload) |   - Allocated: 0.24 GB
20:20:48.389 | INFO    (151978, stable_pretraining.callbacks.cpu_offload) |   - Reserved: 16.63 GB
20:20:48.389 | INFO    (151978, stable_pretraining.callbacks.cpu_offload) | GPU memory freed: 0.00 GB
20:20:48.389 | SUCCESS (151978, stable_pretraining.callbacks.cpu_offload) | CPUOffloadCallback: Checkpoint #16 completed in 0.46s
20:20:48.390 | INFO    (151978, stable_pretraining.callbacks.cpu_offload) | Successfully processed keys: ['state_dict', 'optimizer_states', 'lr_schedulers']
20:20:48.390 | INFO    (151978, stable_pretraining.callbacks.cpu_offload) | Cumulative stats:
20:20:48.390 | INFO    (151978, stable_pretraining.callbacks.cpu_offload) |   - Total checkpoints saved: 16
20:20:48.390 | INFO    (151978, stable_pretraining.callbacks.cpu_offload) |   - Total time in offload: 11.64s
20:20:48.391 | INFO    (151978, stable_pretraining.callbacks.cpu_offload) |   - Total memory freed: 0.00 GB
20:20:48.391 | INFO    (151978, stable_pretraining.callbacks.cpu_offload) |   - Average time per checkpoint: 0.73s
20:20:48.391 | INFO    (151978, stable_pretraining.callbacks.cpu_offload) | ============================================================
21:03:13.652 | WARNING (151978, stable_pretraining.module) | You are calling self.parameters which also gives callbacks parameters, to remove then, pass `with_callbacks=False`
21:07:55.407 | INFO    (151978, stable_pretraining.callbacks.trainer_info) | \n+----------------------------+------------------------+
|           Metric           |         Value          |
+----------------------------+------------------------+
|          [0;34;40mfit/loss[0m          | [0;32;40m0.0002637432189658284[0m  |
|       [0;34;40mfit/pred_loss[0m        | [0;32;40m4.558391447062604e-05[0m  |
|      [0;34;40mfit/rdmreg_loss[0m       | [0;32;40m0.0002181593154091388[0m  |
|       [0;34;40mvalidate/loss[0m        | [0;32;40m0.00027750336448661983[0m |
|    [0;34;40mvalidate/loss_epoch[0m     | [0;32;40m0.00027750336448661983[0m |
|     [0;34;40mvalidate/pred_loss[0m     | [0;32;40m3.5776185541180894e-05[0m |
|  [0;34;40mvalidate/pred_loss_epoch[0m  | [0;32;40m3.5776185541180894e-05[0m |
|    [0;34;40mvalidate/rdmreg_loss[0m    | [0;32;40m0.00024172707344405353[0m |
| [0;34;40mvalidate/rdmreg_loss_epoch[0m | [0;32;40m0.00024172707344405353[0m |
+----------------------------+------------------------+
21:07:55.719 | INFO    (151978, stable_pretraining.callbacks.checkpoint_sklearn) | Checking for non PyTorch modules to save... 🔧
21:07:55.720 | INFO    (151978, stable_pretraining.callbacks.checkpoint_sklearn) | Checking for Wandb params to save... 🔧
21:07:55.720 | INFO    (151978, stable_pretraining.callbacks.checkpoint_sklearn) | Saving Wandb params {'id': 'lewm_lp_pusht_expert_mu-4'}
21:07:55.721 | INFO    (151978, stable_pretraining.callbacks.checkpoint_sklearn) | Checking for Wandb params to save... Done!
21:07:55.721 | INFO    (151978, stable_pretraining.callbacks.cpu_offload) | ============================================================
21:07:55.721 | INFO    (151978, stable_pretraining.callbacks.cpu_offload) | CPUOffloadCallback: Starting checkpoint CPU offload (#17)
21:07:55.721 | INFO    (151978, stable_pretraining.callbacks.cpu_offload) |   - Global step: 31347
21:07:55.722 | INFO    (151978, stable_pretraining.callbacks.cpu_offload) |   - Epoch: 8
21:07:55.722 | INFO    (151978, stable_pretraining.callbacks.cpu_offload) | Checkpoint contains 11 keys: ['callbacks', 'epoch', 'global_step', 'hparams_name', 'hyper_parameters', 'loops', 'lr_schedulers', 'optimizer_states', 'pytorch-lightning_version', 'state_dict', 'wandb']
21:07:55.723 | INFO    (151978, stable_pretraining.callbacks.cpu_offload) | GPU memory before offload:
21:07:55.723 | INFO    (151978, stable_pretraining.callbacks.cpu_offload) |   - Allocated: 0.24 GB
21:07:55.723 | INFO    (151978, stable_pretraining.callbacks.cpu_offload) |   - Reserved: 16.63 GB
21:07:55.724 | INFO    (151978, stable_pretraining.callbacks.cpu_offload) | Processing checkpoint key: 'state_dict'
21:07:55.983 | SUCCESS (151978, stable_pretraining.callbacks.cpu_offload) | ✓ Completed 'state_dict' in 0.26s
21:07:55.983 | INFO    (151978, stable_pretraining.callbacks.cpu_offload) | Processing checkpoint key: 'optimizer_states'
21:07:56.494 | SUCCESS (151978, stable_pretraining.callbacks.cpu_offload) | ✓ Completed 'optimizer_states' in 0.51s
21:07:56.494 | INFO    (151978, stable_pretraining.callbacks.cpu_offload) | Processing checkpoint key: 'lr_schedulers'
21:07:56.495 | SUCCESS (151978, stable_pretraining.callbacks.cpu_offload) | ✓ Completed 'lr_schedulers' in 0.00s
21:07:56.495 | WARNING (151978, stable_pretraining.callbacks.cpu_offload) | Skipped 321 custom object(s)
21:07:56.495 | WARNING (151978, stable_pretraining.callbacks.cpu_offload) | First 10 skipped objects:
21:07:56.495 | WARNING (151978, stable_pretraining.callbacks.cpu_offload) |   - float at 'optimizer_states[0].param_groups[0].lr'
21:07:56.495 | WARNING (151978, stable_pretraining.callbacks.cpu_offload) |   - float at 'optimizer_states[0].param_groups[0].betas[0]'
21:07:56.495 | WARNING (151978, stable_pretraining.callbacks.cpu_offload) |   - float at 'optimizer_states[0].param_groups[0].betas[1]'
21:07:56.495 | WARNING (151978, stable_pretraining.callbacks.cpu_offload) |   - float at 'optimizer_states[0].param_groups[0].eps'
21:07:56.496 | WARNING (151978, stable_pretraining.callbacks.cpu_offload) |   - float at 'optimizer_states[0].param_groups[0].weight_decay'
21:07:56.496 | WARNING (151978, stable_pretraining.callbacks.cpu_offload) |   - bool at 'optimizer_states[0].param_groups[0].amsgrad'
21:07:56.496 | WARNING (151978, stable_pretraining.callbacks.cpu_offload) |   - bool at 'optimizer_states[0].param_groups[0].maximize'
21:07:56.496 | WARNING (151978, stable_pretraining.callbacks.cpu_offload) |   - NoneType at 'optimizer_states[0].param_groups[0].foreach'
21:07:56.497 | WARNING (151978, stable_pretraining.callbacks.cpu_offload) |   - bool at 'optimizer_states[0].param_groups[0].capturable'
21:07:56.497 | WARNING (151978, stable_pretraining.callbacks.cpu_offload) |   - bool at 'optimizer_states[0].param_groups[0].differentiable'
21:07:56.497 | WARNING (151978, stable_pretraining.callbacks.cpu_offload) | ... (301 more skipped) ...
21:07:56.497 | WARNING (151978, stable_pretraining.callbacks.cpu_offload) | Last 10 skipped objects:
21:07:56.497 | WARNING (151978, stable_pretraining.callbacks.cpu_offload) |   - int at 'optimizer_states[0].param_groups[0].params[298]'
21:07:56.498 | WARNING (151978, stable_pretraining.callbacks.cpu_offload) |   - int at 'lr_schedulers[0].warmup_steps'
21:07:56.498 | WARNING (151978, stable_pretraining.callbacks.cpu_offload) |   - int at 'lr_schedulers[0].max_steps'
21:07:56.498 | WARNING (151978, stable_pretraining.callbacks.cpu_offload) |   - float at 'lr_schedulers[0].warmup_start_lr'
21:07:56.499 | WARNING (151978, stable_pretraining.callbacks.cpu_offload) |   - float at 'lr_schedulers[0].eta_min'
21:07:56.499 | WARNING (151978, stable_pretraining.callbacks.cpu_offload) |   - float at 'lr_schedulers[0].base_lrs[0]'
21:07:56.499 | WARNING (151978, stable_pretraining.callbacks.cpu_offload) |   - int at 'lr_schedulers[0].last_epoch'
21:07:56.499 | WARNING (151978, stable_pretraining.callbacks.cpu_offload) |   - int at 'lr_schedulers[0]._step_count'
21:07:56.499 | WARNING (151978, stable_pretraining.callbacks.cpu_offload) |   - bool at 'lr_schedulers[0]._get_lr_called_within_step'
21:07:56.500 | WARNING (151978, stable_pretraining.callbacks.cpu_offload) |   - float at 'lr_schedulers[0]._last_lr[0]'
21:07:56.500 | INFO    (151978, stable_pretraining.callbacks.cpu_offload) | To see all 321 skipped objects, set log_skipped=True
21:07:56.500 | INFO    (151978, stable_pretraining.callbacks.cpu_offload) | GPU memory after offload:
21:07:56.501 | INFO    (151978, stable_pretraining.callbacks.cpu_offload) |   - Allocated: 0.24 GB
21:07:56.501 | INFO    (151978, stable_pretraining.callbacks.cpu_offload) |   - Reserved: 16.63 GB
21:07:56.501 | INFO    (151978, stable_pretraining.callbacks.cpu_offload) | GPU memory freed: 0.00 GB
21:07:56.501 | SUCCESS (151978, stable_pretraining.callbacks.cpu_offload) | CPUOffloadCallback: Checkpoint #17 completed in 0.78s
21:07:56.501 | INFO    (151978, stable_pretraining.callbacks.cpu_offload) | Successfully processed keys: ['state_dict', 'optimizer_states', 'lr_schedulers']
21:07:56.502 | INFO    (151978, stable_pretraining.callbacks.cpu_offload) | Cumulative stats:
21:07:56.502 | INFO    (151978, stable_pretraining.callbacks.cpu_offload) |   - Total checkpoints saved: 17
21:07:56.502 | INFO    (151978, stable_pretraining.callbacks.cpu_offload) |   - Total time in offload: 12.42s
21:07:56.502 | INFO    (151978, stable_pretraining.callbacks.cpu_offload) |   - Total memory freed: 0.00 GB
21:07:56.502 | INFO    (151978, stable_pretraining.callbacks.cpu_offload) |   - Average time per checkpoint: 0.73s
21:07:56.502 | INFO    (151978, stable_pretraining.callbacks.cpu_offload) | ============================================================
21:07:58.210 | INFO    (151978, stable_pretraining.callbacks.checkpoint_sklearn) | Checking for non PyTorch modules to save... 🔧
21:07:58.210 | INFO    (151978, stable_pretraining.callbacks.checkpoint_sklearn) | Checking for Wandb params to save... 🔧
21:07:58.210 | INFO    (151978, stable_pretraining.callbacks.checkpoint_sklearn) | Saving Wandb params {'id': 'lewm_lp_pusht_expert_mu-4'}
21:07:58.211 | INFO    (151978, stable_pretraining.callbacks.checkpoint_sklearn) | Checking for Wandb params to save... Done!
21:07:58.211 | INFO    (151978, stable_pretraining.callbacks.cpu_offload) | ============================================================
21:07:58.211 | INFO    (151978, stable_pretraining.callbacks.cpu_offload) | CPUOffloadCallback: Starting checkpoint CPU offload (#18)
21:07:58.211 | INFO    (151978, stable_pretraining.callbacks.cpu_offload) |   - Global step: 31347
21:07:58.211 | INFO    (151978, stable_pretraining.callbacks.cpu_offload) |   - Epoch: 8
21:07:58.211 | INFO    (151978, stable_pretraining.callbacks.cpu_offload) | Checkpoint contains 11 keys: ['callbacks', 'epoch', 'global_step', 'hparams_name', 'hyper_parameters', 'loops', 'lr_schedulers', 'optimizer_states', 'pytorch-lightning_version', 'state_dict', 'wandb']
21:07:58.212 | INFO    (151978, stable_pretraining.callbacks.cpu_offload) | GPU memory before offload:
21:07:58.212 | INFO    (151978, stable_pretraining.callbacks.cpu_offload) |   - Allocated: 0.24 GB
21:07:58.212 | INFO    (151978, stable_pretraining.callbacks.cpu_offload) |   - Reserved: 16.63 GB
21:07:58.212 | INFO    (151978, stable_pretraining.callbacks.cpu_offload) | Processing checkpoint key: 'state_dict'
21:07:58.333 | SUCCESS (151978, stable_pretraining.callbacks.cpu_offload) | ✓ Completed 'state_dict' in 0.12s
21:07:58.333 | INFO    (151978, stable_pretraining.callbacks.cpu_offload) | Processing checkpoint key: 'optimizer_states'
21:07:58.683 | SUCCESS (151978, stable_pretraining.callbacks.cpu_offload) | ✓ Completed 'optimizer_states' in 0.35s
21:07:58.684 | INFO    (151978, stable_pretraining.callbacks.cpu_offload) | Processing checkpoint key: 'lr_schedulers'
21:07:58.684 | SUCCESS (151978, stable_pretraining.callbacks.cpu_offload) | ✓ Completed 'lr_schedulers' in 0.00s
21:07:58.685 | WARNING (151978, stable_pretraining.callbacks.cpu_offload) | Skipped 321 custom object(s)
21:07:58.685 | WARNING (151978, stable_pretraining.callbacks.cpu_offload) | First 10 skipped objects:
21:07:58.685 | WARNING (151978, stable_pretraining.callbacks.cpu_offload) |   - float at 'optimizer_states[0].param_groups[0].lr'
21:07:58.685 | WARNING (151978, stable_pretraining.callbacks.cpu_offload) |   - float at 'optimizer_states[0].param_groups[0].betas[0]'
21:07:58.686 | WARNING (151978, stable_pretraining.callbacks.cpu_offload) |   - float at 'optimizer_states[0].param_groups[0].betas[1]'
21:07:58.686 | WARNING (151978, stable_pretraining.callbacks.cpu_offload) |   - float at 'optimizer_states[0].param_groups[0].eps'
21:07:58.686 | WARNING (151978, stable_pretraining.callbacks.cpu_offload) |   - float at 'optimizer_states[0].param_groups[0].weight_decay'
21:07:58.686 | WARNING (151978, stable_pretraining.callbacks.cpu_offload) |   - bool at 'optimizer_states[0].param_groups[0].amsgrad'
21:07:58.687 | WARNING (151978, stable_pretraining.callbacks.cpu_offload) |   - bool at 'optimizer_states[0].param_groups[0].maximize'
21:07:58.687 | WARNING (151978, stable_pretraining.callbacks.cpu_offload) |   - NoneType at 'optimizer_states[0].param_groups[0].foreach'
21:07:58.687 | WARNING (151978, stable_pretraining.callbacks.cpu_offload) |   - bool at 'optimizer_states[0].param_groups[0].capturable'
21:07:58.687 | WARNING (151978, stable_pretraining.callbacks.cpu_offload) |   - bool at 'optimizer_states[0].param_groups[0].differentiable'
21:07:58.688 | WARNING (151978, stable_pretraining.callbacks.cpu_offload) | ... (301 more skipped) ...
21:07:58.688 | WARNING (151978, stable_pretraining.callbacks.cpu_offload) | Last 10 skipped objects:
21:07:58.688 | WARNING (151978, stable_pretraining.callbacks.cpu_offload) |   - int at 'optimizer_states[0].param_groups[0].params[298]'
21:07:58.688 | WARNING (151978, stable_pretraining.callbacks.cpu_offload) |   - int at 'lr_schedulers[0].warmup_steps'
21:07:58.688 | WARNING (151978, stable_pretraining.callbacks.cpu_offload) |   - int at 'lr_schedulers[0].max_steps'
21:07:58.688 | WARNING (151978, stable_pretraining.callbacks.cpu_offload) |   - float at 'lr_schedulers[0].warmup_start_lr'
21:07:58.689 | WARNING (151978, stable_pretraining.callbacks.cpu_offload) |   - float at 'lr_schedulers[0].eta_min'
21:07:58.689 | WARNING (151978, stable_pretraining.callbacks.cpu_offload) |   - float at 'lr_schedulers[0].base_lrs[0]'
21:07:58.689 | WARNING (151978, stable_pretraining.callbacks.cpu_offload) |   - int at 'lr_schedulers[0].last_epoch'
21:07:58.689 | WARNING (151978, stable_pretraining.callbacks.cpu_offload) |   - int at 'lr_schedulers[0]._step_count'
21:07:58.690 | WARNING (151978, stable_pretraining.callbacks.cpu_offload) |   - bool at 'lr_schedulers[0]._get_lr_called_within_step'
21:07:58.690 | WARNING (151978, stable_pretraining.callbacks.cpu_offload) |   - float at 'lr_schedulers[0]._last_lr[0]'
21:07:58.690 | INFO    (151978, stable_pretraining.callbacks.cpu_offload) | To see all 321 skipped objects, set log_skipped=True
21:07:58.691 | INFO    (151978, stable_pretraining.callbacks.cpu_offload) | GPU memory after offload:
21:07:58.691 | INFO    (151978, stable_pretraining.callbacks.cpu_offload) |   - Allocated: 0.24 GB
21:07:58.691 | INFO    (151978, stable_pretraining.callbacks.cpu_offload) |   - Reserved: 16.63 GB
21:07:58.692 | INFO    (151978, stable_pretraining.callbacks.cpu_offload) | GPU memory freed: 0.00 GB
21:07:58.692 | SUCCESS (151978, stable_pretraining.callbacks.cpu_offload) | CPUOffloadCallback: Checkpoint #18 completed in 0.48s
21:07:58.692 | INFO    (151978, stable_pretraining.callbacks.cpu_offload) | Successfully processed keys: ['state_dict', 'optimizer_states', 'lr_schedulers']
21:07:58.692 | INFO    (151978, stable_pretraining.callbacks.cpu_offload) | Cumulative stats:
21:07:58.693 | INFO    (151978, stable_pretraining.callbacks.cpu_offload) |   - Total checkpoints saved: 18
21:07:58.693 | INFO    (151978, stable_pretraining.callbacks.cpu_offload) |   - Total time in offload: 12.90s
21:07:58.693 | INFO    (151978, stable_pretraining.callbacks.cpu_offload) |   - Total memory freed: 0.00 GB
21:07:58.693 | INFO    (151978, stable_pretraining.callbacks.cpu_offload) |   - Average time per checkpoint: 0.72s
21:07:58.694 | INFO    (151978, stable_pretraining.callbacks.cpu_offload) | ============================================================
21:49:56.920 | WARNING (151978, stable_pretraining.module) | You are calling self.parameters which also gives callbacks parameters, to remove then, pass `with_callbacks=False`
21:54:34.581 | INFO    (151978, stable_pretraining.callbacks.trainer_info) | \n+----------------------------+------------------------+
|           Metric           |         Value          |
+----------------------------+------------------------+
|          [0;34;40mfit/loss[0m          | [0;32;40m0.00023389191483147442[0m |
|       [0;34;40mfit/pred_loss[0m        | [0;32;40m3.6205055948812515e-05[0m |
|      [0;34;40mfit/rdmreg_loss[0m       | [0;32;40m0.0001976868516067043[0m  |
|       [0;34;40mvalidate/loss[0m        | [0;32;40m0.0002729871484916657[0m  |
|    [0;34;40mvalidate/loss_epoch[0m     | [0;32;40m0.0002729871484916657[0m  |
|     [0;34;40mvalidate/pred_loss[0m     | [0;32;40m3.310162719571963e-05[0m  |
|  [0;34;40mvalidate/pred_loss_epoch[0m  | [0;32;40m3.310162719571963e-05[0m  |
|    [0;34;40mvalidate/rdmreg_loss[0m    | [0;32;40m0.00023988544126041234[0m |
| [0;34;40mvalidate/rdmreg_loss_epoch[0m | [0;32;40m0.00023988544126041234[0m |
+----------------------------+------------------------+
21:54:35.420 | INFO    (151978, stable_pretraining.callbacks.checkpoint_sklearn) | Checking for non PyTorch modules to save... 🔧
21:54:35.421 | INFO    (151978, stable_pretraining.callbacks.checkpoint_sklearn) | Checking for Wandb params to save... 🔧
21:54:35.421 | INFO    (151978, stable_pretraining.callbacks.checkpoint_sklearn) | Saving Wandb params {'id': 'lewm_lp_pusht_expert_mu-4'}
21:54:35.421 | INFO    (151978, stable_pretraining.callbacks.checkpoint_sklearn) | Checking for Wandb params to save... Done!
21:54:35.421 | INFO    (151978, stable_pretraining.callbacks.cpu_offload) | ============================================================
21:54:35.422 | INFO    (151978, stable_pretraining.callbacks.cpu_offload) | CPUOffloadCallback: Starting checkpoint CPU offload (#19)
21:54:35.422 | INFO    (151978, stable_pretraining.callbacks.cpu_offload) |   - Global step: 34830
21:54:35.422 | INFO    (151978, stable_pretraining.callbacks.cpu_offload) |   - Epoch: 9
21:54:35.422 | INFO    (151978, stable_pretraining.callbacks.cpu_offload) | Checkpoint contains 11 keys: ['callbacks', 'epoch', 'global_step', 'hparams_name', 'hyper_parameters', 'loops', 'lr_schedulers', 'optimizer_states', 'pytorch-lightning_version', 'state_dict', 'wandb']
21:54:35.423 | INFO    (151978, stable_pretraining.callbacks.cpu_offload) | GPU memory before offload:
21:54:35.423 | INFO    (151978, stable_pretraining.callbacks.cpu_offload) |   - Allocated: 0.24 GB
21:54:35.423 | INFO    (151978, stable_pretraining.callbacks.cpu_offload) |   - Reserved: 16.63 GB
21:54:35.423 | INFO    (151978, stable_pretraining.callbacks.cpu_offload) | Processing checkpoint key: 'state_dict'
21:54:35.598 | SUCCESS (151978, stable_pretraining.callbacks.cpu_offload) | ✓ Completed 'state_dict' in 0.17s
21:54:35.598 | INFO    (151978, stable_pretraining.callbacks.cpu_offload) | Processing checkpoint key: 'optimizer_states'
21:54:36.047 | SUCCESS (151978, stable_pretraining.callbacks.cpu_offload) | ✓ Completed 'optimizer_states' in 0.45s
21:54:36.048 | INFO    (151978, stable_pretraining.callbacks.cpu_offload) | Processing checkpoint key: 'lr_schedulers'
21:54:36.048 | SUCCESS (151978, stable_pretraining.callbacks.cpu_offload) | ✓ Completed 'lr_schedulers' in 0.00s
21:54:36.048 | WARNING (151978, stable_pretraining.callbacks.cpu_offload) | Skipped 321 custom object(s)
21:54:36.048 | WARNING (151978, stable_pretraining.callbacks.cpu_offload) | First 10 skipped objects:
21:54:36.048 | WARNING (151978, stable_pretraining.callbacks.cpu_offload) |   - float at 'optimizer_states[0].param_groups[0].lr'
21:54:36.048 | WARNING (151978, stable_pretraining.callbacks.cpu_offload) |   - float at 'optimizer_states[0].param_groups[0].betas[0]'
21:54:36.048 | WARNING (151978, stable_pretraining.callbacks.cpu_offload) |   - float at 'optimizer_states[0].param_groups[0].betas[1]'
21:54:36.049 | WARNING (151978, stable_pretraining.callbacks.cpu_offload) |   - float at 'optimizer_states[0].param_groups[0].eps'
21:54:36.049 | WARNING (151978, stable_pretraining.callbacks.cpu_offload) |   - float at 'optimizer_states[0].param_groups[0].weight_decay'
21:54:36.049 | WARNING (151978, stable_pretraining.callbacks.cpu_offload) |   - bool at 'optimizer_states[0].param_groups[0].amsgrad'
21:54:36.049 | WARNING (151978, stable_pretraining.callbacks.cpu_offload) |   - bool at 'optimizer_states[0].param_groups[0].maximize'
21:54:36.049 | WARNING (151978, stable_pretraining.callbacks.cpu_offload) |   - NoneType at 'optimizer_states[0].param_groups[0].foreach'
21:54:36.049 | WARNING (151978, stable_pretraining.callbacks.cpu_offload) |   - bool at 'optimizer_states[0].param_groups[0].capturable'
21:54:36.050 | WARNING (151978, stable_pretraining.callbacks.cpu_offload) |   - bool at 'optimizer_states[0].param_groups[0].differentiable'
21:54:36.050 | WARNING (151978, stable_pretraining.callbacks.cpu_offload) | ... (301 more skipped) ...
21:54:36.050 | WARNING (151978, stable_pretraining.callbacks.cpu_offload) | Last 10 skipped objects:
21:54:36.050 | WARNING (151978, stable_pretraining.callbacks.cpu_offload) |   - int at 'optimizer_states[0].param_groups[0].params[298]'
21:54:36.050 | WARNING (151978, stable_pretraining.callbacks.cpu_offload) |   - int at 'lr_schedulers[0].warmup_steps'
21:54:36.050 | WARNING (151978, stable_pretraining.callbacks.cpu_offload) |   - int at 'lr_schedulers[0].max_steps'
21:54:36.050 | WARNING (151978, stable_pretraining.callbacks.cpu_offload) |   - float at 'lr_schedulers[0].warmup_start_lr'
21:54:36.050 | WARNING (151978, stable_pretraining.callbacks.cpu_offload) |   - float at 'lr_schedulers[0].eta_min'
21:54:36.051 | WARNING (151978, stable_pretraining.callbacks.cpu_offload) |   - float at 'lr_schedulers[0].base_lrs[0]'
21:54:36.051 | WARNING (151978, stable_pretraining.callbacks.cpu_offload) |   - int at 'lr_schedulers[0].last_epoch'
21:54:36.051 | WARNING (151978, stable_pretraining.callbacks.cpu_offload) |   - int at 'lr_schedulers[0]._step_count'
21:54:36.051 | WARNING (151978, stable_pretraining.callbacks.cpu_offload) |   - bool at 'lr_schedulers[0]._get_lr_called_within_step'
21:54:36.051 | WARNING (151978, stable_pretraining.callbacks.cpu_offload) |   - float at 'lr_schedulers[0]._last_lr[0]'
21:54:36.051 | INFO    (151978, stable_pretraining.callbacks.cpu_offload) | To see all 321 skipped objects, set log_skipped=True
21:54:36.052 | INFO    (151978, stable_pretraining.callbacks.cpu_offload) | GPU memory after offload:
21:54:36.052 | INFO    (151978, stable_pretraining.callbacks.cpu_offload) |   - Allocated: 0.24 GB
21:54:36.052 | INFO    (151978, stable_pretraining.callbacks.cpu_offload) |   - Reserved: 16.63 GB
21:54:36.052 | INFO    (151978, stable_pretraining.callbacks.cpu_offload) | GPU memory freed: 0.00 GB
21:54:36.052 | SUCCESS (151978, stable_pretraining.callbacks.cpu_offload) | CPUOffloadCallback: Checkpoint #19 completed in 0.63s
21:54:36.052 | INFO    (151978, stable_pretraining.callbacks.cpu_offload) | Successfully processed keys: ['state_dict', 'optimizer_states', 'lr_schedulers']
21:54:36.052 | INFO    (151978, stable_pretraining.callbacks.cpu_offload) | Cumulative stats:
21:54:36.053 | INFO    (151978, stable_pretraining.callbacks.cpu_offload) |   - Total checkpoints saved: 19
21:54:36.053 | INFO    (151978, stable_pretraining.callbacks.cpu_offload) |   - Total time in offload: 13.53s
21:54:36.053 | INFO    (151978, stable_pretraining.callbacks.cpu_offload) |   - Total memory freed: 0.00 GB
21:54:36.053 | INFO    (151978, stable_pretraining.callbacks.cpu_offload) |   - Average time per checkpoint: 0.71s
21:54:36.053 | INFO    (151978, stable_pretraining.callbacks.cpu_offload) | ============================================================
21:54:37.894 | INFO    (151978, stable_pretraining.callbacks.checkpoint_sklearn) | Checking for non PyTorch modules to save... 🔧
21:54:37.895 | INFO    (151978, stable_pretraining.callbacks.checkpoint_sklearn) | Checking for Wandb params to save... 🔧
21:54:37.895 | INFO    (151978, stable_pretraining.callbacks.checkpoint_sklearn) | Saving Wandb params {'id': 'lewm_lp_pusht_expert_mu-4'}
21:54:37.895 | INFO    (151978, stable_pretraining.callbacks.checkpoint_sklearn) | Checking for Wandb params to save... Done!
21:54:37.895 | INFO    (151978, stable_pretraining.callbacks.cpu_offload) | ============================================================
21:54:37.896 | INFO    (151978, stable_pretraining.callbacks.cpu_offload) | CPUOffloadCallback: Starting checkpoint CPU offload (#20)
21:54:37.896 | INFO    (151978, stable_pretraining.callbacks.cpu_offload) |   - Global step: 34830
21:54:37.896 | INFO    (151978, stable_pretraining.callbacks.cpu_offload) |   - Epoch: 9
21:54:37.896 | INFO    (151978, stable_pretraining.callbacks.cpu_offload) | Checkpoint contains 11 keys: ['callbacks', 'epoch', 'global_step', 'hparams_name', 'hyper_parameters', 'loops', 'lr_schedulers', 'optimizer_states', 'pytorch-lightning_version', 'state_dict', 'wandb']
21:54:37.897 | INFO    (151978, stable_pretraining.callbacks.cpu_offload) | GPU memory before offload:
21:54:37.897 | INFO    (151978, stable_pretraining.callbacks.cpu_offload) |   - Allocated: 0.24 GB
21:54:37.897 | INFO    (151978, stable_pretraining.callbacks.cpu_offload) |   - Reserved: 16.63 GB
21:54:37.897 | INFO    (151978, stable_pretraining.callbacks.cpu_offload) | Processing checkpoint key: 'state_dict'
21:54:38.049 | SUCCESS (151978, stable_pretraining.callbacks.cpu_offload) | ✓ Completed 'state_dict' in 0.15s
21:54:38.050 | INFO    (151978, stable_pretraining.callbacks.cpu_offload) | Processing checkpoint key: 'optimizer_states'
21:54:38.346 | SUCCESS (151978, stable_pretraining.callbacks.cpu_offload) | ✓ Completed 'optimizer_states' in 0.30s
21:54:38.347 | INFO    (151978, stable_pretraining.callbacks.cpu_offload) | Processing checkpoint key: 'lr_schedulers'
21:54:38.347 | SUCCESS (151978, stable_pretraining.callbacks.cpu_offload) | ✓ Completed 'lr_schedulers' in 0.00s
21:54:38.347 | WARNING (151978, stable_pretraining.callbacks.cpu_offload) | Skipped 321 custom object(s)
21:54:38.347 | WARNING (151978, stable_pretraining.callbacks.cpu_offload) | First 10 skipped objects:
21:54:38.348 | WARNING (151978, stable_pretraining.callbacks.cpu_offload) |   - float at 'optimizer_states[0].param_groups[0].lr'
21:54:38.348 | WARNING (151978, stable_pretraining.callbacks.cpu_offload) |   - float at 'optimizer_states[0].param_groups[0].betas[0]'
21:54:38.348 | WARNING (151978, stable_pretraining.callbacks.cpu_offload) |   - float at 'optimizer_states[0].param_groups[0].betas[1]'
21:54:38.348 | WARNING (151978, stable_pretraining.callbacks.cpu_offload) |   - float at 'optimizer_states[0].param_groups[0].eps'
21:54:38.348 | WARNING (151978, stable_pretraining.callbacks.cpu_offload) |   - float at 'optimizer_states[0].param_groups[0].weight_decay'
21:54:38.349 | WARNING (151978, stable_pretraining.callbacks.cpu_offload) |   - bool at 'optimizer_states[0].param_groups[0].amsgrad'
21:54:38.349 | WARNING (151978, stable_pretraining.callbacks.cpu_offload) |   - bool at 'optimizer_states[0].param_groups[0].maximize'
21:54:38.349 | WARNING (151978, stable_pretraining.callbacks.cpu_offload) |   - NoneType at 'optimizer_states[0].param_groups[0].foreach'
21:54:38.349 | WARNING (151978, stable_pretraining.callbacks.cpu_offload) |   - bool at 'optimizer_states[0].param_groups[0].capturable'
21:54:38.349 | WARNING (151978, stable_pretraining.callbacks.cpu_offload) |   - bool at 'optimizer_states[0].param_groups[0].differentiable'
21:54:38.349 | WARNING (151978, stable_pretraining.callbacks.cpu_offload) | ... (301 more skipped) ...
21:54:38.350 | WARNING (151978, stable_pretraining.callbacks.cpu_offload) | Last 10 skipped objects:
21:54:38.350 | WARNING (151978, stable_pretraining.callbacks.cpu_offload) |   - int at 'optimizer_states[0].param_groups[0].params[298]'
21:54:38.350 | WARNING (151978, stable_pretraining.callbacks.cpu_offload) |   - int at 'lr_schedulers[0].warmup_steps'
21:54:38.350 | WARNING (151978, stable_pretraining.callbacks.cpu_offload) |   - int at 'lr_schedulers[0].max_steps'
21:54:38.350 | WARNING (151978, stable_pretraining.callbacks.cpu_offload) |   - float at 'lr_schedulers[0].warmup_start_lr'
21:54:38.351 | WARNING (151978, stable_pretraining.callbacks.cpu_offload) |   - float at 'lr_schedulers[0].eta_min'
21:54:38.351 | WARNING (151978, stable_pretraining.callbacks.cpu_offload) |   - float at 'lr_schedulers[0].base_lrs[0]'
21:54:38.351 | WARNING (151978, stable_pretraining.callbacks.cpu_offload) |   - int at 'lr_schedulers[0].last_epoch'
21:54:38.351 | WARNING (151978, stable_pretraining.callbacks.cpu_offload) |   - int at 'lr_schedulers[0]._step_count'
21:54:38.351 | WARNING (151978, stable_pretraining.callbacks.cpu_offload) |   - bool at 'lr_schedulers[0]._get_lr_called_within_step'
21:54:38.352 | WARNING (151978, stable_pretraining.callbacks.cpu_offload) |   - float at 'lr_schedulers[0]._last_lr[0]'
21:54:38.352 | INFO    (151978, stable_pretraining.callbacks.cpu_offload) | To see all 321 skipped objects, set log_skipped=True
21:54:38.352 | INFO    (151978, stable_pretraining.callbacks.cpu_offload) | GPU memory after offload:
21:54:38.353 | INFO    (151978, stable_pretraining.callbacks.cpu_offload) |   - Allocated: 0.24 GB
21:54:38.353 | INFO    (151978, stable_pretraining.callbacks.cpu_offload) |   - Reserved: 16.63 GB
21:54:38.353 | INFO    (151978, stable_pretraining.callbacks.cpu_offload) | GPU memory freed: 0.00 GB
21:54:38.353 | SUCCESS (151978, stable_pretraining.callbacks.cpu_offload) | CPUOffloadCallback: Checkpoint #20 completed in 0.46s
21:54:38.353 | INFO    (151978, stable_pretraining.callbacks.cpu_offload) | Successfully processed keys: ['state_dict', 'optimizer_states', 'lr_schedulers']
21:54:38.354 | INFO    (151978, stable_pretraining.callbacks.cpu_offload) | Cumulative stats:
21:54:38.354 | INFO    (151978, stable_pretraining.callbacks.cpu_offload) |   - Total checkpoints saved: 20
21:54:38.354 | INFO    (151978, stable_pretraining.callbacks.cpu_offload) |   - Total time in offload: 13.99s
21:54:38.354 | INFO    (151978, stable_pretraining.callbacks.cpu_offload) |   - Total memory freed: 0.00 GB
21:54:38.354 | INFO    (151978, stable_pretraining.callbacks.cpu_offload) |   - Average time per checkpoint: 0.70s
21:54:38.354 | INFO    (151978, stable_pretraining.callbacks.cpu_offload) | ============================================================
`Trainer.fit` stopped: `max_epochs=10` reached.
21:54:39.673 | INFO    (151978, stable_pretraining.callbacks.cpu_offload) | ============================================================
21:54:39.673 | INFO    (151978, stable_pretraining.callbacks.cpu_offload) | CPUOffloadCallback: Training completed
21:54:39.673 | INFO    (151978, stable_pretraining.callbacks.cpu_offload) | Final statistics:
21:54:39.673 | INFO    (151978, stable_pretraining.callbacks.cpu_offload) |   - Total checkpoints saved: 20
21:54:39.673 | INFO    (151978, stable_pretraining.callbacks.cpu_offload) |   - Total time in offload: 13.99s
21:54:39.673 | INFO    (151978, stable_pretraining.callbacks.cpu_offload) |   - Total GPU memory freed: 0.00 GB
21:54:39.674 | INFO    (151978, stable_pretraining.callbacks.cpu_offload) |   - Average time per checkpoint: 0.70s
21:54:39.674 | INFO    (151978, stable_pretraining.callbacks.cpu_offload) |   - Average memory freed per checkpoint: 0.00 GB
21:54:39.674 | SUCCESS (151978, stable_pretraining.callbacks.cpu_offload) | CPUOffloadCallback: All checkpoints saved successfully
21:54:39.674 | INFO    (151978, stable_pretraining.callbacks.cpu_offload) | ============================================================
Epoch 9/9  ━━━━━━━━━━━━━━━━━━━━ 3483/3483 0:41:57 • 0:00:00 1.42it/s v_num: mu-4
21:54:40.628 | INFO    (151978, stable_pretraining.callbacks.cpu_offload) | CPUOffloadCallback: Teardown called for stage 'fit'
[1;34mwandb[0m: 
[1;34mwandb[0m: 🚀 View run [33mlewm_lp_p1.0_mu-4_pusht_expert[0m at: [34mhttps://wandb.ai/wms_at_iitb/le-wm/runs/lewm_lp_pusht_expert_mu-4[0m
TRAINING_EXITED_0
=== Tue Apr 21 21:54:47 UTC 2026 === ERROR: no checkpoints for mu=-4 (pattern lewm_lp_p1.0_mu-4_pusht_expert_epoch_*_object.ckpt) — skipping eval
================================================================
=== Tue Apr 21 21:54:47 UTC 2026 === START mu=-3   (model=lewm_lp_p1.0_mu-3_pusht_expert)
================================================================
[2026-04-21 21:55:08,569][root][INFO] - Cached 'action' from '/home/ubuntu/le-wm-palash/dataset/pusht_expert_train.h5'
[2026-04-21 21:55:10,127][root][INFO] - Cached 'proprio' from '/home/ubuntu/le-wm-palash/dataset/pusht_expert_train.h5'
[2026-04-21 21:55:11,142][root][INFO] - Cached 'state' from '/home/ubuntu/le-wm-palash/dataset/pusht_expert_train.h5'
21:55:11.765 | INFO    (308307, stable_pretraining.backbone.utils) | Created ViT-tiny from scratch with config: {'hidden_size': 192, 'num_hidden_layers': 12, 'num_attention_heads': 3, 'intermediate_size': 768, 'image_size': 112, 'patch_size': 14}
21:55:13.554 | INFO    (308307, stable_pretraining.data.module) | Setting up DataModule
21:55:13.555 | INFO    (308307, stable_pretraining.module) | Initializing Module configuration...
21:55:13.555 | WARNING (308307, stable_pretraining.module) | No hyperparameters provided - hyperparameter logging is disabled.
21:55:13.555 | INFO    (308307, stable_pretraining.module) | Setting custom forward method.
21:55:13.555 | INFO    (308307, stable_pretraining.module) | Setting attribute: self.model = <class 'torch._dynamo.eval_frame.OptimizedModule'>
21:55:13.555 | INFO    (308307, stable_pretraining.module) | Setting attribute: self.rdmreg = <class 'rdmreg.RDMReg'>
21:55:13.556 | INFO    (308307, stable_pretraining.module) | Setting attribute: self.optim = <class 'dict'>
21:55:13.556 | INFO    (308307, stable_pretraining.module) | No metrics configuration provided - automatic metric tracking is disabled.
wandb: WARNING The anonymous setting has no effect and will be removed in a future version.
wandb: [wandb.login()] Loaded credentials for https://api.wandb.ai from /home/ubuntu/.netrc.
wandb: Currently logged in as: narendraaironi (wms_at_iitb) to https://api.wandb.ai. Use `wandb login --relogin` to force relogin
wandb: setting up run lewm_lp_pusht_expert_mu-3
wandb: Tracking run with wandb version 0.26.0
wandb: Run data is saved locally in wandb/run-20260421_215513-lewm_lp_pusht_expert_mu-3
wandb: Run `wandb offline` to turn off syncing.
wandb: Resuming run lewm_lp_p1.0_mu-3_pusht_expert
wandb: ⭐️ View project at https://wandb.ai/wms_at_iitb/le-wm
wandb: 🚀 View run at https://wandb.ai/wms_at_iitb/le-wm/runs/lewm_lp_pusht_expert_mu-3
/home/ubuntu/miniconda3/envs/jepa-wms/lib/python3.10/site-packages/lightning/fabric/connector.py:571: `precision=bf16` is supported for historical reasons but its usage is discouraged. Please set your precision to bf16-mixed instead!
Using bfloat16 Automatic Mixed Precision (AMP)
21:55:15.816 | INFO    (308307, stable_pretraining.callbacks.env_info) | EnvironmentDumpCallback initialized (filename=environment.json, async=True)
21:55:15.816 | INFO    (308307, stable_pretraining.callbacks.cpu_offload) | ============================================================
21:55:15.817 | INFO    (308307, stable_pretraining.callbacks.cpu_offload) | Initializing CPUOffloadCallback
21:55:15.817 | INFO    (308307, stable_pretraining.callbacks.cpu_offload) | Configuration:
21:55:15.817 | INFO    (308307, stable_pretraining.callbacks.cpu_offload) |   - Offload keys: ['state_dict', 'optimizer_states', 'lr_schedulers']
21:55:15.817 | INFO    (308307, stable_pretraining.callbacks.cpu_offload) |   - Log all skipped objects: False
21:55:15.817 | INFO    (308307, stable_pretraining.callbacks.cpu_offload) |   - Will show first/last 10 skipped objects only
21:55:15.820 | SUCCESS (308307, stable_pretraining.callbacks.cpu_offload) | ✓ CUDA available: 1 GPU(s) detected
21:55:17.274 | INFO    (308307, stable_pretraining.callbacks.cpu_offload) |   - GPU 0: NVIDIA A100-SXM4-80GB (85.1 GB)
21:55:17.275 | SUCCESS (308307, stable_pretraining.callbacks.cpu_offload) | CPUOffloadCallback initialized successfully
21:55:17.275 | INFO    (308307, stable_pretraining.callbacks.cpu_offload) | ============================================================
Adding 10 callbacks from entry point 'stablepretraining_callbacks': ModuleRegistryCallback, LoggingCallback, EnvironmentDumpCallback, TrainerInfo, SklearnCheckpoint, WandbCheckpoint, ModuleSummary, SLURMInfo, LogUnusedParametersOnce, CPUOffloadCallback
GPU available: True (cuda), used: True
TPU available: False, using: 0 TPU cores
💡 Tip: For seamless cloud logging and experiment tracking, try installing [litlogger](https://pypi.org/project/litlogger/) to enable LitLogger, which logs metrics and artifacts automatically to the Lightning Experiments platform.
21:55:17.279 | WARNING (308307, stable_pretraining.manager) | User didn't specify seed, runs won't be exactly reproducible!
21:55:17.279 | INFO    (308307, stable_pretraining.manager) | 📁📁📁 CURRENT WORKING DIR: /home/ubuntu/le-wm-palash 📁📁📁
21:55:17.280 | INFO    (308307, stable_pretraining.manager) | 🌱🌱🌱 SEEDING EVERYTHING with self.seed=None 🌱🌱🌱
/home/ubuntu/miniconda3/envs/jepa-wms/lib/python3.10/site-packages/lightning/fabric/utilities/seed.py:44: No seed found, seed set to 0
Seed set to 0
21:55:17.298 | INFO    (308307, stable_pretraining.manager) | 📈📈📈 Using Wandb 📈📈📈
21:55:17.299 | INFO    (308307, stable_pretraining.manager) | 		a Wandb™ config is provided, not uploading Hydra's:
21:55:17.299 | INFO    (308307, stable_pretraining.manager) | 📈📈📈 WandbLogger setup 📈📈📈
21:55:17.299 | INFO    (308307, stable_pretraining.manager) | 📈📈📈 init={'name': 'lewm_lp_p1.0_mu-3_pusht_expert', 'project': 'le-wm', 'dir': '.', 'id': 'lewm_lp_pusht_expert_mu-3', 'resume': 'allow', 'anonymous': None, 'entity': 'wms_at_iitb'} 📈📈📈
21:55:17.299 | INFO    (308307, stable_pretraining.manager) | 	● 👂👂👂 SIGNALS HANDLERS 👂👂👂
21:55:17.299 | INFO    (308307, stable_pretraining.manager) | 		- SIGUSR1: `0`
21:55:17.300 | INFO    (308307, stable_pretraining.manager) | 		- SIGUSR2: `0`
21:55:17.300 | INFO    (308307, stable_pretraining.manager) | 		- SIGCONT: `0`
21:55:17.300 | INFO    (308307, stable_pretraining.manager) | 		- SIGTERM: `0`
21:55:17.300 | INFO    (308307, stable_pretraining.manager) | 	● 📞📞📞 CALLBACKS 📞📞📞
21:55:17.300 | INFO    (308307, stable_pretraining.manager) | 		 - we found 14 callbacks
21:55:17.301 | INFO    (308307, stable_pretraining.manager) | 	● 📞📞📞 CHECKPOINTING SETUP 📞📞📞
21:55:17.301 | WARNING (308307, stable_pretraining.manager) | 		 Checkpoint mismatch: `manager.ckpt_path` (/home/ubuntu/le-wm-palash/lewm-pusht/lewm_lp_p1.0_mu-3_pusht_expert_weights.ckpt) was provided, but no matching `ModelCheckpoint` callback was found.
21:55:17.301 | WARNING (308307, stable_pretraining.manager) | 		 Automatically creating a `ModelCheckpoint` to save to the specified path to prevent data loss.
21:55:17.302 | WARNING (308307, stable_pretraining.manager) | 		 - Automatic `ModelCheckpoint` callback has been added to the trainer.
21:55:17.302 | WARNING (308307, stable_pretraining.manager) | /home/ubuntu/le-wm-palash/lewm-pusht/lewm_lp_p1.0_mu-3_pusht_expert_weights.ckpt specified, but does not exist, using None for now!
21:55:17.303 | INFO    (308307, stable_pretraining.manager) | 📣📣📣 CALLING trainer.fit with ckpt_path=None 📣📣📣
💡 Tip: For seamless cloud uploads and versioning, try installing [litmodels](https://pypi.org/project/litmodels/) to enable LitModelCheckpoint, which syncs automatically with the Lightning model registry.
You are using a CUDA device ('NVIDIA A100-SXM4-80GB') that has Tensor Cores. To properly utilize them, you should set `torch.set_float32_matmul_precision('medium' | 'high')` which will trade-off precision for performance. For more details, read https://pytorch.org/docs/stable/generated/torch.set_float32_matmul_precision.html#torch.set_float32_matmul_precision
21:55:17.305 | INFO    (308307, stable_pretraining.data.module) | dataset for fit loaded!  ✅
21:55:17.305 | INFO    (308307, stable_pretraining.data.module) | 	● setup was done by user
21:55:17.305 | INFO    (308307, stable_pretraining.callbacks.env_info) | ======================================================================
21:55:17.305 | INFO    (308307, stable_pretraining.callbacks.env_info) | 🔍 Starting environment configuration dump...
21:55:17.305 | INFO    (308307, stable_pretraining.callbacks.env_info) | ======================================================================
21:55:17.306 | INFO    (308307, stable_pretraining.callbacks.env_info) | EnvironmentDumpCallback  log_dir=PosixPath('/home/ubuntu/le-wm-palash')
21:55:17.306 | INFO    (308307, stable_pretraining.callbacks.env_info) | ⚡ Running environment dump in background thread (non-blocking)
21:55:17.306 | INFO    (308307, stable_pretraining.callbacks.env_info) | 📁 Log directory: /home/ubuntu/le-wm-palash
21:55:17.307 | INFO    (308307, stable_pretraining.callbacks.env_info) | 📊 Collecting environment information...
21:55:17.307 | SUCCESS (308307, stable_pretraining.callbacks.env_info) | ✓ Background thread started successfully
21:55:17.308 | SUCCESS (308307, stable_pretraining.callbacks.env_info) |   ✓ Python 3.10.20
21:55:17.308 | INFO    (308307, stable_pretraining.callbacks.trainer_info) | 	 linking trainer to DataModule! 🔧
21:55:17.309 | SUCCESS (308307, stable_pretraining.callbacks.env_info) |   ✓ System: Linux 6.17.0-20-generic (x86_64)
21:55:17.309 | INFO    (308307, stable_pretraining.callbacks.checkpoint_sklearn) | Setting up SklearnCheckpoint callback!
21:55:17.310 | INFO    (308307, stable_pretraining.callbacks.env_info) |      Hostname: instance-0wzqq7mi-main
21:55:17.310 | INFO    (308307, stable_pretraining.callbacks.checkpoint_sklearn) | Sklearn Modules:
21:55:17.313 | INFO    (308307, stable_pretraining.callbacks.checkpoint_sklearn) | 
┏━━━━━━━━━━┳━━━━━━━━┳━━━━━━━━┓
┃ Module   ┃ Name   ┃ Type   ┃
┣━━━━━━━━━━╋━━━━━━━━╋━━━━━━━━┫
┗━━━━━━━━━━┻━━━━━━━━┻━━━━━━━━┛
21:55:17.313 | INFO    (308307, stable_pretraining.callbacks.checkpoint_sklearn) | Setting up WandbCheckpoint callback!
21:55:17.313 | INFO    (308307, stable_pretraining.callbacks.trainer_info) | PyTorch Modules:
21:55:17.314 | WARNING (308307, stable_pretraining.module) | You are calling self.parameters which also gives callbacks parameters, to remove then, pass `with_callbacks=False`
21:55:17.337 | INFO    (308307, stable_pretraining.callbacks.trainer_info) | \n+---------------------------------------------------------------------------+----------------------+--------------------------+--------------------------+---------+
| Module                                                                    | Trainable parameters | Non Trainable parameters | Uninitialized parameters | Buffers |
+---------------------------------------------------------------------------+----------------------+--------------------------+--------------------------+---------+
|                                                                           |             18588206 |                        0 |                        0 |    8194 |
| callbacks_modules                                                         |                    0 |                        0 |                        0 |       0 |
| callbacks_metrics                                                         |                    0 |                        0 |                        0 |       0 |
| model                                                                     |             18588206 |                        0 |                        0 |    8194 |
| model._orig_mod                                                           |             18588206 |                        0 |                        0 |    8194 |
| model._orig_mod.encoder                                                   |              5464512 |                        0 |                        0 |       0 |
| model._orig_mod.encoder.embeddings                                        |               125760 |                        0 |                        0 |       0 |
| model._orig_mod.encoder.embeddings.patch_embeddings                       |               113088 |                        0 |                        0 |       0 |
| model._orig_mod.encoder.embeddings.patch_embeddings.projection            |               113088 |                        0 |                        0 |       0 |
| model._orig_mod.encoder.embeddings.dropout                                |                    0 |                        0 |                        0 |       0 |
| model._orig_mod.encoder.encoder                                           |              5338368 |                        0 |                        0 |       0 |
| model._orig_mod.encoder.encoder.layer                                     |              5338368 |                        0 |                        0 |       0 |
| model._orig_mod.encoder.encoder.layer.0                                   |               444864 |                        0 |                        0 |       0 |
| model._orig_mod.encoder.encoder.layer.0.attention                         |               148224 |                        0 |                        0 |       0 |
| model._orig_mod.encoder.encoder.layer.0.attention.attention               |               111168 |                        0 |                        0 |       0 |
| model._orig_mod.encoder.encoder.layer.0.attention.attention.query         |                37056 |                        0 |                        0 |       0 |
| model._orig_mod.encoder.encoder.layer.0.attention.attention.key           |                37056 |                        0 |                        0 |       0 |
| model._orig_mod.encoder.encoder.layer.0.attention.attention.value         |                37056 |                        0 |                        0 |       0 |
| model._orig_mod.encoder.encoder.layer.0.attention.output                  |                37056 |                        0 |                        0 |       0 |
| model._orig_mod.encoder.encoder.layer.0.attention.output.dense            |                37056 |                        0 |                        0 |       0 |
| model._orig_mod.encoder.encoder.layer.0.attention.output.dropout          |                    0 |                        0 |                        0 |       0 |
| model._orig_mod.encoder.encoder.layer.0.intermediate                      |               148224 |                        0 |                        0 |       0 |
| model._orig_mod.encoder.encoder.layer.0.intermediate.dense                |               148224 |                        0 |                        0 |       0 |
| model._orig_mod.encoder.encoder.layer.0.intermediate.intermediate_act_fn  |                    0 |                        0 |                        0 |       0 |
| model._orig_mod.encoder.encoder.layer.0.output                            |               147648 |                        0 |                        0 |       0 |
| model._orig_mod.encoder.encoder.layer.0.output.dense                      |               147648 |                        0 |                        0 |       0 |
| model._orig_mod.encoder.encoder.layer.0.output.dropout                    |                    0 |                        0 |                        0 |       0 |
| model._orig_mod.encoder.encoder.layer.0.layernorm_before                  |                  384 |                        0 |                        0 |       0 |
| model._orig_mod.encoder.encoder.layer.0.layernorm_after                   |                  384 |                        0 |                        0 |       0 |
| model._orig_mod.encoder.encoder.layer.1                                   |               444864 |                        0 |                        0 |       0 |
| model._orig_mod.encoder.encoder.layer.1.attention                         |               148224 |                        0 |                        0 |       0 |
| model._orig_mod.encoder.encoder.layer.1.attention.attention               |               111168 |                        0 |                        0 |       0 |
| model._orig_mod.encoder.encoder.layer.1.attention.attention.query         |                37056 |                        0 |                        0 |       0 |
| model._orig_mod.encoder.encoder.layer.1.attention.attention.key           |                37056 |                        0 |                        0 |       0 |
| model._orig_mod.encoder.encoder.layer.1.attention.attention.value         |                37056 |                        0 |                        0 |       0 |
| model._orig_mod.encoder.encoder.layer.1.attention.output                  |                37056 |                        0 |                        0 |       0 |
| model._orig_mod.encoder.encoder.layer.1.attention.output.dense            |                37056 |                        0 |                        0 |       0 |
| model._orig_mod.encoder.encoder.layer.1.attention.output.dropout          |                    0 |                        0 |                        0 |       0 |
| model._orig_mod.encoder.encoder.layer.1.intermediate                      |               148224 |                        0 |                        0 |       0 |
| model._orig_mod.encoder.encoder.layer.1.intermediate.dense                |               148224 |                        0 |                        0 |       0 |
| model._orig_mod.encoder.encoder.layer.1.intermediate.intermediate_act_fn  |                    0 |                        0 |                        0 |       0 |
| model._orig_mod.encoder.encoder.layer.1.output                            |               147648 |                        0 |                        0 |       0 |
| model._orig_mod.encoder.encoder.layer.1.output.dense                      |               147648 |                        0 |                        0 |       0 |
| model._orig_mod.encoder.encoder.layer.1.output.dropout                    |                    0 |                        0 |                        0 |       0 |
| model._orig_mod.encoder.encoder.layer.1.layernorm_before                  |                  384 |                        0 |                        0 |       0 |
| model._orig_mod.encoder.encoder.layer.1.layernorm_after                   |                  384 |                        0 |                        0 |       0 |
| model._orig_mod.encoder.encoder.layer.2                                   |               444864 |                        0 |                        0 |       0 |
| model._orig_mod.encoder.encoder.layer.2.attention                         |               148224 |                        0 |                        0 |       0 |
| model._orig_mod.encoder.encoder.layer.2.attention.attention               |               111168 |                        0 |                        0 |       0 |
| model._orig_mod.encoder.encoder.layer.2.attention.attention.query         |                37056 |                        0 |                        0 |       0 |
| model._orig_mod.encoder.encoder.layer.2.attention.attention.key           |                37056 |                        0 |                        0 |       0 |
| model._orig_mod.encoder.encoder.layer.2.attention.attention.value         |                37056 |                        0 |                        0 |       0 |
| model._orig_mod.encoder.encoder.layer.2.attention.output                  |                37056 |                        0 |                        0 |       0 |
| model._orig_mod.encoder.encoder.layer.2.attention.output.dense            |                37056 |                        0 |                        0 |       0 |
| model._orig_mod.encoder.encoder.layer.2.attention.output.dropout          |                    0 |                        0 |                        0 |       0 |
| model._orig_mod.encoder.encoder.layer.2.intermediate                      |               148224 |                        0 |                        0 |       0 |
| model._orig_mod.encoder.encoder.layer.2.intermediate.dense                |               148224 |                        0 |                        0 |       0 |
| model._orig_mod.encoder.encoder.layer.2.intermediate.intermediate_act_fn  |                    0 |                        0 |                        0 |       0 |
| model._orig_mod.encoder.encoder.layer.2.output                            |               147648 |                        0 |                        0 |       0 |
| model._orig_mod.encoder.encoder.layer.2.output.dense                      |               147648 |                        0 |                        0 |       0 |
| model._orig_mod.encoder.encoder.layer.2.output.dropout                    |                    0 |                        0 |                        0 |       0 |
| model._orig_mod.encoder.encoder.layer.2.layernorm_before                  |                  384 |                        0 |                        0 |       0 |
| model._orig_mod.encoder.encoder.layer.2.layernorm_after                   |                  384 |                        0 |                        0 |       0 |
| model._orig_mod.encoder.encoder.layer.3                                   |               444864 |                        0 |                        0 |       0 |
| model._orig_mod.encoder.encoder.layer.3.attention                         |               148224 |                        0 |                        0 |       0 |
| model._orig_mod.encoder.encoder.layer.3.attention.attention               |               111168 |                        0 |                        0 |       0 |
| model._orig_mod.encoder.encoder.layer.3.attention.attention.query         |                37056 |                        0 |                        0 |       0 |
| model._orig_mod.encoder.encoder.layer.3.attention.attention.key           |                37056 |                        0 |                        0 |       0 |
| model._orig_mod.encoder.encoder.layer.3.attention.attention.value         |                37056 |                        0 |                        0 |       0 |
| model._orig_mod.encoder.encoder.layer.3.attention.output                  |                37056 |                        0 |                        0 |       0 |
| model._orig_mod.encoder.encoder.layer.3.attention.output.dense            |                37056 |                        0 |                        0 |       0 |
| model._orig_mod.encoder.encoder.layer.3.attention.output.dropout          |                    0 |                        0 |                        0 |       0 |
| model._orig_mod.encoder.encoder.layer.3.intermediate                      |               148224 |                        0 |                        0 |       0 |
| model._orig_mod.encoder.encoder.layer.3.intermediate.dense                |               148224 |                        0 |                        0 |       0 |
| model._orig_mod.encoder.encoder.layer.3.intermediate.intermediate_act_fn  |                    0 |                        0 |                        0 |       0 |
| model._orig_mod.encoder.encoder.layer.3.output                            |               147648 |                        0 |                        0 |       0 |
| model._orig_mod.encoder.encoder.layer.3.output.dense                      |               147648 |                        0 |                        0 |       0 |
| model._orig_mod.encoder.encoder.layer.3.output.dropout                    |                    0 |                        0 |                        0 |       0 |
| model._orig_mod.encoder.encoder.layer.3.layernorm_before                  |                  384 |                        0 |                        0 |       0 |
| model._orig_mod.encoder.encoder.layer.3.layernorm_after                   |                  384 |                        0 |                        0 |       0 |
| model._orig_mod.encoder.encoder.layer.4                                   |               444864 |                        0 |                        0 |       0 |
| model._orig_mod.encoder.encoder.layer.4.attention                         |               148224 |                        0 |                        0 |       0 |
| model._orig_mod.encoder.encoder.layer.4.attention.attention               |               111168 |                        0 |                        0 |       0 |
| model._orig_mod.encoder.encoder.layer.4.attention.attention.query         |                37056 |                        0 |                        0 |       0 |
| model._orig_mod.encoder.encoder.layer.4.attention.attention.key           |                37056 |                        0 |                        0 |       0 |
| model._orig_mod.encoder.encoder.layer.4.attention.attention.value         |                37056 |                        0 |                        0 |       0 |
| model._orig_mod.encoder.encoder.layer.4.attention.output                  |                37056 |                        0 |                        0 |       0 |
| model._orig_mod.encoder.encoder.layer.4.attention.output.dense            |                37056 |                        0 |                        0 |       0 |
| model._orig_mod.encoder.encoder.layer.4.attention.output.dropout          |                    0 |                        0 |                        0 |       0 |
| model._orig_mod.encoder.encoder.layer.4.intermediate                      |               148224 |                        0 |                        0 |       0 |
| model._orig_mod.encoder.encoder.layer.4.intermediate.dense                |               148224 |                        0 |                        0 |       0 |
| model._orig_mod.encoder.encoder.layer.4.intermediate.intermediate_act_fn  |                    0 |                        0 |                        0 |       0 |
| model._orig_mod.encoder.encoder.layer.4.output                            |               147648 |                        0 |                        0 |       0 |
| model._orig_mod.encoder.encoder.layer.4.output.dense                      |               147648 |                        0 |                        0 |       0 |
| model._orig_mod.encoder.encoder.layer.4.output.dropout                    |                    0 |                        0 |                        0 |       0 |
| model._orig_mod.encoder.encoder.layer.4.layernorm_before                  |                  384 |                        0 |                        0 |       0 |
| model._orig_mod.encoder.encoder.layer.4.layernorm_after                   |                  384 |                        0 |                        0 |       0 |
| model._orig_mod.encoder.encoder.layer.5                                   |               444864 |                        0 |                        0 |       0 |
| model._orig_mod.encoder.encoder.layer.5.attention                         |               148224 |                        0 |                        0 |       0 |
| model._orig_mod.encoder.encoder.layer.5.attention.attention               |               111168 |                        0 |                        0 |       0 |
| model._orig_mod.encoder.encoder.layer.5.attention.attention.query         |                37056 |                        0 |                        0 |       0 |
| model._orig_mod.encoder.encoder.layer.5.attention.attention.key           |                37056 |                        0 |                        0 |       0 |
| model._orig_mod.encoder.encoder.layer.5.attention.attention.value         |                37056 |                        0 |                        0 |       0 |
| model._orig_mod.encoder.encoder.layer.5.attention.output                  |                37056 |                        0 |                        0 |       0 |
| model._orig_mod.encoder.encoder.layer.5.attention.output.dense            |                37056 |                        0 |                        0 |       0 |
| model._orig_mod.encoder.encoder.layer.5.attention.output.dropout          |                    0 |                        0 |                        0 |       0 |
| model._orig_mod.encoder.encoder.layer.5.intermediate                      |               148224 |                        0 |                        0 |       0 |
| model._orig_mod.encoder.encoder.layer.5.intermediate.dense                |               148224 |                        0 |                        0 |       0 |
| model._orig_mod.encoder.encoder.layer.5.intermediate.intermediate_act_fn  |                    0 |                        0 |                        0 |       0 |
| model._orig_mod.encoder.encoder.layer.5.output                            |               147648 |                        0 |                        0 |       0 |
| model._orig_mod.encoder.encoder.layer.5.output.dense                      |               147648 |                        0 |                        0 |       0 |
| model._orig_mod.encoder.encoder.layer.5.output.dropout                    |                    0 |                        0 |                        0 |       0 |
| model._orig_mod.encoder.encoder.layer.5.layernorm_before                  |                  384 |                        0 |                        0 |       0 |
| model._orig_mod.encoder.encoder.layer.5.layernorm_after                   |                  384 |                        0 |                        0 |       0 |
| model._orig_mod.encoder.encoder.layer.6                                   |               444864 |                        0 |                        0 |       0 |
| model._orig_mod.encoder.encoder.layer.6.attention                         |               148224 |                        0 |                        0 |       0 |
| model._orig_mod.encoder.encoder.layer.6.attention.attention               |               111168 |                        0 |                        0 |       0 |
| model._orig_mod.encoder.encoder.layer.6.attention.attention.query         |                37056 |                        0 |                        0 |       0 |
| model._orig_mod.encoder.encoder.layer.6.attention.attention.key           |                37056 |                        0 |                        0 |       0 |
| model._orig_mod.encoder.encoder.layer.6.attention.attention.value         |                37056 |                        0 |                        0 |       0 |
| model._orig_mod.encoder.encoder.layer.6.attention.output                  |                37056 |                        0 |                        0 |       0 |
| model._orig_mod.encoder.encoder.layer.6.attention.output.dense            |                37056 |                        0 |                        0 |       0 |
| model._orig_mod.encoder.encoder.layer.6.attention.output.dropout          |                    0 |                        0 |                        0 |       0 |
| model._orig_mod.encoder.encoder.layer.6.intermediate                      |               148224 |                        0 |                        0 |       0 |
| model._orig_mod.encoder.encoder.layer.6.intermediate.dense                |               148224 |                        0 |                        0 |       0 |
| model._orig_mod.encoder.encoder.layer.6.intermediate.intermediate_act_fn  |                    0 |                        0 |                        0 |       0 |
| model._orig_mod.encoder.encoder.layer.6.output                            |               147648 |                        0 |                        0 |       0 |
| model._orig_mod.encoder.encoder.layer.6.output.dense                      |               147648 |                        0 |                        0 |       0 |
| model._orig_mod.encoder.encoder.layer.6.output.dropout                    |                    0 |                        0 |                        0 |       0 |
| model._orig_mod.encoder.encoder.layer.6.layernorm_before                  |                  384 |                        0 |                        0 |       0 |
| model._orig_mod.encoder.encoder.layer.6.layernorm_after                   |                  384 |                        0 |                        0 |       0 |
| model._orig_mod.encoder.encoder.layer.7                                   |               444864 |                        0 |                        0 |       0 |
| model._orig_mod.encoder.encoder.layer.7.attention                         |               148224 |                        0 |                        0 |       0 |
| model._orig_mod.encoder.encoder.layer.7.attention.attention               |               111168 |                        0 |                        0 |       0 |
| model._orig_mod.encoder.encoder.layer.7.attention.attention.query         |                37056 |                        0 |                        0 |       0 |
| model._orig_mod.encoder.encoder.layer.7.attention.attention.key           |                37056 |                        0 |                        0 |       0 |
| model._orig_mod.encoder.encoder.layer.7.attention.attention.value         |                37056 |                        0 |                        0 |       0 |
| model._orig_mod.encoder.encoder.layer.7.attention.output                  |                37056 |                        0 |                        0 |       0 |
| model._orig_mod.encoder.encoder.layer.7.attention.output.dense            |                37056 |                        0 |                        0 |       0 |
| model._orig_mod.encoder.encoder.layer.7.attention.output.dropout          |                    0 |                        0 |                        0 |       0 |
| model._orig_mod.encoder.encoder.layer.7.intermediate                      |               148224 |                        0 |                        0 |       0 |
| model._orig_mod.encoder.encoder.layer.7.intermediate.dense                |               148224 |                        0 |                        0 |       0 |
| model._orig_mod.encoder.encoder.layer.7.intermediate.intermediate_act_fn  |                    0 |                        0 |                        0 |       0 |
| model._orig_mod.encoder.encoder.layer.7.output                            |               147648 |                        0 |                        0 |       0 |
| model._orig_mod.encoder.encoder.layer.7.output.dense                      |               147648 |                        0 |                        0 |       0 |
| model._orig_mod.encoder.encoder.layer.7.output.dropout                    |                    0 |                        0 |                        0 |       0 |
| model._orig_mod.encoder.encoder.layer.7.layernorm_before                  |                  384 |                        0 |                        0 |       0 |
| model._orig_mod.encoder.encoder.layer.7.layernorm_after                   |                  384 |                        0 |                        0 |       0 |
| model._orig_mod.encoder.encoder.layer.8                                   |               444864 |                        0 |                        0 |       0 |
| model._orig_mod.encoder.encoder.layer.8.attention                         |               148224 |                        0 |                        0 |       0 |
| model._orig_mod.encoder.encoder.layer.8.attention.attention               |               111168 |                        0 |                        0 |       0 |
| model._orig_mod.encoder.encoder.layer.8.attention.attention.query         |                37056 |                        0 |                        0 |       0 |
| model._orig_mod.encoder.encoder.layer.8.attention.attention.key           |                37056 |                        0 |                        0 |       0 |
| model._orig_mod.encoder.encoder.layer.8.attention.attention.value         |                37056 |                        0 |                        0 |       0 |
| model._orig_mod.encoder.encoder.layer.8.attention.output                  |                37056 |                        0 |                        0 |       0 |
| model._orig_mod.encoder.encoder.layer.8.attention.output.dense            |                37056 |                        0 |                        0 |       0 |
| model._orig_mod.encoder.encoder.layer.8.attention.output.dropout          |                    0 |                        0 |                        0 |       0 |
| model._orig_mod.encoder.encoder.layer.8.intermediate                      |               148224 |                        0 |                        0 |       0 |
| model._orig_mod.encoder.encoder.layer.8.intermediate.dense                |               148224 |                        0 |                        0 |       0 |
| model._orig_mod.encoder.encoder.layer.8.intermediate.intermediate_act_fn  |                    0 |                        0 |                        0 |       0 |
| model._orig_mod.encoder.encoder.layer.8.output                            |               147648 |                        0 |                        0 |       0 |
| model._orig_mod.encoder.encoder.layer.8.output.dense                      |               147648 |                        0 |                        0 |       0 |
| model._orig_mod.encoder.encoder.layer.8.output.dropout                    |                    0 |                        0 |                        0 |       0 |
| model._orig_mod.encoder.encoder.layer.8.layernorm_before                  |                  384 |                        0 |                        0 |       0 |
| model._orig_mod.encoder.encoder.layer.8.layernorm_after                   |                  384 |                        0 |                        0 |       0 |
| model._orig_mod.encoder.encoder.layer.9                                   |               444864 |                        0 |                        0 |       0 |
| model._orig_mod.encoder.encoder.layer.9.attention                         |               148224 |                        0 |                        0 |       0 |
| model._orig_mod.encoder.encoder.layer.9.attention.attention               |               111168 |                        0 |                        0 |       0 |
| model._orig_mod.encoder.encoder.layer.9.attention.attention.query         |                37056 |                        0 |                        0 |       0 |
| model._orig_mod.encoder.encoder.layer.9.attention.attention.key           |                37056 |                        0 |                        0 |       0 |
| model._orig_mod.encoder.encoder.layer.9.attention.attention.value         |                37056 |                        0 |                        0 |       0 |
| model._orig_mod.encoder.encoder.layer.9.attention.output                  |                37056 |                        0 |                        0 |       0 |
| model._orig_mod.encoder.encoder.layer.9.attention.output.dense            |                37056 |                        0 |                        0 |       0 |
| model._orig_mod.encoder.encoder.layer.9.attention.output.dropout          |                    0 |                        0 |                        0 |       0 |
| model._orig_mod.encoder.encoder.layer.9.intermediate                      |               148224 |                        0 |                        0 |       0 |
| model._orig_mod.encoder.encoder.layer.9.intermediate.dense                |               148224 |                        0 |                        0 |       0 |
| model._orig_mod.encoder.encoder.layer.9.intermediate.intermediate_act_fn  |                    0 |                        0 |                        0 |       0 |
| model._orig_mod.encoder.encoder.layer.9.output                            |               147648 |                        0 |                        0 |       0 |
| model._orig_mod.encoder.encoder.layer.9.output.dense                      |               147648 |                        0 |                        0 |       0 |
| model._orig_mod.encoder.encoder.layer.9.output.dropout                    |                    0 |                        0 |                        0 |       0 |
| model._orig_mod.encoder.encoder.layer.9.layernorm_before                  |                  384 |                        0 |                        0 |       0 |
| model._orig_mod.encoder.encoder.layer.9.layernorm_after                   |                  384 |                        0 |                        0 |       0 |
| model._orig_mod.encoder.encoder.layer.10                                  |               444864 |                        0 |                        0 |       0 |
| model._orig_mod.encoder.encoder.layer.10.attention                        |               148224 |                        0 |                        0 |       0 |
| model._orig_mod.encoder.encoder.layer.10.attention.attention              |               111168 |                        0 |                        0 |       0 |
| model._orig_mod.encoder.encoder.layer.10.attention.attention.query        |                37056 |                        0 |                        0 |       0 |
| model._orig_mod.encoder.encoder.layer.10.attention.attention.key          |                37056 |                        0 |                        0 |       0 |
| model._orig_mod.encoder.encoder.layer.10.attention.attention.value        |                37056 |                        0 |                        0 |       0 |
| model._orig_mod.encoder.encoder.layer.10.attention.output                 |                37056 |                        0 |                        0 |       0 |
| model._orig_mod.encoder.encoder.layer.10.attention.output.dense           |                37056 |                        0 |                        0 |       0 |
| model._orig_mod.encoder.encoder.layer.10.attention.output.dropout         |                    0 |                        0 |                        0 |       0 |
| model._orig_mod.encoder.encoder.layer.10.intermediate                     |               148224 |                        0 |                        0 |       0 |
| model._orig_mod.encoder.encoder.layer.10.intermediate.dense               |               148224 |                        0 |                        0 |       0 |
| model._orig_mod.encoder.encoder.layer.10.intermediate.intermediate_act_fn |                    0 |                        0 |                        0 |       0 |
| model._orig_mod.encoder.encoder.layer.10.output                           |               147648 |                        0 |                        0 |       0 |
| model._orig_mod.encoder.encoder.layer.10.output.dense                     |               147648 |                        0 |                        0 |       0 |
| model._orig_mod.encoder.encoder.layer.10.output.dropout                   |                    0 |                        0 |                        0 |       0 |
| model._orig_mod.encoder.encoder.layer.10.layernorm_before                 |                  384 |                        0 |                        0 |       0 |
| model._orig_mod.encoder.encoder.layer.10.layernorm_after                  |                  384 |                        0 |                        0 |       0 |
| model._orig_mod.encoder.encoder.layer.11                                  |               444864 |                        0 |                        0 |       0 |
| model._orig_mod.encoder.encoder.layer.11.attention                        |               148224 |                        0 |                        0 |       0 |
| model._orig_mod.encoder.encoder.layer.11.attention.attention              |               111168 |                        0 |                        0 |       0 |
| model._orig_mod.encoder.encoder.layer.11.attention.attention.query        |                37056 |                        0 |                        0 |       0 |
| model._orig_mod.encoder.encoder.layer.11.attention.attention.key          |                37056 |                        0 |                        0 |       0 |
| model._orig_mod.encoder.encoder.layer.11.attention.attention.value        |                37056 |                        0 |                        0 |       0 |
| model._orig_mod.encoder.encoder.layer.11.attention.output                 |                37056 |                        0 |                        0 |       0 |
| model._orig_mod.encoder.encoder.layer.11.attention.output.dense           |                37056 |                        0 |                        0 |       0 |
| model._orig_mod.encoder.encoder.layer.11.attention.output.dropout         |                    0 |                        0 |                        0 |       0 |
| model._orig_mod.encoder.encoder.layer.11.intermediate                     |               148224 |                        0 |                        0 |       0 |
| model._orig_mod.encoder.encoder.layer.11.intermediate.dense               |               148224 |                        0 |                        0 |       0 |
| model._orig_mod.encoder.encoder.layer.11.intermediate.intermediate_act_fn |                    0 |                        0 |                        0 |       0 |
| model._orig_mod.encoder.encoder.layer.11.output                           |               147648 |                        0 |                        0 |       0 |
| model._orig_mod.encoder.encoder.layer.11.output.dense                     |               147648 |                        0 |                        0 |       0 |
| model._orig_mod.encoder.encoder.layer.11.output.dropout                   |                    0 |                        0 |                        0 |       0 |
| model._orig_mod.encoder.encoder.layer.11.layernorm_before                 |                  384 |                        0 |                        0 |       0 |
| model._orig_mod.encoder.encoder.layer.11.layernorm_after                  |                  384 |                        0 |                        0 |       0 |
| model._orig_mod.encoder.layernorm                                         |                  384 |                        0 |                        0 |       0 |
| model._orig_mod.predictor                                                 |             10791360 |                        0 |                        0 |       0 |
| model._orig_mod.predictor.dropout                                         |                    0 |                        0 |                        0 |       0 |
| model._orig_mod.predictor.transformer                                     |             10790784 |                        0 |                        0 |       0 |
| model._orig_mod.predictor.transformer.norm                                |                  384 |                        0 |                        0 |       0 |
| model._orig_mod.predictor.transformer.layers                              |             10790400 |                        0 |                        0 |       0 |
| model._orig_mod.predictor.transformer.layers.0                            |              1798400 |                        0 |                        0 |       0 |
| model._orig_mod.predictor.transformer.layers.0.attn                       |               787008 |                        0 |                        0 |       0 |
| model._orig_mod.predictor.transformer.layers.0.attn.norm                  |                  384 |                        0 |                        0 |       0 |
| model._orig_mod.predictor.transformer.layers.0.attn.attend                |                    0 |                        0 |                        0 |       0 |
| model._orig_mod.predictor.transformer.layers.0.attn.to_qkv                |               589824 |                        0 |                        0 |       0 |
| model._orig_mod.predictor.transformer.layers.0.attn.to_out                |               196800 |                        0 |                        0 |       0 |
| model._orig_mod.predictor.transformer.layers.0.attn.to_out.0              |               196800 |                        0 |                        0 |       0 |
| model._orig_mod.predictor.transformer.layers.0.attn.to_out.1              |                    0 |                        0 |                        0 |       0 |
| model._orig_mod.predictor.transformer.layers.0.mlp                        |               789056 |                        0 |                        0 |       0 |
| model._orig_mod.predictor.transformer.layers.0.mlp.net                    |               789056 |                        0 |                        0 |       0 |
| model._orig_mod.predictor.transformer.layers.0.mlp.net.0                  |                  384 |                        0 |                        0 |       0 |
| model._orig_mod.predictor.transformer.layers.0.mlp.net.1                  |               395264 |                        0 |                        0 |       0 |
| model._orig_mod.predictor.transformer.layers.0.mlp.net.2                  |                    0 |                        0 |                        0 |       0 |
| model._orig_mod.predictor.transformer.layers.0.mlp.net.3                  |                    0 |                        0 |                        0 |       0 |
| model._orig_mod.predictor.transformer.layers.0.mlp.net.4                  |               393408 |                        0 |                        0 |       0 |
| model._orig_mod.predictor.transformer.layers.0.mlp.net.5                  |                    0 |                        0 |                        0 |       0 |
| model._orig_mod.predictor.transformer.layers.0.norm1                      |                    0 |                        0 |                        0 |       0 |
| model._orig_mod.predictor.transformer.layers.0.norm2                      |                    0 |                        0 |                        0 |       0 |
| model._orig_mod.predictor.transformer.layers.0.adaLN_modulation           |               222336 |                        0 |                        0 |       0 |
| model._orig_mod.predictor.transformer.layers.0.adaLN_modulation.0         |                    0 |                        0 |                        0 |       0 |
| model._orig_mod.predictor.transformer.layers.0.adaLN_modulation.1         |               222336 |                        0 |                        0 |       0 |
| model._orig_mod.predictor.transformer.layers.1                            |              1798400 |                        0 |                        0 |       0 |
| model._orig_mod.predictor.transformer.layers.1.attn                       |               787008 |                        0 |                        0 |       0 |
| model._orig_mod.predictor.transformer.layers.1.attn.norm                  |                  384 |                        0 |                        0 |       0 |
| model._orig_mod.predictor.transformer.layers.1.attn.attend                |                    0 |                        0 |                        0 |       0 |
| model._orig_mod.predictor.transformer.layers.1.attn.to_qkv                |               589824 |                        0 |                        0 |       0 |
| model._orig_mod.predictor.transformer.layers.1.attn.to_out                |               196800 |                        0 |                        0 |       0 |
| model._orig_mod.predictor.transformer.layers.1.attn.to_out.0              |               196800 |                        0 |                        0 |       0 |
| model._orig_mod.predictor.transformer.layers.1.attn.to_out.1              |                    0 |                        0 |                        0 |       0 |
| model._orig_mod.predictor.transformer.layers.1.mlp                        |               789056 |                        0 |                        0 |       0 |
| model._orig_mod.predictor.transformer.layers.1.mlp.net                    |               789056 |                        0 |                        0 |       0 |
| model._orig_mod.predictor.transformer.layers.1.mlp.net.0                  |                  384 |                        0 |                        0 |       0 |
| model._orig_mod.predictor.transformer.layers.1.mlp.net.1                  |               395264 |                        0 |                        0 |       0 |
| model._orig_mod.predictor.transformer.layers.1.mlp.net.2                  |                    0 |                        0 |                        0 |       0 |
| model._orig_mod.predictor.transformer.layers.1.mlp.net.3                  |                    0 |                        0 |                        0 |       0 |
| model._orig_mod.predictor.transformer.layers.1.mlp.net.4                  |               393408 |                        0 |                        0 |       0 |
| model._orig_mod.predictor.transformer.layers.1.mlp.net.5                  |                    0 |                        0 |                        0 |       0 |
| model._orig_mod.predictor.transformer.layers.1.norm1                      |                    0 |                        0 |                        0 |       0 |
| model._orig_mod.predictor.transformer.layers.1.norm2                      |                    0 |                        0 |                        0 |       0 |
| model._orig_mod.predictor.transformer.layers.1.adaLN_modulation           |               222336 |                        0 |                        0 |       0 |
| model._orig_mod.predictor.transformer.layers.1.adaLN_modulation.0         |                    0 |                        0 |                        0 |       0 |
| model._orig_mod.predictor.transformer.layers.1.adaLN_modulation.1         |               222336 |                        0 |                        0 |       0 |
| model._orig_mod.predictor.transformer.layers.2                            |              1798400 |                        0 |                        0 |       0 |
| model._orig_mod.predictor.transformer.layers.2.attn                       |               787008 |                        0 |                        0 |       0 |
| model._orig_mod.predictor.transformer.layers.2.attn.norm                  |                  384 |                        0 |                        0 |       0 |
| model._orig_mod.predictor.transformer.layers.2.attn.attend                |                    0 |                        0 |                        0 |       0 |
| model._orig_mod.predictor.transformer.layers.2.attn.to_qkv                |               589824 |                        0 |                        0 |       0 |
| model._orig_mod.predictor.transformer.layers.2.attn.to_out                |               196800 |                        0 |                        0 |       0 |
| model._orig_mod.predictor.transformer.layers.2.attn.to_out.0              |               196800 |                        0 |                        0 |       0 |
| model._orig_mod.predictor.transformer.layers.2.attn.to_out.1              |                    0 |                        0 |                        0 |       0 |
| model._orig_mod.predictor.transformer.layers.2.mlp                        |               789056 |                        0 |                        0 |       0 |
| model._orig_mod.predictor.transformer.layers.2.mlp.net                    |               789056 |                        0 |                        0 |       0 |
| model._orig_mod.predictor.transformer.layers.2.mlp.net.0                  |                  384 |                        0 |                        0 |       0 |
| model._orig_mod.predictor.transformer.layers.2.mlp.net.1                  |               395264 |                        0 |                        0 |       0 |
| model._orig_mod.predictor.transformer.layers.2.mlp.net.2                  |                    0 |                        0 |                        0 |       0 |
| model._orig_mod.predictor.transformer.layers.2.mlp.net.3                  |                    0 |                        0 |                        0 |       0 |
| model._orig_mod.predictor.transformer.layers.2.mlp.net.4                  |               393408 |                        0 |                        0 |       0 |
| model._orig_mod.predictor.transformer.layers.2.mlp.net.5                  |                    0 |                        0 |                        0 |       0 |
| model._orig_mod.predictor.transformer.layers.2.norm1                      |                    0 |                        0 |                        0 |       0 |
| model._orig_mod.predictor.transformer.layers.2.norm2                      |                    0 |                        0 |                        0 |       0 |
| model._orig_mod.predictor.transformer.layers.2.adaLN_modulation           |               222336 |                        0 |                        0 |       0 |
| model._orig_mod.predictor.transformer.layers.2.adaLN_modulation.0         |                    0 |                        0 |                        0 |       0 |
| model._orig_mod.predictor.transformer.layers.2.adaLN_modulation.1         |               222336 |                        0 |                        0 |       0 |
| model._orig_mod.predictor.transformer.layers.3                            |              1798400 |                        0 |                        0 |       0 |
| model._orig_mod.predictor.transformer.layers.3.attn                       |               787008 |                        0 |                        0 |       0 |
| model._orig_mod.predictor.transformer.layers.3.attn.norm                  |                  384 |                        0 |                        0 |       0 |
| model._orig_mod.predictor.transformer.layers.3.attn.attend                |                    0 |                        0 |                        0 |       0 |
| model._orig_mod.predictor.transformer.layers.3.attn.to_qkv                |               589824 |                        0 |                        0 |       0 |
| model._orig_mod.predictor.transformer.layers.3.attn.to_out                |               196800 |                        0 |                        0 |       0 |
| model._orig_mod.predictor.transformer.layers.3.attn.to_out.0              |               196800 |                        0 |                        0 |       0 |
| model._orig_mod.predictor.transformer.layers.3.attn.to_out.1              |                    0 |                        0 |                        0 |       0 |
| model._orig_mod.predictor.transformer.layers.3.mlp                        |               789056 |                        0 |                        0 |       0 |
| model._orig_mod.predictor.transformer.layers.3.mlp.net                    |               789056 |                        0 |                        0 |       0 |
| model._orig_mod.predictor.transformer.layers.3.mlp.net.0                  |                  384 |                        0 |                        0 |       0 |
| model._orig_mod.predictor.transformer.layers.3.mlp.net.1                  |               395264 |                        0 |                        0 |       0 |
| model._orig_mod.predictor.transformer.layers.3.mlp.net.2                  |                    0 |                        0 |                        0 |       0 |
| model._orig_mod.predictor.transformer.layers.3.mlp.net.3                  |                    0 |                        0 |                        0 |       0 |
| model._orig_mod.predictor.transformer.layers.3.mlp.net.4                  |               393408 |                        0 |                        0 |       0 |
| model._orig_mod.predictor.transformer.layers.3.mlp.net.5                  |                    0 |                        0 |                        0 |       0 |
| model._orig_mod.predictor.transformer.layers.3.norm1                      |                    0 |                        0 |                        0 |       0 |
| model._orig_mod.predictor.transformer.layers.3.norm2                      |                    0 |                        0 |                        0 |       0 |
| model._orig_mod.predictor.transformer.layers.3.adaLN_modulation           |               222336 |                        0 |                        0 |       0 |
| model._orig_mod.predictor.transformer.layers.3.adaLN_modulation.0         |                    0 |                        0 |                        0 |       0 |
| model._orig_mod.predictor.transformer.layers.3.adaLN_modulation.1         |               222336 |                        0 |                        0 |       0 |
| model._orig_mod.predictor.transformer.layers.4                            |              1798400 |                        0 |                        0 |       0 |
| model._orig_mod.predictor.transformer.layers.4.attn                       |               787008 |                        0 |                        0 |       0 |
| model._orig_mod.predictor.transformer.layers.4.attn.norm                  |                  384 |                        0 |                        0 |       0 |
| model._orig_mod.predictor.transformer.layers.4.attn.attend                |                    0 |                        0 |                        0 |       0 |
| model._orig_mod.predictor.transformer.layers.4.attn.to_qkv                |               589824 |                        0 |                        0 |       0 |
| model._orig_mod.predictor.transformer.layers.4.attn.to_out                |               196800 |                        0 |                        0 |       0 |
| model._orig_mod.predictor.transformer.layers.4.attn.to_out.0              |               196800 |                        0 |                        0 |       0 |
| model._orig_mod.predictor.transformer.layers.4.attn.to_out.1              |                    0 |                        0 |                        0 |       0 |
| model._orig_mod.predictor.transformer.layers.4.mlp                        |               789056 |                        0 |                        0 |       0 |
| model._orig_mod.predictor.transformer.layers.4.mlp.net                    |               789056 |                        0 |                        0 |       0 |
| model._orig_mod.predictor.transformer.layers.4.mlp.net.0                  |                  384 |                        0 |                        0 |       0 |
| model._orig_mod.predictor.transformer.layers.4.mlp.net.1                  |               395264 |                        0 |                        0 |       0 |
| model._orig_mod.predictor.transformer.layers.4.mlp.net.2                  |                    0 |                        0 |                        0 |       0 |
| model._orig_mod.predictor.transformer.layers.4.mlp.net.3                  |                    0 |                        0 |                        0 |       0 |
| model._orig_mod.predictor.transformer.layers.4.mlp.net.4                  |               393408 |                        0 |                        0 |       0 |
| model._orig_mod.predictor.transformer.layers.4.mlp.net.5                  |                    0 |                        0 |                        0 |       0 |
| model._orig_mod.predictor.transformer.layers.4.norm1                      |                    0 |                        0 |                        0 |       0 |
| model._orig_mod.predictor.transformer.layers.4.norm2                      |                    0 |                        0 |                        0 |       0 |
| model._orig_mod.predictor.transformer.layers.4.adaLN_modulation           |               222336 |                        0 |                        0 |       0 |
| model._orig_mod.predictor.transformer.layers.4.adaLN_modulation.0         |                    0 |                        0 |                        0 |       0 |
| model._orig_mod.predictor.transformer.layers.4.adaLN_modulation.1         |               222336 |                        0 |                        0 |       0 |
| model._orig_mod.predictor.transformer.layers.5                            |              1798400 |                        0 |                        0 |       0 |
| model._orig_mod.predictor.transformer.layers.5.attn                       |               787008 |                        0 |                        0 |       0 |
| model._orig_mod.predictor.transformer.layers.5.attn.norm                  |                  384 |                        0 |                        0 |       0 |
| model._orig_mod.predictor.transformer.layers.5.attn.attend                |                    0 |                        0 |                        0 |       0 |
| model._orig_mod.predictor.transformer.layers.5.attn.to_qkv                |               589824 |                        0 |                        0 |       0 |
| model._orig_mod.predictor.transformer.layers.5.attn.to_out                |               196800 |                        0 |                        0 |       0 |
| model._orig_mod.predictor.transformer.layers.5.attn.to_out.0              |               196800 |                        0 |                        0 |       0 |
| model._orig_mod.predictor.transformer.layers.5.attn.to_out.1              |                    0 |                        0 |                        0 |       0 |
| model._orig_mod.predictor.transformer.layers.5.mlp                        |               789056 |                        0 |                        0 |       0 |
| model._orig_mod.predictor.transformer.layers.5.mlp.net                    |               789056 |                        0 |                        0 |       0 |
| model._orig_mod.predictor.transformer.layers.5.mlp.net.0                  |                  384 |                        0 |                        0 |       0 |
| model._orig_mod.predictor.transformer.layers.5.mlp.net.1                  |               395264 |                        0 |                        0 |       0 |
| model._orig_mod.predictor.transformer.layers.5.mlp.net.2                  |                    0 |                        0 |                        0 |       0 |
| model._orig_mod.predictor.transformer.layers.5.mlp.net.3                  |                    0 |                        0 |                        0 |       0 |
| model._orig_mod.predictor.transformer.layers.5.mlp.net.4                  |               393408 |                        0 |                        0 |       0 |
| model._orig_mod.predictor.transformer.layers.5.mlp.net.5                  |                    0 |                        0 |                        0 |       0 |
| model._orig_mod.predictor.transformer.layers.5.norm1                      |                    0 |                        0 |                        0 |       0 |
| model._orig_mod.predictor.transformer.layers.5.norm2                      |                    0 |                        0 |                        0 |       0 |
| model._orig_mod.predictor.transformer.layers.5.adaLN_modulation           |               222336 |                        0 |                        0 |       0 |
| model._orig_mod.predictor.transformer.layers.5.adaLN_modulation.0         |                    0 |                        0 |                        0 |       0 |
| model._orig_mod.predictor.transformer.layers.5.adaLN_modulation.1         |               222336 |                        0 |                        0 |       0 |
| model._orig_mod.predictor.transformer.input_proj                          |                    0 |                        0 |                        0 |       0 |
| model._orig_mod.predictor.transformer.cond_proj                           |                    0 |                        0 |                        0 |       0 |
| model._orig_mod.predictor.transformer.output_proj                         |                    0 |                        0 |                        0 |       0 |
| model._orig_mod.action_encoder                                            |               746798 |                        0 |                        0 |       0 |
| model._orig_mod.action_encoder.patch_embed                                |                  110 |                        0 |                        0 |       0 |
| model._orig_mod.action_encoder.embed                                      |               746688 |                        0 |                        0 |       0 |
| model._orig_mod.action_encoder.embed.0                                    |                 8448 |                        0 |                        0 |       0 |
| model._orig_mod.action_encoder.embed.1                                    |                    0 |                        0 |                        0 |       0 |
| model._orig_mod.action_encoder.embed.2                                    |               590592 |                        0 |                        0 |       0 |
| model._orig_mod.action_encoder.embed.3                                    |                    0 |                        0 |                        0 |       0 |
| model._orig_mod.action_encoder.embed.4                                    |               147648 |                        0 |                        0 |       0 |
| model._orig_mod.projector                                                 |               792768 |                        0 |                        0 |    4097 |
| model._orig_mod.projector.net                                             |               792768 |                        0 |                        0 |    4097 |
| model._orig_mod.projector.net.0                                           |               395264 |                        0 |                        0 |       0 |
| model._orig_mod.projector.net.1                                           |                 4096 |                        0 |                        0 |    4097 |
| model._orig_mod.projector.net.2                                           |                    0 |                        0 |                        0 |       0 |
| model._orig_mod.projector.net.3                                           |               393408 |                        0 |                        0 |       0 |
| model._orig_mod.pred_proj                                                 |               792768 |                        0 |                        0 |    4097 |
| model._orig_mod.pred_proj.net                                             |               792768 |                        0 |                        0 |    4097 |
| model._orig_mod.pred_proj.net.0                                           |               395264 |                        0 |                        0 |       0 |
| model._orig_mod.pred_proj.net.1                                           |                 4096 |                        0 |                        0 |    4097 |
| model._orig_mod.pred_proj.net.2                                           |                    0 |                        0 |                        0 |       0 |
| model._orig_mod.pred_proj.net.3                                           |               393408 |                        0 |                        0 |       0 |
| rdmreg                                                                    |                    0 |                        0 |                        0 |       0 |
+---------------------------------------------------------------------------+----------------------+--------------------------+--------------------------+---------+
21:55:17.337 | INFO    (308307, stable_pretraining.callbacks.trainer_info) | ---- SLURM INFO ---- 🔧
21:55:17.337 | INFO    (308307, stable_pretraining.callbacks.trainer_info) | Job ID: N/A
21:55:17.338 | INFO    (308307, stable_pretraining.callbacks.trainer_info) | Task ID: N/A
21:55:17.338 | INFO    (308307, stable_pretraining.callbacks.trainer_info) | Job Name: N/A
21:55:17.338 | INFO    (308307, stable_pretraining.callbacks.trainer_info) | Nodes: N/A
21:55:17.338 | INFO    (308307, stable_pretraining.callbacks.trainer_info) | Tasks: N/A
21:55:17.338 | INFO    (308307, stable_pretraining.callbacks.trainer_info) | CPUs per node: N/A
21:55:17.338 | INFO    (308307, stable_pretraining.callbacks.trainer_info) | CPUs per task: N/A
21:55:17.338 | INFO    (308307, stable_pretraining.callbacks.trainer_info) | Memory per node: N/A
21:55:17.338 | INFO    (308307, stable_pretraining.callbacks.trainer_info) | Memory per CPU: N/A
21:55:17.338 | INFO    (308307, stable_pretraining.callbacks.trainer_info) | Time limit: N/A
21:55:17.339 | INFO    (308307, stable_pretraining.callbacks.trainer_info) | Partition: N/A
21:55:17.339 | INFO    (308307, stable_pretraining.callbacks.trainer_info) | Node List: N/A
21:55:17.339 | INFO    (308307, stable_pretraining.callbacks.trainer_info) | Submit Directory: N/A
21:55:17.339 | INFO    (308307, stable_pretraining.callbacks.cpu_offload) | CPUOffloadCallback: Setup called for stage 'fit'
21:55:17.339 | INFO    (308307, stable_pretraining.callbacks.cpu_offload) |   - Trainer rank: 0/1
21:55:17.339 | INFO    (308307, stable_pretraining.callbacks.cpu_offload) |   - Strategy: SingleDeviceStrategy
21:55:17.339 | SUCCESS (308307, stable_pretraining.callbacks.cpu_offload) | ✓ Strategy 'SingleDeviceStrategy' is compatible with CPU offload
21:55:17.340 | SUCCESS (308307, stable_pretraining.callbacks.cpu_offload) | ✓ CPUOffloadCallback ENABLED for strategy 'SingleDeviceStrategy'
21:55:17.340 | INFO    (308307, stable_pretraining.callbacks.cpu_offload) |   - This rank will handle checkpoint saving and CPU offload
/home/ubuntu/miniconda3/envs/jepa-wms/lib/python3.10/site-packages/lightning/pytorch/callbacks/model_checkpoint.py:881: Checkpoint directory /home/ubuntu/le-wm-palash/lewm-pusht exists and is not empty.
LOCAL_RANK: 0 - CUDA_VISIBLE_DEVICES: [0]
21:55:17.399 | INFO    (308307, stable_pretraining.module) | Configuring optimizers and learning rate schedulers...
21:55:17.400 | INFO    (308307, stable_pretraining.module) | 	Optimizer specified by Dict with keys ['model_opt']... 🔧
21:55:17.404 | INFO    (308307, stable_pretraining.module) | 
┏━━━━━━━━━━━━━┳━━━━━━━━━━━┳━━━━━━━━━━━━━━━━━━━┳━━━━━━━━━━━━━━━━━┳━━━━━━━━━━━━━━━━┳━━━━━━━━━━━━━━━━━━━━━━━━┓
┃ Optimizer   ┃ Pattern   ┃   Matched Modules ┃   Param Tensors ┃   Total Params ┃   RequiresGrad Tensors ┃
┣━━━━━━━━━━━━━╋━━━━━━━━━━━╋━━━━━━━━━━━━━━━━━━━╋━━━━━━━━━━━━━━━━━╋━━━━━━━━━━━━━━━━╋━━━━━━━━━━━━━━━━━━━━━━━━┫
┃ model_opt   ┃ model     ┃               368 ┃             299 ┃       18588206 ┃                    299 ┃
┗━━━━━━━━━━━━━┻━━━━━━━━━━━┻━━━━━━━━━━━━━━━━━━━┻━━━━━━━━━━━━━━━━━┻━━━━━━━━━━━━━━━━┻━━━━━━━━━━━━━━━━━━━━━━━━┛
21:55:17.404 | INFO    (308307, stable_pretraining.optim.lr_scheduler) | 	User provided a dict
Loading `train_dataloader` to estimate number of stepping batches.
21:55:18.162 | INFO    (308307, stable_pretraining.module) | Configured optimizer 'model_opt' (modules=368, param_tensors=299, total_params=18588206) with LinearWarmupCosineAnnealingLR scheduler.
/home/ubuntu/miniconda3/envs/jepa-wms/lib/python3.10/site-packages/lightning/pytorch/utilities/model_summary/model_summary.py:242: Precision bf16-mixed is not supported by the model summary.  Estimated model size in MB will not be accurate. Using 32 bits instead.
21:55:18.183 | WARNING (308307, stable_pretraining.module) | You are calling self.parameters which also gives callbacks parameters, to remove then, pass `with_callbacks=False`
21:55:18.186 | WARNING (308307, stable_pretraining.module) | You are calling self.parameters which also gives callbacks parameters, to remove then, pass `with_callbacks=False`
21:55:18.188 | WARNING (308307, stable_pretraining.module) | You are calling self.parameters which also gives callbacks parameters, to remove then, pass `with_callbacks=False`
21:55:18.191 | WARNING (308307, stable_pretraining.module) | You are calling self.parameters which also gives callbacks parameters, to remove then, pass `with_callbacks=False`
┏━━━┳━━━━━━━━━━━━━━━━━━━┳━━━━━━━━━━━━━━━━━┳━━━━━━━━┳━━━━━━━┳━━━━━━━┓
┃   ┃ Name              ┃ Type            ┃ Params ┃ Mode  ┃ FLOPs ┃
┡━━━╇━━━━━━━━━━━━━━━━━━━╇━━━━━━━━━━━━━━━━━╇━━━━━━━━╇━━━━━━━╇━━━━━━━┩
│ 0 │ callbacks_modules │ ModuleDict      │      0 │ train │     0 │
│ 1 │ callbacks_metrics │ ModuleDict      │      0 │ train │     0 │
│ 2 │ model             │ OptimizedModule │ 18.6 M │ train │     0 │
│ 3 │ rdmreg            │ RDMReg          │      0 │ train │     0 │
└───┴───────────────────┴─────────────────┴────────┴───────┴───────┘
Trainable params: 18.6 M                                                        
Non-trainable params: 0                                                         
Total params: 18.6 M                                                            
Total estimated model params size (MB): 74                                      
Modules in train mode: 371                                                      
Modules in eval mode: 0                                                         
Total FLOPs: 0                                                                  
21:55:18.217 | WARNING (308307, stable_pretraining.module) | You are calling self.parameters which also gives callbacks parameters, to remove then, pass `with_callbacks=False`
21:55:18.408 | SUCCESS (308307, stable_pretraining.callbacks.env_info) |   ✓ Packages: 260 packages collected in 1.10s
21:55:28.497 | WARNING (308307, stable_pretraining.callbacks.env_info) |      ⚠️  nvidia-smi timed out
21:55:28.610 | SUCCESS (308307, stable_pretraining.callbacks.env_info) |   ✓ Git: Palash @ 6b33c8d9
21:55:28.611 | INFO    (308307, stable_pretraining.callbacks.env_info) |      Remote: https://github.com/Planning-for-WMs/le-wm.git
21:55:28.611 | WARNING (308307, stable_pretraining.callbacks.env_info) |      ⚠️  Working directory has uncommitted changes!
21:55:28.612 | SUCCESS (308307, stable_pretraining.callbacks.env_info) |   ✓ Environment: 4 relevant variables captured
21:55:28.612 | INFO    (308307, stable_pretraining.callbacks.env_info) | 🔄 Serializing environment data...
21:55:28.615 | INFO    (308307, stable_pretraining.callbacks.env_info) | 📋 File exists, using version 12: environment_v12.json
21:55:28.615 | INFO    (308307, stable_pretraining.callbacks.env_info) | 📋 File exists, using version 12: requirements_frozen_v12.txt
21:55:28.615 | INFO    (308307, stable_pretraining.callbacks.env_info) | 📁 Save directory: /home/ubuntu/le-wm-palash
21:55:28.617 | INFO    (308307, stable_pretraining.callbacks.env_info) | 💾 Writing environment to temp file...
21:55:28.619 | INFO    (308307, stable_pretraining.callbacks.env_info) | 💾 Moving to: environment_v12.json
21:55:28.619 | SUCCESS (308307, stable_pretraining.callbacks.env_info) | ✓ Environment file saved (15.1 KB)
21:55:28.620 | SUCCESS (308307, stable_pretraining.callbacks.env_info) | ✓ Requirements file saved (5.2 KB)
/home/ubuntu/miniconda3/envs/jepa-wms/lib/python3.10/site-packages/lightning/pytorch/utilities/data.py:79: Trying to infer the `batch_size` from an ambiguous collection. The batch size we found is 512. To avoid any miscalculations, use `self.log(..., batch_size=batch_size)`.
21:55:35.622 | INFO    (308307, stable_pretraining.callbacks.trainer_info) | \n+----------------------------+----------------------+
|           Metric           |        Value         |
+----------------------------+----------------------+
|       [0;34;40mvalidate/loss[0m        |  [0;32;40m0.1433897465467453[0m  |
|    [0;34;40mvalidate/loss_epoch[0m     |  [0;32;40m0.1433897465467453[0m  |
|     [0;34;40mvalidate/pred_loss[0m     | [0;32;40m0.08827372640371323[0m  |
|  [0;34;40mvalidate/pred_loss_epoch[0m  | [0;32;40m0.08827372640371323[0m  |
|    [0;34;40mvalidate/rdmreg_loss[0m    | [0;32;40m0.055116016417741776[0m |
| [0;34;40mvalidate/rdmreg_loss_epoch[0m | [0;32;40m0.055116016417741776[0m |
+----------------------------+----------------------+
21:55:35.820 | INFO    (308307, stable_pretraining.callbacks.cpu_offload) | CPUOffloadCallback: Training started
21:55:35.821 | WARNING (308307, stable_pretraining.module) | You are calling self.parameters which also gives callbacks parameters, to remove then, pass `with_callbacks=False`
21:55:35.823 | WARNING (308307, stable_pretraining.module) | You are calling self.parameters which also gives callbacks parameters, to remove then, pass `with_callbacks=False`
21:55:35.824 | INFO    (308307, stable_pretraining.callbacks.cpu_offload) | Model statistics:
21:55:35.824 | INFO    (308307, stable_pretraining.callbacks.cpu_offload) |   - Total parameters: 18,588,206
21:55:35.825 | INFO    (308307, stable_pretraining.callbacks.cpu_offload) |   - Trainable parameters: 18,588,206
21:55:35.825 | INFO    (308307, stable_pretraining.callbacks.cpu_offload) |   - Model size (bf16): ~0.04 GB
21:55:35.825 | INFO    (308307, stable_pretraining.callbacks.cpu_offload) |   - Estimated checkpoint size (with optimizer): ~0.11 GB
21:55:35.826 | INFO    (308307, stable_pretraining.module) | Double checking optimizers!
21:55:35.826 | INFO    (308307, stable_pretraining.module) | `self.optimizers() gave us 1 optimizers
21:55:35.826 | WARNING (308307, stable_pretraining.module) | No clip val found for optimizer default_0
21:55:35.827 | WARNING (308307, stable_pretraining.module) | -> we will use the Trainer's value of 1.0
21:55:35.827 | WARNING (308307, stable_pretraining.module) | No clip algorithm found for optimizer default_0
21:55:35.827 | WARNING (308307, stable_pretraining.module) | -> we will use the Trainer's value of None
21:55:35.827 | SUCCESS (308307, stable_pretraining.module) | We are done checking your optimizers! Here is the summary:
+------------+-----------+----------------+-----------+-----------+
| Opt. Index | Opt. name |      opt       | clip val. | clip alg. |
+------------+-----------+----------------+-----------+-----------+
|     0      | default_0 | LightningAdamW |    1.0    |    None   |
+------------+-----------+----------------+-----------+-----------+
21:55:36.600 | WARNING (308307, stable_pretraining.module) | You are calling self.parameters which also gives callbacks parameters, to remove then, pass `with_callbacks=False`
21:55:36.607 | INFO    (308307, stable_pretraining.callbacks.unused_parameters) | [LogUnusedParametersOnce] Registered hooks on 299 leaf parameters.
21:55:38.112 | WARNING (308307, stable_pretraining.module) | You are calling self.parameters which also gives callbacks parameters, to remove then, pass `with_callbacks=False`
21:55:38.116 | INFO    (308307, stable_pretraining.callbacks.unused_parameters) | [LogUnusedParametersOnce] All tracked parameters received gradients on the first backward pass.
21:55:38.117 | INFO    (308307, stable_pretraining.callbacks.unused_parameters) | [LogUnusedParametersOnce] Hooks removed, callback disabled.
22:33:48.672 | WARNING (308307, stable_pretraining.module) | You are calling self.parameters which also gives callbacks parameters, to remove then, pass `with_callbacks=False`
/home/ubuntu/miniconda3/envs/jepa-wms/lib/python3.10/site-packages/lightning/pytorch/utilities/data.py:79: Trying to infer the `batch_size` from an ambiguous collection. The batch size we found is 28. To avoid any miscalculations, use `self.log(..., batch_size=batch_size)`.
22:38:32.395 | INFO    (308307, stable_pretraining.callbacks.trainer_info) | \n+----------------------------+-----------------------+
|           Metric           |         Value         |
+----------------------------+-----------------------+
|          [0;34;40mfit/loss[0m          | [0;32;40m0.0010413043200969696[0m |
|       [0;34;40mfit/pred_loss[0m        |  [0;32;40m0.000259592809015885[0m |
|      [0;34;40mfit/rdmreg_loss[0m       | [0;32;40m0.0007817114819772542[0m |
|       [0;34;40mvalidate/loss[0m        | [0;32;40m0.0019276182865723968[0m |
|    [0;34;40mvalidate/loss_epoch[0m     | [0;32;40m0.0019276182865723968[0m |
|     [0;34;40mvalidate/pred_loss[0m     | [0;32;40m0.0005672726547345519[0m |
|  [0;34;40mvalidate/pred_loss_epoch[0m  | [0;32;40m0.0005672726547345519[0m |
|    [0;34;40mvalidate/rdmreg_loss[0m    | [0;32;40m0.0013603453990072012[0m |
| [0;34;40mvalidate/rdmreg_loss_epoch[0m | [0;32;40m0.0013603453990072012[0m |
+----------------------------+-----------------------+
22:38:33.446 | INFO    (308307, stable_pretraining.callbacks.checkpoint_sklearn) | Checking for non PyTorch modules to save... 🔧
22:38:33.447 | INFO    (308307, stable_pretraining.callbacks.checkpoint_sklearn) | Checking for Wandb params to save... 🔧
22:38:33.447 | INFO    (308307, stable_pretraining.callbacks.checkpoint_sklearn) | Saving Wandb params {'id': 'lewm_lp_pusht_expert_mu-3'}
22:38:33.448 | INFO    (308307, stable_pretraining.callbacks.checkpoint_sklearn) | Checking for Wandb params to save... Done!
22:38:33.448 | INFO    (308307, stable_pretraining.callbacks.cpu_offload) | ============================================================
22:38:33.448 | INFO    (308307, stable_pretraining.callbacks.cpu_offload) | CPUOffloadCallback: Starting checkpoint CPU offload (#1)
22:38:33.448 | INFO    (308307, stable_pretraining.callbacks.cpu_offload) |   - Global step: 3483
22:38:33.449 | INFO    (308307, stable_pretraining.callbacks.cpu_offload) |   - Epoch: 0
22:38:33.449 | INFO    (308307, stable_pretraining.callbacks.cpu_offload) | Checkpoint contains 11 keys: ['callbacks', 'epoch', 'global_step', 'hparams_name', 'hyper_parameters', 'loops', 'lr_schedulers', 'optimizer_states', 'pytorch-lightning_version', 'state_dict', 'wandb']
22:38:33.449 | INFO    (308307, stable_pretraining.callbacks.cpu_offload) | GPU memory before offload:
22:38:33.450 | INFO    (308307, stable_pretraining.callbacks.cpu_offload) |   - Allocated: 0.24 GB
22:38:33.450 | INFO    (308307, stable_pretraining.callbacks.cpu_offload) |   - Reserved: 16.63 GB
22:38:33.450 | INFO    (308307, stable_pretraining.callbacks.cpu_offload) | Processing checkpoint key: 'state_dict'
22:38:34.495 | SUCCESS (308307, stable_pretraining.callbacks.cpu_offload) | ✓ Completed 'state_dict' in 1.04s
22:38:34.496 | INFO    (308307, stable_pretraining.callbacks.cpu_offload) | Processing checkpoint key: 'optimizer_states'
22:38:36.955 | SUCCESS (308307, stable_pretraining.callbacks.cpu_offload) | ✓ Completed 'optimizer_states' in 2.46s
22:38:36.956 | INFO    (308307, stable_pretraining.callbacks.cpu_offload) | Processing checkpoint key: 'lr_schedulers'
22:38:36.956 | SUCCESS (308307, stable_pretraining.callbacks.cpu_offload) | ✓ Completed 'lr_schedulers' in 0.00s
22:38:36.956 | WARNING (308307, stable_pretraining.callbacks.cpu_offload) | Skipped 321 custom object(s)
22:38:36.956 | WARNING (308307, stable_pretraining.callbacks.cpu_offload) | First 10 skipped objects:
22:38:36.957 | WARNING (308307, stable_pretraining.callbacks.cpu_offload) |   - float at 'optimizer_states[0].param_groups[0].lr'
22:38:36.957 | WARNING (308307, stable_pretraining.callbacks.cpu_offload) |   - float at 'optimizer_states[0].param_groups[0].betas[0]'
22:38:36.957 | WARNING (308307, stable_pretraining.callbacks.cpu_offload) |   - float at 'optimizer_states[0].param_groups[0].betas[1]'
22:38:36.957 | WARNING (308307, stable_pretraining.callbacks.cpu_offload) |   - float at 'optimizer_states[0].param_groups[0].eps'
22:38:36.958 | WARNING (308307, stable_pretraining.callbacks.cpu_offload) |   - float at 'optimizer_states[0].param_groups[0].weight_decay'
22:38:36.958 | WARNING (308307, stable_pretraining.callbacks.cpu_offload) |   - bool at 'optimizer_states[0].param_groups[0].amsgrad'
22:38:36.958 | WARNING (308307, stable_pretraining.callbacks.cpu_offload) |   - bool at 'optimizer_states[0].param_groups[0].maximize'
22:38:36.958 | WARNING (308307, stable_pretraining.callbacks.cpu_offload) |   - NoneType at 'optimizer_states[0].param_groups[0].foreach'
22:38:36.958 | WARNING (308307, stable_pretraining.callbacks.cpu_offload) |   - bool at 'optimizer_states[0].param_groups[0].capturable'
22:38:36.958 | WARNING (308307, stable_pretraining.callbacks.cpu_offload) |   - bool at 'optimizer_states[0].param_groups[0].differentiable'
22:38:36.958 | WARNING (308307, stable_pretraining.callbacks.cpu_offload) | ... (301 more skipped) ...
22:38:36.959 | WARNING (308307, stable_pretraining.callbacks.cpu_offload) | Last 10 skipped objects:
22:38:36.959 | WARNING (308307, stable_pretraining.callbacks.cpu_offload) |   - int at 'optimizer_states[0].param_groups[0].params[298]'
22:38:36.959 | WARNING (308307, stable_pretraining.callbacks.cpu_offload) |   - int at 'lr_schedulers[0].warmup_steps'
22:38:36.959 | WARNING (308307, stable_pretraining.callbacks.cpu_offload) |   - int at 'lr_schedulers[0].max_steps'
22:38:36.959 | WARNING (308307, stable_pretraining.callbacks.cpu_offload) |   - float at 'lr_schedulers[0].warmup_start_lr'
22:38:36.960 | WARNING (308307, stable_pretraining.callbacks.cpu_offload) |   - float at 'lr_schedulers[0].eta_min'
22:38:36.960 | WARNING (308307, stable_pretraining.callbacks.cpu_offload) |   - float at 'lr_schedulers[0].base_lrs[0]'
22:38:36.960 | WARNING (308307, stable_pretraining.callbacks.cpu_offload) |   - int at 'lr_schedulers[0].last_epoch'
22:38:36.960 | WARNING (308307, stable_pretraining.callbacks.cpu_offload) |   - int at 'lr_schedulers[0]._step_count'
22:38:36.960 | WARNING (308307, stable_pretraining.callbacks.cpu_offload) |   - bool at 'lr_schedulers[0]._get_lr_called_within_step'
22:38:36.960 | WARNING (308307, stable_pretraining.callbacks.cpu_offload) |   - float at 'lr_schedulers[0]._last_lr[0]'
22:38:36.961 | INFO    (308307, stable_pretraining.callbacks.cpu_offload) | To see all 321 skipped objects, set log_skipped=True
22:38:36.961 | INFO    (308307, stable_pretraining.callbacks.cpu_offload) | GPU memory after offload:
22:38:36.961 | INFO    (308307, stable_pretraining.callbacks.cpu_offload) |   - Allocated: 0.24 GB
22:38:36.962 | INFO    (308307, stable_pretraining.callbacks.cpu_offload) |   - Reserved: 16.63 GB
22:38:36.962 | INFO    (308307, stable_pretraining.callbacks.cpu_offload) | GPU memory freed: 0.00 GB
22:38:36.962 | SUCCESS (308307, stable_pretraining.callbacks.cpu_offload) | CPUOffloadCallback: Checkpoint #1 completed in 3.51s
22:38:36.962 | INFO    (308307, stable_pretraining.callbacks.cpu_offload) | Successfully processed keys: ['state_dict', 'optimizer_states', 'lr_schedulers']
22:38:36.962 | INFO    (308307, stable_pretraining.callbacks.cpu_offload) | Cumulative stats:
22:38:36.962 | INFO    (308307, stable_pretraining.callbacks.cpu_offload) |   - Total checkpoints saved: 1
22:38:36.963 | INFO    (308307, stable_pretraining.callbacks.cpu_offload) |   - Total time in offload: 3.51s
22:38:36.963 | INFO    (308307, stable_pretraining.callbacks.cpu_offload) |   - Total memory freed: 0.00 GB
22:38:36.963 | INFO    (308307, stable_pretraining.callbacks.cpu_offload) |   - Average time per checkpoint: 3.51s
22:38:36.963 | INFO    (308307, stable_pretraining.callbacks.cpu_offload) | ============================================================
22:38:38.310 | INFO    (308307, stable_pretraining.callbacks.checkpoint_sklearn) | Checking for non PyTorch modules to save... 🔧
22:38:38.311 | INFO    (308307, stable_pretraining.callbacks.checkpoint_sklearn) | Checking for Wandb params to save... 🔧
22:38:38.311 | INFO    (308307, stable_pretraining.callbacks.checkpoint_sklearn) | Saving Wandb params {'id': 'lewm_lp_pusht_expert_mu-3'}
22:38:38.311 | INFO    (308307, stable_pretraining.callbacks.checkpoint_sklearn) | Checking for Wandb params to save... Done!
22:38:38.311 | INFO    (308307, stable_pretraining.callbacks.cpu_offload) | ============================================================
22:38:38.312 | INFO    (308307, stable_pretraining.callbacks.cpu_offload) | CPUOffloadCallback: Starting checkpoint CPU offload (#2)
22:38:38.312 | INFO    (308307, stable_pretraining.callbacks.cpu_offload) |   - Global step: 3483
22:38:38.312 | INFO    (308307, stable_pretraining.callbacks.cpu_offload) |   - Epoch: 0
22:38:38.312 | INFO    (308307, stable_pretraining.callbacks.cpu_offload) | Checkpoint contains 11 keys: ['callbacks', 'epoch', 'global_step', 'hparams_name', 'hyper_parameters', 'loops', 'lr_schedulers', 'optimizer_states', 'pytorch-lightning_version', 'state_dict', 'wandb']
22:38:38.313 | INFO    (308307, stable_pretraining.callbacks.cpu_offload) | GPU memory before offload:
22:38:38.313 | INFO    (308307, stable_pretraining.callbacks.cpu_offload) |   - Allocated: 0.24 GB
22:38:38.314 | INFO    (308307, stable_pretraining.callbacks.cpu_offload) |   - Reserved: 16.63 GB
22:38:38.314 | INFO    (308307, stable_pretraining.callbacks.cpu_offload) | Processing checkpoint key: 'state_dict'
22:38:39.280 | SUCCESS (308307, stable_pretraining.callbacks.cpu_offload) | ✓ Completed 'state_dict' in 0.97s
22:38:39.280 | INFO    (308307, stable_pretraining.callbacks.cpu_offload) | Processing checkpoint key: 'optimizer_states'
22:38:41.189 | SUCCESS (308307, stable_pretraining.callbacks.cpu_offload) | ✓ Completed 'optimizer_states' in 1.91s
22:38:41.190 | INFO    (308307, stable_pretraining.callbacks.cpu_offload) | Processing checkpoint key: 'lr_schedulers'
22:38:41.190 | SUCCESS (308307, stable_pretraining.callbacks.cpu_offload) | ✓ Completed 'lr_schedulers' in 0.00s
22:38:41.190 | WARNING (308307, stable_pretraining.callbacks.cpu_offload) | Skipped 321 custom object(s)
22:38:41.190 | WARNING (308307, stable_pretraining.callbacks.cpu_offload) | First 10 skipped objects:
22:38:41.191 | WARNING (308307, stable_pretraining.callbacks.cpu_offload) |   - float at 'optimizer_states[0].param_groups[0].lr'
22:38:41.191 | WARNING (308307, stable_pretraining.callbacks.cpu_offload) |   - float at 'optimizer_states[0].param_groups[0].betas[0]'
22:38:41.191 | WARNING (308307, stable_pretraining.callbacks.cpu_offload) |   - float at 'optimizer_states[0].param_groups[0].betas[1]'
22:38:41.191 | WARNING (308307, stable_pretraining.callbacks.cpu_offload) |   - float at 'optimizer_states[0].param_groups[0].eps'
22:38:41.191 | WARNING (308307, stable_pretraining.callbacks.cpu_offload) |   - float at 'optimizer_states[0].param_groups[0].weight_decay'
22:38:41.192 | WARNING (308307, stable_pretraining.callbacks.cpu_offload) |   - bool at 'optimizer_states[0].param_groups[0].amsgrad'
22:38:41.192 | WARNING (308307, stable_pretraining.callbacks.cpu_offload) |   - bool at 'optimizer_states[0].param_groups[0].maximize'
22:38:41.192 | WARNING (308307, stable_pretraining.callbacks.cpu_offload) |   - NoneType at 'optimizer_states[0].param_groups[0].foreach'
22:38:41.192 | WARNING (308307, stable_pretraining.callbacks.cpu_offload) |   - bool at 'optimizer_states[0].param_groups[0].capturable'
22:38:41.192 | WARNING (308307, stable_pretraining.callbacks.cpu_offload) |   - bool at 'optimizer_states[0].param_groups[0].differentiable'
22:38:41.193 | WARNING (308307, stable_pretraining.callbacks.cpu_offload) | ... (301 more skipped) ...
22:38:41.193 | WARNING (308307, stable_pretraining.callbacks.cpu_offload) | Last 10 skipped objects:
22:38:41.193 | WARNING (308307, stable_pretraining.callbacks.cpu_offload) |   - int at 'optimizer_states[0].param_groups[0].params[298]'
22:38:41.193 | WARNING (308307, stable_pretraining.callbacks.cpu_offload) |   - int at 'lr_schedulers[0].warmup_steps'
22:38:41.193 | WARNING (308307, stable_pretraining.callbacks.cpu_offload) |   - int at 'lr_schedulers[0].max_steps'
22:38:41.193 | WARNING (308307, stable_pretraining.callbacks.cpu_offload) |   - float at 'lr_schedulers[0].warmup_start_lr'
22:38:41.194 | WARNING (308307, stable_pretraining.callbacks.cpu_offload) |   - float at 'lr_schedulers[0].eta_min'
22:38:41.194 | WARNING (308307, stable_pretraining.callbacks.cpu_offload) |   - float at 'lr_schedulers[0].base_lrs[0]'
22:38:41.194 | WARNING (308307, stable_pretraining.callbacks.cpu_offload) |   - int at 'lr_schedulers[0].last_epoch'
22:38:41.195 | WARNING (308307, stable_pretraining.callbacks.cpu_offload) |   - int at 'lr_schedulers[0]._step_count'
22:38:41.195 | WARNING (308307, stable_pretraining.callbacks.cpu_offload) |   - bool at 'lr_schedulers[0]._get_lr_called_within_step'
22:38:41.195 | WARNING (308307, stable_pretraining.callbacks.cpu_offload) |   - float at 'lr_schedulers[0]._last_lr[0]'
22:38:41.195 | INFO    (308307, stable_pretraining.callbacks.cpu_offload) | To see all 321 skipped objects, set log_skipped=True
22:38:41.196 | INFO    (308307, stable_pretraining.callbacks.cpu_offload) | GPU memory after offload:
22:38:41.196 | INFO    (308307, stable_pretraining.callbacks.cpu_offload) |   - Allocated: 0.24 GB
22:38:41.196 | INFO    (308307, stable_pretraining.callbacks.cpu_offload) |   - Reserved: 16.63 GB
22:38:41.196 | INFO    (308307, stable_pretraining.callbacks.cpu_offload) | GPU memory freed: 0.00 GB
22:38:41.197 | SUCCESS (308307, stable_pretraining.callbacks.cpu_offload) | CPUOffloadCallback: Checkpoint #2 completed in 2.89s
22:38:41.197 | INFO    (308307, stable_pretraining.callbacks.cpu_offload) | Successfully processed keys: ['state_dict', 'optimizer_states', 'lr_schedulers']
22:38:41.197 | INFO    (308307, stable_pretraining.callbacks.cpu_offload) | Cumulative stats:
22:38:41.197 | INFO    (308307, stable_pretraining.callbacks.cpu_offload) |   - Total checkpoints saved: 2
22:38:41.197 | INFO    (308307, stable_pretraining.callbacks.cpu_offload) |   - Total time in offload: 6.40s
22:38:41.198 | INFO    (308307, stable_pretraining.callbacks.cpu_offload) |   - Total memory freed: 0.00 GB
22:38:41.198 | INFO    (308307, stable_pretraining.callbacks.cpu_offload) |   - Average time per checkpoint: 3.20s
22:38:41.198 | INFO    (308307, stable_pretraining.callbacks.cpu_offload) | ============================================================
23:10:35.878 | WARNING (308307, stable_pretraining.module) | You are calling self.parameters which also gives callbacks parameters, to remove then, pass `with_callbacks=False`
23:15:31.974 | INFO    (308307, stable_pretraining.callbacks.trainer_info) | \n+----------------------------+------------------------+
|           Metric           |         Value          |
+----------------------------+------------------------+
|          [0;34;40mfit/loss[0m          | [0;32;40m0.0007733775419183075[0m  |
|       [0;34;40mfit/pred_loss[0m        | [0;32;40m0.00015752395847812295[0m |
|      [0;34;40mfit/rdmreg_loss[0m       | [0;32;40m0.0006158535834401846[0m  |
|       [0;34;40mvalidate/loss[0m        | [0;32;40m0.0013989984290674329[0m  |
|    [0;34;40mvalidate/loss_epoch[0m     | [0;32;40m0.0013989984290674329[0m  |
|     [0;34;40mvalidate/pred_loss[0m     | [0;32;40m0.00033226757659576833[0m |
|  [0;34;40mvalidate/pred_loss_epoch[0m  | [0;32;40m0.00033226757659576833[0m |
|    [0;34;40mvalidate/rdmreg_loss[0m    |  [0;32;40m0.001066730823367834[0m  |
| [0;34;40mvalidate/rdmreg_loss_epoch[0m |  [0;32;40m0.001066730823367834[0m  |
+----------------------------+------------------------+
23:15:32.735 | INFO    (308307, stable_pretraining.callbacks.checkpoint_sklearn) | Checking for non PyTorch modules to save... 🔧
23:15:32.735 | INFO    (308307, stable_pretraining.callbacks.checkpoint_sklearn) | Checking for Wandb params to save... 🔧
23:15:32.736 | INFO    (308307, stable_pretraining.callbacks.checkpoint_sklearn) | Saving Wandb params {'id': 'lewm_lp_pusht_expert_mu-3'}
23:15:32.736 | INFO    (308307, stable_pretraining.callbacks.checkpoint_sklearn) | Checking for Wandb params to save... Done!
23:15:32.736 | INFO    (308307, stable_pretraining.callbacks.cpu_offload) | ============================================================
23:15:32.736 | INFO    (308307, stable_pretraining.callbacks.cpu_offload) | CPUOffloadCallback: Starting checkpoint CPU offload (#3)
23:15:32.736 | INFO    (308307, stable_pretraining.callbacks.cpu_offload) |   - Global step: 6966
23:15:32.737 | INFO    (308307, stable_pretraining.callbacks.cpu_offload) |   - Epoch: 1
23:15:32.737 | INFO    (308307, stable_pretraining.callbacks.cpu_offload) | Checkpoint contains 11 keys: ['callbacks', 'epoch', 'global_step', 'hparams_name', 'hyper_parameters', 'loops', 'lr_schedulers', 'optimizer_states', 'pytorch-lightning_version', 'state_dict', 'wandb']
23:15:32.737 | INFO    (308307, stable_pretraining.callbacks.cpu_offload) | GPU memory before offload:
23:15:32.738 | INFO    (308307, stable_pretraining.callbacks.cpu_offload) |   - Allocated: 0.24 GB
23:15:32.738 | INFO    (308307, stable_pretraining.callbacks.cpu_offload) |   - Reserved: 16.63 GB
23:15:32.739 | INFO    (308307, stable_pretraining.callbacks.cpu_offload) | Processing checkpoint key: 'state_dict'
23:15:33.451 | SUCCESS (308307, stable_pretraining.callbacks.cpu_offload) | ✓ Completed 'state_dict' in 0.71s
23:15:33.452 | INFO    (308307, stable_pretraining.callbacks.cpu_offload) | Processing checkpoint key: 'optimizer_states'
23:15:34.966 | SUCCESS (308307, stable_pretraining.callbacks.cpu_offload) | ✓ Completed 'optimizer_states' in 1.51s
23:15:34.967 | INFO    (308307, stable_pretraining.callbacks.cpu_offload) | Processing checkpoint key: 'lr_schedulers'
23:15:34.967 | SUCCESS (308307, stable_pretraining.callbacks.cpu_offload) | ✓ Completed 'lr_schedulers' in 0.00s
23:15:34.967 | WARNING (308307, stable_pretraining.callbacks.cpu_offload) | Skipped 321 custom object(s)
23:15:34.967 | WARNING (308307, stable_pretraining.callbacks.cpu_offload) | First 10 skipped objects:
23:15:34.967 | WARNING (308307, stable_pretraining.callbacks.cpu_offload) |   - float at 'optimizer_states[0].param_groups[0].lr'
23:15:34.968 | WARNING (308307, stable_pretraining.callbacks.cpu_offload) |   - float at 'optimizer_states[0].param_groups[0].betas[0]'
23:15:34.968 | WARNING (308307, stable_pretraining.callbacks.cpu_offload) |   - float at 'optimizer_states[0].param_groups[0].betas[1]'
23:15:34.968 | WARNING (308307, stable_pretraining.callbacks.cpu_offload) |   - float at 'optimizer_states[0].param_groups[0].eps'
23:15:34.969 | WARNING (308307, stable_pretraining.callbacks.cpu_offload) |   - float at 'optimizer_states[0].param_groups[0].weight_decay'
23:15:34.969 | WARNING (308307, stable_pretraining.callbacks.cpu_offload) |   - bool at 'optimizer_states[0].param_groups[0].amsgrad'
23:15:34.969 | WARNING (308307, stable_pretraining.callbacks.cpu_offload) |   - bool at 'optimizer_states[0].param_groups[0].maximize'
23:15:34.969 | WARNING (308307, stable_pretraining.callbacks.cpu_offload) |   - NoneType at 'optimizer_states[0].param_groups[0].foreach'
23:15:34.970 | WARNING (308307, stable_pretraining.callbacks.cpu_offload) |   - bool at 'optimizer_states[0].param_groups[0].capturable'
23:15:34.970 | WARNING (308307, stable_pretraining.callbacks.cpu_offload) |   - bool at 'optimizer_states[0].param_groups[0].differentiable'
23:15:34.970 | WARNING (308307, stable_pretraining.callbacks.cpu_offload) | ... (301 more skipped) ...
23:15:34.970 | WARNING (308307, stable_pretraining.callbacks.cpu_offload) | Last 10 skipped objects:
23:15:34.970 | WARNING (308307, stable_pretraining.callbacks.cpu_offload) |   - int at 'optimizer_states[0].param_groups[0].params[298]'
23:15:34.971 | WARNING (308307, stable_pretraining.callbacks.cpu_offload) |   - int at 'lr_schedulers[0].warmup_steps'
23:15:34.971 | WARNING (308307, stable_pretraining.callbacks.cpu_offload) |   - int at 'lr_schedulers[0].max_steps'
23:15:34.971 | WARNING (308307, stable_pretraining.callbacks.cpu_offload) |   - float at 'lr_schedulers[0].warmup_start_lr'
23:15:34.971 | WARNING (308307, stable_pretraining.callbacks.cpu_offload) |   - float at 'lr_schedulers[0].eta_min'
23:15:34.972 | WARNING (308307, stable_pretraining.callbacks.cpu_offload) |   - float at 'lr_schedulers[0].base_lrs[0]'
23:15:34.972 | WARNING (308307, stable_pretraining.callbacks.cpu_offload) |   - int at 'lr_schedulers[0].last_epoch'
23:15:34.972 | WARNING (308307, stable_pretraining.callbacks.cpu_offload) |   - int at 'lr_schedulers[0]._step_count'
23:15:34.972 | WARNING (308307, stable_pretraining.callbacks.cpu_offload) |   - bool at 'lr_schedulers[0]._get_lr_called_within_step'
23:15:34.972 | WARNING (308307, stable_pretraining.callbacks.cpu_offload) |   - float at 'lr_schedulers[0]._last_lr[0]'
23:15:34.973 | INFO    (308307, stable_pretraining.callbacks.cpu_offload) | To see all 321 skipped objects, set log_skipped=True
23:15:34.973 | INFO    (308307, stable_pretraining.callbacks.cpu_offload) | GPU memory after offload:
23:15:34.973 | INFO    (308307, stable_pretraining.callbacks.cpu_offload) |   - Allocated: 0.24 GB
23:15:34.974 | INFO    (308307, stable_pretraining.callbacks.cpu_offload) |   - Reserved: 16.63 GB
23:15:34.974 | INFO    (308307, stable_pretraining.callbacks.cpu_offload) | GPU memory freed: 0.00 GB
23:15:34.974 | SUCCESS (308307, stable_pretraining.callbacks.cpu_offload) | CPUOffloadCallback: Checkpoint #3 completed in 2.24s
23:15:34.974 | INFO    (308307, stable_pretraining.callbacks.cpu_offload) | Successfully processed keys: ['state_dict', 'optimizer_states', 'lr_schedulers']
23:15:34.974 | INFO    (308307, stable_pretraining.callbacks.cpu_offload) | Cumulative stats:
23:15:34.975 | INFO    (308307, stable_pretraining.callbacks.cpu_offload) |   - Total checkpoints saved: 3
23:15:34.975 | INFO    (308307, stable_pretraining.callbacks.cpu_offload) |   - Total time in offload: 8.64s
23:15:34.975 | INFO    (308307, stable_pretraining.callbacks.cpu_offload) |   - Total memory freed: 0.00 GB
23:15:34.975 | INFO    (308307, stable_pretraining.callbacks.cpu_offload) |   - Average time per checkpoint: 2.88s
23:15:34.975 | INFO    (308307, stable_pretraining.callbacks.cpu_offload) | ============================================================
23:15:36.206 | INFO    (308307, stable_pretraining.callbacks.checkpoint_sklearn) | Checking for non PyTorch modules to save... 🔧
23:15:36.206 | INFO    (308307, stable_pretraining.callbacks.checkpoint_sklearn) | Checking for Wandb params to save... 🔧
23:15:36.207 | INFO    (308307, stable_pretraining.callbacks.checkpoint_sklearn) | Saving Wandb params {'id': 'lewm_lp_pusht_expert_mu-3'}
23:15:36.207 | INFO    (308307, stable_pretraining.callbacks.checkpoint_sklearn) | Checking for Wandb params to save... Done!
23:15:36.207 | INFO    (308307, stable_pretraining.callbacks.cpu_offload) | ============================================================
23:15:36.207 | INFO    (308307, stable_pretraining.callbacks.cpu_offload) | CPUOffloadCallback: Starting checkpoint CPU offload (#4)
23:15:36.208 | INFO    (308307, stable_pretraining.callbacks.cpu_offload) |   - Global step: 6966
23:15:36.209 | INFO    (308307, stable_pretraining.callbacks.cpu_offload) |   - Epoch: 1
23:15:36.209 | INFO    (308307, stable_pretraining.callbacks.cpu_offload) | Checkpoint contains 11 keys: ['callbacks', 'epoch', 'global_step', 'hparams_name', 'hyper_parameters', 'loops', 'lr_schedulers', 'optimizer_states', 'pytorch-lightning_version', 'state_dict', 'wandb']
23:15:36.210 | INFO    (308307, stable_pretraining.callbacks.cpu_offload) | GPU memory before offload:
23:15:36.210 | INFO    (308307, stable_pretraining.callbacks.cpu_offload) |   - Allocated: 0.24 GB
23:15:36.210 | INFO    (308307, stable_pretraining.callbacks.cpu_offload) |   - Reserved: 16.63 GB
23:15:36.210 | INFO    (308307, stable_pretraining.callbacks.cpu_offload) | Processing checkpoint key: 'state_dict'
23:15:37.044 | SUCCESS (308307, stable_pretraining.callbacks.cpu_offload) | ✓ Completed 'state_dict' in 0.83s
23:15:37.044 | INFO    (308307, stable_pretraining.callbacks.cpu_offload) | Processing checkpoint key: 'optimizer_states'
23:15:38.800 | SUCCESS (308307, stable_pretraining.callbacks.cpu_offload) | ✓ Completed 'optimizer_states' in 1.76s
23:15:38.800 | INFO    (308307, stable_pretraining.callbacks.cpu_offload) | Processing checkpoint key: 'lr_schedulers'
23:15:38.801 | SUCCESS (308307, stable_pretraining.callbacks.cpu_offload) | ✓ Completed 'lr_schedulers' in 0.00s
23:15:38.801 | WARNING (308307, stable_pretraining.callbacks.cpu_offload) | Skipped 321 custom object(s)
23:15:38.801 | WARNING (308307, stable_pretraining.callbacks.cpu_offload) | First 10 skipped objects:
23:15:38.801 | WARNING (308307, stable_pretraining.callbacks.cpu_offload) |   - float at 'optimizer_states[0].param_groups[0].lr'
23:15:38.802 | WARNING (308307, stable_pretraining.callbacks.cpu_offload) |   - float at 'optimizer_states[0].param_groups[0].betas[0]'
23:15:38.802 | WARNING (308307, stable_pretraining.callbacks.cpu_offload) |   - float at 'optimizer_states[0].param_groups[0].betas[1]'
23:15:38.802 | WARNING (308307, stable_pretraining.callbacks.cpu_offload) |   - float at 'optimizer_states[0].param_groups[0].eps'
23:15:38.802 | WARNING (308307, stable_pretraining.callbacks.cpu_offload) |   - float at 'optimizer_states[0].param_groups[0].weight_decay'
23:15:38.802 | WARNING (308307, stable_pretraining.callbacks.cpu_offload) |   - bool at 'optimizer_states[0].param_groups[0].amsgrad'
23:15:38.803 | WARNING (308307, stable_pretraining.callbacks.cpu_offload) |   - bool at 'optimizer_states[0].param_groups[0].maximize'
23:15:38.803 | WARNING (308307, stable_pretraining.callbacks.cpu_offload) |   - NoneType at 'optimizer_states[0].param_groups[0].foreach'
23:15:38.803 | WARNING (308307, stable_pretraining.callbacks.cpu_offload) |   - bool at 'optimizer_states[0].param_groups[0].capturable'
23:15:38.803 | WARNING (308307, stable_pretraining.callbacks.cpu_offload) |   - bool at 'optimizer_states[0].param_groups[0].differentiable'
23:15:38.803 | WARNING (308307, stable_pretraining.callbacks.cpu_offload) | ... (301 more skipped) ...
23:15:38.804 | WARNING (308307, stable_pretraining.callbacks.cpu_offload) | Last 10 skipped objects:
23:15:38.804 | WARNING (308307, stable_pretraining.callbacks.cpu_offload) |   - int at 'optimizer_states[0].param_groups[0].params[298]'
23:15:38.804 | WARNING (308307, stable_pretraining.callbacks.cpu_offload) |   - int at 'lr_schedulers[0].warmup_steps'
23:15:38.805 | WARNING (308307, stable_pretraining.callbacks.cpu_offload) |   - int at 'lr_schedulers[0].max_steps'
23:15:38.805 | WARNING (308307, stable_pretraining.callbacks.cpu_offload) |   - float at 'lr_schedulers[0].warmup_start_lr'
23:15:38.805 | WARNING (308307, stable_pretraining.callbacks.cpu_offload) |   - float at 'lr_schedulers[0].eta_min'
23:15:38.805 | WARNING (308307, stable_pretraining.callbacks.cpu_offload) |   - float at 'lr_schedulers[0].base_lrs[0]'
23:15:38.806 | WARNING (308307, stable_pretraining.callbacks.cpu_offload) |   - int at 'lr_schedulers[0].last_epoch'
23:15:38.806 | WARNING (308307, stable_pretraining.callbacks.cpu_offload) |   - int at 'lr_schedulers[0]._step_count'
23:15:38.806 | WARNING (308307, stable_pretraining.callbacks.cpu_offload) |   - bool at 'lr_schedulers[0]._get_lr_called_within_step'
23:15:38.806 | WARNING (308307, stable_pretraining.callbacks.cpu_offload) |   - float at 'lr_schedulers[0]._last_lr[0]'
23:15:38.806 | INFO    (308307, stable_pretraining.callbacks.cpu_offload) | To see all 321 skipped objects, set log_skipped=True
23:15:38.807 | INFO    (308307, stable_pretraining.callbacks.cpu_offload) | GPU memory after offload:
23:15:38.807 | INFO    (308307, stable_pretraining.callbacks.cpu_offload) |   - Allocated: 0.24 GB
23:15:38.808 | INFO    (308307, stable_pretraining.callbacks.cpu_offload) |   - Reserved: 16.63 GB
23:15:38.808 | INFO    (308307, stable_pretraining.callbacks.cpu_offload) | GPU memory freed: 0.00 GB
23:15:38.808 | SUCCESS (308307, stable_pretraining.callbacks.cpu_offload) | CPUOffloadCallback: Checkpoint #4 completed in 2.60s
23:15:38.808 | INFO    (308307, stable_pretraining.callbacks.cpu_offload) | Successfully processed keys: ['state_dict', 'optimizer_states', 'lr_schedulers']
23:15:38.808 | INFO    (308307, stable_pretraining.callbacks.cpu_offload) | Cumulative stats:
23:15:38.809 | INFO    (308307, stable_pretraining.callbacks.cpu_offload) |   - Total checkpoints saved: 4
23:15:38.809 | INFO    (308307, stable_pretraining.callbacks.cpu_offload) |   - Total time in offload: 11.24s
23:15:38.809 | INFO    (308307, stable_pretraining.callbacks.cpu_offload) |   - Total memory freed: 0.00 GB
23:15:38.810 | INFO    (308307, stable_pretraining.callbacks.cpu_offload) |   - Average time per checkpoint: 2.81s
23:15:38.810 | INFO    (308307, stable_pretraining.callbacks.cpu_offload) | ============================================================
23:48:13.304 | WARNING (308307, stable_pretraining.module) | You are calling self.parameters which also gives callbacks parameters, to remove then, pass `with_callbacks=False`
23:52:06.168 | INFO    (308307, stable_pretraining.callbacks.trainer_info) | \n+----------------------------+------------------------+
|           Metric           |         Value          |
+----------------------------+------------------------+
|          [0;34;40mfit/loss[0m          | [0;32;40m0.0006124924402683973[0m  |
|       [0;34;40mfit/pred_loss[0m        | [0;32;40m0.0001491496223025024[0m  |
|      [0;34;40mfit/rdmreg_loss[0m       | [0;32;40m0.00046334281796589494[0m |
|       [0;34;40mvalidate/loss[0m        | [0;32;40m0.0008783285156823695[0m  |
|    [0;34;40mvalidate/loss_epoch[0m     | [0;32;40m0.0008783285156823695[0m  |
|     [0;34;40mvalidate/pred_loss[0m     | [0;32;40m0.00019657034135889262[0m |
|  [0;34;40mvalidate/pred_loss_epoch[0m  | [0;32;40m0.00019657034135889262[0m |
|    [0;34;40mvalidate/rdmreg_loss[0m    | [0;32;40m0.0006817582179792225[0m  |
| [0;34;40mvalidate/rdmreg_loss_epoch[0m | [0;32;40m0.0006817582179792225[0m  |
+----------------------------+------------------------+
23:52:06.760 | INFO    (308307, stable_pretraining.callbacks.checkpoint_sklearn) | Checking for non PyTorch modules to save... 🔧
23:52:06.760 | INFO    (308307, stable_pretraining.callbacks.checkpoint_sklearn) | Checking for Wandb params to save... 🔧
23:52:06.761 | INFO    (308307, stable_pretraining.callbacks.checkpoint_sklearn) | Saving Wandb params {'id': 'lewm_lp_pusht_expert_mu-3'}
23:52:06.761 | INFO    (308307, stable_pretraining.callbacks.checkpoint_sklearn) | Checking for Wandb params to save... Done!
23:52:06.761 | INFO    (308307, stable_pretraining.callbacks.cpu_offload) | ============================================================
23:52:06.761 | INFO    (308307, stable_pretraining.callbacks.cpu_offload) | CPUOffloadCallback: Starting checkpoint CPU offload (#5)
23:52:06.761 | INFO    (308307, stable_pretraining.callbacks.cpu_offload) |   - Global step: 10449
23:52:06.762 | INFO    (308307, stable_pretraining.callbacks.cpu_offload) |   - Epoch: 2
23:52:06.762 | INFO    (308307, stable_pretraining.callbacks.cpu_offload) | Checkpoint contains 11 keys: ['callbacks', 'epoch', 'global_step', 'hparams_name', 'hyper_parameters', 'loops', 'lr_schedulers', 'optimizer_states', 'pytorch-lightning_version', 'state_dict', 'wandb']
23:52:06.762 | INFO    (308307, stable_pretraining.callbacks.cpu_offload) | GPU memory before offload:
23:52:06.763 | INFO    (308307, stable_pretraining.callbacks.cpu_offload) |   - Allocated: 0.24 GB
23:52:06.763 | INFO    (308307, stable_pretraining.callbacks.cpu_offload) |   - Reserved: 16.63 GB
23:52:06.763 | INFO    (308307, stable_pretraining.callbacks.cpu_offload) | Processing checkpoint key: 'state_dict'
23:52:07.263 | SUCCESS (308307, stable_pretraining.callbacks.cpu_offload) | ✓ Completed 'state_dict' in 0.50s
23:52:07.263 | INFO    (308307, stable_pretraining.callbacks.cpu_offload) | Processing checkpoint key: 'optimizer_states'
23:52:08.428 | SUCCESS (308307, stable_pretraining.callbacks.cpu_offload) | ✓ Completed 'optimizer_states' in 1.16s
23:52:08.429 | INFO    (308307, stable_pretraining.callbacks.cpu_offload) | Processing checkpoint key: 'lr_schedulers'
23:52:08.429 | SUCCESS (308307, stable_pretraining.callbacks.cpu_offload) | ✓ Completed 'lr_schedulers' in 0.00s
23:52:08.429 | WARNING (308307, stable_pretraining.callbacks.cpu_offload) | Skipped 321 custom object(s)
23:52:08.429 | WARNING (308307, stable_pretraining.callbacks.cpu_offload) | First 10 skipped objects:
23:52:08.430 | WARNING (308307, stable_pretraining.callbacks.cpu_offload) |   - float at 'optimizer_states[0].param_groups[0].lr'
23:52:08.430 | WARNING (308307, stable_pretraining.callbacks.cpu_offload) |   - float at 'optimizer_states[0].param_groups[0].betas[0]'
23:52:08.430 | WARNING (308307, stable_pretraining.callbacks.cpu_offload) |   - float at 'optimizer_states[0].param_groups[0].betas[1]'
23:52:08.430 | WARNING (308307, stable_pretraining.callbacks.cpu_offload) |   - float at 'optimizer_states[0].param_groups[0].eps'
23:52:08.430 | WARNING (308307, stable_pretraining.callbacks.cpu_offload) |   - float at 'optimizer_states[0].param_groups[0].weight_decay'
23:52:08.431 | WARNING (308307, stable_pretraining.callbacks.cpu_offload) |   - bool at 'optimizer_states[0].param_groups[0].amsgrad'
23:52:08.431 | WARNING (308307, stable_pretraining.callbacks.cpu_offload) |   - bool at 'optimizer_states[0].param_groups[0].maximize'
23:52:08.431 | WARNING (308307, stable_pretraining.callbacks.cpu_offload) |   - NoneType at 'optimizer_states[0].param_groups[0].foreach'
23:52:08.431 | WARNING (308307, stable_pretraining.callbacks.cpu_offload) |   - bool at 'optimizer_states[0].param_groups[0].capturable'
23:52:08.431 | WARNING (308307, stable_pretraining.callbacks.cpu_offload) |   - bool at 'optimizer_states[0].param_groups[0].differentiable'
23:52:08.432 | WARNING (308307, stable_pretraining.callbacks.cpu_offload) | ... (301 more skipped) ...
23:52:08.432 | WARNING (308307, stable_pretraining.callbacks.cpu_offload) | Last 10 skipped objects:
23:52:08.432 | WARNING (308307, stable_pretraining.callbacks.cpu_offload) |   - int at 'optimizer_states[0].param_groups[0].params[298]'
23:52:08.432 | WARNING (308307, stable_pretraining.callbacks.cpu_offload) |   - int at 'lr_schedulers[0].warmup_steps'
23:52:08.432 | WARNING (308307, stable_pretraining.callbacks.cpu_offload) |   - int at 'lr_schedulers[0].max_steps'
23:52:08.433 | WARNING (308307, stable_pretraining.callbacks.cpu_offload) |   - float at 'lr_schedulers[0].warmup_start_lr'
23:52:08.433 | WARNING (308307, stable_pretraining.callbacks.cpu_offload) |   - float at 'lr_schedulers[0].eta_min'
23:52:08.433 | WARNING (308307, stable_pretraining.callbacks.cpu_offload) |   - float at 'lr_schedulers[0].base_lrs[0]'
23:52:08.433 | WARNING (308307, stable_pretraining.callbacks.cpu_offload) |   - int at 'lr_schedulers[0].last_epoch'
23:52:08.433 | WARNING (308307, stable_pretraining.callbacks.cpu_offload) |   - int at 'lr_schedulers[0]._step_count'
23:52:08.433 | WARNING (308307, stable_pretraining.callbacks.cpu_offload) |   - bool at 'lr_schedulers[0]._get_lr_called_within_step'
23:52:08.434 | WARNING (308307, stable_pretraining.callbacks.cpu_offload) |   - float at 'lr_schedulers[0]._last_lr[0]'
23:52:08.434 | INFO    (308307, stable_pretraining.callbacks.cpu_offload) | To see all 321 skipped objects, set log_skipped=True
23:52:08.435 | INFO    (308307, stable_pretraining.callbacks.cpu_offload) | GPU memory after offload:
23:52:08.435 | INFO    (308307, stable_pretraining.callbacks.cpu_offload) |   - Allocated: 0.24 GB
23:52:08.435 | INFO    (308307, stable_pretraining.callbacks.cpu_offload) |   - Reserved: 16.63 GB
23:52:08.435 | INFO    (308307, stable_pretraining.callbacks.cpu_offload) | GPU memory freed: 0.00 GB
23:52:08.436 | SUCCESS (308307, stable_pretraining.callbacks.cpu_offload) | CPUOffloadCallback: Checkpoint #5 completed in 1.67s
23:52:08.436 | INFO    (308307, stable_pretraining.callbacks.cpu_offload) | Successfully processed keys: ['state_dict', 'optimizer_states', 'lr_schedulers']
23:52:08.436 | INFO    (308307, stable_pretraining.callbacks.cpu_offload) | Cumulative stats:
23:52:08.436 | INFO    (308307, stable_pretraining.callbacks.cpu_offload) |   - Total checkpoints saved: 5
23:52:08.436 | INFO    (308307, stable_pretraining.callbacks.cpu_offload) |   - Total time in offload: 12.91s
23:52:08.436 | INFO    (308307, stable_pretraining.callbacks.cpu_offload) |   - Total memory freed: 0.00 GB
23:52:08.437 | INFO    (308307, stable_pretraining.callbacks.cpu_offload) |   - Average time per checkpoint: 2.58s
23:52:08.437 | INFO    (308307, stable_pretraining.callbacks.cpu_offload) | ============================================================
23:52:09.804 | INFO    (308307, stable_pretraining.callbacks.checkpoint_sklearn) | Checking for non PyTorch modules to save... 🔧
23:52:09.804 | INFO    (308307, stable_pretraining.callbacks.checkpoint_sklearn) | Checking for Wandb params to save... 🔧
23:52:09.805 | INFO    (308307, stable_pretraining.callbacks.checkpoint_sklearn) | Saving Wandb params {'id': 'lewm_lp_pusht_expert_mu-3'}
23:52:09.805 | INFO    (308307, stable_pretraining.callbacks.checkpoint_sklearn) | Checking for Wandb params to save... Done!
23:52:09.805 | INFO    (308307, stable_pretraining.callbacks.cpu_offload) | ============================================================
23:52:09.805 | INFO    (308307, stable_pretraining.callbacks.cpu_offload) | CPUOffloadCallback: Starting checkpoint CPU offload (#6)
23:52:09.805 | INFO    (308307, stable_pretraining.callbacks.cpu_offload) |   - Global step: 10449
23:52:09.805 | INFO    (308307, stable_pretraining.callbacks.cpu_offload) |   - Epoch: 2
23:52:09.805 | INFO    (308307, stable_pretraining.callbacks.cpu_offload) | Checkpoint contains 11 keys: ['callbacks', 'epoch', 'global_step', 'hparams_name', 'hyper_parameters', 'loops', 'lr_schedulers', 'optimizer_states', 'pytorch-lightning_version', 'state_dict', 'wandb']
23:52:09.806 | INFO    (308307, stable_pretraining.callbacks.cpu_offload) | GPU memory before offload:
23:52:09.806 | INFO    (308307, stable_pretraining.callbacks.cpu_offload) |   - Allocated: 0.24 GB
23:52:09.806 | INFO    (308307, stable_pretraining.callbacks.cpu_offload) |   - Reserved: 16.63 GB
23:52:09.806 | INFO    (308307, stable_pretraining.callbacks.cpu_offload) | Processing checkpoint key: 'state_dict'
23:52:10.413 | SUCCESS (308307, stable_pretraining.callbacks.cpu_offload) | ✓ Completed 'state_dict' in 0.61s
23:52:10.414 | INFO    (308307, stable_pretraining.callbacks.cpu_offload) | Processing checkpoint key: 'optimizer_states'
23:52:11.635 | SUCCESS (308307, stable_pretraining.callbacks.cpu_offload) | ✓ Completed 'optimizer_states' in 1.22s
23:52:11.635 | INFO    (308307, stable_pretraining.callbacks.cpu_offload) | Processing checkpoint key: 'lr_schedulers'
23:52:11.635 | SUCCESS (308307, stable_pretraining.callbacks.cpu_offload) | ✓ Completed 'lr_schedulers' in 0.00s
23:52:11.635 | WARNING (308307, stable_pretraining.callbacks.cpu_offload) | Skipped 321 custom object(s)
23:52:11.636 | WARNING (308307, stable_pretraining.callbacks.cpu_offload) | First 10 skipped objects:
23:52:11.636 | WARNING (308307, stable_pretraining.callbacks.cpu_offload) |   - float at 'optimizer_states[0].param_groups[0].lr'
23:52:11.636 | WARNING (308307, stable_pretraining.callbacks.cpu_offload) |   - float at 'optimizer_states[0].param_groups[0].betas[0]'
23:52:11.636 | WARNING (308307, stable_pretraining.callbacks.cpu_offload) |   - float at 'optimizer_states[0].param_groups[0].betas[1]'
23:52:11.637 | WARNING (308307, stable_pretraining.callbacks.cpu_offload) |   - float at 'optimizer_states[0].param_groups[0].eps'
23:52:11.637 | WARNING (308307, stable_pretraining.callbacks.cpu_offload) |   - float at 'optimizer_states[0].param_groups[0].weight_decay'
23:52:11.637 | WARNING (308307, stable_pretraining.callbacks.cpu_offload) |   - bool at 'optimizer_states[0].param_groups[0].amsgrad'
23:52:11.637 | WARNING (308307, stable_pretraining.callbacks.cpu_offload) |   - bool at 'optimizer_states[0].param_groups[0].maximize'
23:52:11.637 | WARNING (308307, stable_pretraining.callbacks.cpu_offload) |   - NoneType at 'optimizer_states[0].param_groups[0].foreach'
23:52:11.637 | WARNING (308307, stable_pretraining.callbacks.cpu_offload) |   - bool at 'optimizer_states[0].param_groups[0].capturable'
23:52:11.638 | WARNING (308307, stable_pretraining.callbacks.cpu_offload) |   - bool at 'optimizer_states[0].param_groups[0].differentiable'
23:52:11.638 | WARNING (308307, stable_pretraining.callbacks.cpu_offload) | ... (301 more skipped) ...
23:52:11.638 | WARNING (308307, stable_pretraining.callbacks.cpu_offload) | Last 10 skipped objects:
23:52:11.638 | WARNING (308307, stable_pretraining.callbacks.cpu_offload) |   - int at 'optimizer_states[0].param_groups[0].params[298]'
23:52:11.638 | WARNING (308307, stable_pretraining.callbacks.cpu_offload) |   - int at 'lr_schedulers[0].warmup_steps'
23:52:11.639 | WARNING (308307, stable_pretraining.callbacks.cpu_offload) |   - int at 'lr_schedulers[0].max_steps'
23:52:11.639 | WARNING (308307, stable_pretraining.callbacks.cpu_offload) |   - float at 'lr_schedulers[0].warmup_start_lr'
23:52:11.639 | WARNING (308307, stable_pretraining.callbacks.cpu_offload) |   - float at 'lr_schedulers[0].eta_min'
23:52:11.639 | WARNING (308307, stable_pretraining.callbacks.cpu_offload) |   - float at 'lr_schedulers[0].base_lrs[0]'
23:52:11.639 | WARNING (308307, stable_pretraining.callbacks.cpu_offload) |   - int at 'lr_schedulers[0].last_epoch'
23:52:11.639 | WARNING (308307, stable_pretraining.callbacks.cpu_offload) |   - int at 'lr_schedulers[0]._step_count'
23:52:11.640 | WARNING (308307, stable_pretraining.callbacks.cpu_offload) |   - bool at 'lr_schedulers[0]._get_lr_called_within_step'
23:52:11.640 | WARNING (308307, stable_pretraining.callbacks.cpu_offload) |   - float at 'lr_schedulers[0]._last_lr[0]'
23:52:11.640 | INFO    (308307, stable_pretraining.callbacks.cpu_offload) | To see all 321 skipped objects, set log_skipped=True
23:52:11.641 | INFO    (308307, stable_pretraining.callbacks.cpu_offload) | GPU memory after offload:
23:52:11.641 | INFO    (308307, stable_pretraining.callbacks.cpu_offload) |   - Allocated: 0.24 GB
23:52:11.641 | INFO    (308307, stable_pretraining.callbacks.cpu_offload) |   - Reserved: 16.63 GB
23:52:11.641 | INFO    (308307, stable_pretraining.callbacks.cpu_offload) | GPU memory freed: 0.00 GB
23:52:11.641 | SUCCESS (308307, stable_pretraining.callbacks.cpu_offload) | CPUOffloadCallback: Checkpoint #6 completed in 1.84s
23:52:11.642 | INFO    (308307, stable_pretraining.callbacks.cpu_offload) | Successfully processed keys: ['state_dict', 'optimizer_states', 'lr_schedulers']
23:52:11.642 | INFO    (308307, stable_pretraining.callbacks.cpu_offload) | Cumulative stats:
23:52:11.642 | INFO    (308307, stable_pretraining.callbacks.cpu_offload) |   - Total checkpoints saved: 6
23:52:11.642 | INFO    (308307, stable_pretraining.callbacks.cpu_offload) |   - Total time in offload: 14.75s
23:52:11.642 | INFO    (308307, stable_pretraining.callbacks.cpu_offload) |   - Total memory freed: 0.00 GB
23:52:11.642 | INFO    (308307, stable_pretraining.callbacks.cpu_offload) |   - Average time per checkpoint: 2.46s
23:52:11.642 | INFO    (308307, stable_pretraining.callbacks.cpu_offload) | ============================================================
00:27:34.223 | WARNING (308307, stable_pretraining.module) | You are calling self.parameters which also gives callbacks parameters, to remove then, pass `with_callbacks=False`
00:32:17.058 | INFO    (308307, stable_pretraining.callbacks.trainer_info) | \n+----------------------------+------------------------+
|           Metric           |         Value          |
+----------------------------+------------------------+
|          [0;34;40mfit/loss[0m          | [0;32;40m0.0006081935134716332[0m  |
|       [0;34;40mfit/pred_loss[0m        | [0;32;40m0.00011624324542935938[0m |
|      [0;34;40mfit/rdmreg_loss[0m       | [0;32;40m0.0004919502534903586[0m  |
|       [0;34;40mvalidate/loss[0m        | [0;32;40m0.0007233960786834359[0m  |
|    [0;34;40mvalidate/loss_epoch[0m     | [0;32;40m0.0007233960786834359[0m  |
|     [0;34;40mvalidate/pred_loss[0m     | [0;32;40m0.0001184204375022091[0m  |
|  [0;34;40mvalidate/pred_loss_epoch[0m  | [0;32;40m0.0001184204375022091[0m  |
|    [0;34;40mvalidate/rdmreg_loss[0m    | [0;32;40m0.0006049760268069804[0m  |
| [0;34;40mvalidate/rdmreg_loss_epoch[0m | [0;32;40m0.0006049760268069804[0m  |
+----------------------------+------------------------+
00:32:17.604 | INFO    (308307, stable_pretraining.callbacks.checkpoint_sklearn) | Checking for non PyTorch modules to save... 🔧
00:32:17.604 | INFO    (308307, stable_pretraining.callbacks.checkpoint_sklearn) | Checking for Wandb params to save... 🔧
00:32:17.604 | INFO    (308307, stable_pretraining.callbacks.checkpoint_sklearn) | Saving Wandb params {'id': 'lewm_lp_pusht_expert_mu-3'}
00:32:17.605 | INFO    (308307, stable_pretraining.callbacks.checkpoint_sklearn) | Checking for Wandb params to save... Done!
00:32:17.605 | INFO    (308307, stable_pretraining.callbacks.cpu_offload) | ============================================================
00:32:17.605 | INFO    (308307, stable_pretraining.callbacks.cpu_offload) | CPUOffloadCallback: Starting checkpoint CPU offload (#7)
00:32:17.605 | INFO    (308307, stable_pretraining.callbacks.cpu_offload) |   - Global step: 13932
00:32:17.605 | INFO    (308307, stable_pretraining.callbacks.cpu_offload) |   - Epoch: 3
00:32:17.606 | INFO    (308307, stable_pretraining.callbacks.cpu_offload) | Checkpoint contains 11 keys: ['callbacks', 'epoch', 'global_step', 'hparams_name', 'hyper_parameters', 'loops', 'lr_schedulers', 'optimizer_states', 'pytorch-lightning_version', 'state_dict', 'wandb']
00:32:17.606 | INFO    (308307, stable_pretraining.callbacks.cpu_offload) | GPU memory before offload:
00:32:17.606 | INFO    (308307, stable_pretraining.callbacks.cpu_offload) |   - Allocated: 0.24 GB
00:32:17.607 | INFO    (308307, stable_pretraining.callbacks.cpu_offload) |   - Reserved: 16.63 GB
00:32:17.607 | INFO    (308307, stable_pretraining.callbacks.cpu_offload) | Processing checkpoint key: 'state_dict'
00:32:18.060 | SUCCESS (308307, stable_pretraining.callbacks.cpu_offload) | ✓ Completed 'state_dict' in 0.45s
00:32:18.060 | INFO    (308307, stable_pretraining.callbacks.cpu_offload) | Processing checkpoint key: 'optimizer_states'
00:32:19.025 | SUCCESS (308307, stable_pretraining.callbacks.cpu_offload) | ✓ Completed 'optimizer_states' in 0.96s
00:32:19.025 | INFO    (308307, stable_pretraining.callbacks.cpu_offload) | Processing checkpoint key: 'lr_schedulers'
00:32:19.026 | SUCCESS (308307, stable_pretraining.callbacks.cpu_offload) | ✓ Completed 'lr_schedulers' in 0.00s
00:32:19.026 | WARNING (308307, stable_pretraining.callbacks.cpu_offload) | Skipped 321 custom object(s)
00:32:19.026 | WARNING (308307, stable_pretraining.callbacks.cpu_offload) | First 10 skipped objects:
00:32:19.026 | WARNING (308307, stable_pretraining.callbacks.cpu_offload) |   - float at 'optimizer_states[0].param_groups[0].lr'
00:32:19.026 | WARNING (308307, stable_pretraining.callbacks.cpu_offload) |   - float at 'optimizer_states[0].param_groups[0].betas[0]'
00:32:19.027 | WARNING (308307, stable_pretraining.callbacks.cpu_offload) |   - float at 'optimizer_states[0].param_groups[0].betas[1]'
00:32:19.027 | WARNING (308307, stable_pretraining.callbacks.cpu_offload) |   - float at 'optimizer_states[0].param_groups[0].eps'
00:32:19.027 | WARNING (308307, stable_pretraining.callbacks.cpu_offload) |   - float at 'optimizer_states[0].param_groups[0].weight_decay'
00:32:19.027 | WARNING (308307, stable_pretraining.callbacks.cpu_offload) |   - bool at 'optimizer_states[0].param_groups[0].amsgrad'
00:32:19.027 | WARNING (308307, stable_pretraining.callbacks.cpu_offload) |   - bool at 'optimizer_states[0].param_groups[0].maximize'
00:32:19.027 | WARNING (308307, stable_pretraining.callbacks.cpu_offload) |   - NoneType at 'optimizer_states[0].param_groups[0].foreach'
00:32:19.028 | WARNING (308307, stable_pretraining.callbacks.cpu_offload) |   - bool at 'optimizer_states[0].param_groups[0].capturable'
00:32:19.028 | WARNING (308307, stable_pretraining.callbacks.cpu_offload) |   - bool at 'optimizer_states[0].param_groups[0].differentiable'
00:32:19.028 | WARNING (308307, stable_pretraining.callbacks.cpu_offload) | ... (301 more skipped) ...
00:32:19.028 | WARNING (308307, stable_pretraining.callbacks.cpu_offload) | Last 10 skipped objects:
00:32:19.028 | WARNING (308307, stable_pretraining.callbacks.cpu_offload) |   - int at 'optimizer_states[0].param_groups[0].params[298]'
00:32:19.029 | WARNING (308307, stable_pretraining.callbacks.cpu_offload) |   - int at 'lr_schedulers[0].warmup_steps'
00:32:19.029 | WARNING (308307, stable_pretraining.callbacks.cpu_offload) |   - int at 'lr_schedulers[0].max_steps'
00:32:19.029 | WARNING (308307, stable_pretraining.callbacks.cpu_offload) |   - float at 'lr_schedulers[0].warmup_start_lr'
00:32:19.029 | WARNING (308307, stable_pretraining.callbacks.cpu_offload) |   - float at 'lr_schedulers[0].eta_min'
00:32:19.030 | WARNING (308307, stable_pretraining.callbacks.cpu_offload) |   - float at 'lr_schedulers[0].base_lrs[0]'
00:32:19.030 | WARNING (308307, stable_pretraining.callbacks.cpu_offload) |   - int at 'lr_schedulers[0].last_epoch'
00:32:19.030 | WARNING (308307, stable_pretraining.callbacks.cpu_offload) |   - int at 'lr_schedulers[0]._step_count'
00:32:19.030 | WARNING (308307, stable_pretraining.callbacks.cpu_offload) |   - bool at 'lr_schedulers[0]._get_lr_called_within_step'
00:32:19.030 | WARNING (308307, stable_pretraining.callbacks.cpu_offload) |   - float at 'lr_schedulers[0]._last_lr[0]'
00:32:19.031 | INFO    (308307, stable_pretraining.callbacks.cpu_offload) | To see all 321 skipped objects, set log_skipped=True
00:32:19.031 | INFO    (308307, stable_pretraining.callbacks.cpu_offload) | GPU memory after offload:
00:32:19.031 | INFO    (308307, stable_pretraining.callbacks.cpu_offload) |   - Allocated: 0.24 GB
00:32:19.031 | INFO    (308307, stable_pretraining.callbacks.cpu_offload) |   - Reserved: 16.63 GB
00:32:19.032 | INFO    (308307, stable_pretraining.callbacks.cpu_offload) | GPU memory freed: 0.00 GB
00:32:19.032 | SUCCESS (308307, stable_pretraining.callbacks.cpu_offload) | CPUOffloadCallback: Checkpoint #7 completed in 1.43s
00:32:19.032 | INFO    (308307, stable_pretraining.callbacks.cpu_offload) | Successfully processed keys: ['state_dict', 'optimizer_states', 'lr_schedulers']
00:32:19.032 | INFO    (308307, stable_pretraining.callbacks.cpu_offload) | Cumulative stats:
00:32:19.032 | INFO    (308307, stable_pretraining.callbacks.cpu_offload) |   - Total checkpoints saved: 7
00:32:19.032 | INFO    (308307, stable_pretraining.callbacks.cpu_offload) |   - Total time in offload: 16.18s
00:32:19.032 | INFO    (308307, stable_pretraining.callbacks.cpu_offload) |   - Total memory freed: 0.00 GB
00:32:19.033 | INFO    (308307, stable_pretraining.callbacks.cpu_offload) |   - Average time per checkpoint: 2.31s
00:32:19.033 | INFO    (308307, stable_pretraining.callbacks.cpu_offload) | ============================================================
00:32:20.086 | INFO    (308307, stable_pretraining.callbacks.checkpoint_sklearn) | Checking for non PyTorch modules to save... 🔧
00:32:20.086 | INFO    (308307, stable_pretraining.callbacks.checkpoint_sklearn) | Checking for Wandb params to save... 🔧
00:32:20.086 | INFO    (308307, stable_pretraining.callbacks.checkpoint_sklearn) | Saving Wandb params {'id': 'lewm_lp_pusht_expert_mu-3'}
00:32:20.087 | INFO    (308307, stable_pretraining.callbacks.checkpoint_sklearn) | Checking for Wandb params to save... Done!
00:32:20.087 | INFO    (308307, stable_pretraining.callbacks.cpu_offload) | ============================================================
00:32:20.087 | INFO    (308307, stable_pretraining.callbacks.cpu_offload) | CPUOffloadCallback: Starting checkpoint CPU offload (#8)
00:32:20.087 | INFO    (308307, stable_pretraining.callbacks.cpu_offload) |   - Global step: 13932
00:32:20.087 | INFO    (308307, stable_pretraining.callbacks.cpu_offload) |   - Epoch: 3
00:32:20.088 | INFO    (308307, stable_pretraining.callbacks.cpu_offload) | Checkpoint contains 11 keys: ['callbacks', 'epoch', 'global_step', 'hparams_name', 'hyper_parameters', 'loops', 'lr_schedulers', 'optimizer_states', 'pytorch-lightning_version', 'state_dict', 'wandb']
00:32:20.088 | INFO    (308307, stable_pretraining.callbacks.cpu_offload) | GPU memory before offload:
00:32:20.088 | INFO    (308307, stable_pretraining.callbacks.cpu_offload) |   - Allocated: 0.24 GB
00:32:20.089 | INFO    (308307, stable_pretraining.callbacks.cpu_offload) |   - Reserved: 16.63 GB
00:32:20.089 | INFO    (308307, stable_pretraining.callbacks.cpu_offload) | Processing checkpoint key: 'state_dict'
00:32:20.612 | SUCCESS (308307, stable_pretraining.callbacks.cpu_offload) | ✓ Completed 'state_dict' in 0.52s
00:32:20.613 | INFO    (308307, stable_pretraining.callbacks.cpu_offload) | Processing checkpoint key: 'optimizer_states'
00:32:21.636 | SUCCESS (308307, stable_pretraining.callbacks.cpu_offload) | ✓ Completed 'optimizer_states' in 1.02s
00:32:21.714 | INFO    (308307, stable_pretraining.callbacks.cpu_offload) | Processing checkpoint key: 'lr_schedulers'
00:32:21.714 | SUCCESS (308307, stable_pretraining.callbacks.cpu_offload) | ✓ Completed 'lr_schedulers' in 0.00s
00:32:21.714 | WARNING (308307, stable_pretraining.callbacks.cpu_offload) | Skipped 321 custom object(s)
00:32:21.714 | WARNING (308307, stable_pretraining.callbacks.cpu_offload) | First 10 skipped objects:
00:32:21.715 | WARNING (308307, stable_pretraining.callbacks.cpu_offload) |   - float at 'optimizer_states[0].param_groups[0].lr'
00:32:21.715 | WARNING (308307, stable_pretraining.callbacks.cpu_offload) |   - float at 'optimizer_states[0].param_groups[0].betas[0]'
00:32:21.715 | WARNING (308307, stable_pretraining.callbacks.cpu_offload) |   - float at 'optimizer_states[0].param_groups[0].betas[1]'
00:32:21.715 | WARNING (308307, stable_pretraining.callbacks.cpu_offload) |   - float at 'optimizer_states[0].param_groups[0].eps'
00:32:21.715 | WARNING (308307, stable_pretraining.callbacks.cpu_offload) |   - float at 'optimizer_states[0].param_groups[0].weight_decay'
00:32:21.715 | WARNING (308307, stable_pretraining.callbacks.cpu_offload) |   - bool at 'optimizer_states[0].param_groups[0].amsgrad'
00:32:21.715 | WARNING (308307, stable_pretraining.callbacks.cpu_offload) |   - bool at 'optimizer_states[0].param_groups[0].maximize'
00:32:21.716 | WARNING (308307, stable_pretraining.callbacks.cpu_offload) |   - NoneType at 'optimizer_states[0].param_groups[0].foreach'
00:32:21.716 | WARNING (308307, stable_pretraining.callbacks.cpu_offload) |   - bool at 'optimizer_states[0].param_groups[0].capturable'
00:32:21.716 | WARNING (308307, stable_pretraining.callbacks.cpu_offload) |   - bool at 'optimizer_states[0].param_groups[0].differentiable'
00:32:21.716 | WARNING (308307, stable_pretraining.callbacks.cpu_offload) | ... (301 more skipped) ...
00:32:21.716 | WARNING (308307, stable_pretraining.callbacks.cpu_offload) | Last 10 skipped objects:
00:32:21.716 | WARNING (308307, stable_pretraining.callbacks.cpu_offload) |   - int at 'optimizer_states[0].param_groups[0].params[298]'
00:32:21.716 | WARNING (308307, stable_pretraining.callbacks.cpu_offload) |   - int at 'lr_schedulers[0].warmup_steps'
00:32:21.716 | WARNING (308307, stable_pretraining.callbacks.cpu_offload) |   - int at 'lr_schedulers[0].max_steps'
00:32:21.717 | WARNING (308307, stable_pretraining.callbacks.cpu_offload) |   - float at 'lr_schedulers[0].warmup_start_lr'
00:32:21.717 | WARNING (308307, stable_pretraining.callbacks.cpu_offload) |   - float at 'lr_schedulers[0].eta_min'
00:32:21.717 | WARNING (308307, stable_pretraining.callbacks.cpu_offload) |   - float at 'lr_schedulers[0].base_lrs[0]'
00:32:21.717 | WARNING (308307, stable_pretraining.callbacks.cpu_offload) |   - int at 'lr_schedulers[0].last_epoch'
00:32:21.717 | WARNING (308307, stable_pretraining.callbacks.cpu_offload) |   - int at 'lr_schedulers[0]._step_count'
00:32:21.717 | WARNING (308307, stable_pretraining.callbacks.cpu_offload) |   - bool at 'lr_schedulers[0]._get_lr_called_within_step'
00:32:21.717 | WARNING (308307, stable_pretraining.callbacks.cpu_offload) |   - float at 'lr_schedulers[0]._last_lr[0]'
00:32:21.718 | INFO    (308307, stable_pretraining.callbacks.cpu_offload) | To see all 321 skipped objects, set log_skipped=True
00:32:21.718 | INFO    (308307, stable_pretraining.callbacks.cpu_offload) | GPU memory after offload:
00:32:21.718 | INFO    (308307, stable_pretraining.callbacks.cpu_offload) |   - Allocated: 0.24 GB
00:32:21.718 | INFO    (308307, stable_pretraining.callbacks.cpu_offload) |   - Reserved: 16.63 GB
00:32:21.719 | INFO    (308307, stable_pretraining.callbacks.cpu_offload) | GPU memory freed: 0.00 GB
00:32:21.719 | SUCCESS (308307, stable_pretraining.callbacks.cpu_offload) | CPUOffloadCallback: Checkpoint #8 completed in 1.63s
00:32:21.719 | INFO    (308307, stable_pretraining.callbacks.cpu_offload) | Successfully processed keys: ['state_dict', 'optimizer_states', 'lr_schedulers']
00:32:21.719 | INFO    (308307, stable_pretraining.callbacks.cpu_offload) | Cumulative stats:
00:32:21.719 | INFO    (308307, stable_pretraining.callbacks.cpu_offload) |   - Total checkpoints saved: 8
00:32:21.720 | INFO    (308307, stable_pretraining.callbacks.cpu_offload) |   - Total time in offload: 17.81s
00:32:21.720 | INFO    (308307, stable_pretraining.callbacks.cpu_offload) |   - Total memory freed: 0.00 GB
00:32:21.720 | INFO    (308307, stable_pretraining.callbacks.cpu_offload) |   - Average time per checkpoint: 2.23s
00:32:21.720 | INFO    (308307, stable_pretraining.callbacks.cpu_offload) | ============================================================
01:10:41.153 | WARNING (308307, stable_pretraining.module) | You are calling self.parameters which also gives callbacks parameters, to remove then, pass `with_callbacks=False`
01:15:25.458 | INFO    (308307, stable_pretraining.callbacks.trainer_info) | \n+----------------------------+------------------------+
|           Metric           |         Value          |
+----------------------------+------------------------+
|          [0;34;40mfit/loss[0m          | [0;32;40m0.0005345497629605234[0m  |
|       [0;34;40mfit/pred_loss[0m        |  [0;32;40m8.95855700946413e-05[0m  |
|      [0;34;40mfit/rdmreg_loss[0m       | [0;32;40m0.00044496418558992445[0m |
|       [0;34;40mvalidate/loss[0m        | [0;32;40m0.0006301090470515192[0m  |
|    [0;34;40mvalidate/loss_epoch[0m     | [0;32;40m0.0006301090470515192[0m  |
|     [0;34;40mvalidate/pred_loss[0m     | [0;32;40m9.225067333318293e-05[0m  |
|  [0;34;40mvalidate/pred_loss_epoch[0m  | [0;32;40m9.225067333318293e-05[0m  |
|    [0;34;40mvalidate/rdmreg_loss[0m    | [0;32;40m0.0005378584610298276[0m  |
| [0;34;40mvalidate/rdmreg_loss_epoch[0m | [0;32;40m0.0005378584610298276[0m  |
+----------------------------+------------------------+
01:15:26.003 | INFO    (308307, stable_pretraining.callbacks.checkpoint_sklearn) | Checking for non PyTorch modules to save... 🔧
01:15:26.004 | INFO    (308307, stable_pretraining.callbacks.checkpoint_sklearn) | Checking for Wandb params to save... 🔧
01:15:26.004 | INFO    (308307, stable_pretraining.callbacks.checkpoint_sklearn) | Saving Wandb params {'id': 'lewm_lp_pusht_expert_mu-3'}
01:15:26.004 | INFO    (308307, stable_pretraining.callbacks.checkpoint_sklearn) | Checking for Wandb params to save... Done!
01:15:26.005 | INFO    (308307, stable_pretraining.callbacks.cpu_offload) | ============================================================
01:15:26.005 | INFO    (308307, stable_pretraining.callbacks.cpu_offload) | CPUOffloadCallback: Starting checkpoint CPU offload (#9)
01:15:26.005 | INFO    (308307, stable_pretraining.callbacks.cpu_offload) |   - Global step: 17415
01:15:26.005 | INFO    (308307, stable_pretraining.callbacks.cpu_offload) |   - Epoch: 4
01:15:26.006 | INFO    (308307, stable_pretraining.callbacks.cpu_offload) | Checkpoint contains 11 keys: ['callbacks', 'epoch', 'global_step', 'hparams_name', 'hyper_parameters', 'loops', 'lr_schedulers', 'optimizer_states', 'pytorch-lightning_version', 'state_dict', 'wandb']
01:15:26.006 | INFO    (308307, stable_pretraining.callbacks.cpu_offload) | GPU memory before offload:
01:15:26.006 | INFO    (308307, stable_pretraining.callbacks.cpu_offload) |   - Allocated: 0.24 GB
01:15:26.007 | INFO    (308307, stable_pretraining.callbacks.cpu_offload) |   - Reserved: 16.63 GB
01:15:26.007 | INFO    (308307, stable_pretraining.callbacks.cpu_offload) | Processing checkpoint key: 'state_dict'
01:15:26.467 | SUCCESS (308307, stable_pretraining.callbacks.cpu_offload) | ✓ Completed 'state_dict' in 0.46s
01:15:26.468 | INFO    (308307, stable_pretraining.callbacks.cpu_offload) | Processing checkpoint key: 'optimizer_states'
01:15:27.394 | SUCCESS (308307, stable_pretraining.callbacks.cpu_offload) | ✓ Completed 'optimizer_states' in 0.93s
01:15:27.394 | INFO    (308307, stable_pretraining.callbacks.cpu_offload) | Processing checkpoint key: 'lr_schedulers'
01:15:27.394 | SUCCESS (308307, stable_pretraining.callbacks.cpu_offload) | ✓ Completed 'lr_schedulers' in 0.00s
01:15:27.395 | WARNING (308307, stable_pretraining.callbacks.cpu_offload) | Skipped 321 custom object(s)
01:15:27.395 | WARNING (308307, stable_pretraining.callbacks.cpu_offload) | First 10 skipped objects:
01:15:27.395 | WARNING (308307, stable_pretraining.callbacks.cpu_offload) |   - float at 'optimizer_states[0].param_groups[0].lr'
01:15:27.395 | WARNING (308307, stable_pretraining.callbacks.cpu_offload) |   - float at 'optimizer_states[0].param_groups[0].betas[0]'
01:15:27.395 | WARNING (308307, stable_pretraining.callbacks.cpu_offload) |   - float at 'optimizer_states[0].param_groups[0].betas[1]'
01:15:27.395 | WARNING (308307, stable_pretraining.callbacks.cpu_offload) |   - float at 'optimizer_states[0].param_groups[0].eps'
01:15:27.395 | WARNING (308307, stable_pretraining.callbacks.cpu_offload) |   - float at 'optimizer_states[0].param_groups[0].weight_decay'
01:15:27.396 | WARNING (308307, stable_pretraining.callbacks.cpu_offload) |   - bool at 'optimizer_states[0].param_groups[0].amsgrad'
01:15:27.396 | WARNING (308307, stable_pretraining.callbacks.cpu_offload) |   - bool at 'optimizer_states[0].param_groups[0].maximize'
01:15:27.396 | WARNING (308307, stable_pretraining.callbacks.cpu_offload) |   - NoneType at 'optimizer_states[0].param_groups[0].foreach'
01:15:27.396 | WARNING (308307, stable_pretraining.callbacks.cpu_offload) |   - bool at 'optimizer_states[0].param_groups[0].capturable'
01:15:27.396 | WARNING (308307, stable_pretraining.callbacks.cpu_offload) |   - bool at 'optimizer_states[0].param_groups[0].differentiable'
01:15:27.397 | WARNING (308307, stable_pretraining.callbacks.cpu_offload) | ... (301 more skipped) ...
01:15:27.397 | WARNING (308307, stable_pretraining.callbacks.cpu_offload) | Last 10 skipped objects:
01:15:27.397 | WARNING (308307, stable_pretraining.callbacks.cpu_offload) |   - int at 'optimizer_states[0].param_groups[0].params[298]'
01:15:27.397 | WARNING (308307, stable_pretraining.callbacks.cpu_offload) |   - int at 'lr_schedulers[0].warmup_steps'
01:15:27.397 | WARNING (308307, stable_pretraining.callbacks.cpu_offload) |   - int at 'lr_schedulers[0].max_steps'
01:15:27.398 | WARNING (308307, stable_pretraining.callbacks.cpu_offload) |   - float at 'lr_schedulers[0].warmup_start_lr'
01:15:27.398 | WARNING (308307, stable_pretraining.callbacks.cpu_offload) |   - float at 'lr_schedulers[0].eta_min'
01:15:27.398 | WARNING (308307, stable_pretraining.callbacks.cpu_offload) |   - float at 'lr_schedulers[0].base_lrs[0]'
01:15:27.398 | WARNING (308307, stable_pretraining.callbacks.cpu_offload) |   - int at 'lr_schedulers[0].last_epoch'
01:15:27.399 | WARNING (308307, stable_pretraining.callbacks.cpu_offload) |   - int at 'lr_schedulers[0]._step_count'
01:15:27.399 | WARNING (308307, stable_pretraining.callbacks.cpu_offload) |   - bool at 'lr_schedulers[0]._get_lr_called_within_step'
01:15:27.399 | WARNING (308307, stable_pretraining.callbacks.cpu_offload) |   - float at 'lr_schedulers[0]._last_lr[0]'
01:15:27.399 | INFO    (308307, stable_pretraining.callbacks.cpu_offload) | To see all 321 skipped objects, set log_skipped=True
01:15:27.400 | INFO    (308307, stable_pretraining.callbacks.cpu_offload) | GPU memory after offload:
01:15:27.400 | INFO    (308307, stable_pretraining.callbacks.cpu_offload) |   - Allocated: 0.24 GB
01:15:27.400 | INFO    (308307, stable_pretraining.callbacks.cpu_offload) |   - Reserved: 16.63 GB
01:15:27.400 | INFO    (308307, stable_pretraining.callbacks.cpu_offload) | GPU memory freed: 0.00 GB
01:15:27.400 | SUCCESS (308307, stable_pretraining.callbacks.cpu_offload) | CPUOffloadCallback: Checkpoint #9 completed in 1.40s
01:15:27.401 | INFO    (308307, stable_pretraining.callbacks.cpu_offload) | Successfully processed keys: ['state_dict', 'optimizer_states', 'lr_schedulers']
01:15:27.401 | INFO    (308307, stable_pretraining.callbacks.cpu_offload) | Cumulative stats:
01:15:27.401 | INFO    (308307, stable_pretraining.callbacks.cpu_offload) |   - Total checkpoints saved: 9
01:15:27.401 | INFO    (308307, stable_pretraining.callbacks.cpu_offload) |   - Total time in offload: 19.20s
01:15:27.401 | INFO    (308307, stable_pretraining.callbacks.cpu_offload) |   - Total memory freed: 0.00 GB
01:15:27.401 | INFO    (308307, stable_pretraining.callbacks.cpu_offload) |   - Average time per checkpoint: 2.13s
01:15:27.402 | INFO    (308307, stable_pretraining.callbacks.cpu_offload) | ============================================================
01:15:28.826 | INFO    (308307, stable_pretraining.callbacks.checkpoint_sklearn) | Checking for non PyTorch modules to save... 🔧
01:15:28.827 | INFO    (308307, stable_pretraining.callbacks.checkpoint_sklearn) | Checking for Wandb params to save... 🔧
01:15:28.827 | INFO    (308307, stable_pretraining.callbacks.checkpoint_sklearn) | Saving Wandb params {'id': 'lewm_lp_pusht_expert_mu-3'}
01:15:28.827 | INFO    (308307, stable_pretraining.callbacks.checkpoint_sklearn) | Checking for Wandb params to save... Done!
01:15:28.827 | INFO    (308307, stable_pretraining.callbacks.cpu_offload) | ============================================================
01:15:28.828 | INFO    (308307, stable_pretraining.callbacks.cpu_offload) | CPUOffloadCallback: Starting checkpoint CPU offload (#10)
01:15:28.828 | INFO    (308307, stable_pretraining.callbacks.cpu_offload) |   - Global step: 17415
01:15:28.828 | INFO    (308307, stable_pretraining.callbacks.cpu_offload) |   - Epoch: 4
01:15:28.853 | INFO    (308307, stable_pretraining.callbacks.cpu_offload) | Checkpoint contains 11 keys: ['callbacks', 'epoch', 'global_step', 'hparams_name', 'hyper_parameters', 'loops', 'lr_schedulers', 'optimizer_states', 'pytorch-lightning_version', 'state_dict', 'wandb']
01:15:28.854 | INFO    (308307, stable_pretraining.callbacks.cpu_offload) | GPU memory before offload:
01:15:28.854 | INFO    (308307, stable_pretraining.callbacks.cpu_offload) |   - Allocated: 0.24 GB
01:15:28.854 | INFO    (308307, stable_pretraining.callbacks.cpu_offload) |   - Reserved: 16.63 GB
01:15:28.854 | INFO    (308307, stable_pretraining.callbacks.cpu_offload) | Processing checkpoint key: 'state_dict'
01:15:29.437 | SUCCESS (308307, stable_pretraining.callbacks.cpu_offload) | ✓ Completed 'state_dict' in 0.58s
01:15:29.438 | INFO    (308307, stable_pretraining.callbacks.cpu_offload) | Processing checkpoint key: 'optimizer_states'
01:15:30.465 | SUCCESS (308307, stable_pretraining.callbacks.cpu_offload) | ✓ Completed 'optimizer_states' in 1.03s
01:15:30.465 | INFO    (308307, stable_pretraining.callbacks.cpu_offload) | Processing checkpoint key: 'lr_schedulers'
01:15:30.466 | SUCCESS (308307, stable_pretraining.callbacks.cpu_offload) | ✓ Completed 'lr_schedulers' in 0.00s
01:15:30.466 | WARNING (308307, stable_pretraining.callbacks.cpu_offload) | Skipped 321 custom object(s)
01:15:30.466 | WARNING (308307, stable_pretraining.callbacks.cpu_offload) | First 10 skipped objects:
01:15:30.466 | WARNING (308307, stable_pretraining.callbacks.cpu_offload) |   - float at 'optimizer_states[0].param_groups[0].lr'
01:15:30.466 | WARNING (308307, stable_pretraining.callbacks.cpu_offload) |   - float at 'optimizer_states[0].param_groups[0].betas[0]'
01:15:30.467 | WARNING (308307, stable_pretraining.callbacks.cpu_offload) |   - float at 'optimizer_states[0].param_groups[0].betas[1]'
01:15:30.467 | WARNING (308307, stable_pretraining.callbacks.cpu_offload) |   - float at 'optimizer_states[0].param_groups[0].eps'
01:15:30.467 | WARNING (308307, stable_pretraining.callbacks.cpu_offload) |   - float at 'optimizer_states[0].param_groups[0].weight_decay'
01:15:30.467 | WARNING (308307, stable_pretraining.callbacks.cpu_offload) |   - bool at 'optimizer_states[0].param_groups[0].amsgrad'
01:15:30.467 | WARNING (308307, stable_pretraining.callbacks.cpu_offload) |   - bool at 'optimizer_states[0].param_groups[0].maximize'
01:15:30.467 | WARNING (308307, stable_pretraining.callbacks.cpu_offload) |   - NoneType at 'optimizer_states[0].param_groups[0].foreach'
01:15:30.467 | WARNING (308307, stable_pretraining.callbacks.cpu_offload) |   - bool at 'optimizer_states[0].param_groups[0].capturable'
01:15:30.468 | WARNING (308307, stable_pretraining.callbacks.cpu_offload) |   - bool at 'optimizer_states[0].param_groups[0].differentiable'
01:15:30.468 | WARNING (308307, stable_pretraining.callbacks.cpu_offload) | ... (301 more skipped) ...
01:15:30.468 | WARNING (308307, stable_pretraining.callbacks.cpu_offload) | Last 10 skipped objects:
01:15:30.468 | WARNING (308307, stable_pretraining.callbacks.cpu_offload) |   - int at 'optimizer_states[0].param_groups[0].params[298]'
01:15:30.468 | WARNING (308307, stable_pretraining.callbacks.cpu_offload) |   - int at 'lr_schedulers[0].warmup_steps'
01:15:30.468 | WARNING (308307, stable_pretraining.callbacks.cpu_offload) |   - int at 'lr_schedulers[0].max_steps'
01:15:30.468 | WARNING (308307, stable_pretraining.callbacks.cpu_offload) |   - float at 'lr_schedulers[0].warmup_start_lr'
01:15:30.469 | WARNING (308307, stable_pretraining.callbacks.cpu_offload) |   - float at 'lr_schedulers[0].eta_min'
01:15:30.469 | WARNING (308307, stable_pretraining.callbacks.cpu_offload) |   - float at 'lr_schedulers[0].base_lrs[0]'
01:15:30.469 | WARNING (308307, stable_pretraining.callbacks.cpu_offload) |   - int at 'lr_schedulers[0].last_epoch'
01:15:30.469 | WARNING (308307, stable_pretraining.callbacks.cpu_offload) |   - int at 'lr_schedulers[0]._step_count'
01:15:30.469 | WARNING (308307, stable_pretraining.callbacks.cpu_offload) |   - bool at 'lr_schedulers[0]._get_lr_called_within_step'
01:15:30.469 | WARNING (308307, stable_pretraining.callbacks.cpu_offload) |   - float at 'lr_schedulers[0]._last_lr[0]'
01:15:30.470 | INFO    (308307, stable_pretraining.callbacks.cpu_offload) | To see all 321 skipped objects, set log_skipped=True
01:15:30.470 | INFO    (308307, stable_pretraining.callbacks.cpu_offload) | GPU memory after offload:
01:15:30.470 | INFO    (308307, stable_pretraining.callbacks.cpu_offload) |   - Allocated: 0.24 GB
01:15:30.471 | INFO    (308307, stable_pretraining.callbacks.cpu_offload) |   - Reserved: 16.63 GB
01:15:30.471 | INFO    (308307, stable_pretraining.callbacks.cpu_offload) | GPU memory freed: 0.00 GB
01:15:30.471 | SUCCESS (308307, stable_pretraining.callbacks.cpu_offload) | CPUOffloadCallback: Checkpoint #10 completed in 1.64s
01:15:30.471 | INFO    (308307, stable_pretraining.callbacks.cpu_offload) | Successfully processed keys: ['state_dict', 'optimizer_states', 'lr_schedulers']
01:15:30.471 | INFO    (308307, stable_pretraining.callbacks.cpu_offload) | Cumulative stats:
01:15:30.471 | INFO    (308307, stable_pretraining.callbacks.cpu_offload) |   - Total checkpoints saved: 10
01:15:30.471 | INFO    (308307, stable_pretraining.callbacks.cpu_offload) |   - Total time in offload: 20.85s
01:15:30.472 | INFO    (308307, stable_pretraining.callbacks.cpu_offload) |   - Total memory freed: 0.00 GB
01:15:30.472 | INFO    (308307, stable_pretraining.callbacks.cpu_offload) |   - Average time per checkpoint: 2.08s
01:15:30.472 | INFO    (308307, stable_pretraining.callbacks.cpu_offload) | ============================================================
01:53:27.180 | WARNING (308307, stable_pretraining.module) | You are calling self.parameters which also gives callbacks parameters, to remove then, pass `with_callbacks=False`
01:57:51.807 | INFO    (308307, stable_pretraining.callbacks.trainer_info) | \n+----------------------------+------------------------+
|           Metric           |         Value          |
+----------------------------+------------------------+
|          [0;34;40mfit/loss[0m          | [0;32;40m0.00044334662379696965[0m |
|       [0;34;40mfit/pred_loss[0m        | [0;32;40m7.914035086287186e-05[0m  |
|      [0;34;40mfit/rdmreg_loss[0m       | [0;32;40m0.0003642062656581402[0m  |
|       [0;34;40mvalidate/loss[0m        | [0;32;40m0.0005992844235152006[0m  |
|    [0;34;40mvalidate/loss_epoch[0m     | [0;32;40m0.0005992844235152006[0m  |
|     [0;34;40mvalidate/pred_loss[0m     |  [0;32;40m8.64189860294573e-05[0m  |
|  [0;34;40mvalidate/pred_loss_epoch[0m  |  [0;32;40m8.64189860294573e-05[0m  |
|    [0;34;40mvalidate/rdmreg_loss[0m    | [0;32;40m0.0005128653137944639[0m  |
| [0;34;40mvalidate/rdmreg_loss_epoch[0m | [0;32;40m0.0005128653137944639[0m  |
+----------------------------+------------------------+
01:57:52.364 | INFO    (308307, stable_pretraining.callbacks.checkpoint_sklearn) | Checking for non PyTorch modules to save... 🔧
01:57:52.365 | INFO    (308307, stable_pretraining.callbacks.checkpoint_sklearn) | Checking for Wandb params to save... 🔧
01:57:52.365 | INFO    (308307, stable_pretraining.callbacks.checkpoint_sklearn) | Saving Wandb params {'id': 'lewm_lp_pusht_expert_mu-3'}
01:57:52.365 | INFO    (308307, stable_pretraining.callbacks.checkpoint_sklearn) | Checking for Wandb params to save... Done!
01:57:52.365 | INFO    (308307, stable_pretraining.callbacks.cpu_offload) | ============================================================
01:57:52.366 | INFO    (308307, stable_pretraining.callbacks.cpu_offload) | CPUOffloadCallback: Starting checkpoint CPU offload (#11)
01:57:52.366 | INFO    (308307, stable_pretraining.callbacks.cpu_offload) |   - Global step: 20898
01:57:52.366 | INFO    (308307, stable_pretraining.callbacks.cpu_offload) |   - Epoch: 5
01:57:52.366 | INFO    (308307, stable_pretraining.callbacks.cpu_offload) | Checkpoint contains 11 keys: ['callbacks', 'epoch', 'global_step', 'hparams_name', 'hyper_parameters', 'loops', 'lr_schedulers', 'optimizer_states', 'pytorch-lightning_version', 'state_dict', 'wandb']
01:57:52.367 | INFO    (308307, stable_pretraining.callbacks.cpu_offload) | GPU memory before offload:
01:57:52.367 | INFO    (308307, stable_pretraining.callbacks.cpu_offload) |   - Allocated: 0.24 GB
01:57:52.368 | INFO    (308307, stable_pretraining.callbacks.cpu_offload) |   - Reserved: 16.63 GB
01:57:52.368 | INFO    (308307, stable_pretraining.callbacks.cpu_offload) | Processing checkpoint key: 'state_dict'
01:57:52.786 | SUCCESS (308307, stable_pretraining.callbacks.cpu_offload) | ✓ Completed 'state_dict' in 0.42s
01:57:52.786 | INFO    (308307, stable_pretraining.callbacks.cpu_offload) | Processing checkpoint key: 'optimizer_states'
01:57:53.689 | SUCCESS (308307, stable_pretraining.callbacks.cpu_offload) | ✓ Completed 'optimizer_states' in 0.90s
01:57:53.690 | INFO    (308307, stable_pretraining.callbacks.cpu_offload) | Processing checkpoint key: 'lr_schedulers'
01:57:53.690 | SUCCESS (308307, stable_pretraining.callbacks.cpu_offload) | ✓ Completed 'lr_schedulers' in 0.00s
01:57:53.690 | WARNING (308307, stable_pretraining.callbacks.cpu_offload) | Skipped 321 custom object(s)
01:57:53.690 | WARNING (308307, stable_pretraining.callbacks.cpu_offload) | First 10 skipped objects:
01:57:53.691 | WARNING (308307, stable_pretraining.callbacks.cpu_offload) |   - float at 'optimizer_states[0].param_groups[0].lr'
01:57:53.691 | WARNING (308307, stable_pretraining.callbacks.cpu_offload) |   - float at 'optimizer_states[0].param_groups[0].betas[0]'
01:57:53.691 | WARNING (308307, stable_pretraining.callbacks.cpu_offload) |   - float at 'optimizer_states[0].param_groups[0].betas[1]'
01:57:53.691 | WARNING (308307, stable_pretraining.callbacks.cpu_offload) |   - float at 'optimizer_states[0].param_groups[0].eps'
01:57:53.691 | WARNING (308307, stable_pretraining.callbacks.cpu_offload) |   - float at 'optimizer_states[0].param_groups[0].weight_decay'
01:57:53.692 | WARNING (308307, stable_pretraining.callbacks.cpu_offload) |   - bool at 'optimizer_states[0].param_groups[0].amsgrad'
01:57:53.692 | WARNING (308307, stable_pretraining.callbacks.cpu_offload) |   - bool at 'optimizer_states[0].param_groups[0].maximize'
01:57:53.692 | WARNING (308307, stable_pretraining.callbacks.cpu_offload) |   - NoneType at 'optimizer_states[0].param_groups[0].foreach'
01:57:53.692 | WARNING (308307, stable_pretraining.callbacks.cpu_offload) |   - bool at 'optimizer_states[0].param_groups[0].capturable'
01:57:53.692 | WARNING (308307, stable_pretraining.callbacks.cpu_offload) |   - bool at 'optimizer_states[0].param_groups[0].differentiable'
01:57:53.692 | WARNING (308307, stable_pretraining.callbacks.cpu_offload) | ... (301 more skipped) ...
01:57:53.692 | WARNING (308307, stable_pretraining.callbacks.cpu_offload) | Last 10 skipped objects:
01:57:53.693 | WARNING (308307, stable_pretraining.callbacks.cpu_offload) |   - int at 'optimizer_states[0].param_groups[0].params[298]'
01:57:53.693 | WARNING (308307, stable_pretraining.callbacks.cpu_offload) |   - int at 'lr_schedulers[0].warmup_steps'
01:57:53.693 | WARNING (308307, stable_pretraining.callbacks.cpu_offload) |   - int at 'lr_schedulers[0].max_steps'
01:57:53.693 | WARNING (308307, stable_pretraining.callbacks.cpu_offload) |   - float at 'lr_schedulers[0].warmup_start_lr'
01:57:53.693 | WARNING (308307, stable_pretraining.callbacks.cpu_offload) |   - float at 'lr_schedulers[0].eta_min'
01:57:53.694 | WARNING (308307, stable_pretraining.callbacks.cpu_offload) |   - float at 'lr_schedulers[0].base_lrs[0]'
01:57:53.694 | WARNING (308307, stable_pretraining.callbacks.cpu_offload) |   - int at 'lr_schedulers[0].last_epoch'
01:57:53.694 | WARNING (308307, stable_pretraining.callbacks.cpu_offload) |   - int at 'lr_schedulers[0]._step_count'
01:57:53.694 | WARNING (308307, stable_pretraining.callbacks.cpu_offload) |   - bool at 'lr_schedulers[0]._get_lr_called_within_step'
01:57:53.695 | WARNING (308307, stable_pretraining.callbacks.cpu_offload) |   - float at 'lr_schedulers[0]._last_lr[0]'
01:57:53.695 | INFO    (308307, stable_pretraining.callbacks.cpu_offload) | To see all 321 skipped objects, set log_skipped=True
01:57:53.696 | INFO    (308307, stable_pretraining.callbacks.cpu_offload) | GPU memory after offload:
01:57:53.696 | INFO    (308307, stable_pretraining.callbacks.cpu_offload) |   - Allocated: 0.24 GB
01:57:53.696 | INFO    (308307, stable_pretraining.callbacks.cpu_offload) |   - Reserved: 16.63 GB
01:57:53.696 | INFO    (308307, stable_pretraining.callbacks.cpu_offload) | GPU memory freed: 0.00 GB
01:57:53.696 | SUCCESS (308307, stable_pretraining.callbacks.cpu_offload) | CPUOffloadCallback: Checkpoint #11 completed in 1.33s
01:57:53.696 | INFO    (308307, stable_pretraining.callbacks.cpu_offload) | Successfully processed keys: ['state_dict', 'optimizer_states', 'lr_schedulers']
01:57:53.696 | INFO    (308307, stable_pretraining.callbacks.cpu_offload) | Cumulative stats:
01:57:53.697 | INFO    (308307, stable_pretraining.callbacks.cpu_offload) |   - Total checkpoints saved: 11
01:57:53.697 | INFO    (308307, stable_pretraining.callbacks.cpu_offload) |   - Total time in offload: 22.18s
01:57:53.697 | INFO    (308307, stable_pretraining.callbacks.cpu_offload) |   - Total memory freed: 0.00 GB
01:57:53.697 | INFO    (308307, stable_pretraining.callbacks.cpu_offload) |   - Average time per checkpoint: 2.02s
01:57:53.697 | INFO    (308307, stable_pretraining.callbacks.cpu_offload) | ============================================================
01:57:54.916 | INFO    (308307, stable_pretraining.callbacks.checkpoint_sklearn) | Checking for non PyTorch modules to save... 🔧
01:57:54.917 | INFO    (308307, stable_pretraining.callbacks.checkpoint_sklearn) | Checking for Wandb params to save... 🔧
01:57:54.917 | INFO    (308307, stable_pretraining.callbacks.checkpoint_sklearn) | Saving Wandb params {'id': 'lewm_lp_pusht_expert_mu-3'}
01:57:54.917 | INFO    (308307, stable_pretraining.callbacks.checkpoint_sklearn) | Checking for Wandb params to save... Done!
01:57:54.917 | INFO    (308307, stable_pretraining.callbacks.cpu_offload) | ============================================================
01:57:54.918 | INFO    (308307, stable_pretraining.callbacks.cpu_offload) | CPUOffloadCallback: Starting checkpoint CPU offload (#12)
01:57:55.023 | INFO    (308307, stable_pretraining.callbacks.cpu_offload) |   - Global step: 20898
01:57:55.023 | INFO    (308307, stable_pretraining.callbacks.cpu_offload) |   - Epoch: 5
01:57:55.024 | INFO    (308307, stable_pretraining.callbacks.cpu_offload) | Checkpoint contains 11 keys: ['callbacks', 'epoch', 'global_step', 'hparams_name', 'hyper_parameters', 'loops', 'lr_schedulers', 'optimizer_states', 'pytorch-lightning_version', 'state_dict', 'wandb']
01:57:55.024 | INFO    (308307, stable_pretraining.callbacks.cpu_offload) | GPU memory before offload:
01:57:55.025 | INFO    (308307, stable_pretraining.callbacks.cpu_offload) |   - Allocated: 0.24 GB
01:57:55.025 | INFO    (308307, stable_pretraining.callbacks.cpu_offload) |   - Reserved: 16.63 GB
01:57:55.025 | INFO    (308307, stable_pretraining.callbacks.cpu_offload) | Processing checkpoint key: 'state_dict'
01:57:55.572 | SUCCESS (308307, stable_pretraining.callbacks.cpu_offload) | ✓ Completed 'state_dict' in 0.55s
01:57:55.573 | INFO    (308307, stable_pretraining.callbacks.cpu_offload) | Processing checkpoint key: 'optimizer_states'
01:57:56.645 | SUCCESS (308307, stable_pretraining.callbacks.cpu_offload) | ✓ Completed 'optimizer_states' in 1.07s
01:57:56.646 | INFO    (308307, stable_pretraining.callbacks.cpu_offload) | Processing checkpoint key: 'lr_schedulers'
01:57:56.646 | SUCCESS (308307, stable_pretraining.callbacks.cpu_offload) | ✓ Completed 'lr_schedulers' in 0.00s
01:57:56.646 | WARNING (308307, stable_pretraining.callbacks.cpu_offload) | Skipped 321 custom object(s)
01:57:56.647 | WARNING (308307, stable_pretraining.callbacks.cpu_offload) | First 10 skipped objects:
01:57:56.647 | WARNING (308307, stable_pretraining.callbacks.cpu_offload) |   - float at 'optimizer_states[0].param_groups[0].lr'
01:57:56.647 | WARNING (308307, stable_pretraining.callbacks.cpu_offload) |   - float at 'optimizer_states[0].param_groups[0].betas[0]'
01:57:56.648 | WARNING (308307, stable_pretraining.callbacks.cpu_offload) |   - float at 'optimizer_states[0].param_groups[0].betas[1]'
01:57:56.648 | WARNING (308307, stable_pretraining.callbacks.cpu_offload) |   - float at 'optimizer_states[0].param_groups[0].eps'
01:57:56.648 | WARNING (308307, stable_pretraining.callbacks.cpu_offload) |   - float at 'optimizer_states[0].param_groups[0].weight_decay'
01:57:56.648 | WARNING (308307, stable_pretraining.callbacks.cpu_offload) |   - bool at 'optimizer_states[0].param_groups[0].amsgrad'
01:57:56.649 | WARNING (308307, stable_pretraining.callbacks.cpu_offload) |   - bool at 'optimizer_states[0].param_groups[0].maximize'
01:57:56.649 | WARNING (308307, stable_pretraining.callbacks.cpu_offload) |   - NoneType at 'optimizer_states[0].param_groups[0].foreach'
01:57:56.649 | WARNING (308307, stable_pretraining.callbacks.cpu_offload) |   - bool at 'optimizer_states[0].param_groups[0].capturable'
01:57:56.649 | WARNING (308307, stable_pretraining.callbacks.cpu_offload) |   - bool at 'optimizer_states[0].param_groups[0].differentiable'
01:57:56.649 | WARNING (308307, stable_pretraining.callbacks.cpu_offload) | ... (301 more skipped) ...
01:57:56.650 | WARNING (308307, stable_pretraining.callbacks.cpu_offload) | Last 10 skipped objects:
01:57:56.650 | WARNING (308307, stable_pretraining.callbacks.cpu_offload) |   - int at 'optimizer_states[0].param_groups[0].params[298]'
01:57:56.650 | WARNING (308307, stable_pretraining.callbacks.cpu_offload) |   - int at 'lr_schedulers[0].warmup_steps'
01:57:56.651 | WARNING (308307, stable_pretraining.callbacks.cpu_offload) |   - int at 'lr_schedulers[0].max_steps'
01:57:56.651 | WARNING (308307, stable_pretraining.callbacks.cpu_offload) |   - float at 'lr_schedulers[0].warmup_start_lr'
01:57:56.651 | WARNING (308307, stable_pretraining.callbacks.cpu_offload) |   - float at 'lr_schedulers[0].eta_min'
01:57:56.651 | WARNING (308307, stable_pretraining.callbacks.cpu_offload) |   - float at 'lr_schedulers[0].base_lrs[0]'
01:57:56.652 | WARNING (308307, stable_pretraining.callbacks.cpu_offload) |   - int at 'lr_schedulers[0].last_epoch'
01:57:56.652 | WARNING (308307, stable_pretraining.callbacks.cpu_offload) |   - int at 'lr_schedulers[0]._step_count'
01:57:56.652 | WARNING (308307, stable_pretraining.callbacks.cpu_offload) |   - bool at 'lr_schedulers[0]._get_lr_called_within_step'
01:57:56.652 | WARNING (308307, stable_pretraining.callbacks.cpu_offload) |   - float at 'lr_schedulers[0]._last_lr[0]'
01:57:56.653 | INFO    (308307, stable_pretraining.callbacks.cpu_offload) | To see all 321 skipped objects, set log_skipped=True
01:57:56.653 | INFO    (308307, stable_pretraining.callbacks.cpu_offload) | GPU memory after offload:
01:57:56.654 | INFO    (308307, stable_pretraining.callbacks.cpu_offload) |   - Allocated: 0.24 GB
01:57:56.654 | INFO    (308307, stable_pretraining.callbacks.cpu_offload) |   - Reserved: 16.63 GB
01:57:56.654 | INFO    (308307, stable_pretraining.callbacks.cpu_offload) | GPU memory freed: 0.00 GB
01:57:56.654 | SUCCESS (308307, stable_pretraining.callbacks.cpu_offload) | CPUOffloadCallback: Checkpoint #12 completed in 1.74s
01:57:56.655 | INFO    (308307, stable_pretraining.callbacks.cpu_offload) | Successfully processed keys: ['state_dict', 'optimizer_states', 'lr_schedulers']
01:57:56.655 | INFO    (308307, stable_pretraining.callbacks.cpu_offload) | Cumulative stats:
01:57:56.655 | INFO    (308307, stable_pretraining.callbacks.cpu_offload) |   - Total checkpoints saved: 12
01:57:56.656 | INFO    (308307, stable_pretraining.callbacks.cpu_offload) |   - Total time in offload: 23.92s
01:57:56.656 | INFO    (308307, stable_pretraining.callbacks.cpu_offload) |   - Total memory freed: 0.00 GB
01:57:56.656 | INFO    (308307, stable_pretraining.callbacks.cpu_offload) |   - Average time per checkpoint: 1.99s
01:57:56.656 | INFO    (308307, stable_pretraining.callbacks.cpu_offload) | ============================================================
02:39:07.643 | WARNING (308307, stable_pretraining.module) | You are calling self.parameters which also gives callbacks parameters, to remove then, pass `with_callbacks=False`
02:43:43.780 | INFO    (308307, stable_pretraining.callbacks.trainer_info) | \n+----------------------------+------------------------+
|           Metric           |         Value          |
+----------------------------+------------------------+
|          [0;34;40mfit/loss[0m          | [0;32;40m0.0004858215106651187[0m  |
|       [0;34;40mfit/pred_loss[0m        | [0;32;40m7.792598626110703e-05[0m  |
|      [0;34;40mfit/rdmreg_loss[0m       | [0;32;40m0.00040789550985209644[0m |
|       [0;34;40mvalidate/loss[0m        | [0;32;40m0.0005027633742429316[0m  |
|    [0;34;40mvalidate/loss_epoch[0m     | [0;32;40m0.0005027633742429316[0m  |
|     [0;34;40mvalidate/pred_loss[0m     | [0;32;40m6.218776979949325e-05[0m  |
|  [0;34;40mvalidate/pred_loss_epoch[0m  | [0;32;40m6.218776979949325e-05[0m  |
|    [0;34;40mvalidate/rdmreg_loss[0m    | [0;32;40m0.0004405756772030145[0m  |
| [0;34;40mvalidate/rdmreg_loss_epoch[0m | [0;32;40m0.0004405756772030145[0m  |
+----------------------------+------------------------+
02:43:44.329 | INFO    (308307, stable_pretraining.callbacks.checkpoint_sklearn) | Checking for non PyTorch modules to save... 🔧
02:43:44.329 | INFO    (308307, stable_pretraining.callbacks.checkpoint_sklearn) | Checking for Wandb params to save... 🔧
02:43:44.330 | INFO    (308307, stable_pretraining.callbacks.checkpoint_sklearn) | Saving Wandb params {'id': 'lewm_lp_pusht_expert_mu-3'}
02:43:44.330 | INFO    (308307, stable_pretraining.callbacks.checkpoint_sklearn) | Checking for Wandb params to save... Done!
02:43:44.330 | INFO    (308307, stable_pretraining.callbacks.cpu_offload) | ============================================================
02:43:44.330 | INFO    (308307, stable_pretraining.callbacks.cpu_offload) | CPUOffloadCallback: Starting checkpoint CPU offload (#13)
02:43:44.330 | INFO    (308307, stable_pretraining.callbacks.cpu_offload) |   - Global step: 24381
02:43:44.331 | INFO    (308307, stable_pretraining.callbacks.cpu_offload) |   - Epoch: 6
02:43:44.331 | INFO    (308307, stable_pretraining.callbacks.cpu_offload) | Checkpoint contains 11 keys: ['callbacks', 'epoch', 'global_step', 'hparams_name', 'hyper_parameters', 'loops', 'lr_schedulers', 'optimizer_states', 'pytorch-lightning_version', 'state_dict', 'wandb']
02:43:44.331 | INFO    (308307, stable_pretraining.callbacks.cpu_offload) | GPU memory before offload:
02:43:44.332 | INFO    (308307, stable_pretraining.callbacks.cpu_offload) |   - Allocated: 0.24 GB
02:43:44.332 | INFO    (308307, stable_pretraining.callbacks.cpu_offload) |   - Reserved: 16.63 GB
02:43:44.332 | INFO    (308307, stable_pretraining.callbacks.cpu_offload) | Processing checkpoint key: 'state_dict'
02:43:44.797 | SUCCESS (308307, stable_pretraining.callbacks.cpu_offload) | ✓ Completed 'state_dict' in 0.46s
02:43:44.798 | INFO    (308307, stable_pretraining.callbacks.cpu_offload) | Processing checkpoint key: 'optimizer_states'
02:43:45.688 | SUCCESS (308307, stable_pretraining.callbacks.cpu_offload) | ✓ Completed 'optimizer_states' in 0.89s
02:43:45.731 | INFO    (308307, stable_pretraining.callbacks.cpu_offload) | Processing checkpoint key: 'lr_schedulers'
02:43:45.731 | SUCCESS (308307, stable_pretraining.callbacks.cpu_offload) | ✓ Completed 'lr_schedulers' in 0.00s
02:43:45.732 | WARNING (308307, stable_pretraining.callbacks.cpu_offload) | Skipped 321 custom object(s)
02:43:45.732 | WARNING (308307, stable_pretraining.callbacks.cpu_offload) | First 10 skipped objects:
02:43:45.732 | WARNING (308307, stable_pretraining.callbacks.cpu_offload) |   - float at 'optimizer_states[0].param_groups[0].lr'
02:43:45.732 | WARNING (308307, stable_pretraining.callbacks.cpu_offload) |   - float at 'optimizer_states[0].param_groups[0].betas[0]'
02:43:45.732 | WARNING (308307, stable_pretraining.callbacks.cpu_offload) |   - float at 'optimizer_states[0].param_groups[0].betas[1]'
02:43:45.732 | WARNING (308307, stable_pretraining.callbacks.cpu_offload) |   - float at 'optimizer_states[0].param_groups[0].eps'
02:43:45.732 | WARNING (308307, stable_pretraining.callbacks.cpu_offload) |   - float at 'optimizer_states[0].param_groups[0].weight_decay'
02:43:45.733 | WARNING (308307, stable_pretraining.callbacks.cpu_offload) |   - bool at 'optimizer_states[0].param_groups[0].amsgrad'
02:43:45.733 | WARNING (308307, stable_pretraining.callbacks.cpu_offload) |   - bool at 'optimizer_states[0].param_groups[0].maximize'
02:43:45.733 | WARNING (308307, stable_pretraining.callbacks.cpu_offload) |   - NoneType at 'optimizer_states[0].param_groups[0].foreach'
02:43:45.733 | WARNING (308307, stable_pretraining.callbacks.cpu_offload) |   - bool at 'optimizer_states[0].param_groups[0].capturable'
02:43:45.733 | WARNING (308307, stable_pretraining.callbacks.cpu_offload) |   - bool at 'optimizer_states[0].param_groups[0].differentiable'
02:43:45.733 | WARNING (308307, stable_pretraining.callbacks.cpu_offload) | ... (301 more skipped) ...
02:43:45.733 | WARNING (308307, stable_pretraining.callbacks.cpu_offload) | Last 10 skipped objects:
02:43:45.733 | WARNING (308307, stable_pretraining.callbacks.cpu_offload) |   - int at 'optimizer_states[0].param_groups[0].params[298]'
02:43:45.734 | WARNING (308307, stable_pretraining.callbacks.cpu_offload) |   - int at 'lr_schedulers[0].warmup_steps'
02:43:45.734 | WARNING (308307, stable_pretraining.callbacks.cpu_offload) |   - int at 'lr_schedulers[0].max_steps'
02:43:45.734 | WARNING (308307, stable_pretraining.callbacks.cpu_offload) |   - float at 'lr_schedulers[0].warmup_start_lr'
02:43:45.734 | WARNING (308307, stable_pretraining.callbacks.cpu_offload) |   - float at 'lr_schedulers[0].eta_min'
02:43:45.734 | WARNING (308307, stable_pretraining.callbacks.cpu_offload) |   - float at 'lr_schedulers[0].base_lrs[0]'
02:43:45.734 | WARNING (308307, stable_pretraining.callbacks.cpu_offload) |   - int at 'lr_schedulers[0].last_epoch'
02:43:45.734 | WARNING (308307, stable_pretraining.callbacks.cpu_offload) |   - int at 'lr_schedulers[0]._step_count'
02:43:45.734 | WARNING (308307, stable_pretraining.callbacks.cpu_offload) |   - bool at 'lr_schedulers[0]._get_lr_called_within_step'
02:43:45.735 | WARNING (308307, stable_pretraining.callbacks.cpu_offload) |   - float at 'lr_schedulers[0]._last_lr[0]'
02:43:45.735 | INFO    (308307, stable_pretraining.callbacks.cpu_offload) | To see all 321 skipped objects, set log_skipped=True
02:43:45.735 | INFO    (308307, stable_pretraining.callbacks.cpu_offload) | GPU memory after offload:
02:43:45.735 | INFO    (308307, stable_pretraining.callbacks.cpu_offload) |   - Allocated: 0.24 GB
02:43:45.736 | INFO    (308307, stable_pretraining.callbacks.cpu_offload) |   - Reserved: 16.63 GB
02:43:45.736 | INFO    (308307, stable_pretraining.callbacks.cpu_offload) | GPU memory freed: 0.00 GB
02:43:45.736 | SUCCESS (308307, stable_pretraining.callbacks.cpu_offload) | CPUOffloadCallback: Checkpoint #13 completed in 1.41s
02:43:45.736 | INFO    (308307, stable_pretraining.callbacks.cpu_offload) | Successfully processed keys: ['state_dict', 'optimizer_states', 'lr_schedulers']
02:43:45.736 | INFO    (308307, stable_pretraining.callbacks.cpu_offload) | Cumulative stats:
02:43:45.736 | INFO    (308307, stable_pretraining.callbacks.cpu_offload) |   - Total checkpoints saved: 13
02:43:45.736 | INFO    (308307, stable_pretraining.callbacks.cpu_offload) |   - Total time in offload: 25.32s
02:43:45.736 | INFO    (308307, stable_pretraining.callbacks.cpu_offload) |   - Total memory freed: 0.00 GB
02:43:45.737 | INFO    (308307, stable_pretraining.callbacks.cpu_offload) |   - Average time per checkpoint: 1.95s
02:43:45.737 | INFO    (308307, stable_pretraining.callbacks.cpu_offload) | ============================================================
02:43:47.081 | INFO    (308307, stable_pretraining.callbacks.checkpoint_sklearn) | Checking for non PyTorch modules to save... 🔧
02:43:47.082 | INFO    (308307, stable_pretraining.callbacks.checkpoint_sklearn) | Checking for Wandb params to save... 🔧
02:43:47.082 | INFO    (308307, stable_pretraining.callbacks.checkpoint_sklearn) | Saving Wandb params {'id': 'lewm_lp_pusht_expert_mu-3'}
02:43:47.082 | INFO    (308307, stable_pretraining.callbacks.checkpoint_sklearn) | Checking for Wandb params to save... Done!
02:43:47.083 | INFO    (308307, stable_pretraining.callbacks.cpu_offload) | ============================================================
02:43:47.083 | INFO    (308307, stable_pretraining.callbacks.cpu_offload) | CPUOffloadCallback: Starting checkpoint CPU offload (#14)
02:43:47.083 | INFO    (308307, stable_pretraining.callbacks.cpu_offload) |   - Global step: 24381
02:43:47.083 | INFO    (308307, stable_pretraining.callbacks.cpu_offload) |   - Epoch: 6
02:43:47.083 | INFO    (308307, stable_pretraining.callbacks.cpu_offload) | Checkpoint contains 11 keys: ['callbacks', 'epoch', 'global_step', 'hparams_name', 'hyper_parameters', 'loops', 'lr_schedulers', 'optimizer_states', 'pytorch-lightning_version', 'state_dict', 'wandb']
02:43:47.084 | INFO    (308307, stable_pretraining.callbacks.cpu_offload) | GPU memory before offload:
02:43:47.084 | INFO    (308307, stable_pretraining.callbacks.cpu_offload) |   - Allocated: 0.24 GB
02:43:47.084 | INFO    (308307, stable_pretraining.callbacks.cpu_offload) |   - Reserved: 16.63 GB
02:43:47.084 | INFO    (308307, stable_pretraining.callbacks.cpu_offload) | Processing checkpoint key: 'state_dict'
02:43:47.501 | SUCCESS (308307, stable_pretraining.callbacks.cpu_offload) | ✓ Completed 'state_dict' in 0.42s
02:43:47.501 | INFO    (308307, stable_pretraining.callbacks.cpu_offload) | Processing checkpoint key: 'optimizer_states'
02:43:48.343 | SUCCESS (308307, stable_pretraining.callbacks.cpu_offload) | ✓ Completed 'optimizer_states' in 0.84s
02:43:48.344 | INFO    (308307, stable_pretraining.callbacks.cpu_offload) | Processing checkpoint key: 'lr_schedulers'
02:43:48.344 | SUCCESS (308307, stable_pretraining.callbacks.cpu_offload) | ✓ Completed 'lr_schedulers' in 0.00s
02:43:48.344 | WARNING (308307, stable_pretraining.callbacks.cpu_offload) | Skipped 321 custom object(s)
02:43:48.344 | WARNING (308307, stable_pretraining.callbacks.cpu_offload) | First 10 skipped objects:
02:43:48.344 | WARNING (308307, stable_pretraining.callbacks.cpu_offload) |   - float at 'optimizer_states[0].param_groups[0].lr'
02:43:48.345 | WARNING (308307, stable_pretraining.callbacks.cpu_offload) |   - float at 'optimizer_states[0].param_groups[0].betas[0]'
02:43:48.345 | WARNING (308307, stable_pretraining.callbacks.cpu_offload) |   - float at 'optimizer_states[0].param_groups[0].betas[1]'
02:43:48.345 | WARNING (308307, stable_pretraining.callbacks.cpu_offload) |   - float at 'optimizer_states[0].param_groups[0].eps'
02:43:48.345 | WARNING (308307, stable_pretraining.callbacks.cpu_offload) |   - float at 'optimizer_states[0].param_groups[0].weight_decay'
02:43:48.345 | WARNING (308307, stable_pretraining.callbacks.cpu_offload) |   - bool at 'optimizer_states[0].param_groups[0].amsgrad'
02:43:48.345 | WARNING (308307, stable_pretraining.callbacks.cpu_offload) |   - bool at 'optimizer_states[0].param_groups[0].maximize'
02:43:48.345 | WARNING (308307, stable_pretraining.callbacks.cpu_offload) |   - NoneType at 'optimizer_states[0].param_groups[0].foreach'
02:43:48.346 | WARNING (308307, stable_pretraining.callbacks.cpu_offload) |   - bool at 'optimizer_states[0].param_groups[0].capturable'
02:43:48.346 | WARNING (308307, stable_pretraining.callbacks.cpu_offload) |   - bool at 'optimizer_states[0].param_groups[0].differentiable'
02:43:48.346 | WARNING (308307, stable_pretraining.callbacks.cpu_offload) | ... (301 more skipped) ...
02:43:48.346 | WARNING (308307, stable_pretraining.callbacks.cpu_offload) | Last 10 skipped objects:
02:43:48.346 | WARNING (308307, stable_pretraining.callbacks.cpu_offload) |   - int at 'optimizer_states[0].param_groups[0].params[298]'
02:43:48.346 | WARNING (308307, stable_pretraining.callbacks.cpu_offload) |   - int at 'lr_schedulers[0].warmup_steps'
02:43:48.346 | WARNING (308307, stable_pretraining.callbacks.cpu_offload) |   - int at 'lr_schedulers[0].max_steps'
02:43:48.346 | WARNING (308307, stable_pretraining.callbacks.cpu_offload) |   - float at 'lr_schedulers[0].warmup_start_lr'
02:43:48.347 | WARNING (308307, stable_pretraining.callbacks.cpu_offload) |   - float at 'lr_schedulers[0].eta_min'
02:43:48.347 | WARNING (308307, stable_pretraining.callbacks.cpu_offload) |   - float at 'lr_schedulers[0].base_lrs[0]'
02:43:48.347 | WARNING (308307, stable_pretraining.callbacks.cpu_offload) |   - int at 'lr_schedulers[0].last_epoch'
02:43:48.347 | WARNING (308307, stable_pretraining.callbacks.cpu_offload) |   - int at 'lr_schedulers[0]._step_count'
02:43:48.347 | WARNING (308307, stable_pretraining.callbacks.cpu_offload) |   - bool at 'lr_schedulers[0]._get_lr_called_within_step'
02:43:48.347 | WARNING (308307, stable_pretraining.callbacks.cpu_offload) |   - float at 'lr_schedulers[0]._last_lr[0]'
02:43:48.347 | INFO    (308307, stable_pretraining.callbacks.cpu_offload) | To see all 321 skipped objects, set log_skipped=True
02:43:48.348 | INFO    (308307, stable_pretraining.callbacks.cpu_offload) | GPU memory after offload:
02:43:48.348 | INFO    (308307, stable_pretraining.callbacks.cpu_offload) |   - Allocated: 0.24 GB
02:43:48.348 | INFO    (308307, stable_pretraining.callbacks.cpu_offload) |   - Reserved: 16.63 GB
02:43:48.348 | INFO    (308307, stable_pretraining.callbacks.cpu_offload) | GPU memory freed: 0.00 GB
02:43:48.348 | SUCCESS (308307, stable_pretraining.callbacks.cpu_offload) | CPUOffloadCallback: Checkpoint #14 completed in 1.27s
02:43:48.348 | INFO    (308307, stable_pretraining.callbacks.cpu_offload) | Successfully processed keys: ['state_dict', 'optimizer_states', 'lr_schedulers']
02:43:48.348 | INFO    (308307, stable_pretraining.callbacks.cpu_offload) | Cumulative stats:
02:43:48.348 | INFO    (308307, stable_pretraining.callbacks.cpu_offload) |   - Total checkpoints saved: 14
02:43:48.349 | INFO    (308307, stable_pretraining.callbacks.cpu_offload) |   - Total time in offload: 26.59s
02:43:48.349 | INFO    (308307, stable_pretraining.callbacks.cpu_offload) |   - Total memory freed: 0.00 GB
02:43:48.349 | INFO    (308307, stable_pretraining.callbacks.cpu_offload) |   - Average time per checkpoint: 1.90s
02:43:48.349 | INFO    (308307, stable_pretraining.callbacks.cpu_offload) | ============================================================
03:20:52.096 | WARNING (308307, stable_pretraining.module) | You are calling self.parameters which also gives callbacks parameters, to remove then, pass `with_callbacks=False`
03:25:04.893 | INFO    (308307, stable_pretraining.callbacks.trainer_info) | \n+----------------------------+------------------------+
|           Metric           |         Value          |
+----------------------------+------------------------+
|          [0;34;40mfit/loss[0m          | [0;32;40m0.00041214513476006687[0m |
|       [0;34;40mfit/pred_loss[0m        | [0;32;40m5.844949555466883e-05[0m  |
|      [0;34;40mfit/rdmreg_loss[0m       | [0;32;40m0.00035369565011933446[0m |
|       [0;34;40mvalidate/loss[0m        | [0;32;40m0.00047860422637313604[0m |
|    [0;34;40mvalidate/loss_epoch[0m     | [0;32;40m0.00047860422637313604[0m |
|     [0;34;40mvalidate/pred_loss[0m     | [0;32;40m4.8286532546626404e-05[0m |
|  [0;34;40mvalidate/pred_loss_epoch[0m  | [0;32;40m4.8286532546626404e-05[0m |
|    [0;34;40mvalidate/rdmreg_loss[0m    | [0;32;40m0.00043031753739342093[0m |
| [0;34;40mvalidate/rdmreg_loss_epoch[0m | [0;32;40m0.00043031753739342093[0m |
+----------------------------+------------------------+
03:25:05.426 | INFO    (308307, stable_pretraining.callbacks.checkpoint_sklearn) | Checking for non PyTorch modules to save... 🔧
03:25:05.427 | INFO    (308307, stable_pretraining.callbacks.checkpoint_sklearn) | Checking for Wandb params to save... 🔧
03:25:05.427 | INFO    (308307, stable_pretraining.callbacks.checkpoint_sklearn) | Saving Wandb params {'id': 'lewm_lp_pusht_expert_mu-3'}
03:25:05.427 | INFO    (308307, stable_pretraining.callbacks.checkpoint_sklearn) | Checking for Wandb params to save... Done!
03:25:05.428 | INFO    (308307, stable_pretraining.callbacks.cpu_offload) | ============================================================
03:25:05.428 | INFO    (308307, stable_pretraining.callbacks.cpu_offload) | CPUOffloadCallback: Starting checkpoint CPU offload (#15)
03:25:05.428 | INFO    (308307, stable_pretraining.callbacks.cpu_offload) |   - Global step: 27864
03:25:05.428 | INFO    (308307, stable_pretraining.callbacks.cpu_offload) |   - Epoch: 7
03:25:05.428 | INFO    (308307, stable_pretraining.callbacks.cpu_offload) | Checkpoint contains 11 keys: ['callbacks', 'epoch', 'global_step', 'hparams_name', 'hyper_parameters', 'loops', 'lr_schedulers', 'optimizer_states', 'pytorch-lightning_version', 'state_dict', 'wandb']
03:25:05.429 | INFO    (308307, stable_pretraining.callbacks.cpu_offload) | GPU memory before offload:
03:25:05.429 | INFO    (308307, stable_pretraining.callbacks.cpu_offload) |   - Allocated: 0.24 GB
03:25:05.429 | INFO    (308307, stable_pretraining.callbacks.cpu_offload) |   - Reserved: 16.63 GB
03:25:05.429 | INFO    (308307, stable_pretraining.callbacks.cpu_offload) | Processing checkpoint key: 'state_dict'
03:25:05.832 | SUCCESS (308307, stable_pretraining.callbacks.cpu_offload) | ✓ Completed 'state_dict' in 0.40s
03:25:05.833 | INFO    (308307, stable_pretraining.callbacks.cpu_offload) | Processing checkpoint key: 'optimizer_states'
03:25:06.663 | SUCCESS (308307, stable_pretraining.callbacks.cpu_offload) | ✓ Completed 'optimizer_states' in 0.83s
03:25:06.663 | INFO    (308307, stable_pretraining.callbacks.cpu_offload) | Processing checkpoint key: 'lr_schedulers'
03:25:06.664 | SUCCESS (308307, stable_pretraining.callbacks.cpu_offload) | ✓ Completed 'lr_schedulers' in 0.00s
03:25:06.664 | WARNING (308307, stable_pretraining.callbacks.cpu_offload) | Skipped 321 custom object(s)
03:25:06.664 | WARNING (308307, stable_pretraining.callbacks.cpu_offload) | First 10 skipped objects:
03:25:06.664 | WARNING (308307, stable_pretraining.callbacks.cpu_offload) |   - float at 'optimizer_states[0].param_groups[0].lr'
03:25:06.664 | WARNING (308307, stable_pretraining.callbacks.cpu_offload) |   - float at 'optimizer_states[0].param_groups[0].betas[0]'
03:25:06.665 | WARNING (308307, stable_pretraining.callbacks.cpu_offload) |   - float at 'optimizer_states[0].param_groups[0].betas[1]'
03:25:06.665 | WARNING (308307, stable_pretraining.callbacks.cpu_offload) |   - float at 'optimizer_states[0].param_groups[0].eps'
03:25:06.665 | WARNING (308307, stable_pretraining.callbacks.cpu_offload) |   - float at 'optimizer_states[0].param_groups[0].weight_decay'
03:25:06.665 | WARNING (308307, stable_pretraining.callbacks.cpu_offload) |   - bool at 'optimizer_states[0].param_groups[0].amsgrad'
03:25:06.665 | WARNING (308307, stable_pretraining.callbacks.cpu_offload) |   - bool at 'optimizer_states[0].param_groups[0].maximize'
03:25:06.665 | WARNING (308307, stable_pretraining.callbacks.cpu_offload) |   - NoneType at 'optimizer_states[0].param_groups[0].foreach'
03:25:06.665 | WARNING (308307, stable_pretraining.callbacks.cpu_offload) |   - bool at 'optimizer_states[0].param_groups[0].capturable'
03:25:06.666 | WARNING (308307, stable_pretraining.callbacks.cpu_offload) |   - bool at 'optimizer_states[0].param_groups[0].differentiable'
03:25:06.762 | WARNING (308307, stable_pretraining.callbacks.cpu_offload) | ... (301 more skipped) ...
03:25:06.762 | WARNING (308307, stable_pretraining.callbacks.cpu_offload) | Last 10 skipped objects:
03:25:06.763 | WARNING (308307, stable_pretraining.callbacks.cpu_offload) |   - int at 'optimizer_states[0].param_groups[0].params[298]'
03:25:06.763 | WARNING (308307, stable_pretraining.callbacks.cpu_offload) |   - int at 'lr_schedulers[0].warmup_steps'
03:25:06.763 | WARNING (308307, stable_pretraining.callbacks.cpu_offload) |   - int at 'lr_schedulers[0].max_steps'
03:25:06.763 | WARNING (308307, stable_pretraining.callbacks.cpu_offload) |   - float at 'lr_schedulers[0].warmup_start_lr'
03:25:06.764 | WARNING (308307, stable_pretraining.callbacks.cpu_offload) |   - float at 'lr_schedulers[0].eta_min'
03:25:06.764 | WARNING (308307, stable_pretraining.callbacks.cpu_offload) |   - float at 'lr_schedulers[0].base_lrs[0]'
03:25:06.764 | WARNING (308307, stable_pretraining.callbacks.cpu_offload) |   - int at 'lr_schedulers[0].last_epoch'
03:25:06.764 | WARNING (308307, stable_pretraining.callbacks.cpu_offload) |   - int at 'lr_schedulers[0]._step_count'
03:25:06.765 | WARNING (308307, stable_pretraining.callbacks.cpu_offload) |   - bool at 'lr_schedulers[0]._get_lr_called_within_step'
03:25:06.765 | WARNING (308307, stable_pretraining.callbacks.cpu_offload) |   - float at 'lr_schedulers[0]._last_lr[0]'
03:25:06.765 | INFO    (308307, stable_pretraining.callbacks.cpu_offload) | To see all 321 skipped objects, set log_skipped=True
03:25:06.765 | INFO    (308307, stable_pretraining.callbacks.cpu_offload) | GPU memory after offload:
03:25:06.766 | INFO    (308307, stable_pretraining.callbacks.cpu_offload) |   - Allocated: 0.24 GB
03:25:06.766 | INFO    (308307, stable_pretraining.callbacks.cpu_offload) |   - Reserved: 16.63 GB
03:25:06.766 | INFO    (308307, stable_pretraining.callbacks.cpu_offload) | GPU memory freed: 0.00 GB
03:25:06.766 | SUCCESS (308307, stable_pretraining.callbacks.cpu_offload) | CPUOffloadCallback: Checkpoint #15 completed in 1.34s
03:25:06.766 | INFO    (308307, stable_pretraining.callbacks.cpu_offload) | Successfully processed keys: ['state_dict', 'optimizer_states', 'lr_schedulers']
03:25:06.766 | INFO    (308307, stable_pretraining.callbacks.cpu_offload) | Cumulative stats:
03:25:06.767 | INFO    (308307, stable_pretraining.callbacks.cpu_offload) |   - Total checkpoints saved: 15
03:25:06.767 | INFO    (308307, stable_pretraining.callbacks.cpu_offload) |   - Total time in offload: 27.93s
03:25:06.767 | INFO    (308307, stable_pretraining.callbacks.cpu_offload) |   - Total memory freed: 0.00 GB
03:25:06.767 | INFO    (308307, stable_pretraining.callbacks.cpu_offload) |   - Average time per checkpoint: 1.86s
03:25:06.768 | INFO    (308307, stable_pretraining.callbacks.cpu_offload) | ============================================================
03:25:08.332 | INFO    (308307, stable_pretraining.callbacks.checkpoint_sklearn) | Checking for non PyTorch modules to save... 🔧
03:25:08.333 | INFO    (308307, stable_pretraining.callbacks.checkpoint_sklearn) | Checking for Wandb params to save... 🔧
03:25:08.333 | INFO    (308307, stable_pretraining.callbacks.checkpoint_sklearn) | Saving Wandb params {'id': 'lewm_lp_pusht_expert_mu-3'}
03:25:08.333 | INFO    (308307, stable_pretraining.callbacks.checkpoint_sklearn) | Checking for Wandb params to save... Done!
03:25:08.333 | INFO    (308307, stable_pretraining.callbacks.cpu_offload) | ============================================================
03:25:08.333 | INFO    (308307, stable_pretraining.callbacks.cpu_offload) | CPUOffloadCallback: Starting checkpoint CPU offload (#16)
03:25:08.334 | INFO    (308307, stable_pretraining.callbacks.cpu_offload) |   - Global step: 27864
03:25:08.334 | INFO    (308307, stable_pretraining.callbacks.cpu_offload) |   - Epoch: 7
03:25:08.334 | INFO    (308307, stable_pretraining.callbacks.cpu_offload) | Checkpoint contains 11 keys: ['callbacks', 'epoch', 'global_step', 'hparams_name', 'hyper_parameters', 'loops', 'lr_schedulers', 'optimizer_states', 'pytorch-lightning_version', 'state_dict', 'wandb']
03:25:08.334 | INFO    (308307, stable_pretraining.callbacks.cpu_offload) | GPU memory before offload:
03:25:08.335 | INFO    (308307, stable_pretraining.callbacks.cpu_offload) |   - Allocated: 0.24 GB
03:25:08.335 | INFO    (308307, stable_pretraining.callbacks.cpu_offload) |   - Reserved: 16.63 GB
03:25:08.335 | INFO    (308307, stable_pretraining.callbacks.cpu_offload) | Processing checkpoint key: 'state_dict'
03:25:08.837 | SUCCESS (308307, stable_pretraining.callbacks.cpu_offload) | ✓ Completed 'state_dict' in 0.50s
03:25:08.837 | INFO    (308307, stable_pretraining.callbacks.cpu_offload) | Processing checkpoint key: 'optimizer_states'
03:25:09.767 | SUCCESS (308307, stable_pretraining.callbacks.cpu_offload) | ✓ Completed 'optimizer_states' in 0.93s
03:25:09.768 | INFO    (308307, stable_pretraining.callbacks.cpu_offload) | Processing checkpoint key: 'lr_schedulers'
03:25:09.768 | SUCCESS (308307, stable_pretraining.callbacks.cpu_offload) | ✓ Completed 'lr_schedulers' in 0.00s
03:25:09.768 | WARNING (308307, stable_pretraining.callbacks.cpu_offload) | Skipped 321 custom object(s)
03:25:09.768 | WARNING (308307, stable_pretraining.callbacks.cpu_offload) | First 10 skipped objects:
03:25:09.769 | WARNING (308307, stable_pretraining.callbacks.cpu_offload) |   - float at 'optimizer_states[0].param_groups[0].lr'
03:25:09.769 | WARNING (308307, stable_pretraining.callbacks.cpu_offload) |   - float at 'optimizer_states[0].param_groups[0].betas[0]'
03:25:09.769 | WARNING (308307, stable_pretraining.callbacks.cpu_offload) |   - float at 'optimizer_states[0].param_groups[0].betas[1]'
03:25:09.769 | WARNING (308307, stable_pretraining.callbacks.cpu_offload) |   - float at 'optimizer_states[0].param_groups[0].eps'
03:25:09.769 | WARNING (308307, stable_pretraining.callbacks.cpu_offload) |   - float at 'optimizer_states[0].param_groups[0].weight_decay'
03:25:09.770 | WARNING (308307, stable_pretraining.callbacks.cpu_offload) |   - bool at 'optimizer_states[0].param_groups[0].amsgrad'
03:25:09.770 | WARNING (308307, stable_pretraining.callbacks.cpu_offload) |   - bool at 'optimizer_states[0].param_groups[0].maximize'
03:25:09.770 | WARNING (308307, stable_pretraining.callbacks.cpu_offload) |   - NoneType at 'optimizer_states[0].param_groups[0].foreach'
03:25:09.770 | WARNING (308307, stable_pretraining.callbacks.cpu_offload) |   - bool at 'optimizer_states[0].param_groups[0].capturable'
03:25:09.770 | WARNING (308307, stable_pretraining.callbacks.cpu_offload) |   - bool at 'optimizer_states[0].param_groups[0].differentiable'
03:25:09.771 | WARNING (308307, stable_pretraining.callbacks.cpu_offload) | ... (301 more skipped) ...
03:25:09.771 | WARNING (308307, stable_pretraining.callbacks.cpu_offload) | Last 10 skipped objects:
03:25:09.771 | WARNING (308307, stable_pretraining.callbacks.cpu_offload) |   - int at 'optimizer_states[0].param_groups[0].params[298]'
03:25:09.771 | WARNING (308307, stable_pretraining.callbacks.cpu_offload) |   - int at 'lr_schedulers[0].warmup_steps'
03:25:09.771 | WARNING (308307, stable_pretraining.callbacks.cpu_offload) |   - int at 'lr_schedulers[0].max_steps'
03:25:09.772 | WARNING (308307, stable_pretraining.callbacks.cpu_offload) |   - float at 'lr_schedulers[0].warmup_start_lr'
03:25:09.772 | WARNING (308307, stable_pretraining.callbacks.cpu_offload) |   - float at 'lr_schedulers[0].eta_min'
03:25:09.772 | WARNING (308307, stable_pretraining.callbacks.cpu_offload) |   - float at 'lr_schedulers[0].base_lrs[0]'
03:25:09.772 | WARNING (308307, stable_pretraining.callbacks.cpu_offload) |   - int at 'lr_schedulers[0].last_epoch'
03:25:09.772 | WARNING (308307, stable_pretraining.callbacks.cpu_offload) |   - int at 'lr_schedulers[0]._step_count'
03:25:09.773 | WARNING (308307, stable_pretraining.callbacks.cpu_offload) |   - bool at 'lr_schedulers[0]._get_lr_called_within_step'
03:25:09.773 | WARNING (308307, stable_pretraining.callbacks.cpu_offload) |   - float at 'lr_schedulers[0]._last_lr[0]'
03:25:09.773 | INFO    (308307, stable_pretraining.callbacks.cpu_offload) | To see all 321 skipped objects, set log_skipped=True
03:25:09.773 | INFO    (308307, stable_pretraining.callbacks.cpu_offload) | GPU memory after offload:
03:25:09.774 | INFO    (308307, stable_pretraining.callbacks.cpu_offload) |   - Allocated: 0.24 GB
03:25:09.774 | INFO    (308307, stable_pretraining.callbacks.cpu_offload) |   - Reserved: 16.63 GB
03:25:09.774 | INFO    (308307, stable_pretraining.callbacks.cpu_offload) | GPU memory freed: 0.00 GB
03:25:09.774 | SUCCESS (308307, stable_pretraining.callbacks.cpu_offload) | CPUOffloadCallback: Checkpoint #16 completed in 1.44s
03:25:09.774 | INFO    (308307, stable_pretraining.callbacks.cpu_offload) | Successfully processed keys: ['state_dict', 'optimizer_states', 'lr_schedulers']
03:25:09.774 | INFO    (308307, stable_pretraining.callbacks.cpu_offload) | Cumulative stats:
03:25:09.775 | INFO    (308307, stable_pretraining.callbacks.cpu_offload) |   - Total checkpoints saved: 16
03:25:09.775 | INFO    (308307, stable_pretraining.callbacks.cpu_offload) |   - Total time in offload: 29.37s
03:25:09.775 | INFO    (308307, stable_pretraining.callbacks.cpu_offload) |   - Total memory freed: 0.00 GB
03:25:09.775 | INFO    (308307, stable_pretraining.callbacks.cpu_offload) |   - Average time per checkpoint: 1.84s
03:25:09.775 | INFO    (308307, stable_pretraining.callbacks.cpu_offload) | ============================================================
04:01:18.830 | WARNING (308307, stable_pretraining.module) | You are calling self.parameters which also gives callbacks parameters, to remove then, pass `with_callbacks=False`
04:07:26.618 | INFO    (308307, stable_pretraining.callbacks.trainer_info) | \n+----------------------------+------------------------+
|           Metric           |         Value          |
+----------------------------+------------------------+
|          [0;34;40mfit/loss[0m          | [0;32;40m0.00041979397065006196[0m |
|       [0;34;40mfit/pred_loss[0m        | [0;32;40m4.4058950152248144e-05[0m |
|      [0;34;40mfit/rdmreg_loss[0m       | [0;32;40m0.0003757350204978138[0m  |
|       [0;34;40mvalidate/loss[0m        | [0;32;40m0.00046664365800097585[0m |
|    [0;34;40mvalidate/loss_epoch[0m     | [0;32;40m0.00046664365800097585[0m |
|     [0;34;40mvalidate/pred_loss[0m     | [0;32;40m4.187582089798525e-05[0m  |
|  [0;34;40mvalidate/pred_loss_epoch[0m  | [0;32;40m4.187582089798525e-05[0m  |
|    [0;34;40mvalidate/rdmreg_loss[0m    |  [0;32;40m0.000424767640652135[0m  |
| [0;34;40mvalidate/rdmreg_loss_epoch[0m |  [0;32;40m0.000424767640652135[0m  |
+----------------------------+------------------------+
04:07:27.204 | INFO    (308307, stable_pretraining.callbacks.checkpoint_sklearn) | Checking for non PyTorch modules to save... 🔧
04:07:27.206 | INFO    (308307, stable_pretraining.callbacks.checkpoint_sklearn) | Checking for Wandb params to save... 🔧
04:07:27.206 | INFO    (308307, stable_pretraining.callbacks.checkpoint_sklearn) | Saving Wandb params {'id': 'lewm_lp_pusht_expert_mu-3'}
04:07:27.207 | INFO    (308307, stable_pretraining.callbacks.checkpoint_sklearn) | Checking for Wandb params to save... Done!
04:07:27.207 | INFO    (308307, stable_pretraining.callbacks.cpu_offload) | ============================================================
04:07:27.207 | INFO    (308307, stable_pretraining.callbacks.cpu_offload) | CPUOffloadCallback: Starting checkpoint CPU offload (#17)
04:07:27.208 | INFO    (308307, stable_pretraining.callbacks.cpu_offload) |   - Global step: 31347
04:07:27.208 | INFO    (308307, stable_pretraining.callbacks.cpu_offload) |   - Epoch: 8
04:07:27.208 | INFO    (308307, stable_pretraining.callbacks.cpu_offload) | Checkpoint contains 11 keys: ['callbacks', 'epoch', 'global_step', 'hparams_name', 'hyper_parameters', 'loops', 'lr_schedulers', 'optimizer_states', 'pytorch-lightning_version', 'state_dict', 'wandb']
04:07:27.209 | INFO    (308307, stable_pretraining.callbacks.cpu_offload) | GPU memory before offload:
04:07:27.209 | INFO    (308307, stable_pretraining.callbacks.cpu_offload) |   - Allocated: 0.24 GB
04:07:27.210 | INFO    (308307, stable_pretraining.callbacks.cpu_offload) |   - Reserved: 16.63 GB
04:07:27.210 | INFO    (308307, stable_pretraining.callbacks.cpu_offload) | Processing checkpoint key: 'state_dict'
04:07:27.633 | SUCCESS (308307, stable_pretraining.callbacks.cpu_offload) | ✓ Completed 'state_dict' in 0.42s
04:07:27.634 | INFO    (308307, stable_pretraining.callbacks.cpu_offload) | Processing checkpoint key: 'optimizer_states'
04:07:28.537 | SUCCESS (308307, stable_pretraining.callbacks.cpu_offload) | ✓ Completed 'optimizer_states' in 0.90s
04:07:28.538 | INFO    (308307, stable_pretraining.callbacks.cpu_offload) | Processing checkpoint key: 'lr_schedulers'
04:07:28.538 | SUCCESS (308307, stable_pretraining.callbacks.cpu_offload) | ✓ Completed 'lr_schedulers' in 0.00s
04:07:28.538 | WARNING (308307, stable_pretraining.callbacks.cpu_offload) | Skipped 321 custom object(s)
04:07:28.538 | WARNING (308307, stable_pretraining.callbacks.cpu_offload) | First 10 skipped objects:
04:07:28.539 | WARNING (308307, stable_pretraining.callbacks.cpu_offload) |   - float at 'optimizer_states[0].param_groups[0].lr'
04:07:28.539 | WARNING (308307, stable_pretraining.callbacks.cpu_offload) |   - float at 'optimizer_states[0].param_groups[0].betas[0]'
04:07:28.539 | WARNING (308307, stable_pretraining.callbacks.cpu_offload) |   - float at 'optimizer_states[0].param_groups[0].betas[1]'
04:07:28.539 | WARNING (308307, stable_pretraining.callbacks.cpu_offload) |   - float at 'optimizer_states[0].param_groups[0].eps'
04:07:28.539 | WARNING (308307, stable_pretraining.callbacks.cpu_offload) |   - float at 'optimizer_states[0].param_groups[0].weight_decay'
04:07:28.540 | WARNING (308307, stable_pretraining.callbacks.cpu_offload) |   - bool at 'optimizer_states[0].param_groups[0].amsgrad'
04:07:28.540 | WARNING (308307, stable_pretraining.callbacks.cpu_offload) |   - bool at 'optimizer_states[0].param_groups[0].maximize'
04:07:28.540 | WARNING (308307, stable_pretraining.callbacks.cpu_offload) |   - NoneType at 'optimizer_states[0].param_groups[0].foreach'
04:07:28.594 | WARNING (308307, stable_pretraining.callbacks.cpu_offload) |   - bool at 'optimizer_states[0].param_groups[0].capturable'
04:07:28.594 | WARNING (308307, stable_pretraining.callbacks.cpu_offload) |   - bool at 'optimizer_states[0].param_groups[0].differentiable'
04:07:28.594 | WARNING (308307, stable_pretraining.callbacks.cpu_offload) | ... (301 more skipped) ...
04:07:28.594 | WARNING (308307, stable_pretraining.callbacks.cpu_offload) | Last 10 skipped objects:
04:07:28.594 | WARNING (308307, stable_pretraining.callbacks.cpu_offload) |   - int at 'optimizer_states[0].param_groups[0].params[298]'
04:07:28.595 | WARNING (308307, stable_pretraining.callbacks.cpu_offload) |   - int at 'lr_schedulers[0].warmup_steps'
04:07:28.595 | WARNING (308307, stable_pretraining.callbacks.cpu_offload) |   - int at 'lr_schedulers[0].max_steps'
04:07:28.595 | WARNING (308307, stable_pretraining.callbacks.cpu_offload) |   - float at 'lr_schedulers[0].warmup_start_lr'
04:07:28.595 | WARNING (308307, stable_pretraining.callbacks.cpu_offload) |   - float at 'lr_schedulers[0].eta_min'
04:07:28.595 | WARNING (308307, stable_pretraining.callbacks.cpu_offload) |   - float at 'lr_schedulers[0].base_lrs[0]'
04:07:28.595 | WARNING (308307, stable_pretraining.callbacks.cpu_offload) |   - int at 'lr_schedulers[0].last_epoch'
04:07:28.595 | WARNING (308307, stable_pretraining.callbacks.cpu_offload) |   - int at 'lr_schedulers[0]._step_count'
04:07:28.595 | WARNING (308307, stable_pretraining.callbacks.cpu_offload) |   - bool at 'lr_schedulers[0]._get_lr_called_within_step'
04:07:28.596 | WARNING (308307, stable_pretraining.callbacks.cpu_offload) |   - float at 'lr_schedulers[0]._last_lr[0]'
04:07:28.596 | INFO    (308307, stable_pretraining.callbacks.cpu_offload) | To see all 321 skipped objects, set log_skipped=True
04:07:28.596 | INFO    (308307, stable_pretraining.callbacks.cpu_offload) | GPU memory after offload:
04:07:28.596 | INFO    (308307, stable_pretraining.callbacks.cpu_offload) |   - Allocated: 0.24 GB
04:07:28.596 | INFO    (308307, stable_pretraining.callbacks.cpu_offload) |   - Reserved: 16.63 GB
04:07:28.597 | INFO    (308307, stable_pretraining.callbacks.cpu_offload) | GPU memory freed: 0.00 GB
04:07:28.597 | SUCCESS (308307, stable_pretraining.callbacks.cpu_offload) | CPUOffloadCallback: Checkpoint #17 completed in 1.39s
04:07:28.597 | INFO    (308307, stable_pretraining.callbacks.cpu_offload) | Successfully processed keys: ['state_dict', 'optimizer_states', 'lr_schedulers']
04:07:28.597 | INFO    (308307, stable_pretraining.callbacks.cpu_offload) | Cumulative stats:
04:07:28.597 | INFO    (308307, stable_pretraining.callbacks.cpu_offload) |   - Total checkpoints saved: 17
04:07:28.597 | INFO    (308307, stable_pretraining.callbacks.cpu_offload) |   - Total time in offload: 30.76s
04:07:28.597 | INFO    (308307, stable_pretraining.callbacks.cpu_offload) |   - Total memory freed: 0.00 GB
04:07:28.597 | INFO    (308307, stable_pretraining.callbacks.cpu_offload) |   - Average time per checkpoint: 1.81s
04:07:28.597 | INFO    (308307, stable_pretraining.callbacks.cpu_offload) | ============================================================
04:07:29.880 | INFO    (308307, stable_pretraining.callbacks.checkpoint_sklearn) | Checking for non PyTorch modules to save... 🔧
04:07:29.880 | INFO    (308307, stable_pretraining.callbacks.checkpoint_sklearn) | Checking for Wandb params to save... 🔧
04:07:29.880 | INFO    (308307, stable_pretraining.callbacks.checkpoint_sklearn) | Saving Wandb params {'id': 'lewm_lp_pusht_expert_mu-3'}
04:07:29.881 | INFO    (308307, stable_pretraining.callbacks.checkpoint_sklearn) | Checking for Wandb params to save... Done!
04:07:29.881 | INFO    (308307, stable_pretraining.callbacks.cpu_offload) | ============================================================
04:07:29.881 | INFO    (308307, stable_pretraining.callbacks.cpu_offload) | CPUOffloadCallback: Starting checkpoint CPU offload (#18)
04:07:29.881 | INFO    (308307, stable_pretraining.callbacks.cpu_offload) |   - Global step: 31347
04:07:29.881 | INFO    (308307, stable_pretraining.callbacks.cpu_offload) |   - Epoch: 8
04:07:29.882 | INFO    (308307, stable_pretraining.callbacks.cpu_offload) | Checkpoint contains 11 keys: ['callbacks', 'epoch', 'global_step', 'hparams_name', 'hyper_parameters', 'loops', 'lr_schedulers', 'optimizer_states', 'pytorch-lightning_version', 'state_dict', 'wandb']
04:07:29.882 | INFO    (308307, stable_pretraining.callbacks.cpu_offload) | GPU memory before offload:
04:07:29.882 | INFO    (308307, stable_pretraining.callbacks.cpu_offload) |   - Allocated: 0.24 GB
04:07:29.882 | INFO    (308307, stable_pretraining.callbacks.cpu_offload) |   - Reserved: 16.63 GB
04:07:29.883 | INFO    (308307, stable_pretraining.callbacks.cpu_offload) | Processing checkpoint key: 'state_dict'
04:07:30.308 | SUCCESS (308307, stable_pretraining.callbacks.cpu_offload) | ✓ Completed 'state_dict' in 0.43s
04:07:30.309 | INFO    (308307, stable_pretraining.callbacks.cpu_offload) | Processing checkpoint key: 'optimizer_states'
04:07:31.182 | SUCCESS (308307, stable_pretraining.callbacks.cpu_offload) | ✓ Completed 'optimizer_states' in 0.87s
04:07:31.183 | INFO    (308307, stable_pretraining.callbacks.cpu_offload) | Processing checkpoint key: 'lr_schedulers'
04:07:31.183 | SUCCESS (308307, stable_pretraining.callbacks.cpu_offload) | ✓ Completed 'lr_schedulers' in 0.00s
04:07:31.183 | WARNING (308307, stable_pretraining.callbacks.cpu_offload) | Skipped 321 custom object(s)
04:07:31.184 | WARNING (308307, stable_pretraining.callbacks.cpu_offload) | First 10 skipped objects:
04:07:31.184 | WARNING (308307, stable_pretraining.callbacks.cpu_offload) |   - float at 'optimizer_states[0].param_groups[0].lr'
04:07:31.184 | WARNING (308307, stable_pretraining.callbacks.cpu_offload) |   - float at 'optimizer_states[0].param_groups[0].betas[0]'
04:07:31.184 | WARNING (308307, stable_pretraining.callbacks.cpu_offload) |   - float at 'optimizer_states[0].param_groups[0].betas[1]'
04:07:31.185 | WARNING (308307, stable_pretraining.callbacks.cpu_offload) |   - float at 'optimizer_states[0].param_groups[0].eps'
04:07:31.185 | WARNING (308307, stable_pretraining.callbacks.cpu_offload) |   - float at 'optimizer_states[0].param_groups[0].weight_decay'
04:07:31.185 | WARNING (308307, stable_pretraining.callbacks.cpu_offload) |   - bool at 'optimizer_states[0].param_groups[0].amsgrad'
04:07:31.185 | WARNING (308307, stable_pretraining.callbacks.cpu_offload) |   - bool at 'optimizer_states[0].param_groups[0].maximize'
04:07:31.185 | WARNING (308307, stable_pretraining.callbacks.cpu_offload) |   - NoneType at 'optimizer_states[0].param_groups[0].foreach'
04:07:31.185 | WARNING (308307, stable_pretraining.callbacks.cpu_offload) |   - bool at 'optimizer_states[0].param_groups[0].capturable'
04:07:31.185 | WARNING (308307, stable_pretraining.callbacks.cpu_offload) |   - bool at 'optimizer_states[0].param_groups[0].differentiable'
04:07:31.186 | WARNING (308307, stable_pretraining.callbacks.cpu_offload) | ... (301 more skipped) ...
04:07:31.186 | WARNING (308307, stable_pretraining.callbacks.cpu_offload) | Last 10 skipped objects:
04:07:31.186 | WARNING (308307, stable_pretraining.callbacks.cpu_offload) |   - int at 'optimizer_states[0].param_groups[0].params[298]'
04:07:31.186 | WARNING (308307, stable_pretraining.callbacks.cpu_offload) |   - int at 'lr_schedulers[0].warmup_steps'
04:07:31.186 | WARNING (308307, stable_pretraining.callbacks.cpu_offload) |   - int at 'lr_schedulers[0].max_steps'
04:07:31.186 | WARNING (308307, stable_pretraining.callbacks.cpu_offload) |   - float at 'lr_schedulers[0].warmup_start_lr'
04:07:31.187 | WARNING (308307, stable_pretraining.callbacks.cpu_offload) |   - float at 'lr_schedulers[0].eta_min'
04:07:31.187 | WARNING (308307, stable_pretraining.callbacks.cpu_offload) |   - float at 'lr_schedulers[0].base_lrs[0]'
04:07:31.187 | WARNING (308307, stable_pretraining.callbacks.cpu_offload) |   - int at 'lr_schedulers[0].last_epoch'
04:07:31.187 | WARNING (308307, stable_pretraining.callbacks.cpu_offload) |   - int at 'lr_schedulers[0]._step_count'
04:07:31.187 | WARNING (308307, stable_pretraining.callbacks.cpu_offload) |   - bool at 'lr_schedulers[0]._get_lr_called_within_step'
04:07:31.187 | WARNING (308307, stable_pretraining.callbacks.cpu_offload) |   - float at 'lr_schedulers[0]._last_lr[0]'
04:07:31.187 | INFO    (308307, stable_pretraining.callbacks.cpu_offload) | To see all 321 skipped objects, set log_skipped=True
04:07:31.188 | INFO    (308307, stable_pretraining.callbacks.cpu_offload) | GPU memory after offload:
04:07:31.188 | INFO    (308307, stable_pretraining.callbacks.cpu_offload) |   - Allocated: 0.24 GB
04:07:31.188 | INFO    (308307, stable_pretraining.callbacks.cpu_offload) |   - Reserved: 16.63 GB
04:07:31.188 | INFO    (308307, stable_pretraining.callbacks.cpu_offload) | GPU memory freed: 0.00 GB
04:07:31.188 | SUCCESS (308307, stable_pretraining.callbacks.cpu_offload) | CPUOffloadCallback: Checkpoint #18 completed in 1.31s
04:07:31.189 | INFO    (308307, stable_pretraining.callbacks.cpu_offload) | Successfully processed keys: ['state_dict', 'optimizer_states', 'lr_schedulers']
04:07:31.189 | INFO    (308307, stable_pretraining.callbacks.cpu_offload) | Cumulative stats:
04:07:31.189 | INFO    (308307, stable_pretraining.callbacks.cpu_offload) |   - Total checkpoints saved: 18
04:07:31.189 | INFO    (308307, stable_pretraining.callbacks.cpu_offload) |   - Total time in offload: 32.06s
04:07:31.189 | INFO    (308307, stable_pretraining.callbacks.cpu_offload) |   - Total memory freed: 0.00 GB
04:07:31.189 | INFO    (308307, stable_pretraining.callbacks.cpu_offload) |   - Average time per checkpoint: 1.78s
04:07:31.189 | INFO    (308307, stable_pretraining.callbacks.cpu_offload) | ============================================================
04:45:58.198 | WARNING (308307, stable_pretraining.module) | You are calling self.parameters which also gives callbacks parameters, to remove then, pass `with_callbacks=False`
04:50:30.823 | INFO    (308307, stable_pretraining.callbacks.trainer_info) | \n+----------------------------+------------------------+
|           Metric           |         Value          |
+----------------------------+------------------------+
|          [0;34;40mfit/loss[0m          | [0;32;40m0.00039324944373220205[0m |
|       [0;34;40mfit/pred_loss[0m        | [0;32;40m4.410115798236802e-05[0m  |
|      [0;34;40mfit/rdmreg_loss[0m       | [0;32;40m0.00034914829302579165[0m |
|       [0;34;40mvalidate/loss[0m        | [0;32;40m0.0004614655626937747[0m  |
|    [0;34;40mvalidate/loss_epoch[0m     | [0;32;40m0.0004614655626937747[0m  |
|     [0;34;40mvalidate/pred_loss[0m     | [0;32;40m3.8612724893027917e-05[0m |
|  [0;34;40mvalidate/pred_loss_epoch[0m  | [0;32;40m3.8612724893027917e-05[0m |
|    [0;34;40mvalidate/rdmreg_loss[0m    | [0;32;40m0.00042285319068469107[0m |
| [0;34;40mvalidate/rdmreg_loss_epoch[0m | [0;32;40m0.00042285319068469107[0m |
+----------------------------+------------------------+
04:50:32.120 | INFO    (308307, stable_pretraining.callbacks.checkpoint_sklearn) | Checking for non PyTorch modules to save... 🔧
04:50:32.121 | INFO    (308307, stable_pretraining.callbacks.checkpoint_sklearn) | Checking for Wandb params to save... 🔧
04:50:32.121 | INFO    (308307, stable_pretraining.callbacks.checkpoint_sklearn) | Saving Wandb params {'id': 'lewm_lp_pusht_expert_mu-3'}
04:50:32.121 | INFO    (308307, stable_pretraining.callbacks.checkpoint_sklearn) | Checking for Wandb params to save... Done!
04:50:32.121 | INFO    (308307, stable_pretraining.callbacks.cpu_offload) | ============================================================
04:50:32.122 | INFO    (308307, stable_pretraining.callbacks.cpu_offload) | CPUOffloadCallback: Starting checkpoint CPU offload (#19)
04:50:32.122 | INFO    (308307, stable_pretraining.callbacks.cpu_offload) |   - Global step: 34830
04:50:32.122 | INFO    (308307, stable_pretraining.callbacks.cpu_offload) |   - Epoch: 9
04:50:32.122 | INFO    (308307, stable_pretraining.callbacks.cpu_offload) | Checkpoint contains 11 keys: ['callbacks', 'epoch', 'global_step', 'hparams_name', 'hyper_parameters', 'loops', 'lr_schedulers', 'optimizer_states', 'pytorch-lightning_version', 'state_dict', 'wandb']
04:50:32.123 | INFO    (308307, stable_pretraining.callbacks.cpu_offload) | GPU memory before offload:
04:50:32.124 | INFO    (308307, stable_pretraining.callbacks.cpu_offload) |   - Allocated: 0.24 GB
04:50:32.125 | INFO    (308307, stable_pretraining.callbacks.cpu_offload) |   - Reserved: 16.63 GB
04:50:32.125 | INFO    (308307, stable_pretraining.callbacks.cpu_offload) | Processing checkpoint key: 'state_dict'
04:50:32.594 | SUCCESS (308307, stable_pretraining.callbacks.cpu_offload) | ✓ Completed 'state_dict' in 0.47s
04:50:32.619 | INFO    (308307, stable_pretraining.callbacks.cpu_offload) | Processing checkpoint key: 'optimizer_states'
04:50:33.583 | SUCCESS (308307, stable_pretraining.callbacks.cpu_offload) | ✓ Completed 'optimizer_states' in 0.96s
04:50:33.584 | INFO    (308307, stable_pretraining.callbacks.cpu_offload) | Processing checkpoint key: 'lr_schedulers'
04:50:33.584 | SUCCESS (308307, stable_pretraining.callbacks.cpu_offload) | ✓ Completed 'lr_schedulers' in 0.00s
04:50:33.584 | WARNING (308307, stable_pretraining.callbacks.cpu_offload) | Skipped 321 custom object(s)
04:50:33.584 | WARNING (308307, stable_pretraining.callbacks.cpu_offload) | First 10 skipped objects:
04:50:33.584 | WARNING (308307, stable_pretraining.callbacks.cpu_offload) |   - float at 'optimizer_states[0].param_groups[0].lr'
04:50:33.585 | WARNING (308307, stable_pretraining.callbacks.cpu_offload) |   - float at 'optimizer_states[0].param_groups[0].betas[0]'
04:50:33.585 | WARNING (308307, stable_pretraining.callbacks.cpu_offload) |   - float at 'optimizer_states[0].param_groups[0].betas[1]'
04:50:33.585 | WARNING (308307, stable_pretraining.callbacks.cpu_offload) |   - float at 'optimizer_states[0].param_groups[0].eps'
04:50:33.585 | WARNING (308307, stable_pretraining.callbacks.cpu_offload) |   - float at 'optimizer_states[0].param_groups[0].weight_decay'
04:50:33.585 | WARNING (308307, stable_pretraining.callbacks.cpu_offload) |   - bool at 'optimizer_states[0].param_groups[0].amsgrad'
04:50:33.585 | WARNING (308307, stable_pretraining.callbacks.cpu_offload) |   - bool at 'optimizer_states[0].param_groups[0].maximize'
04:50:33.585 | WARNING (308307, stable_pretraining.callbacks.cpu_offload) |   - NoneType at 'optimizer_states[0].param_groups[0].foreach'
04:50:33.586 | WARNING (308307, stable_pretraining.callbacks.cpu_offload) |   - bool at 'optimizer_states[0].param_groups[0].capturable'
04:50:33.586 | WARNING (308307, stable_pretraining.callbacks.cpu_offload) |   - bool at 'optimizer_states[0].param_groups[0].differentiable'
04:50:33.587 | WARNING (308307, stable_pretraining.callbacks.cpu_offload) | ... (301 more skipped) ...
04:50:33.587 | WARNING (308307, stable_pretraining.callbacks.cpu_offload) | Last 10 skipped objects:
04:50:33.587 | WARNING (308307, stable_pretraining.callbacks.cpu_offload) |   - int at 'optimizer_states[0].param_groups[0].params[298]'
04:50:33.587 | WARNING (308307, stable_pretraining.callbacks.cpu_offload) |   - int at 'lr_schedulers[0].warmup_steps'
04:50:33.588 | WARNING (308307, stable_pretraining.callbacks.cpu_offload) |   - int at 'lr_schedulers[0].max_steps'
04:50:33.588 | WARNING (308307, stable_pretraining.callbacks.cpu_offload) |   - float at 'lr_schedulers[0].warmup_start_lr'
04:50:33.588 | WARNING (308307, stable_pretraining.callbacks.cpu_offload) |   - float at 'lr_schedulers[0].eta_min'
04:50:33.588 | WARNING (308307, stable_pretraining.callbacks.cpu_offload) |   - float at 'lr_schedulers[0].base_lrs[0]'
04:50:33.588 | WARNING (308307, stable_pretraining.callbacks.cpu_offload) |   - int at 'lr_schedulers[0].last_epoch'
04:50:33.588 | WARNING (308307, stable_pretraining.callbacks.cpu_offload) |   - int at 'lr_schedulers[0]._step_count'
04:50:33.589 | WARNING (308307, stable_pretraining.callbacks.cpu_offload) |   - bool at 'lr_schedulers[0]._get_lr_called_within_step'
04:50:33.589 | WARNING (308307, stable_pretraining.callbacks.cpu_offload) |   - float at 'lr_schedulers[0]._last_lr[0]'
04:50:33.589 | INFO    (308307, stable_pretraining.callbacks.cpu_offload) | To see all 321 skipped objects, set log_skipped=True
04:50:33.590 | INFO    (308307, stable_pretraining.callbacks.cpu_offload) | GPU memory after offload:
04:50:33.590 | INFO    (308307, stable_pretraining.callbacks.cpu_offload) |   - Allocated: 0.24 GB
04:50:33.590 | INFO    (308307, stable_pretraining.callbacks.cpu_offload) |   - Reserved: 16.63 GB
04:50:33.590 | INFO    (308307, stable_pretraining.callbacks.cpu_offload) | GPU memory freed: 0.00 GB
04:50:33.590 | SUCCESS (308307, stable_pretraining.callbacks.cpu_offload) | CPUOffloadCallback: Checkpoint #19 completed in 1.47s
04:50:33.591 | INFO    (308307, stable_pretraining.callbacks.cpu_offload) | Successfully processed keys: ['state_dict', 'optimizer_states', 'lr_schedulers']
04:50:33.591 | INFO    (308307, stable_pretraining.callbacks.cpu_offload) | Cumulative stats:
04:50:33.591 | INFO    (308307, stable_pretraining.callbacks.cpu_offload) |   - Total checkpoints saved: 19
04:50:33.591 | INFO    (308307, stable_pretraining.callbacks.cpu_offload) |   - Total time in offload: 33.53s
04:50:33.591 | INFO    (308307, stable_pretraining.callbacks.cpu_offload) |   - Total memory freed: 0.00 GB
04:50:33.591 | INFO    (308307, stable_pretraining.callbacks.cpu_offload) |   - Average time per checkpoint: 1.76s
04:50:33.591 | INFO    (308307, stable_pretraining.callbacks.cpu_offload) | ============================================================
04:50:34.933 | INFO    (308307, stable_pretraining.callbacks.checkpoint_sklearn) | Checking for non PyTorch modules to save... 🔧
04:50:34.933 | INFO    (308307, stable_pretraining.callbacks.checkpoint_sklearn) | Checking for Wandb params to save... 🔧
04:50:34.933 | INFO    (308307, stable_pretraining.callbacks.checkpoint_sklearn) | Saving Wandb params {'id': 'lewm_lp_pusht_expert_mu-3'}
04:50:34.934 | INFO    (308307, stable_pretraining.callbacks.checkpoint_sklearn) | Checking for Wandb params to save... Done!
04:50:34.934 | INFO    (308307, stable_pretraining.callbacks.cpu_offload) | ============================================================
04:50:34.934 | INFO    (308307, stable_pretraining.callbacks.cpu_offload) | CPUOffloadCallback: Starting checkpoint CPU offload (#20)
04:50:34.934 | INFO    (308307, stable_pretraining.callbacks.cpu_offload) |   - Global step: 34830
04:50:34.934 | INFO    (308307, stable_pretraining.callbacks.cpu_offload) |   - Epoch: 9
04:50:34.934 | INFO    (308307, stable_pretraining.callbacks.cpu_offload) | Checkpoint contains 11 keys: ['callbacks', 'epoch', 'global_step', 'hparams_name', 'hyper_parameters', 'loops', 'lr_schedulers', 'optimizer_states', 'pytorch-lightning_version', 'state_dict', 'wandb']
04:50:34.935 | INFO    (308307, stable_pretraining.callbacks.cpu_offload) | GPU memory before offload:
04:50:34.935 | INFO    (308307, stable_pretraining.callbacks.cpu_offload) |   - Allocated: 0.24 GB
04:50:34.935 | INFO    (308307, stable_pretraining.callbacks.cpu_offload) |   - Reserved: 16.63 GB
04:50:34.935 | INFO    (308307, stable_pretraining.callbacks.cpu_offload) | Processing checkpoint key: 'state_dict'
04:50:35.508 | SUCCESS (308307, stable_pretraining.callbacks.cpu_offload) | ✓ Completed 'state_dict' in 0.57s
04:50:35.509 | INFO    (308307, stable_pretraining.callbacks.cpu_offload) | Processing checkpoint key: 'optimizer_states'
04:50:36.807 | SUCCESS (308307, stable_pretraining.callbacks.cpu_offload) | ✓ Completed 'optimizer_states' in 1.30s
04:50:36.807 | INFO    (308307, stable_pretraining.callbacks.cpu_offload) | Processing checkpoint key: 'lr_schedulers'
04:50:36.808 | SUCCESS (308307, stable_pretraining.callbacks.cpu_offload) | ✓ Completed 'lr_schedulers' in 0.00s
04:50:36.808 | WARNING (308307, stable_pretraining.callbacks.cpu_offload) | Skipped 321 custom object(s)
04:50:36.808 | WARNING (308307, stable_pretraining.callbacks.cpu_offload) | First 10 skipped objects:
04:50:36.808 | WARNING (308307, stable_pretraining.callbacks.cpu_offload) |   - float at 'optimizer_states[0].param_groups[0].lr'
04:50:36.808 | WARNING (308307, stable_pretraining.callbacks.cpu_offload) |   - float at 'optimizer_states[0].param_groups[0].betas[0]'
04:50:36.809 | WARNING (308307, stable_pretraining.callbacks.cpu_offload) |   - float at 'optimizer_states[0].param_groups[0].betas[1]'
04:50:36.809 | WARNING (308307, stable_pretraining.callbacks.cpu_offload) |   - float at 'optimizer_states[0].param_groups[0].eps'
04:50:36.809 | WARNING (308307, stable_pretraining.callbacks.cpu_offload) |   - float at 'optimizer_states[0].param_groups[0].weight_decay'
04:50:36.809 | WARNING (308307, stable_pretraining.callbacks.cpu_offload) |   - bool at 'optimizer_states[0].param_groups[0].amsgrad'
04:50:36.810 | WARNING (308307, stable_pretraining.callbacks.cpu_offload) |   - bool at 'optimizer_states[0].param_groups[0].maximize'
04:50:36.810 | WARNING (308307, stable_pretraining.callbacks.cpu_offload) |   - NoneType at 'optimizer_states[0].param_groups[0].foreach'
04:50:36.810 | WARNING (308307, stable_pretraining.callbacks.cpu_offload) |   - bool at 'optimizer_states[0].param_groups[0].capturable'
04:50:36.810 | WARNING (308307, stable_pretraining.callbacks.cpu_offload) |   - bool at 'optimizer_states[0].param_groups[0].differentiable'
04:50:36.810 | WARNING (308307, stable_pretraining.callbacks.cpu_offload) | ... (301 more skipped) ...
04:50:36.811 | WARNING (308307, stable_pretraining.callbacks.cpu_offload) | Last 10 skipped objects:
04:50:36.811 | WARNING (308307, stable_pretraining.callbacks.cpu_offload) |   - int at 'optimizer_states[0].param_groups[0].params[298]'
04:50:36.811 | WARNING (308307, stable_pretraining.callbacks.cpu_offload) |   - int at 'lr_schedulers[0].warmup_steps'
04:50:36.811 | WARNING (308307, stable_pretraining.callbacks.cpu_offload) |   - int at 'lr_schedulers[0].max_steps'
04:50:36.811 | WARNING (308307, stable_pretraining.callbacks.cpu_offload) |   - float at 'lr_schedulers[0].warmup_start_lr'
04:50:36.812 | WARNING (308307, stable_pretraining.callbacks.cpu_offload) |   - float at 'lr_schedulers[0].eta_min'
04:50:36.812 | WARNING (308307, stable_pretraining.callbacks.cpu_offload) |   - float at 'lr_schedulers[0].base_lrs[0]'
04:50:36.812 | WARNING (308307, stable_pretraining.callbacks.cpu_offload) |   - int at 'lr_schedulers[0].last_epoch'
04:50:36.813 | WARNING (308307, stable_pretraining.callbacks.cpu_offload) |   - int at 'lr_schedulers[0]._step_count'
04:50:36.813 | WARNING (308307, stable_pretraining.callbacks.cpu_offload) |   - bool at 'lr_schedulers[0]._get_lr_called_within_step'
04:50:36.813 | WARNING (308307, stable_pretraining.callbacks.cpu_offload) |   - float at 'lr_schedulers[0]._last_lr[0]'
04:50:36.813 | INFO    (308307, stable_pretraining.callbacks.cpu_offload) | To see all 321 skipped objects, set log_skipped=True
04:50:36.814 | INFO    (308307, stable_pretraining.callbacks.cpu_offload) | GPU memory after offload:
04:50:36.814 | INFO    (308307, stable_pretraining.callbacks.cpu_offload) |   - Allocated: 0.24 GB
04:50:36.814 | INFO    (308307, stable_pretraining.callbacks.cpu_offload) |   - Reserved: 16.63 GB
04:50:36.815 | INFO    (308307, stable_pretraining.callbacks.cpu_offload) | GPU memory freed: 0.00 GB
04:50:36.815 | SUCCESS (308307, stable_pretraining.callbacks.cpu_offload) | CPUOffloadCallback: Checkpoint #20 completed in 1.88s
04:50:36.815 | INFO    (308307, stable_pretraining.callbacks.cpu_offload) | Successfully processed keys: ['state_dict', 'optimizer_states', 'lr_schedulers']
04:50:36.815 | INFO    (308307, stable_pretraining.callbacks.cpu_offload) | Cumulative stats:
04:50:36.815 | INFO    (308307, stable_pretraining.callbacks.cpu_offload) |   - Total checkpoints saved: 20
04:50:36.815 | INFO    (308307, stable_pretraining.callbacks.cpu_offload) |   - Total time in offload: 35.41s
04:50:36.816 | INFO    (308307, stable_pretraining.callbacks.cpu_offload) |   - Total memory freed: 0.00 GB
04:50:36.816 | INFO    (308307, stable_pretraining.callbacks.cpu_offload) |   - Average time per checkpoint: 1.77s
04:50:36.816 | INFO    (308307, stable_pretraining.callbacks.cpu_offload) | ============================================================
`Trainer.fit` stopped: `max_epochs=10` reached.
04:50:38.096 | INFO    (308307, stable_pretraining.callbacks.cpu_offload) | ============================================================
04:50:38.096 | INFO    (308307, stable_pretraining.callbacks.cpu_offload) | CPUOffloadCallback: Training completed
04:50:38.096 | INFO    (308307, stable_pretraining.callbacks.cpu_offload) | Final statistics:
04:50:38.096 | INFO    (308307, stable_pretraining.callbacks.cpu_offload) |   - Total checkpoints saved: 20
04:50:38.096 | INFO    (308307, stable_pretraining.callbacks.cpu_offload) |   - Total time in offload: 35.41s
04:50:38.096 | INFO    (308307, stable_pretraining.callbacks.cpu_offload) |   - Total GPU memory freed: 0.00 GB
04:50:38.096 | INFO    (308307, stable_pretraining.callbacks.cpu_offload) |   - Average time per checkpoint: 1.77s
04:50:38.097 | INFO    (308307, stable_pretraining.callbacks.cpu_offload) |   - Average memory freed per checkpoint: 0.00 GB
04:50:38.097 | SUCCESS (308307, stable_pretraining.callbacks.cpu_offload) | CPUOffloadCallback: All checkpoints saved successfully
04:50:38.097 | INFO    (308307, stable_pretraining.callbacks.cpu_offload) | ============================================================
Epoch 9/9  ━━━━━━━━━━━━━━━━━━━━ 3483/3483 0:38:25 • 0:00:00 1.62it/s v_num: mu-3
04:50:40.615 | INFO    (308307, stable_pretraining.callbacks.cpu_offload) | CPUOffloadCallback: Teardown called for stage 'fit'
[1;34mwandb[0m: 
[1;34mwandb[0m: 🚀 View run [33mlewm_lp_p1.0_mu-3_pusht_expert[0m at: [34mhttps://wandb.ai/wms_at_iitb/le-wm/runs/lewm_lp_pusht_expert_mu-3[0m
TRAINING_EXITED_0
=== Wed Apr 22 04:51:26 UTC 2026 === ERROR: no checkpoints for mu=-3 (pattern lewm_lp_p1.0_mu-3_pusht_expert_epoch_*_object.ckpt) — skipping eval
================================================================
=== Wed Apr 22 04:51:26 UTC 2026 === START mu=-2   (model=lewm_lp_p1.0_mu-2_pusht_expert)
================================================================
[2026-04-22 04:51:35,188][root][INFO] - Cached 'action' from '/home/ubuntu/le-wm-palash/dataset/pusht_expert_train.h5'
[2026-04-22 04:51:35,235][root][INFO] - Cached 'proprio' from '/home/ubuntu/le-wm-palash/dataset/pusht_expert_train.h5'
[2026-04-22 04:51:35,302][root][INFO] - Cached 'state' from '/home/ubuntu/le-wm-palash/dataset/pusht_expert_train.h5'
04:51:35.931 | INFO    (310020, stable_pretraining.backbone.utils) | Created ViT-tiny from scratch with config: {'hidden_size': 192, 'num_hidden_layers': 12, 'num_attention_heads': 3, 'intermediate_size': 768, 'image_size': 112, 'patch_size': 14}
04:51:37.732 | INFO    (310020, stable_pretraining.data.module) | Setting up DataModule
04:51:37.732 | INFO    (310020, stable_pretraining.module) | Initializing Module configuration...
04:51:37.732 | WARNING (310020, stable_pretraining.module) | No hyperparameters provided - hyperparameter logging is disabled.
04:51:37.733 | INFO    (310020, stable_pretraining.module) | Setting custom forward method.
04:51:37.733 | INFO    (310020, stable_pretraining.module) | Setting attribute: self.model = <class 'torch._dynamo.eval_frame.OptimizedModule'>
04:51:37.733 | INFO    (310020, stable_pretraining.module) | Setting attribute: self.rdmreg = <class 'rdmreg.RDMReg'>
04:51:37.733 | INFO    (310020, stable_pretraining.module) | Setting attribute: self.optim = <class 'dict'>
04:51:37.733 | INFO    (310020, stable_pretraining.module) | No metrics configuration provided - automatic metric tracking is disabled.
wandb: WARNING The anonymous setting has no effect and will be removed in a future version.
wandb: [wandb.login()] Loaded credentials for https://api.wandb.ai from /home/ubuntu/.netrc.
wandb: Currently logged in as: narendraaironi (wms_at_iitb) to https://api.wandb.ai. Use `wandb login --relogin` to force relogin
wandb: setting up run lewm_lp_pusht_expert_mu-2
wandb: Tracking run with wandb version 0.26.0
wandb: Run data is saved locally in wandb/run-20260422_045138-lewm_lp_pusht_expert_mu-2
wandb: Run `wandb offline` to turn off syncing.
wandb: Resuming run lewm_lp_p1.0_mu-2_pusht_expert
wandb: ⭐️ View project at https://wandb.ai/wms_at_iitb/le-wm
wandb: 🚀 View run at https://wandb.ai/wms_at_iitb/le-wm/runs/lewm_lp_pusht_expert_mu-2
/home/ubuntu/miniconda3/envs/jepa-wms/lib/python3.10/site-packages/lightning/fabric/connector.py:571: `precision=bf16` is supported for historical reasons but its usage is discouraged. Please set your precision to bf16-mixed instead!
Using bfloat16 Automatic Mixed Precision (AMP)
04:51:41.760 | INFO    (310020, stable_pretraining.callbacks.env_info) | EnvironmentDumpCallback initialized (filename=environment.json, async=True)
04:51:41.760 | INFO    (310020, stable_pretraining.callbacks.cpu_offload) | ============================================================
04:51:41.760 | INFO    (310020, stable_pretraining.callbacks.cpu_offload) | Initializing CPUOffloadCallback
04:51:41.760 | INFO    (310020, stable_pretraining.callbacks.cpu_offload) | Configuration:
04:51:41.760 | INFO    (310020, stable_pretraining.callbacks.cpu_offload) |   - Offload keys: ['state_dict', 'optimizer_states', 'lr_schedulers']
04:51:41.761 | INFO    (310020, stable_pretraining.callbacks.cpu_offload) |   - Log all skipped objects: False
04:51:41.761 | INFO    (310020, stable_pretraining.callbacks.cpu_offload) |   - Will show first/last 10 skipped objects only
04:51:41.762 | SUCCESS (310020, stable_pretraining.callbacks.cpu_offload) | ✓ CUDA available: 1 GPU(s) detected
04:51:42.673 | INFO    (310020, stable_pretraining.callbacks.cpu_offload) |   - GPU 0: NVIDIA A100-SXM4-80GB (85.1 GB)
04:51:42.674 | SUCCESS (310020, stable_pretraining.callbacks.cpu_offload) | CPUOffloadCallback initialized successfully
04:51:42.674 | INFO    (310020, stable_pretraining.callbacks.cpu_offload) | ============================================================
Adding 10 callbacks from entry point 'stablepretraining_callbacks': ModuleRegistryCallback, LoggingCallback, EnvironmentDumpCallback, TrainerInfo, SklearnCheckpoint, WandbCheckpoint, ModuleSummary, SLURMInfo, LogUnusedParametersOnce, CPUOffloadCallback
GPU available: True (cuda), used: True
TPU available: False, using: 0 TPU cores
💡 Tip: For seamless cloud logging and experiment tracking, try installing [litlogger](https://pypi.org/project/litlogger/) to enable LitLogger, which logs metrics and artifacts automatically to the Lightning Experiments platform.
04:51:42.677 | WARNING (310020, stable_pretraining.manager) | User didn't specify seed, runs won't be exactly reproducible!
04:51:42.678 | INFO    (310020, stable_pretraining.manager) | 📁📁📁 CURRENT WORKING DIR: /home/ubuntu/le-wm-palash 📁📁📁
04:51:42.678 | INFO    (310020, stable_pretraining.manager) | 🌱🌱🌱 SEEDING EVERYTHING with self.seed=None 🌱🌱🌱
/home/ubuntu/miniconda3/envs/jepa-wms/lib/python3.10/site-packages/lightning/fabric/utilities/seed.py:44: No seed found, seed set to 0
Seed set to 0
04:51:42.682 | INFO    (310020, stable_pretraining.manager) | 📈📈📈 Using Wandb 📈📈📈
04:51:42.682 | INFO    (310020, stable_pretraining.manager) | 		a Wandb™ config is provided, not uploading Hydra's:
04:51:42.682 | INFO    (310020, stable_pretraining.manager) | 📈📈📈 WandbLogger setup 📈📈📈
04:51:42.682 | INFO    (310020, stable_pretraining.manager) | 📈📈📈 init={'name': 'lewm_lp_p1.0_mu-2_pusht_expert', 'project': 'le-wm', 'dir': '.', 'id': 'lewm_lp_pusht_expert_mu-2', 'resume': 'allow', 'anonymous': None, 'entity': 'wms_at_iitb'} 📈📈📈
04:51:42.683 | INFO    (310020, stable_pretraining.manager) | 	● 👂👂👂 SIGNALS HANDLERS 👂👂👂
04:51:42.683 | INFO    (310020, stable_pretraining.manager) | 		- SIGUSR1: `0`
04:51:42.683 | INFO    (310020, stable_pretraining.manager) | 		- SIGUSR2: `0`
04:51:42.683 | INFO    (310020, stable_pretraining.manager) | 		- SIGCONT: `0`
04:51:42.683 | INFO    (310020, stable_pretraining.manager) | 		- SIGTERM: `0`
04:51:42.684 | INFO    (310020, stable_pretraining.manager) | 	● 📞📞📞 CALLBACKS 📞📞📞
04:51:42.684 | INFO    (310020, stable_pretraining.manager) | 		 - we found 14 callbacks
04:51:42.684 | INFO    (310020, stable_pretraining.manager) | 	● 📞📞📞 CHECKPOINTING SETUP 📞📞📞
04:51:42.685 | WARNING (310020, stable_pretraining.manager) | 		 Checkpoint mismatch: `manager.ckpt_path` (/home/ubuntu/le-wm-palash/lewm-pusht/lewm_lp_p1.0_mu-2_pusht_expert_weights.ckpt) was provided, but no matching `ModelCheckpoint` callback was found.
04:51:42.685 | WARNING (310020, stable_pretraining.manager) | 		 Automatically creating a `ModelCheckpoint` to save to the specified path to prevent data loss.
04:51:42.686 | WARNING (310020, stable_pretraining.manager) | 		 - Automatic `ModelCheckpoint` callback has been added to the trainer.
04:51:42.686 | WARNING (310020, stable_pretraining.manager) | /home/ubuntu/le-wm-palash/lewm-pusht/lewm_lp_p1.0_mu-2_pusht_expert_weights.ckpt specified, but does not exist, using None for now!
04:51:42.686 | INFO    (310020, stable_pretraining.manager) | 📣📣📣 CALLING trainer.fit with ckpt_path=None 📣📣📣
💡 Tip: For seamless cloud uploads and versioning, try installing [litmodels](https://pypi.org/project/litmodels/) to enable LitModelCheckpoint, which syncs automatically with the Lightning model registry.
You are using a CUDA device ('NVIDIA A100-SXM4-80GB') that has Tensor Cores. To properly utilize them, you should set `torch.set_float32_matmul_precision('medium' | 'high')` which will trade-off precision for performance. For more details, read https://pytorch.org/docs/stable/generated/torch.set_float32_matmul_precision.html#torch.set_float32_matmul_precision
04:51:42.688 | INFO    (310020, stable_pretraining.data.module) | dataset for fit loaded!  ✅
04:51:42.689 | INFO    (310020, stable_pretraining.data.module) | 	● setup was done by user
04:51:42.689 | INFO    (310020, stable_pretraining.callbacks.env_info) | ======================================================================
04:51:42.689 | INFO    (310020, stable_pretraining.callbacks.env_info) | 🔍 Starting environment configuration dump...
04:51:42.689 | INFO    (310020, stable_pretraining.callbacks.env_info) | ======================================================================
04:51:42.690 | INFO    (310020, stable_pretraining.callbacks.env_info) | EnvironmentDumpCallback  log_dir=PosixPath('/home/ubuntu/le-wm-palash')
04:51:42.690 | INFO    (310020, stable_pretraining.callbacks.env_info) | ⚡ Running environment dump in background thread (non-blocking)
04:51:42.690 | INFO    (310020, stable_pretraining.callbacks.env_info) | 📁 Log directory: /home/ubuntu/le-wm-palash
04:51:42.691 | INFO    (310020, stable_pretraining.callbacks.env_info) | 📊 Collecting environment information...
04:51:42.691 | SUCCESS (310020, stable_pretraining.callbacks.env_info) | ✓ Background thread started successfully
04:51:42.691 | SUCCESS (310020, stable_pretraining.callbacks.env_info) |   ✓ Python 3.10.20
04:51:42.692 | INFO    (310020, stable_pretraining.callbacks.trainer_info) | 	 linking trainer to DataModule! 🔧
04:51:42.692 | SUCCESS (310020, stable_pretraining.callbacks.env_info) |   ✓ System: Linux 6.17.0-20-generic (x86_64)
04:51:42.693 | INFO    (310020, stable_pretraining.callbacks.checkpoint_sklearn) | Setting up SklearnCheckpoint callback!
04:51:42.693 | INFO    (310020, stable_pretraining.callbacks.env_info) |      Hostname: instance-0wzqq7mi-main
04:51:42.694 | INFO    (310020, stable_pretraining.callbacks.checkpoint_sklearn) | Sklearn Modules:
04:51:42.696 | INFO    (310020, stable_pretraining.callbacks.checkpoint_sklearn) | 
┏━━━━━━━━━━┳━━━━━━━━┳━━━━━━━━┓
┃ Module   ┃ Name   ┃ Type   ┃
┣━━━━━━━━━━╋━━━━━━━━╋━━━━━━━━┫
┗━━━━━━━━━━┻━━━━━━━━┻━━━━━━━━┛
04:51:42.697 | INFO    (310020, stable_pretraining.callbacks.checkpoint_sklearn) | Setting up WandbCheckpoint callback!
04:51:42.697 | INFO    (310020, stable_pretraining.callbacks.trainer_info) | PyTorch Modules:
04:51:42.697 | WARNING (310020, stable_pretraining.module) | You are calling self.parameters which also gives callbacks parameters, to remove then, pass `with_callbacks=False`
04:51:42.727 | INFO    (310020, stable_pretraining.callbacks.trainer_info) | \n+---------------------------------------------------------------------------+----------------------+--------------------------+--------------------------+---------+
| Module                                                                    | Trainable parameters | Non Trainable parameters | Uninitialized parameters | Buffers |
+---------------------------------------------------------------------------+----------------------+--------------------------+--------------------------+---------+
|                                                                           |             18588206 |                        0 |                        0 |    8194 |
| callbacks_modules                                                         |                    0 |                        0 |                        0 |       0 |
| callbacks_metrics                                                         |                    0 |                        0 |                        0 |       0 |
| model                                                                     |             18588206 |                        0 |                        0 |    8194 |
| model._orig_mod                                                           |             18588206 |                        0 |                        0 |    8194 |
| model._orig_mod.encoder                                                   |              5464512 |                        0 |                        0 |       0 |
| model._orig_mod.encoder.embeddings                                        |               125760 |                        0 |                        0 |       0 |
| model._orig_mod.encoder.embeddings.patch_embeddings                       |               113088 |                        0 |                        0 |       0 |
| model._orig_mod.encoder.embeddings.patch_embeddings.projection            |               113088 |                        0 |                        0 |       0 |
| model._orig_mod.encoder.embeddings.dropout                                |                    0 |                        0 |                        0 |       0 |
| model._orig_mod.encoder.encoder                                           |              5338368 |                        0 |                        0 |       0 |
| model._orig_mod.encoder.encoder.layer                                     |              5338368 |                        0 |                        0 |       0 |
| model._orig_mod.encoder.encoder.layer.0                                   |               444864 |                        0 |                        0 |       0 |
| model._orig_mod.encoder.encoder.layer.0.attention                         |               148224 |                        0 |                        0 |       0 |
| model._orig_mod.encoder.encoder.layer.0.attention.attention               |               111168 |                        0 |                        0 |       0 |
| model._orig_mod.encoder.encoder.layer.0.attention.attention.query         |                37056 |                        0 |                        0 |       0 |
| model._orig_mod.encoder.encoder.layer.0.attention.attention.key           |                37056 |                        0 |                        0 |       0 |
| model._orig_mod.encoder.encoder.layer.0.attention.attention.value         |                37056 |                        0 |                        0 |       0 |
| model._orig_mod.encoder.encoder.layer.0.attention.output                  |                37056 |                        0 |                        0 |       0 |
| model._orig_mod.encoder.encoder.layer.0.attention.output.dense            |                37056 |                        0 |                        0 |       0 |
| model._orig_mod.encoder.encoder.layer.0.attention.output.dropout          |                    0 |                        0 |                        0 |       0 |
| model._orig_mod.encoder.encoder.layer.0.intermediate                      |               148224 |                        0 |                        0 |       0 |
| model._orig_mod.encoder.encoder.layer.0.intermediate.dense                |               148224 |                        0 |                        0 |       0 |
| model._orig_mod.encoder.encoder.layer.0.intermediate.intermediate_act_fn  |                    0 |                        0 |                        0 |       0 |
| model._orig_mod.encoder.encoder.layer.0.output                            |               147648 |                        0 |                        0 |       0 |
| model._orig_mod.encoder.encoder.layer.0.output.dense                      |               147648 |                        0 |                        0 |       0 |
| model._orig_mod.encoder.encoder.layer.0.output.dropout                    |                    0 |                        0 |                        0 |       0 |
| model._orig_mod.encoder.encoder.layer.0.layernorm_before                  |                  384 |                        0 |                        0 |       0 |
| model._orig_mod.encoder.encoder.layer.0.layernorm_after                   |                  384 |                        0 |                        0 |       0 |
| model._orig_mod.encoder.encoder.layer.1                                   |               444864 |                        0 |                        0 |       0 |
| model._orig_mod.encoder.encoder.layer.1.attention                         |               148224 |                        0 |                        0 |       0 |
| model._orig_mod.encoder.encoder.layer.1.attention.attention               |               111168 |                        0 |                        0 |       0 |
| model._orig_mod.encoder.encoder.layer.1.attention.attention.query         |                37056 |                        0 |                        0 |       0 |
| model._orig_mod.encoder.encoder.layer.1.attention.attention.key           |                37056 |                        0 |                        0 |       0 |
| model._orig_mod.encoder.encoder.layer.1.attention.attention.value         |                37056 |                        0 |                        0 |       0 |
| model._orig_mod.encoder.encoder.layer.1.attention.output                  |                37056 |                        0 |                        0 |       0 |
| model._orig_mod.encoder.encoder.layer.1.attention.output.dense            |                37056 |                        0 |                        0 |       0 |
| model._orig_mod.encoder.encoder.layer.1.attention.output.dropout          |                    0 |                        0 |                        0 |       0 |
| model._orig_mod.encoder.encoder.layer.1.intermediate                      |               148224 |                        0 |                        0 |       0 |
| model._orig_mod.encoder.encoder.layer.1.intermediate.dense                |               148224 |                        0 |                        0 |       0 |
| model._orig_mod.encoder.encoder.layer.1.intermediate.intermediate_act_fn  |                    0 |                        0 |                        0 |       0 |
| model._orig_mod.encoder.encoder.layer.1.output                            |               147648 |                        0 |                        0 |       0 |
| model._orig_mod.encoder.encoder.layer.1.output.dense                      |               147648 |                        0 |                        0 |       0 |
| model._orig_mod.encoder.encoder.layer.1.output.dropout                    |                    0 |                        0 |                        0 |       0 |
| model._orig_mod.encoder.encoder.layer.1.layernorm_before                  |                  384 |                        0 |                        0 |       0 |
| model._orig_mod.encoder.encoder.layer.1.layernorm_after                   |                  384 |                        0 |                        0 |       0 |
| model._orig_mod.encoder.encoder.layer.2                                   |               444864 |                        0 |                        0 |       0 |
| model._orig_mod.encoder.encoder.layer.2.attention                         |               148224 |                        0 |                        0 |       0 |
| model._orig_mod.encoder.encoder.layer.2.attention.attention               |               111168 |                        0 |                        0 |       0 |
| model._orig_mod.encoder.encoder.layer.2.attention.attention.query         |                37056 |                        0 |                        0 |       0 |
| model._orig_mod.encoder.encoder.layer.2.attention.attention.key           |                37056 |                        0 |                        0 |       0 |
| model._orig_mod.encoder.encoder.layer.2.attention.attention.value         |                37056 |                        0 |                        0 |       0 |
| model._orig_mod.encoder.encoder.layer.2.attention.output                  |                37056 |                        0 |                        0 |       0 |
| model._orig_mod.encoder.encoder.layer.2.attention.output.dense            |                37056 |                        0 |                        0 |       0 |
| model._orig_mod.encoder.encoder.layer.2.attention.output.dropout          |                    0 |                        0 |                        0 |       0 |
| model._orig_mod.encoder.encoder.layer.2.intermediate                      |               148224 |                        0 |                        0 |       0 |
| model._orig_mod.encoder.encoder.layer.2.intermediate.dense                |               148224 |                        0 |                        0 |       0 |
| model._orig_mod.encoder.encoder.layer.2.intermediate.intermediate_act_fn  |                    0 |                        0 |                        0 |       0 |
| model._orig_mod.encoder.encoder.layer.2.output                            |               147648 |                        0 |                        0 |       0 |
| model._orig_mod.encoder.encoder.layer.2.output.dense                      |               147648 |                        0 |                        0 |       0 |
| model._orig_mod.encoder.encoder.layer.2.output.dropout                    |                    0 |                        0 |                        0 |       0 |
| model._orig_mod.encoder.encoder.layer.2.layernorm_before                  |                  384 |                        0 |                        0 |       0 |
| model._orig_mod.encoder.encoder.layer.2.layernorm_after                   |                  384 |                        0 |                        0 |       0 |
| model._orig_mod.encoder.encoder.layer.3                                   |               444864 |                        0 |                        0 |       0 |
| model._orig_mod.encoder.encoder.layer.3.attention                         |               148224 |                        0 |                        0 |       0 |
| model._orig_mod.encoder.encoder.layer.3.attention.attention               |               111168 |                        0 |                        0 |       0 |
| model._orig_mod.encoder.encoder.layer.3.attention.attention.query         |                37056 |                        0 |                        0 |       0 |
| model._orig_mod.encoder.encoder.layer.3.attention.attention.key           |                37056 |                        0 |                        0 |       0 |
| model._orig_mod.encoder.encoder.layer.3.attention.attention.value         |                37056 |                        0 |                        0 |       0 |
| model._orig_mod.encoder.encoder.layer.3.attention.output                  |                37056 |                        0 |                        0 |       0 |
| model._orig_mod.encoder.encoder.layer.3.attention.output.dense            |                37056 |                        0 |                        0 |       0 |
| model._orig_mod.encoder.encoder.layer.3.attention.output.dropout          |                    0 |                        0 |                        0 |       0 |
| model._orig_mod.encoder.encoder.layer.3.intermediate                      |               148224 |                        0 |                        0 |       0 |
| model._orig_mod.encoder.encoder.layer.3.intermediate.dense                |               148224 |                        0 |                        0 |       0 |
| model._orig_mod.encoder.encoder.layer.3.intermediate.intermediate_act_fn  |                    0 |                        0 |                        0 |       0 |
| model._orig_mod.encoder.encoder.layer.3.output                            |               147648 |                        0 |                        0 |       0 |
| model._orig_mod.encoder.encoder.layer.3.output.dense                      |               147648 |                        0 |                        0 |       0 |
| model._orig_mod.encoder.encoder.layer.3.output.dropout                    |                    0 |                        0 |                        0 |       0 |
| model._orig_mod.encoder.encoder.layer.3.layernorm_before                  |                  384 |                        0 |                        0 |       0 |
| model._orig_mod.encoder.encoder.layer.3.layernorm_after                   |                  384 |                        0 |                        0 |       0 |
| model._orig_mod.encoder.encoder.layer.4                                   |               444864 |                        0 |                        0 |       0 |
| model._orig_mod.encoder.encoder.layer.4.attention                         |               148224 |                        0 |                        0 |       0 |
| model._orig_mod.encoder.encoder.layer.4.attention.attention               |               111168 |                        0 |                        0 |       0 |
| model._orig_mod.encoder.encoder.layer.4.attention.attention.query         |                37056 |                        0 |                        0 |       0 |
| model._orig_mod.encoder.encoder.layer.4.attention.attention.key           |                37056 |                        0 |                        0 |       0 |
| model._orig_mod.encoder.encoder.layer.4.attention.attention.value         |                37056 |                        0 |                        0 |       0 |
| model._orig_mod.encoder.encoder.layer.4.attention.output                  |                37056 |                        0 |                        0 |       0 |
| model._orig_mod.encoder.encoder.layer.4.attention.output.dense            |                37056 |                        0 |                        0 |       0 |
| model._orig_mod.encoder.encoder.layer.4.attention.output.dropout          |                    0 |                        0 |                        0 |       0 |
| model._orig_mod.encoder.encoder.layer.4.intermediate                      |               148224 |                        0 |                        0 |       0 |
| model._orig_mod.encoder.encoder.layer.4.intermediate.dense                |               148224 |                        0 |                        0 |       0 |
| model._orig_mod.encoder.encoder.layer.4.intermediate.intermediate_act_fn  |                    0 |                        0 |                        0 |       0 |
| model._orig_mod.encoder.encoder.layer.4.output                            |               147648 |                        0 |                        0 |       0 |
| model._orig_mod.encoder.encoder.layer.4.output.dense                      |               147648 |                        0 |                        0 |       0 |
| model._orig_mod.encoder.encoder.layer.4.output.dropout                    |                    0 |                        0 |                        0 |       0 |
| model._orig_mod.encoder.encoder.layer.4.layernorm_before                  |                  384 |                        0 |                        0 |       0 |
| model._orig_mod.encoder.encoder.layer.4.layernorm_after                   |                  384 |                        0 |                        0 |       0 |
| model._orig_mod.encoder.encoder.layer.5                                   |               444864 |                        0 |                        0 |       0 |
| model._orig_mod.encoder.encoder.layer.5.attention                         |               148224 |                        0 |                        0 |       0 |
| model._orig_mod.encoder.encoder.layer.5.attention.attention               |               111168 |                        0 |                        0 |       0 |
| model._orig_mod.encoder.encoder.layer.5.attention.attention.query         |                37056 |                        0 |                        0 |       0 |
| model._orig_mod.encoder.encoder.layer.5.attention.attention.key           |                37056 |                        0 |                        0 |       0 |
| model._orig_mod.encoder.encoder.layer.5.attention.attention.value         |                37056 |                        0 |                        0 |       0 |
| model._orig_mod.encoder.encoder.layer.5.attention.output                  |                37056 |                        0 |                        0 |       0 |
| model._orig_mod.encoder.encoder.layer.5.attention.output.dense            |                37056 |                        0 |                        0 |       0 |
| model._orig_mod.encoder.encoder.layer.5.attention.output.dropout          |                    0 |                        0 |                        0 |       0 |
| model._orig_mod.encoder.encoder.layer.5.intermediate                      |               148224 |                        0 |                        0 |       0 |
| model._orig_mod.encoder.encoder.layer.5.intermediate.dense                |               148224 |                        0 |                        0 |       0 |
| model._orig_mod.encoder.encoder.layer.5.intermediate.intermediate_act_fn  |                    0 |                        0 |                        0 |       0 |
| model._orig_mod.encoder.encoder.layer.5.output                            |               147648 |                        0 |                        0 |       0 |
| model._orig_mod.encoder.encoder.layer.5.output.dense                      |               147648 |                        0 |                        0 |       0 |
| model._orig_mod.encoder.encoder.layer.5.output.dropout                    |                    0 |                        0 |                        0 |       0 |
| model._orig_mod.encoder.encoder.layer.5.layernorm_before                  |                  384 |                        0 |                        0 |       0 |
| model._orig_mod.encoder.encoder.layer.5.layernorm_after                   |                  384 |                        0 |                        0 |       0 |
| model._orig_mod.encoder.encoder.layer.6                                   |               444864 |                        0 |                        0 |       0 |
| model._orig_mod.encoder.encoder.layer.6.attention                         |               148224 |                        0 |                        0 |       0 |
| model._orig_mod.encoder.encoder.layer.6.attention.attention               |               111168 |                        0 |                        0 |       0 |
| model._orig_mod.encoder.encoder.layer.6.attention.attention.query         |                37056 |                        0 |                        0 |       0 |
| model._orig_mod.encoder.encoder.layer.6.attention.attention.key           |                37056 |                        0 |                        0 |       0 |
| model._orig_mod.encoder.encoder.layer.6.attention.attention.value         |                37056 |                        0 |                        0 |       0 |
| model._orig_mod.encoder.encoder.layer.6.attention.output                  |                37056 |                        0 |                        0 |       0 |
| model._orig_mod.encoder.encoder.layer.6.attention.output.dense            |                37056 |                        0 |                        0 |       0 |
| model._orig_mod.encoder.encoder.layer.6.attention.output.dropout          |                    0 |                        0 |                        0 |       0 |
| model._orig_mod.encoder.encoder.layer.6.intermediate                      |               148224 |                        0 |                        0 |       0 |
| model._orig_mod.encoder.encoder.layer.6.intermediate.dense                |               148224 |                        0 |                        0 |       0 |
| model._orig_mod.encoder.encoder.layer.6.intermediate.intermediate_act_fn  |                    0 |                        0 |                        0 |       0 |
| model._orig_mod.encoder.encoder.layer.6.output                            |               147648 |                        0 |                        0 |       0 |
| model._orig_mod.encoder.encoder.layer.6.output.dense                      |               147648 |                        0 |                        0 |       0 |
| model._orig_mod.encoder.encoder.layer.6.output.dropout                    |                    0 |                        0 |                        0 |       0 |
| model._orig_mod.encoder.encoder.layer.6.layernorm_before                  |                  384 |                        0 |                        0 |       0 |
| model._orig_mod.encoder.encoder.layer.6.layernorm_after                   |                  384 |                        0 |                        0 |       0 |
| model._orig_mod.encoder.encoder.layer.7                                   |               444864 |                        0 |                        0 |       0 |
| model._orig_mod.encoder.encoder.layer.7.attention                         |               148224 |                        0 |                        0 |       0 |
| model._orig_mod.encoder.encoder.layer.7.attention.attention               |               111168 |                        0 |                        0 |       0 |
| model._orig_mod.encoder.encoder.layer.7.attention.attention.query         |                37056 |                        0 |                        0 |       0 |
| model._orig_mod.encoder.encoder.layer.7.attention.attention.key           |                37056 |                        0 |                        0 |       0 |
| model._orig_mod.encoder.encoder.layer.7.attention.attention.value         |                37056 |                        0 |                        0 |       0 |
| model._orig_mod.encoder.encoder.layer.7.attention.output                  |                37056 |                        0 |                        0 |       0 |
| model._orig_mod.encoder.encoder.layer.7.attention.output.dense            |                37056 |                        0 |                        0 |       0 |
| model._orig_mod.encoder.encoder.layer.7.attention.output.dropout          |                    0 |                        0 |                        0 |       0 |
| model._orig_mod.encoder.encoder.layer.7.intermediate                      |               148224 |                        0 |                        0 |       0 |
| model._orig_mod.encoder.encoder.layer.7.intermediate.dense                |               148224 |                        0 |                        0 |       0 |
| model._orig_mod.encoder.encoder.layer.7.intermediate.intermediate_act_fn  |                    0 |                        0 |                        0 |       0 |
| model._orig_mod.encoder.encoder.layer.7.output                            |               147648 |                        0 |                        0 |       0 |
| model._orig_mod.encoder.encoder.layer.7.output.dense                      |               147648 |                        0 |                        0 |       0 |
| model._orig_mod.encoder.encoder.layer.7.output.dropout                    |                    0 |                        0 |                        0 |       0 |
| model._orig_mod.encoder.encoder.layer.7.layernorm_before                  |                  384 |                        0 |                        0 |       0 |
| model._orig_mod.encoder.encoder.layer.7.layernorm_after                   |                  384 |                        0 |                        0 |       0 |
| model._orig_mod.encoder.encoder.layer.8                                   |               444864 |                        0 |                        0 |       0 |
| model._orig_mod.encoder.encoder.layer.8.attention                         |               148224 |                        0 |                        0 |       0 |
| model._orig_mod.encoder.encoder.layer.8.attention.attention               |               111168 |                        0 |                        0 |       0 |
| model._orig_mod.encoder.encoder.layer.8.attention.attention.query         |                37056 |                        0 |                        0 |       0 |
| model._orig_mod.encoder.encoder.layer.8.attention.attention.key           |                37056 |                        0 |                        0 |       0 |
| model._orig_mod.encoder.encoder.layer.8.attention.attention.value         |                37056 |                        0 |                        0 |       0 |
| model._orig_mod.encoder.encoder.layer.8.attention.output                  |                37056 |                        0 |                        0 |       0 |
| model._orig_mod.encoder.encoder.layer.8.attention.output.dense            |                37056 |                        0 |                        0 |       0 |
| model._orig_mod.encoder.encoder.layer.8.attention.output.dropout          |                    0 |                        0 |                        0 |       0 |
| model._orig_mod.encoder.encoder.layer.8.intermediate                      |               148224 |                        0 |                        0 |       0 |
| model._orig_mod.encoder.encoder.layer.8.intermediate.dense                |               148224 |                        0 |                        0 |       0 |
| model._orig_mod.encoder.encoder.layer.8.intermediate.intermediate_act_fn  |                    0 |                        0 |                        0 |       0 |
| model._orig_mod.encoder.encoder.layer.8.output                            |               147648 |                        0 |                        0 |       0 |
| model._orig_mod.encoder.encoder.layer.8.output.dense                      |               147648 |                        0 |                        0 |       0 |
| model._orig_mod.encoder.encoder.layer.8.output.dropout                    |                    0 |                        0 |                        0 |       0 |
| model._orig_mod.encoder.encoder.layer.8.layernorm_before                  |                  384 |                        0 |                        0 |       0 |
| model._orig_mod.encoder.encoder.layer.8.layernorm_after                   |                  384 |                        0 |                        0 |       0 |
| model._orig_mod.encoder.encoder.layer.9                                   |               444864 |                        0 |                        0 |       0 |
| model._orig_mod.encoder.encoder.layer.9.attention                         |               148224 |                        0 |                        0 |       0 |
| model._orig_mod.encoder.encoder.layer.9.attention.attention               |               111168 |                        0 |                        0 |       0 |
| model._orig_mod.encoder.encoder.layer.9.attention.attention.query         |                37056 |                        0 |                        0 |       0 |
| model._orig_mod.encoder.encoder.layer.9.attention.attention.key           |                37056 |                        0 |                        0 |       0 |
| model._orig_mod.encoder.encoder.layer.9.attention.attention.value         |                37056 |                        0 |                        0 |       0 |
| model._orig_mod.encoder.encoder.layer.9.attention.output                  |                37056 |                        0 |                        0 |       0 |
| model._orig_mod.encoder.encoder.layer.9.attention.output.dense            |                37056 |                        0 |                        0 |       0 |
| model._orig_mod.encoder.encoder.layer.9.attention.output.dropout          |                    0 |                        0 |                        0 |       0 |
| model._orig_mod.encoder.encoder.layer.9.intermediate                      |               148224 |                        0 |                        0 |       0 |
| model._orig_mod.encoder.encoder.layer.9.intermediate.dense                |               148224 |                        0 |                        0 |       0 |
| model._orig_mod.encoder.encoder.layer.9.intermediate.intermediate_act_fn  |                    0 |                        0 |                        0 |       0 |
| model._orig_mod.encoder.encoder.layer.9.output                            |               147648 |                        0 |                        0 |       0 |
| model._orig_mod.encoder.encoder.layer.9.output.dense                      |               147648 |                        0 |                        0 |       0 |
| model._orig_mod.encoder.encoder.layer.9.output.dropout                    |                    0 |                        0 |                        0 |       0 |
| model._orig_mod.encoder.encoder.layer.9.layernorm_before                  |                  384 |                        0 |                        0 |       0 |
| model._orig_mod.encoder.encoder.layer.9.layernorm_after                   |                  384 |                        0 |                        0 |       0 |
| model._orig_mod.encoder.encoder.layer.10                                  |               444864 |                        0 |                        0 |       0 |
| model._orig_mod.encoder.encoder.layer.10.attention                        |               148224 |                        0 |                        0 |       0 |
| model._orig_mod.encoder.encoder.layer.10.attention.attention              |               111168 |                        0 |                        0 |       0 |
| model._orig_mod.encoder.encoder.layer.10.attention.attention.query        |                37056 |                        0 |                        0 |       0 |
| model._orig_mod.encoder.encoder.layer.10.attention.attention.key          |                37056 |                        0 |                        0 |       0 |
| model._orig_mod.encoder.encoder.layer.10.attention.attention.value        |                37056 |                        0 |                        0 |       0 |
| model._orig_mod.encoder.encoder.layer.10.attention.output                 |                37056 |                        0 |                        0 |       0 |
| model._orig_mod.encoder.encoder.layer.10.attention.output.dense           |                37056 |                        0 |                        0 |       0 |
| model._orig_mod.encoder.encoder.layer.10.attention.output.dropout         |                    0 |                        0 |                        0 |       0 |
| model._orig_mod.encoder.encoder.layer.10.intermediate                     |               148224 |                        0 |                        0 |       0 |
| model._orig_mod.encoder.encoder.layer.10.intermediate.dense               |               148224 |                        0 |                        0 |       0 |
| model._orig_mod.encoder.encoder.layer.10.intermediate.intermediate_act_fn |                    0 |                        0 |                        0 |       0 |
| model._orig_mod.encoder.encoder.layer.10.output                           |               147648 |                        0 |                        0 |       0 |
| model._orig_mod.encoder.encoder.layer.10.output.dense                     |               147648 |                        0 |                        0 |       0 |
| model._orig_mod.encoder.encoder.layer.10.output.dropout                   |                    0 |                        0 |                        0 |       0 |
| model._orig_mod.encoder.encoder.layer.10.layernorm_before                 |                  384 |                        0 |                        0 |       0 |
| model._orig_mod.encoder.encoder.layer.10.layernorm_after                  |                  384 |                        0 |                        0 |       0 |
| model._orig_mod.encoder.encoder.layer.11                                  |               444864 |                        0 |                        0 |       0 |
| model._orig_mod.encoder.encoder.layer.11.attention                        |               148224 |                        0 |                        0 |       0 |
| model._orig_mod.encoder.encoder.layer.11.attention.attention              |               111168 |                        0 |                        0 |       0 |
| model._orig_mod.encoder.encoder.layer.11.attention.attention.query        |                37056 |                        0 |                        0 |       0 |
| model._orig_mod.encoder.encoder.layer.11.attention.attention.key          |                37056 |                        0 |                        0 |       0 |
| model._orig_mod.encoder.encoder.layer.11.attention.attention.value        |                37056 |                        0 |                        0 |       0 |
| model._orig_mod.encoder.encoder.layer.11.attention.output                 |                37056 |                        0 |                        0 |       0 |
| model._orig_mod.encoder.encoder.layer.11.attention.output.dense           |                37056 |                        0 |                        0 |       0 |
| model._orig_mod.encoder.encoder.layer.11.attention.output.dropout         |                    0 |                        0 |                        0 |       0 |
| model._orig_mod.encoder.encoder.layer.11.intermediate                     |               148224 |                        0 |                        0 |       0 |
| model._orig_mod.encoder.encoder.layer.11.intermediate.dense               |               148224 |                        0 |                        0 |       0 |
| model._orig_mod.encoder.encoder.layer.11.intermediate.intermediate_act_fn |                    0 |                        0 |                        0 |       0 |
| model._orig_mod.encoder.encoder.layer.11.output                           |               147648 |                        0 |                        0 |       0 |
| model._orig_mod.encoder.encoder.layer.11.output.dense                     |               147648 |                        0 |                        0 |       0 |
| model._orig_mod.encoder.encoder.layer.11.output.dropout                   |                    0 |                        0 |                        0 |       0 |
| model._orig_mod.encoder.encoder.layer.11.layernorm_before                 |                  384 |                        0 |                        0 |       0 |
| model._orig_mod.encoder.encoder.layer.11.layernorm_after                  |                  384 |                        0 |                        0 |       0 |
| model._orig_mod.encoder.layernorm                                         |                  384 |                        0 |                        0 |       0 |
| model._orig_mod.predictor                                                 |             10791360 |                        0 |                        0 |       0 |
| model._orig_mod.predictor.dropout                                         |                    0 |                        0 |                        0 |       0 |
| model._orig_mod.predictor.transformer                                     |             10790784 |                        0 |                        0 |       0 |
| model._orig_mod.predictor.transformer.norm                                |                  384 |                        0 |                        0 |       0 |
| model._orig_mod.predictor.transformer.layers                              |             10790400 |                        0 |                        0 |       0 |
| model._orig_mod.predictor.transformer.layers.0                            |              1798400 |                        0 |                        0 |       0 |
| model._orig_mod.predictor.transformer.layers.0.attn                       |               787008 |                        0 |                        0 |       0 |
| model._orig_mod.predictor.transformer.layers.0.attn.norm                  |                  384 |                        0 |                        0 |       0 |
| model._orig_mod.predictor.transformer.layers.0.attn.attend                |                    0 |                        0 |                        0 |       0 |
| model._orig_mod.predictor.transformer.layers.0.attn.to_qkv                |               589824 |                        0 |                        0 |       0 |
| model._orig_mod.predictor.transformer.layers.0.attn.to_out                |               196800 |                        0 |                        0 |       0 |
| model._orig_mod.predictor.transformer.layers.0.attn.to_out.0              |               196800 |                        0 |                        0 |       0 |
| model._orig_mod.predictor.transformer.layers.0.attn.to_out.1              |                    0 |                        0 |                        0 |       0 |
| model._orig_mod.predictor.transformer.layers.0.mlp                        |               789056 |                        0 |                        0 |       0 |
| model._orig_mod.predictor.transformer.layers.0.mlp.net                    |               789056 |                        0 |                        0 |       0 |
| model._orig_mod.predictor.transformer.layers.0.mlp.net.0                  |                  384 |                        0 |                        0 |       0 |
| model._orig_mod.predictor.transformer.layers.0.mlp.net.1                  |               395264 |                        0 |                        0 |       0 |
| model._orig_mod.predictor.transformer.layers.0.mlp.net.2                  |                    0 |                        0 |                        0 |       0 |
| model._orig_mod.predictor.transformer.layers.0.mlp.net.3                  |                    0 |                        0 |                        0 |       0 |
| model._orig_mod.predictor.transformer.layers.0.mlp.net.4                  |               393408 |                        0 |                        0 |       0 |
| model._orig_mod.predictor.transformer.layers.0.mlp.net.5                  |                    0 |                        0 |                        0 |       0 |
| model._orig_mod.predictor.transformer.layers.0.norm1                      |                    0 |                        0 |                        0 |       0 |
| model._orig_mod.predictor.transformer.layers.0.norm2                      |                    0 |                        0 |                        0 |       0 |
| model._orig_mod.predictor.transformer.layers.0.adaLN_modulation           |               222336 |                        0 |                        0 |       0 |
| model._orig_mod.predictor.transformer.layers.0.adaLN_modulation.0         |                    0 |                        0 |                        0 |       0 |
| model._orig_mod.predictor.transformer.layers.0.adaLN_modulation.1         |               222336 |                        0 |                        0 |       0 |
| model._orig_mod.predictor.transformer.layers.1                            |              1798400 |                        0 |                        0 |       0 |
| model._orig_mod.predictor.transformer.layers.1.attn                       |               787008 |                        0 |                        0 |       0 |
| model._orig_mod.predictor.transformer.layers.1.attn.norm                  |                  384 |                        0 |                        0 |       0 |
| model._orig_mod.predictor.transformer.layers.1.attn.attend                |                    0 |                        0 |                        0 |       0 |
| model._orig_mod.predictor.transformer.layers.1.attn.to_qkv                |               589824 |                        0 |                        0 |       0 |
| model._orig_mod.predictor.transformer.layers.1.attn.to_out                |               196800 |                        0 |                        0 |       0 |
| model._orig_mod.predictor.transformer.layers.1.attn.to_out.0              |               196800 |                        0 |                        0 |       0 |
| model._orig_mod.predictor.transformer.layers.1.attn.to_out.1              |                    0 |                        0 |                        0 |       0 |
| model._orig_mod.predictor.transformer.layers.1.mlp                        |               789056 |                        0 |                        0 |       0 |
| model._orig_mod.predictor.transformer.layers.1.mlp.net                    |               789056 |                        0 |                        0 |       0 |
| model._orig_mod.predictor.transformer.layers.1.mlp.net.0                  |                  384 |                        0 |                        0 |       0 |
| model._orig_mod.predictor.transformer.layers.1.mlp.net.1                  |               395264 |                        0 |                        0 |       0 |
| model._orig_mod.predictor.transformer.layers.1.mlp.net.2                  |                    0 |                        0 |                        0 |       0 |
| model._orig_mod.predictor.transformer.layers.1.mlp.net.3                  |                    0 |                        0 |                        0 |       0 |
| model._orig_mod.predictor.transformer.layers.1.mlp.net.4                  |               393408 |                        0 |                        0 |       0 |
| model._orig_mod.predictor.transformer.layers.1.mlp.net.5                  |                    0 |                        0 |                        0 |       0 |
| model._orig_mod.predictor.transformer.layers.1.norm1                      |                    0 |                        0 |                        0 |       0 |
| model._orig_mod.predictor.transformer.layers.1.norm2                      |                    0 |                        0 |                        0 |       0 |
| model._orig_mod.predictor.transformer.layers.1.adaLN_modulation           |               222336 |                        0 |                        0 |       0 |
| model._orig_mod.predictor.transformer.layers.1.adaLN_modulation.0         |                    0 |                        0 |                        0 |       0 |
| model._orig_mod.predictor.transformer.layers.1.adaLN_modulation.1         |               222336 |                        0 |                        0 |       0 |
| model._orig_mod.predictor.transformer.layers.2                            |              1798400 |                        0 |                        0 |       0 |
| model._orig_mod.predictor.transformer.layers.2.attn                       |               787008 |                        0 |                        0 |       0 |
| model._orig_mod.predictor.transformer.layers.2.attn.norm                  |                  384 |                        0 |                        0 |       0 |
| model._orig_mod.predictor.transformer.layers.2.attn.attend                |                    0 |                        0 |                        0 |       0 |
| model._orig_mod.predictor.transformer.layers.2.attn.to_qkv                |               589824 |                        0 |                        0 |       0 |
| model._orig_mod.predictor.transformer.layers.2.attn.to_out                |               196800 |                        0 |                        0 |       0 |
| model._orig_mod.predictor.transformer.layers.2.attn.to_out.0              |               196800 |                        0 |                        0 |       0 |
| model._orig_mod.predictor.transformer.layers.2.attn.to_out.1              |                    0 |                        0 |                        0 |       0 |
| model._orig_mod.predictor.transformer.layers.2.mlp                        |               789056 |                        0 |                        0 |       0 |
| model._orig_mod.predictor.transformer.layers.2.mlp.net                    |               789056 |                        0 |                        0 |       0 |
| model._orig_mod.predictor.transformer.layers.2.mlp.net.0                  |                  384 |                        0 |                        0 |       0 |
| model._orig_mod.predictor.transformer.layers.2.mlp.net.1                  |               395264 |                        0 |                        0 |       0 |
| model._orig_mod.predictor.transformer.layers.2.mlp.net.2                  |                    0 |                        0 |                        0 |       0 |
| model._orig_mod.predictor.transformer.layers.2.mlp.net.3                  |                    0 |                        0 |                        0 |       0 |
| model._orig_mod.predictor.transformer.layers.2.mlp.net.4                  |               393408 |                        0 |                        0 |       0 |
| model._orig_mod.predictor.transformer.layers.2.mlp.net.5                  |                    0 |                        0 |                        0 |       0 |
| model._orig_mod.predictor.transformer.layers.2.norm1                      |                    0 |                        0 |                        0 |       0 |
| model._orig_mod.predictor.transformer.layers.2.norm2                      |                    0 |                        0 |                        0 |       0 |
| model._orig_mod.predictor.transformer.layers.2.adaLN_modulation           |               222336 |                        0 |                        0 |       0 |
| model._orig_mod.predictor.transformer.layers.2.adaLN_modulation.0         |                    0 |                        0 |                        0 |       0 |
| model._orig_mod.predictor.transformer.layers.2.adaLN_modulation.1         |               222336 |                        0 |                        0 |       0 |
| model._orig_mod.predictor.transformer.layers.3                            |              1798400 |                        0 |                        0 |       0 |
| model._orig_mod.predictor.transformer.layers.3.attn                       |               787008 |                        0 |                        0 |       0 |
| model._orig_mod.predictor.transformer.layers.3.attn.norm                  |                  384 |                        0 |                        0 |       0 |
| model._orig_mod.predictor.transformer.layers.3.attn.attend                |                    0 |                        0 |                        0 |       0 |
| model._orig_mod.predictor.transformer.layers.3.attn.to_qkv                |               589824 |                        0 |                        0 |       0 |
| model._orig_mod.predictor.transformer.layers.3.attn.to_out                |               196800 |                        0 |                        0 |       0 |
| model._orig_mod.predictor.transformer.layers.3.attn.to_out.0              |               196800 |                        0 |                        0 |       0 |
| model._orig_mod.predictor.transformer.layers.3.attn.to_out.1              |                    0 |                        0 |                        0 |       0 |
| model._orig_mod.predictor.transformer.layers.3.mlp                        |               789056 |                        0 |                        0 |       0 |
| model._orig_mod.predictor.transformer.layers.3.mlp.net                    |               789056 |                        0 |                        0 |       0 |
| model._orig_mod.predictor.transformer.layers.3.mlp.net.0                  |                  384 |                        0 |                        0 |       0 |
| model._orig_mod.predictor.transformer.layers.3.mlp.net.1                  |               395264 |                        0 |                        0 |       0 |
| model._orig_mod.predictor.transformer.layers.3.mlp.net.2                  |                    0 |                        0 |                        0 |       0 |
| model._orig_mod.predictor.transformer.layers.3.mlp.net.3                  |                    0 |                        0 |                        0 |       0 |
| model._orig_mod.predictor.transformer.layers.3.mlp.net.4                  |               393408 |                        0 |                        0 |       0 |
| model._orig_mod.predictor.transformer.layers.3.mlp.net.5                  |                    0 |                        0 |                        0 |       0 |
| model._orig_mod.predictor.transformer.layers.3.norm1                      |                    0 |                        0 |                        0 |       0 |
| model._orig_mod.predictor.transformer.layers.3.norm2                      |                    0 |                        0 |                        0 |       0 |
| model._orig_mod.predictor.transformer.layers.3.adaLN_modulation           |               222336 |                        0 |                        0 |       0 |
| model._orig_mod.predictor.transformer.layers.3.adaLN_modulation.0         |                    0 |                        0 |                        0 |       0 |
| model._orig_mod.predictor.transformer.layers.3.adaLN_modulation.1         |               222336 |                        0 |                        0 |       0 |
| model._orig_mod.predictor.transformer.layers.4                            |              1798400 |                        0 |                        0 |       0 |
| model._orig_mod.predictor.transformer.layers.4.attn                       |               787008 |                        0 |                        0 |       0 |
| model._orig_mod.predictor.transformer.layers.4.attn.norm                  |                  384 |                        0 |                        0 |       0 |
| model._orig_mod.predictor.transformer.layers.4.attn.attend                |                    0 |                        0 |                        0 |       0 |
| model._orig_mod.predictor.transformer.layers.4.attn.to_qkv                |               589824 |                        0 |                        0 |       0 |
| model._orig_mod.predictor.transformer.layers.4.attn.to_out                |               196800 |                        0 |                        0 |       0 |
| model._orig_mod.predictor.transformer.layers.4.attn.to_out.0              |               196800 |                        0 |                        0 |       0 |
| model._orig_mod.predictor.transformer.layers.4.attn.to_out.1              |                    0 |                        0 |                        0 |       0 |
| model._orig_mod.predictor.transformer.layers.4.mlp                        |               789056 |                        0 |                        0 |       0 |
| model._orig_mod.predictor.transformer.layers.4.mlp.net                    |               789056 |                        0 |                        0 |       0 |
| model._orig_mod.predictor.transformer.layers.4.mlp.net.0                  |                  384 |                        0 |                        0 |       0 |
| model._orig_mod.predictor.transformer.layers.4.mlp.net.1                  |               395264 |                        0 |                        0 |       0 |
| model._orig_mod.predictor.transformer.layers.4.mlp.net.2                  |                    0 |                        0 |                        0 |       0 |
| model._orig_mod.predictor.transformer.layers.4.mlp.net.3                  |                    0 |                        0 |                        0 |       0 |
| model._orig_mod.predictor.transformer.layers.4.mlp.net.4                  |               393408 |                        0 |                        0 |       0 |
| model._orig_mod.predictor.transformer.layers.4.mlp.net.5                  |                    0 |                        0 |                        0 |       0 |
| model._orig_mod.predictor.transformer.layers.4.norm1                      |                    0 |                        0 |                        0 |       0 |
| model._orig_mod.predictor.transformer.layers.4.norm2                      |                    0 |                        0 |                        0 |       0 |
| model._orig_mod.predictor.transformer.layers.4.adaLN_modulation           |               222336 |                        0 |                        0 |       0 |
| model._orig_mod.predictor.transformer.layers.4.adaLN_modulation.0         |                    0 |                        0 |                        0 |       0 |
| model._orig_mod.predictor.transformer.layers.4.adaLN_modulation.1         |               222336 |                        0 |                        0 |       0 |
| model._orig_mod.predictor.transformer.layers.5                            |              1798400 |                        0 |                        0 |       0 |
| model._orig_mod.predictor.transformer.layers.5.attn                       |               787008 |                        0 |                        0 |       0 |
| model._orig_mod.predictor.transformer.layers.5.attn.norm                  |                  384 |                        0 |                        0 |       0 |
| model._orig_mod.predictor.transformer.layers.5.attn.attend                |                    0 |                        0 |                        0 |       0 |
| model._orig_mod.predictor.transformer.layers.5.attn.to_qkv                |               589824 |                        0 |                        0 |       0 |
| model._orig_mod.predictor.transformer.layers.5.attn.to_out                |               196800 |                        0 |                        0 |       0 |
| model._orig_mod.predictor.transformer.layers.5.attn.to_out.0              |               196800 |                        0 |                        0 |       0 |
| model._orig_mod.predictor.transformer.layers.5.attn.to_out.1              |                    0 |                        0 |                        0 |       0 |
| model._orig_mod.predictor.transformer.layers.5.mlp                        |               789056 |                        0 |                        0 |       0 |
| model._orig_mod.predictor.transformer.layers.5.mlp.net                    |               789056 |                        0 |                        0 |       0 |
| model._orig_mod.predictor.transformer.layers.5.mlp.net.0                  |                  384 |                        0 |                        0 |       0 |
| model._orig_mod.predictor.transformer.layers.5.mlp.net.1                  |               395264 |                        0 |                        0 |       0 |
| model._orig_mod.predictor.transformer.layers.5.mlp.net.2                  |                    0 |                        0 |                        0 |       0 |
| model._orig_mod.predictor.transformer.layers.5.mlp.net.3                  |                    0 |                        0 |                        0 |       0 |
| model._orig_mod.predictor.transformer.layers.5.mlp.net.4                  |               393408 |                        0 |                        0 |       0 |
| model._orig_mod.predictor.transformer.layers.5.mlp.net.5                  |                    0 |                        0 |                        0 |       0 |
| model._orig_mod.predictor.transformer.layers.5.norm1                      |                    0 |                        0 |                        0 |       0 |
| model._orig_mod.predictor.transformer.layers.5.norm2                      |                    0 |                        0 |                        0 |       0 |
| model._orig_mod.predictor.transformer.layers.5.adaLN_modulation           |               222336 |                        0 |                        0 |       0 |
| model._orig_mod.predictor.transformer.layers.5.adaLN_modulation.0         |                    0 |                        0 |                        0 |       0 |
| model._orig_mod.predictor.transformer.layers.5.adaLN_modulation.1         |               222336 |                        0 |                        0 |       0 |
| model._orig_mod.predictor.transformer.input_proj                          |                    0 |                        0 |                        0 |       0 |
| model._orig_mod.predictor.transformer.cond_proj                           |                    0 |                        0 |                        0 |       0 |
| model._orig_mod.predictor.transformer.output_proj                         |                    0 |                        0 |                        0 |       0 |
| model._orig_mod.action_encoder                                            |               746798 |                        0 |                        0 |       0 |
| model._orig_mod.action_encoder.patch_embed                                |                  110 |                        0 |                        0 |       0 |
| model._orig_mod.action_encoder.embed                                      |               746688 |                        0 |                        0 |       0 |
| model._orig_mod.action_encoder.embed.0                                    |                 8448 |                        0 |                        0 |       0 |
| model._orig_mod.action_encoder.embed.1                                    |                    0 |                        0 |                        0 |       0 |
| model._orig_mod.action_encoder.embed.2                                    |               590592 |                        0 |                        0 |       0 |
| model._orig_mod.action_encoder.embed.3                                    |                    0 |                        0 |                        0 |       0 |
| model._orig_mod.action_encoder.embed.4                                    |               147648 |                        0 |                        0 |       0 |
| model._orig_mod.projector                                                 |               792768 |                        0 |                        0 |    4097 |
| model._orig_mod.projector.net                                             |               792768 |                        0 |                        0 |    4097 |
| model._orig_mod.projector.net.0                                           |               395264 |                        0 |                        0 |       0 |
| model._orig_mod.projector.net.1                                           |                 4096 |                        0 |                        0 |    4097 |
| model._orig_mod.projector.net.2                                           |                    0 |                        0 |                        0 |       0 |
| model._orig_mod.projector.net.3                                           |               393408 |                        0 |                        0 |       0 |
| model._orig_mod.pred_proj                                                 |               792768 |                        0 |                        0 |    4097 |
| model._orig_mod.pred_proj.net                                             |               792768 |                        0 |                        0 |    4097 |
| model._orig_mod.pred_proj.net.0                                           |               395264 |                        0 |                        0 |       0 |
| model._orig_mod.pred_proj.net.1                                           |                 4096 |                        0 |                        0 |    4097 |
| model._orig_mod.pred_proj.net.2                                           |                    0 |                        0 |                        0 |       0 |
| model._orig_mod.pred_proj.net.3                                           |               393408 |                        0 |                        0 |       0 |
| rdmreg                                                                    |                    0 |                        0 |                        0 |       0 |
+---------------------------------------------------------------------------+----------------------+--------------------------+--------------------------+---------+
04:51:42.727 | INFO    (310020, stable_pretraining.callbacks.trainer_info) | ---- SLURM INFO ---- 🔧
04:51:42.728 | INFO    (310020, stable_pretraining.callbacks.trainer_info) | Job ID: N/A
04:51:42.728 | INFO    (310020, stable_pretraining.callbacks.trainer_info) | Task ID: N/A
04:51:42.728 | INFO    (310020, stable_pretraining.callbacks.trainer_info) | Job Name: N/A
04:51:42.728 | INFO    (310020, stable_pretraining.callbacks.trainer_info) | Nodes: N/A
04:51:42.728 | INFO    (310020, stable_pretraining.callbacks.trainer_info) | Tasks: N/A
04:51:42.728 | INFO    (310020, stable_pretraining.callbacks.trainer_info) | CPUs per node: N/A
04:51:42.728 | INFO    (310020, stable_pretraining.callbacks.trainer_info) | CPUs per task: N/A
04:51:42.729 | INFO    (310020, stable_pretraining.callbacks.trainer_info) | Memory per node: N/A
04:51:42.729 | INFO    (310020, stable_pretraining.callbacks.trainer_info) | Memory per CPU: N/A
04:51:42.729 | INFO    (310020, stable_pretraining.callbacks.trainer_info) | Time limit: N/A
04:51:42.729 | INFO    (310020, stable_pretraining.callbacks.trainer_info) | Partition: N/A
04:51:42.729 | INFO    (310020, stable_pretraining.callbacks.trainer_info) | Node List: N/A
04:51:42.729 | INFO    (310020, stable_pretraining.callbacks.trainer_info) | Submit Directory: N/A
04:51:42.730 | INFO    (310020, stable_pretraining.callbacks.cpu_offload) | CPUOffloadCallback: Setup called for stage 'fit'
04:51:42.730 | INFO    (310020, stable_pretraining.callbacks.cpu_offload) |   - Trainer rank: 0/1
04:51:42.730 | INFO    (310020, stable_pretraining.callbacks.cpu_offload) |   - Strategy: SingleDeviceStrategy
04:51:42.730 | SUCCESS (310020, stable_pretraining.callbacks.cpu_offload) | ✓ Strategy 'SingleDeviceStrategy' is compatible with CPU offload
04:51:42.730 | SUCCESS (310020, stable_pretraining.callbacks.cpu_offload) | ✓ CPUOffloadCallback ENABLED for strategy 'SingleDeviceStrategy'
04:51:42.730 | INFO    (310020, stable_pretraining.callbacks.cpu_offload) |   - This rank will handle checkpoint saving and CPU offload
/home/ubuntu/miniconda3/envs/jepa-wms/lib/python3.10/site-packages/lightning/pytorch/callbacks/model_checkpoint.py:881: Checkpoint directory /home/ubuntu/le-wm-palash/lewm-pusht exists and is not empty.
LOCAL_RANK: 0 - CUDA_VISIBLE_DEVICES: [0]
04:51:42.785 | INFO    (310020, stable_pretraining.module) | Configuring optimizers and learning rate schedulers...
04:51:42.785 | INFO    (310020, stable_pretraining.module) | 	Optimizer specified by Dict with keys ['model_opt']... 🔧
04:51:42.788 | INFO    (310020, stable_pretraining.module) | 
┏━━━━━━━━━━━━━┳━━━━━━━━━━━┳━━━━━━━━━━━━━━━━━━━┳━━━━━━━━━━━━━━━━━┳━━━━━━━━━━━━━━━━┳━━━━━━━━━━━━━━━━━━━━━━━━┓
┃ Optimizer   ┃ Pattern   ┃   Matched Modules ┃   Param Tensors ┃   Total Params ┃   RequiresGrad Tensors ┃
┣━━━━━━━━━━━━━╋━━━━━━━━━━━╋━━━━━━━━━━━━━━━━━━━╋━━━━━━━━━━━━━━━━━╋━━━━━━━━━━━━━━━━╋━━━━━━━━━━━━━━━━━━━━━━━━┫
┃ model_opt   ┃ model     ┃               368 ┃             299 ┃       18588206 ┃                    299 ┃
┗━━━━━━━━━━━━━┻━━━━━━━━━━━┻━━━━━━━━━━━━━━━━━━━┻━━━━━━━━━━━━━━━━━┻━━━━━━━━━━━━━━━━┻━━━━━━━━━━━━━━━━━━━━━━━━┛
04:51:42.789 | INFO    (310020, stable_pretraining.optim.lr_scheduler) | 	User provided a dict
Loading `train_dataloader` to estimate number of stepping batches.
04:51:43.204 | SUCCESS (310020, stable_pretraining.callbacks.env_info) |   ✓ Packages: 260 packages collected in 0.51s
04:51:43.557 | INFO    (310020, stable_pretraining.module) | Configured optimizer 'model_opt' (modules=368, param_tensors=299, total_params=18588206) with LinearWarmupCosineAnnealingLR scheduler.
/home/ubuntu/miniconda3/envs/jepa-wms/lib/python3.10/site-packages/lightning/pytorch/utilities/model_summary/model_summary.py:242: Precision bf16-mixed is not supported by the model summary.  Estimated model size in MB will not be accurate. Using 32 bits instead.
04:51:43.564 | WARNING (310020, stable_pretraining.module) | You are calling self.parameters which also gives callbacks parameters, to remove then, pass `with_callbacks=False`
04:51:43.566 | WARNING (310020, stable_pretraining.module) | You are calling self.parameters which also gives callbacks parameters, to remove then, pass `with_callbacks=False`
04:51:43.567 | WARNING (310020, stable_pretraining.module) | You are calling self.parameters which also gives callbacks parameters, to remove then, pass `with_callbacks=False`
04:51:43.568 | WARNING (310020, stable_pretraining.module) | You are calling self.parameters which also gives callbacks parameters, to remove then, pass `with_callbacks=False`
┏━━━┳━━━━━━━━━━━━━━━━━━━┳━━━━━━━━━━━━━━━━━┳━━━━━━━━┳━━━━━━━┳━━━━━━━┓
┃   ┃ Name              ┃ Type            ┃ Params ┃ Mode  ┃ FLOPs ┃
┡━━━╇━━━━━━━━━━━━━━━━━━━╇━━━━━━━━━━━━━━━━━╇━━━━━━━━╇━━━━━━━╇━━━━━━━┩
│ 0 │ callbacks_modules │ ModuleDict      │      0 │ train │     0 │
│ 1 │ callbacks_metrics │ ModuleDict      │      0 │ train │     0 │
│ 2 │ model             │ OptimizedModule │ 18.6 M │ train │     0 │
│ 3 │ rdmreg            │ RDMReg          │      0 │ train │     0 │
└───┴───────────────────┴─────────────────┴────────┴───────┴───────┘
Trainable params: 18.6 M                                                        
Non-trainable params: 0                                                         
Total params: 18.6 M                                                            
Total estimated model params size (MB): 74                                      
Modules in train mode: 371                                                      
Modules in eval mode: 0                                                         
Total FLOPs: 0                                                                  
04:51:43.591 | WARNING (310020, stable_pretraining.module) | You are calling self.parameters which also gives callbacks parameters, to remove then, pass `with_callbacks=False`
04:51:44.573 | SUCCESS (310020, stable_pretraining.callbacks.env_info) |   ✓ NVIDIA Driver: 580.126.20
04:51:44.698 | SUCCESS (310020, stable_pretraining.callbacks.env_info) |   ✓ Git: Palash @ 6b33c8d9
04:51:44.699 | INFO    (310020, stable_pretraining.callbacks.env_info) |      Remote: https://github.com/Planning-for-WMs/le-wm.git
04:51:44.699 | WARNING (310020, stable_pretraining.callbacks.env_info) |      ⚠️  Working directory has uncommitted changes!
04:51:44.700 | SUCCESS (310020, stable_pretraining.callbacks.env_info) |   ✓ Environment: 4 relevant variables captured
04:51:44.701 | INFO    (310020, stable_pretraining.callbacks.env_info) | 🔄 Serializing environment data...
04:51:44.703 | INFO    (310020, stable_pretraining.callbacks.env_info) | 📋 File exists, using version 13: environment_v13.json
04:51:44.705 | INFO    (310020, stable_pretraining.callbacks.env_info) | 📋 File exists, using version 13: requirements_frozen_v13.txt
04:51:44.705 | INFO    (310020, stable_pretraining.callbacks.env_info) | 📁 Save directory: /home/ubuntu/le-wm-palash
04:51:44.707 | INFO    (310020, stable_pretraining.callbacks.env_info) | 💾 Writing environment to temp file...
04:51:44.709 | INFO    (310020, stable_pretraining.callbacks.env_info) | 💾 Moving to: environment_v13.json
04:51:44.709 | SUCCESS (310020, stable_pretraining.callbacks.env_info) | ✓ Environment file saved (15.2 KB)
04:51:44.710 | SUCCESS (310020, stable_pretraining.callbacks.env_info) | ✓ Requirements file saved (5.2 KB)
/home/ubuntu/miniconda3/envs/jepa-wms/lib/python3.10/site-packages/lightning/pytorch/utilities/data.py:79: Trying to infer the `batch_size` from an ambiguous collection. The batch size we found is 512. To avoid any miscalculations, use `self.log(..., batch_size=batch_size)`.
04:51:58.077 | INFO    (310020, stable_pretraining.callbacks.trainer_info) | \n+----------------------------+---------------------+
|           Metric           |        Value        |
+----------------------------+---------------------+
|       [0;34;40mvalidate/loss[0m        | [0;32;40m0.13245096802711487[0m |
|    [0;34;40mvalidate/loss_epoch[0m     | [0;32;40m0.13245096802711487[0m |
|     [0;34;40mvalidate/pred_loss[0m     | [0;32;40m0.06957592070102692[0m |
|  [0;34;40mvalidate/pred_loss_epoch[0m  | [0;32;40m0.06957592070102692[0m |
|    [0;34;40mvalidate/rdmreg_loss[0m    | [0;32;40m0.06287505477666855[0m |
| [0;34;40mvalidate/rdmreg_loss_epoch[0m | [0;32;40m0.06287505477666855[0m |
+----------------------------+---------------------+
04:51:58.228 | INFO    (310020, stable_pretraining.callbacks.cpu_offload) | CPUOffloadCallback: Training started
04:51:58.229 | WARNING (310020, stable_pretraining.module) | You are calling self.parameters which also gives callbacks parameters, to remove then, pass `with_callbacks=False`
04:51:58.230 | WARNING (310020, stable_pretraining.module) | You are calling self.parameters which also gives callbacks parameters, to remove then, pass `with_callbacks=False`
04:51:58.262 | INFO    (310020, stable_pretraining.callbacks.cpu_offload) | Model statistics:
04:51:58.262 | INFO    (310020, stable_pretraining.callbacks.cpu_offload) |   - Total parameters: 18,588,206
04:51:58.262 | INFO    (310020, stable_pretraining.callbacks.cpu_offload) |   - Trainable parameters: 18,588,206
04:51:58.262 | INFO    (310020, stable_pretraining.callbacks.cpu_offload) |   - Model size (bf16): ~0.04 GB
04:51:58.263 | INFO    (310020, stable_pretraining.callbacks.cpu_offload) |   - Estimated checkpoint size (with optimizer): ~0.11 GB
04:51:58.263 | INFO    (310020, stable_pretraining.module) | Double checking optimizers!
04:51:58.263 | INFO    (310020, stable_pretraining.module) | `self.optimizers() gave us 1 optimizers
04:51:58.263 | WARNING (310020, stable_pretraining.module) | No clip val found for optimizer default_0
04:51:58.263 | WARNING (310020, stable_pretraining.module) | -> we will use the Trainer's value of 1.0
04:51:58.263 | WARNING (310020, stable_pretraining.module) | No clip algorithm found for optimizer default_0
04:51:58.263 | WARNING (310020, stable_pretraining.module) | -> we will use the Trainer's value of None
04:51:58.264 | SUCCESS (310020, stable_pretraining.module) | We are done checking your optimizers! Here is the summary:
+------------+-----------+----------------+-----------+-----------+
| Opt. Index | Opt. name |      opt       | clip val. | clip alg. |
+------------+-----------+----------------+-----------+-----------+
|     0      | default_0 | LightningAdamW |    1.0    |    None   |
+------------+-----------+----------------+-----------+-----------+
04:51:58.964 | WARNING (310020, stable_pretraining.module) | You are calling self.parameters which also gives callbacks parameters, to remove then, pass `with_callbacks=False`
04:51:58.968 | INFO    (310020, stable_pretraining.callbacks.unused_parameters) | [LogUnusedParametersOnce] Registered hooks on 299 leaf parameters.
04:51:59.929 | WARNING (310020, stable_pretraining.module) | You are calling self.parameters which also gives callbacks parameters, to remove then, pass `with_callbacks=False`
04:51:59.932 | INFO    (310020, stable_pretraining.callbacks.unused_parameters) | [LogUnusedParametersOnce] All tracked parameters received gradients on the first backward pass.
04:51:59.932 | INFO    (310020, stable_pretraining.callbacks.unused_parameters) | [LogUnusedParametersOnce] Hooks removed, callback disabled.
05:19:36.886 | WARNING (310020, stable_pretraining.module) | You are calling self.parameters which also gives callbacks parameters, to remove then, pass `with_callbacks=False`
/home/ubuntu/miniconda3/envs/jepa-wms/lib/python3.10/site-packages/lightning/pytorch/utilities/data.py:79: Trying to infer the `batch_size` from an ambiguous collection. The batch size we found is 28. To avoid any miscalculations, use `self.log(..., batch_size=batch_size)`.
05:23:04.997 | INFO    (310020, stable_pretraining.callbacks.trainer_info) | \n+----------------------------+-----------------------+
|           Metric           |         Value         |
+----------------------------+-----------------------+
|          [0;34;40mfit/loss[0m          |  [0;32;40m0.002640671329572797[0m |
|       [0;34;40mfit/pred_loss[0m        | [0;32;40m0.0006091355462558568[0m |
|      [0;34;40mfit/rdmreg_loss[0m       |  [0;32;40m0.002031535841524601[0m |
|       [0;34;40mvalidate/loss[0m        | [0;32;40m0.0038320485036820173[0m |
|    [0;34;40mvalidate/loss_epoch[0m     | [0;32;40m0.0038320485036820173[0m |
|     [0;34;40mvalidate/pred_loss[0m     | [0;32;40m0.0011194683611392975[0m |
|  [0;34;40mvalidate/pred_loss_epoch[0m  | [0;32;40m0.0011194683611392975[0m |
|    [0;34;40mvalidate/rdmreg_loss[0m    | [0;32;40m0.0027125810738652945[0m |
| [0;34;40mvalidate/rdmreg_loss_epoch[0m | [0;32;40m0.0027125810738652945[0m |
+----------------------------+-----------------------+
05:23:05.276 | INFO    (310020, stable_pretraining.callbacks.checkpoint_sklearn) | Checking for non PyTorch modules to save... 🔧
05:23:05.277 | INFO    (310020, stable_pretraining.callbacks.checkpoint_sklearn) | Checking for Wandb params to save... 🔧
05:23:05.277 | INFO    (310020, stable_pretraining.callbacks.checkpoint_sklearn) | Saving Wandb params {'id': 'lewm_lp_pusht_expert_mu-2'}
05:23:05.277 | INFO    (310020, stable_pretraining.callbacks.checkpoint_sklearn) | Checking for Wandb params to save... Done!
05:23:05.277 | INFO    (310020, stable_pretraining.callbacks.cpu_offload) | ============================================================
05:23:05.277 | INFO    (310020, stable_pretraining.callbacks.cpu_offload) | CPUOffloadCallback: Starting checkpoint CPU offload (#1)
05:23:05.278 | INFO    (310020, stable_pretraining.callbacks.cpu_offload) |   - Global step: 3483
05:23:05.278 | INFO    (310020, stable_pretraining.callbacks.cpu_offload) |   - Epoch: 0
05:23:05.278 | INFO    (310020, stable_pretraining.callbacks.cpu_offload) | Checkpoint contains 11 keys: ['callbacks', 'epoch', 'global_step', 'hparams_name', 'hyper_parameters', 'loops', 'lr_schedulers', 'optimizer_states', 'pytorch-lightning_version', 'state_dict', 'wandb']
05:23:05.278 | INFO    (310020, stable_pretraining.callbacks.cpu_offload) | GPU memory before offload:
05:23:05.279 | INFO    (310020, stable_pretraining.callbacks.cpu_offload) |   - Allocated: 0.24 GB
05:23:05.279 | INFO    (310020, stable_pretraining.callbacks.cpu_offload) |   - Reserved: 16.63 GB
05:23:05.279 | INFO    (310020, stable_pretraining.callbacks.cpu_offload) | Processing checkpoint key: 'state_dict'
05:23:05.496 | SUCCESS (310020, stable_pretraining.callbacks.cpu_offload) | ✓ Completed 'state_dict' in 0.22s
05:23:05.497 | INFO    (310020, stable_pretraining.callbacks.cpu_offload) | Processing checkpoint key: 'optimizer_states'
05:23:06.044 | SUCCESS (310020, stable_pretraining.callbacks.cpu_offload) | ✓ Completed 'optimizer_states' in 0.55s
05:23:06.045 | INFO    (310020, stable_pretraining.callbacks.cpu_offload) | Processing checkpoint key: 'lr_schedulers'
05:23:06.045 | SUCCESS (310020, stable_pretraining.callbacks.cpu_offload) | ✓ Completed 'lr_schedulers' in 0.00s
05:23:06.045 | WARNING (310020, stable_pretraining.callbacks.cpu_offload) | Skipped 321 custom object(s)
05:23:06.046 | WARNING (310020, stable_pretraining.callbacks.cpu_offload) | First 10 skipped objects:
05:23:06.046 | WARNING (310020, stable_pretraining.callbacks.cpu_offload) |   - float at 'optimizer_states[0].param_groups[0].lr'
05:23:06.046 | WARNING (310020, stable_pretraining.callbacks.cpu_offload) |   - float at 'optimizer_states[0].param_groups[0].betas[0]'
05:23:06.046 | WARNING (310020, stable_pretraining.callbacks.cpu_offload) |   - float at 'optimizer_states[0].param_groups[0].betas[1]'
05:23:06.046 | WARNING (310020, stable_pretraining.callbacks.cpu_offload) |   - float at 'optimizer_states[0].param_groups[0].eps'
05:23:06.047 | WARNING (310020, stable_pretraining.callbacks.cpu_offload) |   - float at 'optimizer_states[0].param_groups[0].weight_decay'
05:23:06.047 | WARNING (310020, stable_pretraining.callbacks.cpu_offload) |   - bool at 'optimizer_states[0].param_groups[0].amsgrad'
05:23:06.047 | WARNING (310020, stable_pretraining.callbacks.cpu_offload) |   - bool at 'optimizer_states[0].param_groups[0].maximize'
05:23:06.047 | WARNING (310020, stable_pretraining.callbacks.cpu_offload) |   - NoneType at 'optimizer_states[0].param_groups[0].foreach'
05:23:06.047 | WARNING (310020, stable_pretraining.callbacks.cpu_offload) |   - bool at 'optimizer_states[0].param_groups[0].capturable'
05:23:06.047 | WARNING (310020, stable_pretraining.callbacks.cpu_offload) |   - bool at 'optimizer_states[0].param_groups[0].differentiable'
05:23:06.048 | WARNING (310020, stable_pretraining.callbacks.cpu_offload) | ... (301 more skipped) ...
05:23:06.048 | WARNING (310020, stable_pretraining.callbacks.cpu_offload) | Last 10 skipped objects:
05:23:06.048 | WARNING (310020, stable_pretraining.callbacks.cpu_offload) |   - int at 'optimizer_states[0].param_groups[0].params[298]'
05:23:06.048 | WARNING (310020, stable_pretraining.callbacks.cpu_offload) |   - int at 'lr_schedulers[0].warmup_steps'
05:23:06.048 | WARNING (310020, stable_pretraining.callbacks.cpu_offload) |   - int at 'lr_schedulers[0].max_steps'
05:23:06.048 | WARNING (310020, stable_pretraining.callbacks.cpu_offload) |   - float at 'lr_schedulers[0].warmup_start_lr'
05:23:06.049 | WARNING (310020, stable_pretraining.callbacks.cpu_offload) |   - float at 'lr_schedulers[0].eta_min'
05:23:06.049 | WARNING (310020, stable_pretraining.callbacks.cpu_offload) |   - float at 'lr_schedulers[0].base_lrs[0]'
05:23:06.049 | WARNING (310020, stable_pretraining.callbacks.cpu_offload) |   - int at 'lr_schedulers[0].last_epoch'
05:23:06.049 | WARNING (310020, stable_pretraining.callbacks.cpu_offload) |   - int at 'lr_schedulers[0]._step_count'
05:23:06.049 | WARNING (310020, stable_pretraining.callbacks.cpu_offload) |   - bool at 'lr_schedulers[0]._get_lr_called_within_step'
05:23:06.049 | WARNING (310020, stable_pretraining.callbacks.cpu_offload) |   - float at 'lr_schedulers[0]._last_lr[0]'
05:23:06.050 | INFO    (310020, stable_pretraining.callbacks.cpu_offload) | To see all 321 skipped objects, set log_skipped=True
05:23:06.050 | INFO    (310020, stable_pretraining.callbacks.cpu_offload) | GPU memory after offload:
05:23:06.050 | INFO    (310020, stable_pretraining.callbacks.cpu_offload) |   - Allocated: 0.24 GB
05:23:06.050 | INFO    (310020, stable_pretraining.callbacks.cpu_offload) |   - Reserved: 16.63 GB
05:23:06.051 | INFO    (310020, stable_pretraining.callbacks.cpu_offload) | GPU memory freed: 0.00 GB
05:23:06.051 | SUCCESS (310020, stable_pretraining.callbacks.cpu_offload) | CPUOffloadCallback: Checkpoint #1 completed in 0.77s
05:23:06.051 | INFO    (310020, stable_pretraining.callbacks.cpu_offload) | Successfully processed keys: ['state_dict', 'optimizer_states', 'lr_schedulers']
05:23:06.051 | INFO    (310020, stable_pretraining.callbacks.cpu_offload) | Cumulative stats:
05:23:06.051 | INFO    (310020, stable_pretraining.callbacks.cpu_offload) |   - Total checkpoints saved: 1
05:23:06.051 | INFO    (310020, stable_pretraining.callbacks.cpu_offload) |   - Total time in offload: 0.77s
05:23:06.051 | INFO    (310020, stable_pretraining.callbacks.cpu_offload) |   - Total memory freed: 0.00 GB
05:23:06.052 | INFO    (310020, stable_pretraining.callbacks.cpu_offload) |   - Average time per checkpoint: 0.77s
05:23:06.052 | INFO    (310020, stable_pretraining.callbacks.cpu_offload) | ============================================================
05:23:07.277 | INFO    (310020, stable_pretraining.callbacks.checkpoint_sklearn) | Checking for non PyTorch modules to save... 🔧
05:23:07.277 | INFO    (310020, stable_pretraining.callbacks.checkpoint_sklearn) | Checking for Wandb params to save... 🔧
05:23:07.278 | INFO    (310020, stable_pretraining.callbacks.checkpoint_sklearn) | Saving Wandb params {'id': 'lewm_lp_pusht_expert_mu-2'}
05:23:07.278 | INFO    (310020, stable_pretraining.callbacks.checkpoint_sklearn) | Checking for Wandb params to save... Done!
05:23:07.278 | INFO    (310020, stable_pretraining.callbacks.cpu_offload) | ============================================================
05:23:07.279 | INFO    (310020, stable_pretraining.callbacks.cpu_offload) | CPUOffloadCallback: Starting checkpoint CPU offload (#2)
05:23:07.279 | INFO    (310020, stable_pretraining.callbacks.cpu_offload) |   - Global step: 3483
05:23:07.279 | INFO    (310020, stable_pretraining.callbacks.cpu_offload) |   - Epoch: 0
05:23:07.279 | INFO    (310020, stable_pretraining.callbacks.cpu_offload) | Checkpoint contains 11 keys: ['callbacks', 'epoch', 'global_step', 'hparams_name', 'hyper_parameters', 'loops', 'lr_schedulers', 'optimizer_states', 'pytorch-lightning_version', 'state_dict', 'wandb']
05:23:07.280 | INFO    (310020, stable_pretraining.callbacks.cpu_offload) | GPU memory before offload:
05:23:07.280 | INFO    (310020, stable_pretraining.callbacks.cpu_offload) |   - Allocated: 0.24 GB
05:23:07.280 | INFO    (310020, stable_pretraining.callbacks.cpu_offload) |   - Reserved: 16.63 GB
05:23:07.280 | INFO    (310020, stable_pretraining.callbacks.cpu_offload) | Processing checkpoint key: 'state_dict'
05:23:07.533 | SUCCESS (310020, stable_pretraining.callbacks.cpu_offload) | ✓ Completed 'state_dict' in 0.25s
05:23:07.533 | INFO    (310020, stable_pretraining.callbacks.cpu_offload) | Processing checkpoint key: 'optimizer_states'
05:23:08.076 | SUCCESS (310020, stable_pretraining.callbacks.cpu_offload) | ✓ Completed 'optimizer_states' in 0.54s
05:23:08.076 | INFO    (310020, stable_pretraining.callbacks.cpu_offload) | Processing checkpoint key: 'lr_schedulers'
05:23:08.076 | SUCCESS (310020, stable_pretraining.callbacks.cpu_offload) | ✓ Completed 'lr_schedulers' in 0.00s
05:23:08.077 | WARNING (310020, stable_pretraining.callbacks.cpu_offload) | Skipped 321 custom object(s)
05:23:08.077 | WARNING (310020, stable_pretraining.callbacks.cpu_offload) | First 10 skipped objects:
05:23:08.077 | WARNING (310020, stable_pretraining.callbacks.cpu_offload) |   - float at 'optimizer_states[0].param_groups[0].lr'
05:23:08.077 | WARNING (310020, stable_pretraining.callbacks.cpu_offload) |   - float at 'optimizer_states[0].param_groups[0].betas[0]'
05:23:08.077 | WARNING (310020, stable_pretraining.callbacks.cpu_offload) |   - float at 'optimizer_states[0].param_groups[0].betas[1]'
05:23:08.078 | WARNING (310020, stable_pretraining.callbacks.cpu_offload) |   - float at 'optimizer_states[0].param_groups[0].eps'
05:23:08.078 | WARNING (310020, stable_pretraining.callbacks.cpu_offload) |   - float at 'optimizer_states[0].param_groups[0].weight_decay'
05:23:08.078 | WARNING (310020, stable_pretraining.callbacks.cpu_offload) |   - bool at 'optimizer_states[0].param_groups[0].amsgrad'
05:23:08.078 | WARNING (310020, stable_pretraining.callbacks.cpu_offload) |   - bool at 'optimizer_states[0].param_groups[0].maximize'
05:23:08.078 | WARNING (310020, stable_pretraining.callbacks.cpu_offload) |   - NoneType at 'optimizer_states[0].param_groups[0].foreach'
05:23:08.078 | WARNING (310020, stable_pretraining.callbacks.cpu_offload) |   - bool at 'optimizer_states[0].param_groups[0].capturable'
05:23:08.078 | WARNING (310020, stable_pretraining.callbacks.cpu_offload) |   - bool at 'optimizer_states[0].param_groups[0].differentiable'
05:23:08.079 | WARNING (310020, stable_pretraining.callbacks.cpu_offload) | ... (301 more skipped) ...
05:23:08.079 | WARNING (310020, stable_pretraining.callbacks.cpu_offload) | Last 10 skipped objects:
05:23:08.079 | WARNING (310020, stable_pretraining.callbacks.cpu_offload) |   - int at 'optimizer_states[0].param_groups[0].params[298]'
05:23:08.079 | WARNING (310020, stable_pretraining.callbacks.cpu_offload) |   - int at 'lr_schedulers[0].warmup_steps'
05:23:08.079 | WARNING (310020, stable_pretraining.callbacks.cpu_offload) |   - int at 'lr_schedulers[0].max_steps'
05:23:08.079 | WARNING (310020, stable_pretraining.callbacks.cpu_offload) |   - float at 'lr_schedulers[0].warmup_start_lr'
05:23:08.079 | WARNING (310020, stable_pretraining.callbacks.cpu_offload) |   - float at 'lr_schedulers[0].eta_min'
05:23:08.080 | WARNING (310020, stable_pretraining.callbacks.cpu_offload) |   - float at 'lr_schedulers[0].base_lrs[0]'
05:23:08.080 | WARNING (310020, stable_pretraining.callbacks.cpu_offload) |   - int at 'lr_schedulers[0].last_epoch'
05:23:08.080 | WARNING (310020, stable_pretraining.callbacks.cpu_offload) |   - int at 'lr_schedulers[0]._step_count'
05:23:08.080 | WARNING (310020, stable_pretraining.callbacks.cpu_offload) |   - bool at 'lr_schedulers[0]._get_lr_called_within_step'
05:23:08.080 | WARNING (310020, stable_pretraining.callbacks.cpu_offload) |   - float at 'lr_schedulers[0]._last_lr[0]'
05:23:08.080 | INFO    (310020, stable_pretraining.callbacks.cpu_offload) | To see all 321 skipped objects, set log_skipped=True
05:23:08.081 | INFO    (310020, stable_pretraining.callbacks.cpu_offload) | GPU memory after offload:
05:23:08.081 | INFO    (310020, stable_pretraining.callbacks.cpu_offload) |   - Allocated: 0.24 GB
05:23:08.081 | INFO    (310020, stable_pretraining.callbacks.cpu_offload) |   - Reserved: 16.63 GB
05:23:08.081 | INFO    (310020, stable_pretraining.callbacks.cpu_offload) | GPU memory freed: 0.00 GB
05:23:08.081 | SUCCESS (310020, stable_pretraining.callbacks.cpu_offload) | CPUOffloadCallback: Checkpoint #2 completed in 0.80s
05:23:08.081 | INFO    (310020, stable_pretraining.callbacks.cpu_offload) | Successfully processed keys: ['state_dict', 'optimizer_states', 'lr_schedulers']
05:23:08.081 | INFO    (310020, stable_pretraining.callbacks.cpu_offload) | Cumulative stats:
05:23:08.082 | INFO    (310020, stable_pretraining.callbacks.cpu_offload) |   - Total checkpoints saved: 2
05:23:08.082 | INFO    (310020, stable_pretraining.callbacks.cpu_offload) |   - Total time in offload: 1.58s
05:23:08.082 | INFO    (310020, stable_pretraining.callbacks.cpu_offload) |   - Total memory freed: 0.00 GB
05:23:08.082 | INFO    (310020, stable_pretraining.callbacks.cpu_offload) |   - Average time per checkpoint: 0.79s
05:23:08.082 | INFO    (310020, stable_pretraining.callbacks.cpu_offload) | ============================================================
05:50:40.797 | WARNING (310020, stable_pretraining.module) | You are calling self.parameters which also gives callbacks parameters, to remove then, pass `with_callbacks=False`
05:54:26.587 | INFO    (310020, stable_pretraining.callbacks.trainer_info) | \n+----------------------------+-----------------------+
|           Metric           |         Value         |
+----------------------------+-----------------------+
|          [0;34;40mfit/loss[0m          |  [0;32;40m0.001935727777890861[0m |
|       [0;34;40mfit/pred_loss[0m        | [0;32;40m0.0003568163374438882[0m |
|      [0;34;40mfit/rdmreg_loss[0m       | [0;32;40m0.0015789114404469728[0m |
|       [0;34;40mvalidate/loss[0m        |  [0;32;40m0.003299998352304101[0m |
|    [0;34;40mvalidate/loss_epoch[0m     |  [0;32;40m0.003299998352304101[0m |
|     [0;34;40mvalidate/pred_loss[0m     | [0;32;40m0.0006950537208467722[0m |
|  [0;34;40mvalidate/pred_loss_epoch[0m  | [0;32;40m0.0006950537208467722[0m |
|    [0;34;40mvalidate/rdmreg_loss[0m    | [0;32;40m0.0026049423031508923[0m |
| [0;34;40mvalidate/rdmreg_loss_epoch[0m | [0;32;40m0.0026049423031508923[0m |
+----------------------------+-----------------------+
05:54:26.861 | INFO    (310020, stable_pretraining.callbacks.checkpoint_sklearn) | Checking for non PyTorch modules to save... 🔧
05:54:26.861 | INFO    (310020, stable_pretraining.callbacks.checkpoint_sklearn) | Checking for Wandb params to save... 🔧
05:54:26.861 | INFO    (310020, stable_pretraining.callbacks.checkpoint_sklearn) | Saving Wandb params {'id': 'lewm_lp_pusht_expert_mu-2'}
05:54:26.862 | INFO    (310020, stable_pretraining.callbacks.checkpoint_sklearn) | Checking for Wandb params to save... Done!
05:54:26.862 | INFO    (310020, stable_pretraining.callbacks.cpu_offload) | ============================================================
05:54:26.862 | INFO    (310020, stable_pretraining.callbacks.cpu_offload) | CPUOffloadCallback: Starting checkpoint CPU offload (#3)
05:54:26.862 | INFO    (310020, stable_pretraining.callbacks.cpu_offload) |   - Global step: 6966
05:54:26.862 | INFO    (310020, stable_pretraining.callbacks.cpu_offload) |   - Epoch: 1
05:54:26.863 | INFO    (310020, stable_pretraining.callbacks.cpu_offload) | Checkpoint contains 11 keys: ['callbacks', 'epoch', 'global_step', 'hparams_name', 'hyper_parameters', 'loops', 'lr_schedulers', 'optimizer_states', 'pytorch-lightning_version', 'state_dict', 'wandb']
05:54:26.863 | INFO    (310020, stable_pretraining.callbacks.cpu_offload) | GPU memory before offload:
05:54:26.863 | INFO    (310020, stable_pretraining.callbacks.cpu_offload) |   - Allocated: 0.24 GB
05:54:26.864 | INFO    (310020, stable_pretraining.callbacks.cpu_offload) |   - Reserved: 16.63 GB
05:54:26.864 | INFO    (310020, stable_pretraining.callbacks.cpu_offload) | Processing checkpoint key: 'state_dict'
05:54:27.187 | SUCCESS (310020, stable_pretraining.callbacks.cpu_offload) | ✓ Completed 'state_dict' in 0.32s
05:54:27.188 | INFO    (310020, stable_pretraining.callbacks.cpu_offload) | Processing checkpoint key: 'optimizer_states'
05:54:27.809 | SUCCESS (310020, stable_pretraining.callbacks.cpu_offload) | ✓ Completed 'optimizer_states' in 0.62s
05:54:27.810 | INFO    (310020, stable_pretraining.callbacks.cpu_offload) | Processing checkpoint key: 'lr_schedulers'
05:54:27.810 | SUCCESS (310020, stable_pretraining.callbacks.cpu_offload) | ✓ Completed 'lr_schedulers' in 0.00s
05:54:27.810 | WARNING (310020, stable_pretraining.callbacks.cpu_offload) | Skipped 321 custom object(s)
05:54:27.811 | WARNING (310020, stable_pretraining.callbacks.cpu_offload) | First 10 skipped objects:
05:54:27.811 | WARNING (310020, stable_pretraining.callbacks.cpu_offload) |   - float at 'optimizer_states[0].param_groups[0].lr'
05:54:27.811 | WARNING (310020, stable_pretraining.callbacks.cpu_offload) |   - float at 'optimizer_states[0].param_groups[0].betas[0]'
05:54:27.811 | WARNING (310020, stable_pretraining.callbacks.cpu_offload) |   - float at 'optimizer_states[0].param_groups[0].betas[1]'
05:54:27.811 | WARNING (310020, stable_pretraining.callbacks.cpu_offload) |   - float at 'optimizer_states[0].param_groups[0].eps'
05:54:27.812 | WARNING (310020, stable_pretraining.callbacks.cpu_offload) |   - float at 'optimizer_states[0].param_groups[0].weight_decay'
05:54:27.812 | WARNING (310020, stable_pretraining.callbacks.cpu_offload) |   - bool at 'optimizer_states[0].param_groups[0].amsgrad'
05:54:27.812 | WARNING (310020, stable_pretraining.callbacks.cpu_offload) |   - bool at 'optimizer_states[0].param_groups[0].maximize'
05:54:27.812 | WARNING (310020, stable_pretraining.callbacks.cpu_offload) |   - NoneType at 'optimizer_states[0].param_groups[0].foreach'
05:54:27.812 | WARNING (310020, stable_pretraining.callbacks.cpu_offload) |   - bool at 'optimizer_states[0].param_groups[0].capturable'
05:54:27.812 | WARNING (310020, stable_pretraining.callbacks.cpu_offload) |   - bool at 'optimizer_states[0].param_groups[0].differentiable'
05:54:27.813 | WARNING (310020, stable_pretraining.callbacks.cpu_offload) | ... (301 more skipped) ...
05:54:27.813 | WARNING (310020, stable_pretraining.callbacks.cpu_offload) | Last 10 skipped objects:
05:54:27.813 | WARNING (310020, stable_pretraining.callbacks.cpu_offload) |   - int at 'optimizer_states[0].param_groups[0].params[298]'
05:54:27.813 | WARNING (310020, stable_pretraining.callbacks.cpu_offload) |   - int at 'lr_schedulers[0].warmup_steps'
05:54:27.813 | WARNING (310020, stable_pretraining.callbacks.cpu_offload) |   - int at 'lr_schedulers[0].max_steps'
05:54:27.814 | WARNING (310020, stable_pretraining.callbacks.cpu_offload) |   - float at 'lr_schedulers[0].warmup_start_lr'
05:54:27.814 | WARNING (310020, stable_pretraining.callbacks.cpu_offload) |   - float at 'lr_schedulers[0].eta_min'
05:54:27.814 | WARNING (310020, stable_pretraining.callbacks.cpu_offload) |   - float at 'lr_schedulers[0].base_lrs[0]'
05:54:27.814 | WARNING (310020, stable_pretraining.callbacks.cpu_offload) |   - int at 'lr_schedulers[0].last_epoch'
05:54:27.814 | WARNING (310020, stable_pretraining.callbacks.cpu_offload) |   - int at 'lr_schedulers[0]._step_count'
05:54:27.814 | WARNING (310020, stable_pretraining.callbacks.cpu_offload) |   - bool at 'lr_schedulers[0]._get_lr_called_within_step'
05:54:27.815 | WARNING (310020, stable_pretraining.callbacks.cpu_offload) |   - float at 'lr_schedulers[0]._last_lr[0]'
05:54:27.815 | INFO    (310020, stable_pretraining.callbacks.cpu_offload) | To see all 321 skipped objects, set log_skipped=True
05:54:27.815 | INFO    (310020, stable_pretraining.callbacks.cpu_offload) | GPU memory after offload:
05:54:27.816 | INFO    (310020, stable_pretraining.callbacks.cpu_offload) |   - Allocated: 0.24 GB
05:54:27.816 | INFO    (310020, stable_pretraining.callbacks.cpu_offload) |   - Reserved: 16.63 GB
05:54:27.816 | INFO    (310020, stable_pretraining.callbacks.cpu_offload) | GPU memory freed: 0.00 GB
05:54:27.816 | SUCCESS (310020, stable_pretraining.callbacks.cpu_offload) | CPUOffloadCallback: Checkpoint #3 completed in 0.95s
05:54:27.816 | INFO    (310020, stable_pretraining.callbacks.cpu_offload) | Successfully processed keys: ['state_dict', 'optimizer_states', 'lr_schedulers']
05:54:27.817 | INFO    (310020, stable_pretraining.callbacks.cpu_offload) | Cumulative stats:
05:54:27.817 | INFO    (310020, stable_pretraining.callbacks.cpu_offload) |   - Total checkpoints saved: 3
05:54:27.817 | INFO    (310020, stable_pretraining.callbacks.cpu_offload) |   - Total time in offload: 2.53s
05:54:27.817 | INFO    (310020, stable_pretraining.callbacks.cpu_offload) |   - Total memory freed: 0.00 GB
05:54:27.817 | INFO    (310020, stable_pretraining.callbacks.cpu_offload) |   - Average time per checkpoint: 0.84s
05:54:27.817 | INFO    (310020, stable_pretraining.callbacks.cpu_offload) | ============================================================
05:54:29.168 | INFO    (310020, stable_pretraining.callbacks.checkpoint_sklearn) | Checking for non PyTorch modules to save... 🔧
05:54:29.169 | INFO    (310020, stable_pretraining.callbacks.checkpoint_sklearn) | Checking for Wandb params to save... 🔧
05:54:29.169 | INFO    (310020, stable_pretraining.callbacks.checkpoint_sklearn) | Saving Wandb params {'id': 'lewm_lp_pusht_expert_mu-2'}
05:54:29.169 | INFO    (310020, stable_pretraining.callbacks.checkpoint_sklearn) | Checking for Wandb params to save... Done!
05:54:29.169 | INFO    (310020, stable_pretraining.callbacks.cpu_offload) | ============================================================
05:54:29.169 | INFO    (310020, stable_pretraining.callbacks.cpu_offload) | CPUOffloadCallback: Starting checkpoint CPU offload (#4)
05:54:29.169 | INFO    (310020, stable_pretraining.callbacks.cpu_offload) |   - Global step: 6966
05:54:29.170 | INFO    (310020, stable_pretraining.callbacks.cpu_offload) |   - Epoch: 1
05:54:29.170 | INFO    (310020, stable_pretraining.callbacks.cpu_offload) | Checkpoint contains 11 keys: ['callbacks', 'epoch', 'global_step', 'hparams_name', 'hyper_parameters', 'loops', 'lr_schedulers', 'optimizer_states', 'pytorch-lightning_version', 'state_dict', 'wandb']
05:54:29.170 | INFO    (310020, stable_pretraining.callbacks.cpu_offload) | GPU memory before offload:
05:54:29.170 | INFO    (310020, stable_pretraining.callbacks.cpu_offload) |   - Allocated: 0.24 GB
05:54:29.170 | INFO    (310020, stable_pretraining.callbacks.cpu_offload) |   - Reserved: 16.63 GB
05:54:29.171 | INFO    (310020, stable_pretraining.callbacks.cpu_offload) | Processing checkpoint key: 'state_dict'
05:54:29.423 | SUCCESS (310020, stable_pretraining.callbacks.cpu_offload) | ✓ Completed 'state_dict' in 0.25s
05:54:29.424 | INFO    (310020, stable_pretraining.callbacks.cpu_offload) | Processing checkpoint key: 'optimizer_states'
05:54:29.969 | SUCCESS (310020, stable_pretraining.callbacks.cpu_offload) | ✓ Completed 'optimizer_states' in 0.55s
05:54:29.969 | INFO    (310020, stable_pretraining.callbacks.cpu_offload) | Processing checkpoint key: 'lr_schedulers'
05:54:29.969 | SUCCESS (310020, stable_pretraining.callbacks.cpu_offload) | ✓ Completed 'lr_schedulers' in 0.00s
05:54:29.970 | WARNING (310020, stable_pretraining.callbacks.cpu_offload) | Skipped 321 custom object(s)
05:54:29.970 | WARNING (310020, stable_pretraining.callbacks.cpu_offload) | First 10 skipped objects:
05:54:29.970 | WARNING (310020, stable_pretraining.callbacks.cpu_offload) |   - float at 'optimizer_states[0].param_groups[0].lr'
05:54:29.970 | WARNING (310020, stable_pretraining.callbacks.cpu_offload) |   - float at 'optimizer_states[0].param_groups[0].betas[0]'
05:54:29.970 | WARNING (310020, stable_pretraining.callbacks.cpu_offload) |   - float at 'optimizer_states[0].param_groups[0].betas[1]'
05:54:29.970 | WARNING (310020, stable_pretraining.callbacks.cpu_offload) |   - float at 'optimizer_states[0].param_groups[0].eps'
05:54:29.970 | WARNING (310020, stable_pretraining.callbacks.cpu_offload) |   - float at 'optimizer_states[0].param_groups[0].weight_decay'
05:54:29.971 | WARNING (310020, stable_pretraining.callbacks.cpu_offload) |   - bool at 'optimizer_states[0].param_groups[0].amsgrad'
05:54:29.971 | WARNING (310020, stable_pretraining.callbacks.cpu_offload) |   - bool at 'optimizer_states[0].param_groups[0].maximize'
05:54:29.971 | WARNING (310020, stable_pretraining.callbacks.cpu_offload) |   - NoneType at 'optimizer_states[0].param_groups[0].foreach'
05:54:29.971 | WARNING (310020, stable_pretraining.callbacks.cpu_offload) |   - bool at 'optimizer_states[0].param_groups[0].capturable'
05:54:29.971 | WARNING (310020, stable_pretraining.callbacks.cpu_offload) |   - bool at 'optimizer_states[0].param_groups[0].differentiable'
05:54:29.971 | WARNING (310020, stable_pretraining.callbacks.cpu_offload) | ... (301 more skipped) ...
05:54:29.971 | WARNING (310020, stable_pretraining.callbacks.cpu_offload) | Last 10 skipped objects:
05:54:29.971 | WARNING (310020, stable_pretraining.callbacks.cpu_offload) |   - int at 'optimizer_states[0].param_groups[0].params[298]'
05:54:29.971 | WARNING (310020, stable_pretraining.callbacks.cpu_offload) |   - int at 'lr_schedulers[0].warmup_steps'
05:54:29.972 | WARNING (310020, stable_pretraining.callbacks.cpu_offload) |   - int at 'lr_schedulers[0].max_steps'
05:54:29.972 | WARNING (310020, stable_pretraining.callbacks.cpu_offload) |   - float at 'lr_schedulers[0].warmup_start_lr'
05:54:29.972 | WARNING (310020, stable_pretraining.callbacks.cpu_offload) |   - float at 'lr_schedulers[0].eta_min'
05:54:29.972 | WARNING (310020, stable_pretraining.callbacks.cpu_offload) |   - float at 'lr_schedulers[0].base_lrs[0]'
05:54:29.972 | WARNING (310020, stable_pretraining.callbacks.cpu_offload) |   - int at 'lr_schedulers[0].last_epoch'
05:54:29.972 | WARNING (310020, stable_pretraining.callbacks.cpu_offload) |   - int at 'lr_schedulers[0]._step_count'
05:54:29.972 | WARNING (310020, stable_pretraining.callbacks.cpu_offload) |   - bool at 'lr_schedulers[0]._get_lr_called_within_step'
05:54:29.973 | WARNING (310020, stable_pretraining.callbacks.cpu_offload) |   - float at 'lr_schedulers[0]._last_lr[0]'
05:54:29.973 | INFO    (310020, stable_pretraining.callbacks.cpu_offload) | To see all 321 skipped objects, set log_skipped=True
05:54:29.973 | INFO    (310020, stable_pretraining.callbacks.cpu_offload) | GPU memory after offload:
05:54:29.973 | INFO    (310020, stable_pretraining.callbacks.cpu_offload) |   - Allocated: 0.24 GB
05:54:29.973 | INFO    (310020, stable_pretraining.callbacks.cpu_offload) |   - Reserved: 16.63 GB
05:54:29.973 | INFO    (310020, stable_pretraining.callbacks.cpu_offload) | GPU memory freed: 0.00 GB
05:54:29.974 | SUCCESS (310020, stable_pretraining.callbacks.cpu_offload) | CPUOffloadCallback: Checkpoint #4 completed in 0.80s
05:54:29.974 | INFO    (310020, stable_pretraining.callbacks.cpu_offload) | Successfully processed keys: ['state_dict', 'optimizer_states', 'lr_schedulers']
05:54:29.974 | INFO    (310020, stable_pretraining.callbacks.cpu_offload) | Cumulative stats:
05:54:29.974 | INFO    (310020, stable_pretraining.callbacks.cpu_offload) |   - Total checkpoints saved: 4
05:54:29.974 | INFO    (310020, stable_pretraining.callbacks.cpu_offload) |   - Total time in offload: 3.34s
05:54:29.975 | INFO    (310020, stable_pretraining.callbacks.cpu_offload) |   - Total memory freed: 0.00 GB
05:54:29.975 | INFO    (310020, stable_pretraining.callbacks.cpu_offload) |   - Average time per checkpoint: 0.83s
05:54:29.975 | INFO    (310020, stable_pretraining.callbacks.cpu_offload) | ============================================================
06:25:10.418 | WARNING (310020, stable_pretraining.module) | You are calling self.parameters which also gives callbacks parameters, to remove then, pass `with_callbacks=False`
06:28:46.868 | INFO    (310020, stable_pretraining.callbacks.trainer_info) | \n+----------------------------+-----------------------+
|           Metric           |         Value         |
+----------------------------+-----------------------+
|          [0;34;40mfit/loss[0m          | [0;32;40m0.0016087957192212343[0m |
|       [0;34;40mfit/pred_loss[0m        | [0;32;40m0.0003205339307896793[0m |
|      [0;34;40mfit/rdmreg_loss[0m       | [0;32;40m0.0012882617302238941[0m |
|       [0;34;40mvalidate/loss[0m        | [0;32;40m0.0020235024858266115[0m |
|    [0;34;40mvalidate/loss_epoch[0m     | [0;32;40m0.0020235024858266115[0m |
|     [0;34;40mvalidate/pred_loss[0m     | [0;32;40m0.0003536465810611844[0m |
|  [0;34;40mvalidate/pred_loss_epoch[0m  | [0;32;40m0.0003536465810611844[0m |
|    [0;34;40mvalidate/rdmreg_loss[0m    |  [0;32;40m0.001669856603257358[0m |
| [0;34;40mvalidate/rdmreg_loss_epoch[0m |  [0;32;40m0.001669856603257358[0m |
+----------------------------+-----------------------+
06:28:47.141 | INFO    (310020, stable_pretraining.callbacks.checkpoint_sklearn) | Checking for non PyTorch modules to save... 🔧
06:28:47.142 | INFO    (310020, stable_pretraining.callbacks.checkpoint_sklearn) | Checking for Wandb params to save... 🔧
06:28:47.142 | INFO    (310020, stable_pretraining.callbacks.checkpoint_sklearn) | Saving Wandb params {'id': 'lewm_lp_pusht_expert_mu-2'}
06:28:47.142 | INFO    (310020, stable_pretraining.callbacks.checkpoint_sklearn) | Checking for Wandb params to save... Done!
06:28:47.142 | INFO    (310020, stable_pretraining.callbacks.cpu_offload) | ============================================================
06:28:47.143 | INFO    (310020, stable_pretraining.callbacks.cpu_offload) | CPUOffloadCallback: Starting checkpoint CPU offload (#5)
06:28:47.143 | INFO    (310020, stable_pretraining.callbacks.cpu_offload) |   - Global step: 10449
06:28:47.143 | INFO    (310020, stable_pretraining.callbacks.cpu_offload) |   - Epoch: 2
06:28:47.143 | INFO    (310020, stable_pretraining.callbacks.cpu_offload) | Checkpoint contains 11 keys: ['callbacks', 'epoch', 'global_step', 'hparams_name', 'hyper_parameters', 'loops', 'lr_schedulers', 'optimizer_states', 'pytorch-lightning_version', 'state_dict', 'wandb']
06:28:47.144 | INFO    (310020, stable_pretraining.callbacks.cpu_offload) | GPU memory before offload:
06:28:47.144 | INFO    (310020, stable_pretraining.callbacks.cpu_offload) |   - Allocated: 0.24 GB
06:28:47.144 | INFO    (310020, stable_pretraining.callbacks.cpu_offload) |   - Reserved: 16.63 GB
06:28:47.144 | INFO    (310020, stable_pretraining.callbacks.cpu_offload) | Processing checkpoint key: 'state_dict'
06:28:47.310 | SUCCESS (310020, stable_pretraining.callbacks.cpu_offload) | ✓ Completed 'state_dict' in 0.17s
06:28:47.310 | INFO    (310020, stable_pretraining.callbacks.cpu_offload) | Processing checkpoint key: 'optimizer_states'
06:28:47.652 | SUCCESS (310020, stable_pretraining.callbacks.cpu_offload) | ✓ Completed 'optimizer_states' in 0.34s
06:28:47.653 | INFO    (310020, stable_pretraining.callbacks.cpu_offload) | Processing checkpoint key: 'lr_schedulers'
06:28:47.653 | SUCCESS (310020, stable_pretraining.callbacks.cpu_offload) | ✓ Completed 'lr_schedulers' in 0.00s
06:28:47.653 | WARNING (310020, stable_pretraining.callbacks.cpu_offload) | Skipped 321 custom object(s)
06:28:47.654 | WARNING (310020, stable_pretraining.callbacks.cpu_offload) | First 10 skipped objects:
06:28:47.654 | WARNING (310020, stable_pretraining.callbacks.cpu_offload) |   - float at 'optimizer_states[0].param_groups[0].lr'
06:28:47.654 | WARNING (310020, stable_pretraining.callbacks.cpu_offload) |   - float at 'optimizer_states[0].param_groups[0].betas[0]'
06:28:47.654 | WARNING (310020, stable_pretraining.callbacks.cpu_offload) |   - float at 'optimizer_states[0].param_groups[0].betas[1]'
06:28:47.654 | WARNING (310020, stable_pretraining.callbacks.cpu_offload) |   - float at 'optimizer_states[0].param_groups[0].eps'
06:28:47.655 | WARNING (310020, stable_pretraining.callbacks.cpu_offload) |   - float at 'optimizer_states[0].param_groups[0].weight_decay'
06:28:47.655 | WARNING (310020, stable_pretraining.callbacks.cpu_offload) |   - bool at 'optimizer_states[0].param_groups[0].amsgrad'
06:28:47.655 | WARNING (310020, stable_pretraining.callbacks.cpu_offload) |   - bool at 'optimizer_states[0].param_groups[0].maximize'
06:28:47.655 | WARNING (310020, stable_pretraining.callbacks.cpu_offload) |   - NoneType at 'optimizer_states[0].param_groups[0].foreach'
06:28:47.655 | WARNING (310020, stable_pretraining.callbacks.cpu_offload) |   - bool at 'optimizer_states[0].param_groups[0].capturable'
06:28:47.656 | WARNING (310020, stable_pretraining.callbacks.cpu_offload) |   - bool at 'optimizer_states[0].param_groups[0].differentiable'
06:28:47.656 | WARNING (310020, stable_pretraining.callbacks.cpu_offload) | ... (301 more skipped) ...
06:28:47.656 | WARNING (310020, stable_pretraining.callbacks.cpu_offload) | Last 10 skipped objects:
06:28:47.656 | WARNING (310020, stable_pretraining.callbacks.cpu_offload) |   - int at 'optimizer_states[0].param_groups[0].params[298]'
06:28:47.656 | WARNING (310020, stable_pretraining.callbacks.cpu_offload) |   - int at 'lr_schedulers[0].warmup_steps'
06:28:47.656 | WARNING (310020, stable_pretraining.callbacks.cpu_offload) |   - int at 'lr_schedulers[0].max_steps'
06:28:47.657 | WARNING (310020, stable_pretraining.callbacks.cpu_offload) |   - float at 'lr_schedulers[0].warmup_start_lr'
06:28:47.657 | WARNING (310020, stable_pretraining.callbacks.cpu_offload) |   - float at 'lr_schedulers[0].eta_min'
06:28:47.657 | WARNING (310020, stable_pretraining.callbacks.cpu_offload) |   - float at 'lr_schedulers[0].base_lrs[0]'
06:28:47.657 | WARNING (310020, stable_pretraining.callbacks.cpu_offload) |   - int at 'lr_schedulers[0].last_epoch'
06:28:47.657 | WARNING (310020, stable_pretraining.callbacks.cpu_offload) |   - int at 'lr_schedulers[0]._step_count'
06:28:47.657 | WARNING (310020, stable_pretraining.callbacks.cpu_offload) |   - bool at 'lr_schedulers[0]._get_lr_called_within_step'
06:28:47.658 | WARNING (310020, stable_pretraining.callbacks.cpu_offload) |   - float at 'lr_schedulers[0]._last_lr[0]'
06:28:47.658 | INFO    (310020, stable_pretraining.callbacks.cpu_offload) | To see all 321 skipped objects, set log_skipped=True
06:28:47.658 | INFO    (310020, stable_pretraining.callbacks.cpu_offload) | GPU memory after offload:
06:28:47.659 | INFO    (310020, stable_pretraining.callbacks.cpu_offload) |   - Allocated: 0.24 GB
06:28:47.659 | INFO    (310020, stable_pretraining.callbacks.cpu_offload) |   - Reserved: 16.63 GB
06:28:47.659 | INFO    (310020, stable_pretraining.callbacks.cpu_offload) | GPU memory freed: 0.00 GB
06:28:47.659 | SUCCESS (310020, stable_pretraining.callbacks.cpu_offload) | CPUOffloadCallback: Checkpoint #5 completed in 0.52s
06:28:47.660 | INFO    (310020, stable_pretraining.callbacks.cpu_offload) | Successfully processed keys: ['state_dict', 'optimizer_states', 'lr_schedulers']
06:28:47.660 | INFO    (310020, stable_pretraining.callbacks.cpu_offload) | Cumulative stats:
06:28:47.660 | INFO    (310020, stable_pretraining.callbacks.cpu_offload) |   - Total checkpoints saved: 5
06:28:47.660 | INFO    (310020, stable_pretraining.callbacks.cpu_offload) |   - Total time in offload: 3.85s
06:28:47.660 | INFO    (310020, stable_pretraining.callbacks.cpu_offload) |   - Total memory freed: 0.00 GB
06:28:47.660 | INFO    (310020, stable_pretraining.callbacks.cpu_offload) |   - Average time per checkpoint: 0.77s
06:28:47.661 | INFO    (310020, stable_pretraining.callbacks.cpu_offload) | ============================================================
06:28:48.905 | INFO    (310020, stable_pretraining.callbacks.checkpoint_sklearn) | Checking for non PyTorch modules to save... 🔧
06:28:48.905 | INFO    (310020, stable_pretraining.callbacks.checkpoint_sklearn) | Checking for Wandb params to save... 🔧
06:28:48.906 | INFO    (310020, stable_pretraining.callbacks.checkpoint_sklearn) | Saving Wandb params {'id': 'lewm_lp_pusht_expert_mu-2'}
06:28:48.906 | INFO    (310020, stable_pretraining.callbacks.checkpoint_sklearn) | Checking for Wandb params to save... Done!
06:28:48.906 | INFO    (310020, stable_pretraining.callbacks.cpu_offload) | ============================================================
06:28:48.906 | INFO    (310020, stable_pretraining.callbacks.cpu_offload) | CPUOffloadCallback: Starting checkpoint CPU offload (#6)
06:28:48.907 | INFO    (310020, stable_pretraining.callbacks.cpu_offload) |   - Global step: 10449
06:28:48.907 | INFO    (310020, stable_pretraining.callbacks.cpu_offload) |   - Epoch: 2
06:28:48.907 | INFO    (310020, stable_pretraining.callbacks.cpu_offload) | Checkpoint contains 11 keys: ['callbacks', 'epoch', 'global_step', 'hparams_name', 'hyper_parameters', 'loops', 'lr_schedulers', 'optimizer_states', 'pytorch-lightning_version', 'state_dict', 'wandb']
06:28:48.908 | INFO    (310020, stable_pretraining.callbacks.cpu_offload) | GPU memory before offload:
06:28:48.908 | INFO    (310020, stable_pretraining.callbacks.cpu_offload) |   - Allocated: 0.24 GB
06:28:48.908 | INFO    (310020, stable_pretraining.callbacks.cpu_offload) |   - Reserved: 16.63 GB
06:28:48.908 | INFO    (310020, stable_pretraining.callbacks.cpu_offload) | Processing checkpoint key: 'state_dict'
06:28:49.104 | SUCCESS (310020, stable_pretraining.callbacks.cpu_offload) | ✓ Completed 'state_dict' in 0.20s
06:28:49.105 | INFO    (310020, stable_pretraining.callbacks.cpu_offload) | Processing checkpoint key: 'optimizer_states'
06:28:49.485 | SUCCESS (310020, stable_pretraining.callbacks.cpu_offload) | ✓ Completed 'optimizer_states' in 0.38s
06:28:49.485 | INFO    (310020, stable_pretraining.callbacks.cpu_offload) | Processing checkpoint key: 'lr_schedulers'
06:28:49.486 | SUCCESS (310020, stable_pretraining.callbacks.cpu_offload) | ✓ Completed 'lr_schedulers' in 0.00s
06:28:49.486 | WARNING (310020, stable_pretraining.callbacks.cpu_offload) | Skipped 321 custom object(s)
06:28:49.486 | WARNING (310020, stable_pretraining.callbacks.cpu_offload) | First 10 skipped objects:
06:28:49.487 | WARNING (310020, stable_pretraining.callbacks.cpu_offload) |   - float at 'optimizer_states[0].param_groups[0].lr'
06:28:49.487 | WARNING (310020, stable_pretraining.callbacks.cpu_offload) |   - float at 'optimizer_states[0].param_groups[0].betas[0]'
06:28:49.487 | WARNING (310020, stable_pretraining.callbacks.cpu_offload) |   - float at 'optimizer_states[0].param_groups[0].betas[1]'
06:28:49.487 | WARNING (310020, stable_pretraining.callbacks.cpu_offload) |   - float at 'optimizer_states[0].param_groups[0].eps'
06:28:49.488 | WARNING (310020, stable_pretraining.callbacks.cpu_offload) |   - float at 'optimizer_states[0].param_groups[0].weight_decay'
06:28:49.488 | WARNING (310020, stable_pretraining.callbacks.cpu_offload) |   - bool at 'optimizer_states[0].param_groups[0].amsgrad'
06:28:49.488 | WARNING (310020, stable_pretraining.callbacks.cpu_offload) |   - bool at 'optimizer_states[0].param_groups[0].maximize'
06:28:49.488 | WARNING (310020, stable_pretraining.callbacks.cpu_offload) |   - NoneType at 'optimizer_states[0].param_groups[0].foreach'
06:28:49.488 | WARNING (310020, stable_pretraining.callbacks.cpu_offload) |   - bool at 'optimizer_states[0].param_groups[0].capturable'
06:28:49.489 | WARNING (310020, stable_pretraining.callbacks.cpu_offload) |   - bool at 'optimizer_states[0].param_groups[0].differentiable'
06:28:49.489 | WARNING (310020, stable_pretraining.callbacks.cpu_offload) | ... (301 more skipped) ...
06:28:49.489 | WARNING (310020, stable_pretraining.callbacks.cpu_offload) | Last 10 skipped objects:
06:28:49.489 | WARNING (310020, stable_pretraining.callbacks.cpu_offload) |   - int at 'optimizer_states[0].param_groups[0].params[298]'
06:28:49.490 | WARNING (310020, stable_pretraining.callbacks.cpu_offload) |   - int at 'lr_schedulers[0].warmup_steps'
06:28:49.490 | WARNING (310020, stable_pretraining.callbacks.cpu_offload) |   - int at 'lr_schedulers[0].max_steps'
06:28:49.490 | WARNING (310020, stable_pretraining.callbacks.cpu_offload) |   - float at 'lr_schedulers[0].warmup_start_lr'
06:28:49.490 | WARNING (310020, stable_pretraining.callbacks.cpu_offload) |   - float at 'lr_schedulers[0].eta_min'
06:28:49.491 | WARNING (310020, stable_pretraining.callbacks.cpu_offload) |   - float at 'lr_schedulers[0].base_lrs[0]'
06:28:49.491 | WARNING (310020, stable_pretraining.callbacks.cpu_offload) |   - int at 'lr_schedulers[0].last_epoch'
06:28:49.491 | WARNING (310020, stable_pretraining.callbacks.cpu_offload) |   - int at 'lr_schedulers[0]._step_count'
06:28:49.491 | WARNING (310020, stable_pretraining.callbacks.cpu_offload) |   - bool at 'lr_schedulers[0]._get_lr_called_within_step'
06:28:49.491 | WARNING (310020, stable_pretraining.callbacks.cpu_offload) |   - float at 'lr_schedulers[0]._last_lr[0]'
06:28:49.491 | INFO    (310020, stable_pretraining.callbacks.cpu_offload) | To see all 321 skipped objects, set log_skipped=True
06:28:49.492 | INFO    (310020, stable_pretraining.callbacks.cpu_offload) | GPU memory after offload:
06:28:49.492 | INFO    (310020, stable_pretraining.callbacks.cpu_offload) |   - Allocated: 0.24 GB
06:28:49.492 | INFO    (310020, stable_pretraining.callbacks.cpu_offload) |   - Reserved: 16.63 GB
06:28:49.492 | INFO    (310020, stable_pretraining.callbacks.cpu_offload) | GPU memory freed: 0.00 GB
06:28:49.493 | SUCCESS (310020, stable_pretraining.callbacks.cpu_offload) | CPUOffloadCallback: Checkpoint #6 completed in 0.59s
06:28:49.493 | INFO    (310020, stable_pretraining.callbacks.cpu_offload) | Successfully processed keys: ['state_dict', 'optimizer_states', 'lr_schedulers']
06:28:49.493 | INFO    (310020, stable_pretraining.callbacks.cpu_offload) | Cumulative stats:
06:28:49.493 | INFO    (310020, stable_pretraining.callbacks.cpu_offload) |   - Total checkpoints saved: 6
06:28:49.493 | INFO    (310020, stable_pretraining.callbacks.cpu_offload) |   - Total time in offload: 4.44s
06:28:49.493 | INFO    (310020, stable_pretraining.callbacks.cpu_offload) |   - Total memory freed: 0.00 GB
06:28:49.493 | INFO    (310020, stable_pretraining.callbacks.cpu_offload) |   - Average time per checkpoint: 0.74s
06:28:49.493 | INFO    (310020, stable_pretraining.callbacks.cpu_offload) | ============================================================
06:58:57.282 | WARNING (310020, stable_pretraining.module) | You are calling self.parameters which also gives callbacks parameters, to remove then, pass `with_callbacks=False`
07:02:48.469 | INFO    (310020, stable_pretraining.callbacks.trainer_info) | \n+----------------------------+------------------------+
|           Metric           |         Value          |
+----------------------------+------------------------+
|          [0;34;40mfit/loss[0m          | [0;32;40m0.0014839291106909513[0m  |
|       [0;34;40mfit/pred_loss[0m        | [0;32;40m0.00024403598217759281[0m |
|      [0;34;40mfit/rdmreg_loss[0m       | [0;32;40m0.0012398931430652738[0m  |
|       [0;34;40mvalidate/loss[0m        | [0;32;40m0.0017440728843212128[0m  |
|    [0;34;40mvalidate/loss_epoch[0m     | [0;32;40m0.0017440728843212128[0m  |
|     [0;34;40mvalidate/pred_loss[0m     | [0;32;40m0.00027043287991546094[0m |
|  [0;34;40mvalidate/pred_loss_epoch[0m  | [0;32;40m0.00027043287991546094[0m |
|    [0;34;40mvalidate/rdmreg_loss[0m    | [0;32;40m0.0014736405573785305[0m  |
| [0;34;40mvalidate/rdmreg_loss_epoch[0m | [0;32;40m0.0014736405573785305[0m  |
+----------------------------+------------------------+
07:02:48.796 | INFO    (310020, stable_pretraining.callbacks.checkpoint_sklearn) | Checking for non PyTorch modules to save... 🔧
07:02:48.797 | INFO    (310020, stable_pretraining.callbacks.checkpoint_sklearn) | Checking for Wandb params to save... 🔧
07:02:48.797 | INFO    (310020, stable_pretraining.callbacks.checkpoint_sklearn) | Saving Wandb params {'id': 'lewm_lp_pusht_expert_mu-2'}
07:02:48.797 | INFO    (310020, stable_pretraining.callbacks.checkpoint_sklearn) | Checking for Wandb params to save... Done!
07:02:48.798 | INFO    (310020, stable_pretraining.callbacks.cpu_offload) | ============================================================
07:02:48.798 | INFO    (310020, stable_pretraining.callbacks.cpu_offload) | CPUOffloadCallback: Starting checkpoint CPU offload (#7)
07:02:48.798 | INFO    (310020, stable_pretraining.callbacks.cpu_offload) |   - Global step: 13932
07:02:48.798 | INFO    (310020, stable_pretraining.callbacks.cpu_offload) |   - Epoch: 3
07:02:48.798 | INFO    (310020, stable_pretraining.callbacks.cpu_offload) | Checkpoint contains 11 keys: ['callbacks', 'epoch', 'global_step', 'hparams_name', 'hyper_parameters', 'loops', 'lr_schedulers', 'optimizer_states', 'pytorch-lightning_version', 'state_dict', 'wandb']
07:02:48.799 | INFO    (310020, stable_pretraining.callbacks.cpu_offload) | GPU memory before offload:
07:02:48.799 | INFO    (310020, stable_pretraining.callbacks.cpu_offload) |   - Allocated: 0.24 GB
07:02:48.799 | INFO    (310020, stable_pretraining.callbacks.cpu_offload) |   - Reserved: 16.63 GB
07:02:48.800 | INFO    (310020, stable_pretraining.callbacks.cpu_offload) | Processing checkpoint key: 'state_dict'
07:02:49.003 | SUCCESS (310020, stable_pretraining.callbacks.cpu_offload) | ✓ Completed 'state_dict' in 0.20s
07:02:49.003 | INFO    (310020, stable_pretraining.callbacks.cpu_offload) | Processing checkpoint key: 'optimizer_states'
07:02:49.562 | SUCCESS (310020, stable_pretraining.callbacks.cpu_offload) | ✓ Completed 'optimizer_states' in 0.56s
07:02:49.562 | INFO    (310020, stable_pretraining.callbacks.cpu_offload) | Processing checkpoint key: 'lr_schedulers'
07:02:49.563 | SUCCESS (310020, stable_pretraining.callbacks.cpu_offload) | ✓ Completed 'lr_schedulers' in 0.00s
07:02:49.563 | WARNING (310020, stable_pretraining.callbacks.cpu_offload) | Skipped 321 custom object(s)
07:02:49.563 | WARNING (310020, stable_pretraining.callbacks.cpu_offload) | First 10 skipped objects:
07:02:49.563 | WARNING (310020, stable_pretraining.callbacks.cpu_offload) |   - float at 'optimizer_states[0].param_groups[0].lr'
07:02:49.563 | WARNING (310020, stable_pretraining.callbacks.cpu_offload) |   - float at 'optimizer_states[0].param_groups[0].betas[0]'
07:02:49.564 | WARNING (310020, stable_pretraining.callbacks.cpu_offload) |   - float at 'optimizer_states[0].param_groups[0].betas[1]'
07:02:49.564 | WARNING (310020, stable_pretraining.callbacks.cpu_offload) |   - float at 'optimizer_states[0].param_groups[0].eps'
07:02:49.564 | WARNING (310020, stable_pretraining.callbacks.cpu_offload) |   - float at 'optimizer_states[0].param_groups[0].weight_decay'
07:02:49.564 | WARNING (310020, stable_pretraining.callbacks.cpu_offload) |   - bool at 'optimizer_states[0].param_groups[0].amsgrad'
07:02:49.564 | WARNING (310020, stable_pretraining.callbacks.cpu_offload) |   - bool at 'optimizer_states[0].param_groups[0].maximize'
07:02:49.564 | WARNING (310020, stable_pretraining.callbacks.cpu_offload) |   - NoneType at 'optimizer_states[0].param_groups[0].foreach'
07:02:49.564 | WARNING (310020, stable_pretraining.callbacks.cpu_offload) |   - bool at 'optimizer_states[0].param_groups[0].capturable'
07:02:49.565 | WARNING (310020, stable_pretraining.callbacks.cpu_offload) |   - bool at 'optimizer_states[0].param_groups[0].differentiable'
07:02:49.565 | WARNING (310020, stable_pretraining.callbacks.cpu_offload) | ... (301 more skipped) ...
07:02:49.565 | WARNING (310020, stable_pretraining.callbacks.cpu_offload) | Last 10 skipped objects:
07:02:49.565 | WARNING (310020, stable_pretraining.callbacks.cpu_offload) |   - int at 'optimizer_states[0].param_groups[0].params[298]'
07:02:49.565 | WARNING (310020, stable_pretraining.callbacks.cpu_offload) |   - int at 'lr_schedulers[0].warmup_steps'
07:02:49.565 | WARNING (310020, stable_pretraining.callbacks.cpu_offload) |   - int at 'lr_schedulers[0].max_steps'
07:02:49.566 | WARNING (310020, stable_pretraining.callbacks.cpu_offload) |   - float at 'lr_schedulers[0].warmup_start_lr'
07:02:49.566 | WARNING (310020, stable_pretraining.callbacks.cpu_offload) |   - float at 'lr_schedulers[0].eta_min'
07:02:49.566 | WARNING (310020, stable_pretraining.callbacks.cpu_offload) |   - float at 'lr_schedulers[0].base_lrs[0]'
07:02:49.566 | WARNING (310020, stable_pretraining.callbacks.cpu_offload) |   - int at 'lr_schedulers[0].last_epoch'
07:02:49.566 | WARNING (310020, stable_pretraining.callbacks.cpu_offload) |   - int at 'lr_schedulers[0]._step_count'
07:02:49.566 | WARNING (310020, stable_pretraining.callbacks.cpu_offload) |   - bool at 'lr_schedulers[0]._get_lr_called_within_step'
07:02:49.566 | WARNING (310020, stable_pretraining.callbacks.cpu_offload) |   - float at 'lr_schedulers[0]._last_lr[0]'
07:02:49.566 | INFO    (310020, stable_pretraining.callbacks.cpu_offload) | To see all 321 skipped objects, set log_skipped=True
07:02:49.567 | INFO    (310020, stable_pretraining.callbacks.cpu_offload) | GPU memory after offload:
07:02:49.567 | INFO    (310020, stable_pretraining.callbacks.cpu_offload) |   - Allocated: 0.24 GB
07:02:49.567 | INFO    (310020, stable_pretraining.callbacks.cpu_offload) |   - Reserved: 16.63 GB
07:02:49.568 | INFO    (310020, stable_pretraining.callbacks.cpu_offload) | GPU memory freed: 0.00 GB
07:02:49.568 | SUCCESS (310020, stable_pretraining.callbacks.cpu_offload) | CPUOffloadCallback: Checkpoint #7 completed in 0.77s
07:02:49.568 | INFO    (310020, stable_pretraining.callbacks.cpu_offload) | Successfully processed keys: ['state_dict', 'optimizer_states', 'lr_schedulers']
07:02:49.568 | INFO    (310020, stable_pretraining.callbacks.cpu_offload) | Cumulative stats:
07:02:49.568 | INFO    (310020, stable_pretraining.callbacks.cpu_offload) |   - Total checkpoints saved: 7
07:02:49.568 | INFO    (310020, stable_pretraining.callbacks.cpu_offload) |   - Total time in offload: 5.21s
07:02:49.568 | INFO    (310020, stable_pretraining.callbacks.cpu_offload) |   - Total memory freed: 0.00 GB
07:02:49.569 | INFO    (310020, stable_pretraining.callbacks.cpu_offload) |   - Average time per checkpoint: 0.74s
07:02:49.569 | INFO    (310020, stable_pretraining.callbacks.cpu_offload) | ============================================================
07:02:51.086 | INFO    (310020, stable_pretraining.callbacks.checkpoint_sklearn) | Checking for non PyTorch modules to save... 🔧
07:02:51.087 | INFO    (310020, stable_pretraining.callbacks.checkpoint_sklearn) | Checking for Wandb params to save... 🔧
07:02:51.087 | INFO    (310020, stable_pretraining.callbacks.checkpoint_sklearn) | Saving Wandb params {'id': 'lewm_lp_pusht_expert_mu-2'}
07:02:51.087 | INFO    (310020, stable_pretraining.callbacks.checkpoint_sklearn) | Checking for Wandb params to save... Done!
07:02:51.087 | INFO    (310020, stable_pretraining.callbacks.cpu_offload) | ============================================================
07:02:51.088 | INFO    (310020, stable_pretraining.callbacks.cpu_offload) | CPUOffloadCallback: Starting checkpoint CPU offload (#8)
07:02:51.088 | INFO    (310020, stable_pretraining.callbacks.cpu_offload) |   - Global step: 13932
07:02:51.088 | INFO    (310020, stable_pretraining.callbacks.cpu_offload) |   - Epoch: 3
07:02:51.088 | INFO    (310020, stable_pretraining.callbacks.cpu_offload) | Checkpoint contains 11 keys: ['callbacks', 'epoch', 'global_step', 'hparams_name', 'hyper_parameters', 'loops', 'lr_schedulers', 'optimizer_states', 'pytorch-lightning_version', 'state_dict', 'wandb']
07:02:51.089 | INFO    (310020, stable_pretraining.callbacks.cpu_offload) | GPU memory before offload:
07:02:51.089 | INFO    (310020, stable_pretraining.callbacks.cpu_offload) |   - Allocated: 0.24 GB
07:02:51.089 | INFO    (310020, stable_pretraining.callbacks.cpu_offload) |   - Reserved: 16.63 GB
07:02:51.090 | INFO    (310020, stable_pretraining.callbacks.cpu_offload) | Processing checkpoint key: 'state_dict'
07:02:51.263 | SUCCESS (310020, stable_pretraining.callbacks.cpu_offload) | ✓ Completed 'state_dict' in 0.17s
07:02:51.263 | INFO    (310020, stable_pretraining.callbacks.cpu_offload) | Processing checkpoint key: 'optimizer_states'
07:02:51.633 | SUCCESS (310020, stable_pretraining.callbacks.cpu_offload) | ✓ Completed 'optimizer_states' in 0.37s
07:02:51.634 | INFO    (310020, stable_pretraining.callbacks.cpu_offload) | Processing checkpoint key: 'lr_schedulers'
07:02:51.634 | SUCCESS (310020, stable_pretraining.callbacks.cpu_offload) | ✓ Completed 'lr_schedulers' in 0.00s
07:02:51.634 | WARNING (310020, stable_pretraining.callbacks.cpu_offload) | Skipped 321 custom object(s)
07:02:51.634 | WARNING (310020, stable_pretraining.callbacks.cpu_offload) | First 10 skipped objects:
07:02:51.634 | WARNING (310020, stable_pretraining.callbacks.cpu_offload) |   - float at 'optimizer_states[0].param_groups[0].lr'
07:02:51.635 | WARNING (310020, stable_pretraining.callbacks.cpu_offload) |   - float at 'optimizer_states[0].param_groups[0].betas[0]'
07:02:51.635 | WARNING (310020, stable_pretraining.callbacks.cpu_offload) |   - float at 'optimizer_states[0].param_groups[0].betas[1]'
07:02:51.635 | WARNING (310020, stable_pretraining.callbacks.cpu_offload) |   - float at 'optimizer_states[0].param_groups[0].eps'
07:02:51.635 | WARNING (310020, stable_pretraining.callbacks.cpu_offload) |   - float at 'optimizer_states[0].param_groups[0].weight_decay'
07:02:51.635 | WARNING (310020, stable_pretraining.callbacks.cpu_offload) |   - bool at 'optimizer_states[0].param_groups[0].amsgrad'
07:02:51.636 | WARNING (310020, stable_pretraining.callbacks.cpu_offload) |   - bool at 'optimizer_states[0].param_groups[0].maximize'
07:02:51.636 | WARNING (310020, stable_pretraining.callbacks.cpu_offload) |   - NoneType at 'optimizer_states[0].param_groups[0].foreach'
07:02:51.636 | WARNING (310020, stable_pretraining.callbacks.cpu_offload) |   - bool at 'optimizer_states[0].param_groups[0].capturable'
07:02:51.636 | WARNING (310020, stable_pretraining.callbacks.cpu_offload) |   - bool at 'optimizer_states[0].param_groups[0].differentiable'
07:02:51.636 | WARNING (310020, stable_pretraining.callbacks.cpu_offload) | ... (301 more skipped) ...
07:02:51.637 | WARNING (310020, stable_pretraining.callbacks.cpu_offload) | Last 10 skipped objects:
07:02:51.638 | WARNING (310020, stable_pretraining.callbacks.cpu_offload) |   - int at 'optimizer_states[0].param_groups[0].params[298]'
07:02:51.638 | WARNING (310020, stable_pretraining.callbacks.cpu_offload) |   - int at 'lr_schedulers[0].warmup_steps'
07:02:51.638 | WARNING (310020, stable_pretraining.callbacks.cpu_offload) |   - int at 'lr_schedulers[0].max_steps'
07:02:51.638 | WARNING (310020, stable_pretraining.callbacks.cpu_offload) |   - float at 'lr_schedulers[0].warmup_start_lr'
07:02:51.639 | WARNING (310020, stable_pretraining.callbacks.cpu_offload) |   - float at 'lr_schedulers[0].eta_min'
07:02:51.639 | WARNING (310020, stable_pretraining.callbacks.cpu_offload) |   - float at 'lr_schedulers[0].base_lrs[0]'
07:02:51.639 | WARNING (310020, stable_pretraining.callbacks.cpu_offload) |   - int at 'lr_schedulers[0].last_epoch'
07:02:51.639 | WARNING (310020, stable_pretraining.callbacks.cpu_offload) |   - int at 'lr_schedulers[0]._step_count'
07:02:51.640 | WARNING (310020, stable_pretraining.callbacks.cpu_offload) |   - bool at 'lr_schedulers[0]._get_lr_called_within_step'
07:02:51.640 | WARNING (310020, stable_pretraining.callbacks.cpu_offload) |   - float at 'lr_schedulers[0]._last_lr[0]'
07:02:51.640 | INFO    (310020, stable_pretraining.callbacks.cpu_offload) | To see all 321 skipped objects, set log_skipped=True
07:02:51.641 | INFO    (310020, stable_pretraining.callbacks.cpu_offload) | GPU memory after offload:
07:02:51.641 | INFO    (310020, stable_pretraining.callbacks.cpu_offload) |   - Allocated: 0.24 GB
07:02:51.642 | INFO    (310020, stable_pretraining.callbacks.cpu_offload) |   - Reserved: 16.63 GB
07:02:51.642 | INFO    (310020, stable_pretraining.callbacks.cpu_offload) | GPU memory freed: 0.00 GB
07:02:51.642 | SUCCESS (310020, stable_pretraining.callbacks.cpu_offload) | CPUOffloadCallback: Checkpoint #8 completed in 0.55s
07:02:51.642 | INFO    (310020, stable_pretraining.callbacks.cpu_offload) | Successfully processed keys: ['state_dict', 'optimizer_states', 'lr_schedulers']
07:02:51.642 | INFO    (310020, stable_pretraining.callbacks.cpu_offload) | Cumulative stats:
07:02:51.643 | INFO    (310020, stable_pretraining.callbacks.cpu_offload) |   - Total checkpoints saved: 8
07:02:51.643 | INFO    (310020, stable_pretraining.callbacks.cpu_offload) |   - Total time in offload: 5.76s
07:02:51.643 | INFO    (310020, stable_pretraining.callbacks.cpu_offload) |   - Total memory freed: 0.00 GB
07:02:51.643 | INFO    (310020, stable_pretraining.callbacks.cpu_offload) |   - Average time per checkpoint: 0.72s
07:02:51.643 | INFO    (310020, stable_pretraining.callbacks.cpu_offload) | ============================================================
07:32:49.358 | WARNING (310020, stable_pretraining.module) | You are calling self.parameters which also gives callbacks parameters, to remove then, pass `with_callbacks=False`
07:36:18.711 | INFO    (310020, stable_pretraining.callbacks.trainer_info) | \n+----------------------------+-----------------------+
|           Metric           |         Value         |
+----------------------------+-----------------------+
|          [0;34;40mfit/loss[0m          | [0;32;40m0.0013444679789245129[0m |
|       [0;34;40mfit/pred_loss[0m        | [0;32;40m0.0002093384537147358[0m |
|      [0;34;40mfit/rdmreg_loss[0m       | [0;32;40m0.0011351294815540314[0m |
|       [0;34;40mvalidate/loss[0m        | [0;32;40m0.0017324448563158512[0m |
|    [0;34;40mvalidate/loss_epoch[0m     | [0;32;40m0.0017324448563158512[0m |
|     [0;34;40mvalidate/pred_loss[0m     | [0;32;40m0.0002559883869253099[0m |
|  [0;34;40mvalidate/pred_loss_epoch[0m  | [0;32;40m0.0002559883869253099[0m |
|    [0;34;40mvalidate/rdmreg_loss[0m    | [0;32;40m0.0014764558291062713[0m |
| [0;34;40mvalidate/rdmreg_loss_epoch[0m | [0;32;40m0.0014764558291062713[0m |
+----------------------------+-----------------------+
07:36:18.975 | INFO    (310020, stable_pretraining.callbacks.checkpoint_sklearn) | Checking for non PyTorch modules to save... 🔧
07:36:18.976 | INFO    (310020, stable_pretraining.callbacks.checkpoint_sklearn) | Checking for Wandb params to save... 🔧
07:36:18.976 | INFO    (310020, stable_pretraining.callbacks.checkpoint_sklearn) | Saving Wandb params {'id': 'lewm_lp_pusht_expert_mu-2'}
07:36:18.976 | INFO    (310020, stable_pretraining.callbacks.checkpoint_sklearn) | Checking for Wandb params to save... Done!
07:36:18.977 | INFO    (310020, stable_pretraining.callbacks.cpu_offload) | ============================================================
07:36:18.977 | INFO    (310020, stable_pretraining.callbacks.cpu_offload) | CPUOffloadCallback: Starting checkpoint CPU offload (#9)
07:36:18.977 | INFO    (310020, stable_pretraining.callbacks.cpu_offload) |   - Global step: 17415
07:36:18.977 | INFO    (310020, stable_pretraining.callbacks.cpu_offload) |   - Epoch: 4
07:36:18.977 | INFO    (310020, stable_pretraining.callbacks.cpu_offload) | Checkpoint contains 11 keys: ['callbacks', 'epoch', 'global_step', 'hparams_name', 'hyper_parameters', 'loops', 'lr_schedulers', 'optimizer_states', 'pytorch-lightning_version', 'state_dict', 'wandb']
07:36:18.978 | INFO    (310020, stable_pretraining.callbacks.cpu_offload) | GPU memory before offload:
07:36:18.978 | INFO    (310020, stable_pretraining.callbacks.cpu_offload) |   - Allocated: 0.24 GB
07:36:18.979 | INFO    (310020, stable_pretraining.callbacks.cpu_offload) |   - Reserved: 16.63 GB
07:36:18.979 | INFO    (310020, stable_pretraining.callbacks.cpu_offload) | Processing checkpoint key: 'state_dict'
07:36:19.152 | SUCCESS (310020, stable_pretraining.callbacks.cpu_offload) | ✓ Completed 'state_dict' in 0.17s
07:36:19.152 | INFO    (310020, stable_pretraining.callbacks.cpu_offload) | Processing checkpoint key: 'optimizer_states'
07:36:19.471 | SUCCESS (310020, stable_pretraining.callbacks.cpu_offload) | ✓ Completed 'optimizer_states' in 0.32s
07:36:19.472 | INFO    (310020, stable_pretraining.callbacks.cpu_offload) | Processing checkpoint key: 'lr_schedulers'
07:36:19.472 | SUCCESS (310020, stable_pretraining.callbacks.cpu_offload) | ✓ Completed 'lr_schedulers' in 0.00s
07:36:19.473 | WARNING (310020, stable_pretraining.callbacks.cpu_offload) | Skipped 321 custom object(s)
07:36:19.473 | WARNING (310020, stable_pretraining.callbacks.cpu_offload) | First 10 skipped objects:
07:36:19.473 | WARNING (310020, stable_pretraining.callbacks.cpu_offload) |   - float at 'optimizer_states[0].param_groups[0].lr'
07:36:19.473 | WARNING (310020, stable_pretraining.callbacks.cpu_offload) |   - float at 'optimizer_states[0].param_groups[0].betas[0]'
07:36:19.474 | WARNING (310020, stable_pretraining.callbacks.cpu_offload) |   - float at 'optimizer_states[0].param_groups[0].betas[1]'
07:36:19.474 | WARNING (310020, stable_pretraining.callbacks.cpu_offload) |   - float at 'optimizer_states[0].param_groups[0].eps'
07:36:19.474 | WARNING (310020, stable_pretraining.callbacks.cpu_offload) |   - float at 'optimizer_states[0].param_groups[0].weight_decay'
07:36:19.474 | WARNING (310020, stable_pretraining.callbacks.cpu_offload) |   - bool at 'optimizer_states[0].param_groups[0].amsgrad'
07:36:19.475 | WARNING (310020, stable_pretraining.callbacks.cpu_offload) |   - bool at 'optimizer_states[0].param_groups[0].maximize'
07:36:19.475 | WARNING (310020, stable_pretraining.callbacks.cpu_offload) |   - NoneType at 'optimizer_states[0].param_groups[0].foreach'
07:36:19.475 | WARNING (310020, stable_pretraining.callbacks.cpu_offload) |   - bool at 'optimizer_states[0].param_groups[0].capturable'
07:36:19.475 | WARNING (310020, stable_pretraining.callbacks.cpu_offload) |   - bool at 'optimizer_states[0].param_groups[0].differentiable'
07:36:19.476 | WARNING (310020, stable_pretraining.callbacks.cpu_offload) | ... (301 more skipped) ...
07:36:19.476 | WARNING (310020, stable_pretraining.callbacks.cpu_offload) | Last 10 skipped objects:
07:36:19.476 | WARNING (310020, stable_pretraining.callbacks.cpu_offload) |   - int at 'optimizer_states[0].param_groups[0].params[298]'
07:36:19.476 | WARNING (310020, stable_pretraining.callbacks.cpu_offload) |   - int at 'lr_schedulers[0].warmup_steps'
07:36:19.477 | WARNING (310020, stable_pretraining.callbacks.cpu_offload) |   - int at 'lr_schedulers[0].max_steps'
07:36:19.477 | WARNING (310020, stable_pretraining.callbacks.cpu_offload) |   - float at 'lr_schedulers[0].warmup_start_lr'
07:36:19.477 | WARNING (310020, stable_pretraining.callbacks.cpu_offload) |   - float at 'lr_schedulers[0].eta_min'
07:36:19.478 | WARNING (310020, stable_pretraining.callbacks.cpu_offload) |   - float at 'lr_schedulers[0].base_lrs[0]'
07:36:19.478 | WARNING (310020, stable_pretraining.callbacks.cpu_offload) |   - int at 'lr_schedulers[0].last_epoch'
07:36:19.478 | WARNING (310020, stable_pretraining.callbacks.cpu_offload) |   - int at 'lr_schedulers[0]._step_count'
07:36:19.478 | WARNING (310020, stable_pretraining.callbacks.cpu_offload) |   - bool at 'lr_schedulers[0]._get_lr_called_within_step'
07:36:19.478 | WARNING (310020, stable_pretraining.callbacks.cpu_offload) |   - float at 'lr_schedulers[0]._last_lr[0]'
07:36:19.479 | INFO    (310020, stable_pretraining.callbacks.cpu_offload) | To see all 321 skipped objects, set log_skipped=True
07:36:19.480 | INFO    (310020, stable_pretraining.callbacks.cpu_offload) | GPU memory after offload:
07:36:19.480 | INFO    (310020, stable_pretraining.callbacks.cpu_offload) |   - Allocated: 0.24 GB
07:36:19.480 | INFO    (310020, stable_pretraining.callbacks.cpu_offload) |   - Reserved: 16.63 GB
07:36:19.480 | INFO    (310020, stable_pretraining.callbacks.cpu_offload) | GPU memory freed: 0.00 GB
07:36:19.481 | SUCCESS (310020, stable_pretraining.callbacks.cpu_offload) | CPUOffloadCallback: Checkpoint #9 completed in 0.50s
07:36:19.481 | INFO    (310020, stable_pretraining.callbacks.cpu_offload) | Successfully processed keys: ['state_dict', 'optimizer_states', 'lr_schedulers']
07:36:19.481 | INFO    (310020, stable_pretraining.callbacks.cpu_offload) | Cumulative stats:
07:36:19.482 | INFO    (310020, stable_pretraining.callbacks.cpu_offload) |   - Total checkpoints saved: 9
07:36:19.482 | INFO    (310020, stable_pretraining.callbacks.cpu_offload) |   - Total time in offload: 6.27s
07:36:19.482 | INFO    (310020, stable_pretraining.callbacks.cpu_offload) |   - Total memory freed: 0.00 GB
07:36:19.484 | INFO    (310020, stable_pretraining.callbacks.cpu_offload) |   - Average time per checkpoint: 0.70s
07:36:19.484 | INFO    (310020, stable_pretraining.callbacks.cpu_offload) | ============================================================
07:36:20.721 | INFO    (310020, stable_pretraining.callbacks.checkpoint_sklearn) | Checking for non PyTorch modules to save... 🔧
07:36:20.721 | INFO    (310020, stable_pretraining.callbacks.checkpoint_sklearn) | Checking for Wandb params to save... 🔧
07:36:20.722 | INFO    (310020, stable_pretraining.callbacks.checkpoint_sklearn) | Saving Wandb params {'id': 'lewm_lp_pusht_expert_mu-2'}
07:36:20.722 | INFO    (310020, stable_pretraining.callbacks.checkpoint_sklearn) | Checking for Wandb params to save... Done!
07:36:20.722 | INFO    (310020, stable_pretraining.callbacks.cpu_offload) | ============================================================
07:36:20.722 | INFO    (310020, stable_pretraining.callbacks.cpu_offload) | CPUOffloadCallback: Starting checkpoint CPU offload (#10)
07:36:20.723 | INFO    (310020, stable_pretraining.callbacks.cpu_offload) |   - Global step: 17415
07:36:20.723 | INFO    (310020, stable_pretraining.callbacks.cpu_offload) |   - Epoch: 4
07:36:20.723 | INFO    (310020, stable_pretraining.callbacks.cpu_offload) | Checkpoint contains 11 keys: ['callbacks', 'epoch', 'global_step', 'hparams_name', 'hyper_parameters', 'loops', 'lr_schedulers', 'optimizer_states', 'pytorch-lightning_version', 'state_dict', 'wandb']
07:36:20.724 | INFO    (310020, stable_pretraining.callbacks.cpu_offload) | GPU memory before offload:
07:36:20.724 | INFO    (310020, stable_pretraining.callbacks.cpu_offload) |   - Allocated: 0.24 GB
07:36:20.725 | INFO    (310020, stable_pretraining.callbacks.cpu_offload) |   - Reserved: 16.63 GB
07:36:20.725 | INFO    (310020, stable_pretraining.callbacks.cpu_offload) | Processing checkpoint key: 'state_dict'
07:36:20.874 | SUCCESS (310020, stable_pretraining.callbacks.cpu_offload) | ✓ Completed 'state_dict' in 0.15s
07:36:20.875 | INFO    (310020, stable_pretraining.callbacks.cpu_offload) | Processing checkpoint key: 'optimizer_states'
07:36:21.153 | SUCCESS (310020, stable_pretraining.callbacks.cpu_offload) | ✓ Completed 'optimizer_states' in 0.28s
07:36:21.153 | INFO    (310020, stable_pretraining.callbacks.cpu_offload) | Processing checkpoint key: 'lr_schedulers'
07:36:21.154 | SUCCESS (310020, stable_pretraining.callbacks.cpu_offload) | ✓ Completed 'lr_schedulers' in 0.00s
07:36:21.154 | WARNING (310020, stable_pretraining.callbacks.cpu_offload) | Skipped 321 custom object(s)
07:36:21.154 | WARNING (310020, stable_pretraining.callbacks.cpu_offload) | First 10 skipped objects:
07:36:21.154 | WARNING (310020, stable_pretraining.callbacks.cpu_offload) |   - float at 'optimizer_states[0].param_groups[0].lr'
07:36:21.154 | WARNING (310020, stable_pretraining.callbacks.cpu_offload) |   - float at 'optimizer_states[0].param_groups[0].betas[0]'
07:36:21.155 | WARNING (310020, stable_pretraining.callbacks.cpu_offload) |   - float at 'optimizer_states[0].param_groups[0].betas[1]'
07:36:21.155 | WARNING (310020, stable_pretraining.callbacks.cpu_offload) |   - float at 'optimizer_states[0].param_groups[0].eps'
07:36:21.155 | WARNING (310020, stable_pretraining.callbacks.cpu_offload) |   - float at 'optimizer_states[0].param_groups[0].weight_decay'
07:36:21.155 | WARNING (310020, stable_pretraining.callbacks.cpu_offload) |   - bool at 'optimizer_states[0].param_groups[0].amsgrad'
07:36:21.155 | WARNING (310020, stable_pretraining.callbacks.cpu_offload) |   - bool at 'optimizer_states[0].param_groups[0].maximize'
07:36:21.155 | WARNING (310020, stable_pretraining.callbacks.cpu_offload) |   - NoneType at 'optimizer_states[0].param_groups[0].foreach'
07:36:21.156 | WARNING (310020, stable_pretraining.callbacks.cpu_offload) |   - bool at 'optimizer_states[0].param_groups[0].capturable'
07:36:21.156 | WARNING (310020, stable_pretraining.callbacks.cpu_offload) |   - bool at 'optimizer_states[0].param_groups[0].differentiable'
07:36:21.156 | WARNING (310020, stable_pretraining.callbacks.cpu_offload) | ... (301 more skipped) ...
07:36:21.156 | WARNING (310020, stable_pretraining.callbacks.cpu_offload) | Last 10 skipped objects:
07:36:21.156 | WARNING (310020, stable_pretraining.callbacks.cpu_offload) |   - int at 'optimizer_states[0].param_groups[0].params[298]'
07:36:21.158 | WARNING (310020, stable_pretraining.callbacks.cpu_offload) |   - int at 'lr_schedulers[0].warmup_steps'
07:36:21.158 | WARNING (310020, stable_pretraining.callbacks.cpu_offload) |   - int at 'lr_schedulers[0].max_steps'
07:36:21.159 | WARNING (310020, stable_pretraining.callbacks.cpu_offload) |   - float at 'lr_schedulers[0].warmup_start_lr'
07:36:21.159 | WARNING (310020, stable_pretraining.callbacks.cpu_offload) |   - float at 'lr_schedulers[0].eta_min'
07:36:21.159 | WARNING (310020, stable_pretraining.callbacks.cpu_offload) |   - float at 'lr_schedulers[0].base_lrs[0]'
07:36:21.159 | WARNING (310020, stable_pretraining.callbacks.cpu_offload) |   - int at 'lr_schedulers[0].last_epoch'
07:36:21.159 | WARNING (310020, stable_pretraining.callbacks.cpu_offload) |   - int at 'lr_schedulers[0]._step_count'
07:36:21.159 | WARNING (310020, stable_pretraining.callbacks.cpu_offload) |   - bool at 'lr_schedulers[0]._get_lr_called_within_step'
07:36:21.160 | WARNING (310020, stable_pretraining.callbacks.cpu_offload) |   - float at 'lr_schedulers[0]._last_lr[0]'
07:36:21.160 | INFO    (310020, stable_pretraining.callbacks.cpu_offload) | To see all 321 skipped objects, set log_skipped=True
07:36:21.160 | INFO    (310020, stable_pretraining.callbacks.cpu_offload) | GPU memory after offload:
07:36:21.161 | INFO    (310020, stable_pretraining.callbacks.cpu_offload) |   - Allocated: 0.24 GB
07:36:21.161 | INFO    (310020, stable_pretraining.callbacks.cpu_offload) |   - Reserved: 16.63 GB
07:36:21.161 | INFO    (310020, stable_pretraining.callbacks.cpu_offload) | GPU memory freed: 0.00 GB
07:36:21.161 | SUCCESS (310020, stable_pretraining.callbacks.cpu_offload) | CPUOffloadCallback: Checkpoint #10 completed in 0.44s
07:36:21.161 | INFO    (310020, stable_pretraining.callbacks.cpu_offload) | Successfully processed keys: ['state_dict', 'optimizer_states', 'lr_schedulers']
07:36:21.161 | INFO    (310020, stable_pretraining.callbacks.cpu_offload) | Cumulative stats:
07:36:21.161 | INFO    (310020, stable_pretraining.callbacks.cpu_offload) |   - Total checkpoints saved: 10
07:36:21.162 | INFO    (310020, stable_pretraining.callbacks.cpu_offload) |   - Total time in offload: 6.71s
07:36:21.162 | INFO    (310020, stable_pretraining.callbacks.cpu_offload) |   - Total memory freed: 0.00 GB
07:36:21.162 | INFO    (310020, stable_pretraining.callbacks.cpu_offload) |   - Average time per checkpoint: 0.67s
07:36:21.162 | INFO    (310020, stable_pretraining.callbacks.cpu_offload) | ============================================================
08:05:54.739 | WARNING (310020, stable_pretraining.module) | You are calling self.parameters which also gives callbacks parameters, to remove then, pass `with_callbacks=False`
08:09:26.794 | INFO    (310020, stable_pretraining.callbacks.trainer_info) | \n+----------------------------+------------------------+
|           Metric           |         Value          |
+----------------------------+------------------------+
|          [0;34;40mfit/loss[0m          | [0;32;40m0.0011795650934800506[0m  |
|       [0;34;40mfit/pred_loss[0m        | [0;32;40m0.0001654214138397947[0m  |
|      [0;34;40mfit/rdmreg_loss[0m       |  [0;32;40m0.001014143694192171[0m  |
|       [0;34;40mvalidate/loss[0m        |  [0;32;40m0.001362372888252139[0m  |
|    [0;34;40mvalidate/loss_epoch[0m     |  [0;32;40m0.001362372888252139[0m  |
|     [0;34;40mvalidate/pred_loss[0m     | [0;32;40m0.00015008461195975542[0m |
|  [0;34;40mvalidate/pred_loss_epoch[0m  | [0;32;40m0.00015008461195975542[0m |
|    [0;34;40mvalidate/rdmreg_loss[0m    | [0;32;40m0.0012122886255383492[0m  |
| [0;34;40mvalidate/rdmreg_loss_epoch[0m | [0;32;40m0.0012122886255383492[0m  |
+----------------------------+------------------------+
08:09:27.057 | INFO    (310020, stable_pretraining.callbacks.checkpoint_sklearn) | Checking for non PyTorch modules to save... 🔧
08:09:27.058 | INFO    (310020, stable_pretraining.callbacks.checkpoint_sklearn) | Checking for Wandb params to save... 🔧
08:09:27.058 | INFO    (310020, stable_pretraining.callbacks.checkpoint_sklearn) | Saving Wandb params {'id': 'lewm_lp_pusht_expert_mu-2'}
08:09:27.058 | INFO    (310020, stable_pretraining.callbacks.checkpoint_sklearn) | Checking for Wandb params to save... Done!
08:09:27.058 | INFO    (310020, stable_pretraining.callbacks.cpu_offload) | ============================================================
08:09:27.058 | INFO    (310020, stable_pretraining.callbacks.cpu_offload) | CPUOffloadCallback: Starting checkpoint CPU offload (#11)
08:09:27.059 | INFO    (310020, stable_pretraining.callbacks.cpu_offload) |   - Global step: 20898
08:09:27.059 | INFO    (310020, stable_pretraining.callbacks.cpu_offload) |   - Epoch: 5
08:09:27.059 | INFO    (310020, stable_pretraining.callbacks.cpu_offload) | Checkpoint contains 11 keys: ['callbacks', 'epoch', 'global_step', 'hparams_name', 'hyper_parameters', 'loops', 'lr_schedulers', 'optimizer_states', 'pytorch-lightning_version', 'state_dict', 'wandb']
08:09:27.060 | INFO    (310020, stable_pretraining.callbacks.cpu_offload) | GPU memory before offload:
08:09:27.060 | INFO    (310020, stable_pretraining.callbacks.cpu_offload) |   - Allocated: 0.24 GB
08:09:27.060 | INFO    (310020, stable_pretraining.callbacks.cpu_offload) |   - Reserved: 16.63 GB
08:09:27.060 | INFO    (310020, stable_pretraining.callbacks.cpu_offload) | Processing checkpoint key: 'state_dict'
08:09:27.216 | SUCCESS (310020, stable_pretraining.callbacks.cpu_offload) | ✓ Completed 'state_dict' in 0.16s
08:09:27.216 | INFO    (310020, stable_pretraining.callbacks.cpu_offload) | Processing checkpoint key: 'optimizer_states'
08:09:27.640 | SUCCESS (310020, stable_pretraining.callbacks.cpu_offload) | ✓ Completed 'optimizer_states' in 0.42s
08:09:27.640 | INFO    (310020, stable_pretraining.callbacks.cpu_offload) | Processing checkpoint key: 'lr_schedulers'
08:09:27.641 | SUCCESS (310020, stable_pretraining.callbacks.cpu_offload) | ✓ Completed 'lr_schedulers' in 0.00s
08:09:27.641 | WARNING (310020, stable_pretraining.callbacks.cpu_offload) | Skipped 321 custom object(s)
08:09:27.641 | WARNING (310020, stable_pretraining.callbacks.cpu_offload) | First 10 skipped objects:
08:09:27.641 | WARNING (310020, stable_pretraining.callbacks.cpu_offload) |   - float at 'optimizer_states[0].param_groups[0].lr'
08:09:27.641 | WARNING (310020, stable_pretraining.callbacks.cpu_offload) |   - float at 'optimizer_states[0].param_groups[0].betas[0]'
08:09:27.641 | WARNING (310020, stable_pretraining.callbacks.cpu_offload) |   - float at 'optimizer_states[0].param_groups[0].betas[1]'
08:09:27.642 | WARNING (310020, stable_pretraining.callbacks.cpu_offload) |   - float at 'optimizer_states[0].param_groups[0].eps'
08:09:27.642 | WARNING (310020, stable_pretraining.callbacks.cpu_offload) |   - float at 'optimizer_states[0].param_groups[0].weight_decay'
08:09:27.642 | WARNING (310020, stable_pretraining.callbacks.cpu_offload) |   - bool at 'optimizer_states[0].param_groups[0].amsgrad'
08:09:27.642 | WARNING (310020, stable_pretraining.callbacks.cpu_offload) |   - bool at 'optimizer_states[0].param_groups[0].maximize'
08:09:27.642 | WARNING (310020, stable_pretraining.callbacks.cpu_offload) |   - NoneType at 'optimizer_states[0].param_groups[0].foreach'
08:09:27.642 | WARNING (310020, stable_pretraining.callbacks.cpu_offload) |   - bool at 'optimizer_states[0].param_groups[0].capturable'
08:09:27.642 | WARNING (310020, stable_pretraining.callbacks.cpu_offload) |   - bool at 'optimizer_states[0].param_groups[0].differentiable'
08:09:27.642 | WARNING (310020, stable_pretraining.callbacks.cpu_offload) | ... (301 more skipped) ...
08:09:27.643 | WARNING (310020, stable_pretraining.callbacks.cpu_offload) | Last 10 skipped objects:
08:09:27.643 | WARNING (310020, stable_pretraining.callbacks.cpu_offload) |   - int at 'optimizer_states[0].param_groups[0].params[298]'
08:09:27.643 | WARNING (310020, stable_pretraining.callbacks.cpu_offload) |   - int at 'lr_schedulers[0].warmup_steps'
08:09:27.643 | WARNING (310020, stable_pretraining.callbacks.cpu_offload) |   - int at 'lr_schedulers[0].max_steps'
08:09:27.643 | WARNING (310020, stable_pretraining.callbacks.cpu_offload) |   - float at 'lr_schedulers[0].warmup_start_lr'
08:09:27.644 | WARNING (310020, stable_pretraining.callbacks.cpu_offload) |   - float at 'lr_schedulers[0].eta_min'
08:09:27.644 | WARNING (310020, stable_pretraining.callbacks.cpu_offload) |   - float at 'lr_schedulers[0].base_lrs[0]'
08:09:27.644 | WARNING (310020, stable_pretraining.callbacks.cpu_offload) |   - int at 'lr_schedulers[0].last_epoch'
08:09:27.644 | WARNING (310020, stable_pretraining.callbacks.cpu_offload) |   - int at 'lr_schedulers[0]._step_count'
08:09:27.644 | WARNING (310020, stable_pretraining.callbacks.cpu_offload) |   - bool at 'lr_schedulers[0]._get_lr_called_within_step'
08:09:27.645 | WARNING (310020, stable_pretraining.callbacks.cpu_offload) |   - float at 'lr_schedulers[0]._last_lr[0]'
08:09:27.645 | INFO    (310020, stable_pretraining.callbacks.cpu_offload) | To see all 321 skipped objects, set log_skipped=True
08:09:27.646 | INFO    (310020, stable_pretraining.callbacks.cpu_offload) | GPU memory after offload:
08:09:27.646 | INFO    (310020, stable_pretraining.callbacks.cpu_offload) |   - Allocated: 0.24 GB
08:09:27.646 | INFO    (310020, stable_pretraining.callbacks.cpu_offload) |   - Reserved: 16.63 GB
08:09:27.646 | INFO    (310020, stable_pretraining.callbacks.cpu_offload) | GPU memory freed: 0.00 GB
08:09:27.646 | SUCCESS (310020, stable_pretraining.callbacks.cpu_offload) | CPUOffloadCallback: Checkpoint #11 completed in 0.59s
08:09:27.647 | INFO    (310020, stable_pretraining.callbacks.cpu_offload) | Successfully processed keys: ['state_dict', 'optimizer_states', 'lr_schedulers']
08:09:27.647 | INFO    (310020, stable_pretraining.callbacks.cpu_offload) | Cumulative stats:
08:09:27.647 | INFO    (310020, stable_pretraining.callbacks.cpu_offload) |   - Total checkpoints saved: 11
08:09:27.647 | INFO    (310020, stable_pretraining.callbacks.cpu_offload) |   - Total time in offload: 7.29s
08:09:27.647 | INFO    (310020, stable_pretraining.callbacks.cpu_offload) |   - Total memory freed: 0.00 GB
08:09:27.647 | INFO    (310020, stable_pretraining.callbacks.cpu_offload) |   - Average time per checkpoint: 0.66s
08:09:27.648 | INFO    (310020, stable_pretraining.callbacks.cpu_offload) | ============================================================
08:09:28.944 | INFO    (310020, stable_pretraining.callbacks.checkpoint_sklearn) | Checking for non PyTorch modules to save... 🔧
08:09:28.944 | INFO    (310020, stable_pretraining.callbacks.checkpoint_sklearn) | Checking for Wandb params to save... 🔧
08:09:28.945 | INFO    (310020, stable_pretraining.callbacks.checkpoint_sklearn) | Saving Wandb params {'id': 'lewm_lp_pusht_expert_mu-2'}
08:09:28.945 | INFO    (310020, stable_pretraining.callbacks.checkpoint_sklearn) | Checking for Wandb params to save... Done!
08:09:28.945 | INFO    (310020, stable_pretraining.callbacks.cpu_offload) | ============================================================
08:09:28.945 | INFO    (310020, stable_pretraining.callbacks.cpu_offload) | CPUOffloadCallback: Starting checkpoint CPU offload (#12)
08:09:28.945 | INFO    (310020, stable_pretraining.callbacks.cpu_offload) |   - Global step: 20898
08:09:28.945 | INFO    (310020, stable_pretraining.callbacks.cpu_offload) |   - Epoch: 5
08:09:28.946 | INFO    (310020, stable_pretraining.callbacks.cpu_offload) | Checkpoint contains 11 keys: ['callbacks', 'epoch', 'global_step', 'hparams_name', 'hyper_parameters', 'loops', 'lr_schedulers', 'optimizer_states', 'pytorch-lightning_version', 'state_dict', 'wandb']
08:09:28.946 | INFO    (310020, stable_pretraining.callbacks.cpu_offload) | GPU memory before offload:
08:09:28.946 | INFO    (310020, stable_pretraining.callbacks.cpu_offload) |   - Allocated: 0.24 GB
08:09:28.946 | INFO    (310020, stable_pretraining.callbacks.cpu_offload) |   - Reserved: 16.63 GB
08:09:28.947 | INFO    (310020, stable_pretraining.callbacks.cpu_offload) | Processing checkpoint key: 'state_dict'
08:09:29.077 | SUCCESS (310020, stable_pretraining.callbacks.cpu_offload) | ✓ Completed 'state_dict' in 0.13s
08:09:29.077 | INFO    (310020, stable_pretraining.callbacks.cpu_offload) | Processing checkpoint key: 'optimizer_states'
08:09:29.347 | SUCCESS (310020, stable_pretraining.callbacks.cpu_offload) | ✓ Completed 'optimizer_states' in 0.27s
08:09:29.348 | INFO    (310020, stable_pretraining.callbacks.cpu_offload) | Processing checkpoint key: 'lr_schedulers'
08:09:29.348 | SUCCESS (310020, stable_pretraining.callbacks.cpu_offload) | ✓ Completed 'lr_schedulers' in 0.00s
08:09:29.348 | WARNING (310020, stable_pretraining.callbacks.cpu_offload) | Skipped 321 custom object(s)
08:09:29.349 | WARNING (310020, stable_pretraining.callbacks.cpu_offload) | First 10 skipped objects:
08:09:29.349 | WARNING (310020, stable_pretraining.callbacks.cpu_offload) |   - float at 'optimizer_states[0].param_groups[0].lr'
08:09:29.349 | WARNING (310020, stable_pretraining.callbacks.cpu_offload) |   - float at 'optimizer_states[0].param_groups[0].betas[0]'
08:09:29.349 | WARNING (310020, stable_pretraining.callbacks.cpu_offload) |   - float at 'optimizer_states[0].param_groups[0].betas[1]'
08:09:29.350 | WARNING (310020, stable_pretraining.callbacks.cpu_offload) |   - float at 'optimizer_states[0].param_groups[0].eps'
08:09:29.350 | WARNING (310020, stable_pretraining.callbacks.cpu_offload) |   - float at 'optimizer_states[0].param_groups[0].weight_decay'
08:09:29.350 | WARNING (310020, stable_pretraining.callbacks.cpu_offload) |   - bool at 'optimizer_states[0].param_groups[0].amsgrad'
08:09:29.350 | WARNING (310020, stable_pretraining.callbacks.cpu_offload) |   - bool at 'optimizer_states[0].param_groups[0].maximize'
08:09:29.351 | WARNING (310020, stable_pretraining.callbacks.cpu_offload) |   - NoneType at 'optimizer_states[0].param_groups[0].foreach'
08:09:29.351 | WARNING (310020, stable_pretraining.callbacks.cpu_offload) |   - bool at 'optimizer_states[0].param_groups[0].capturable'
08:09:29.351 | WARNING (310020, stable_pretraining.callbacks.cpu_offload) |   - bool at 'optimizer_states[0].param_groups[0].differentiable'
08:09:29.351 | WARNING (310020, stable_pretraining.callbacks.cpu_offload) | ... (301 more skipped) ...
08:09:29.352 | WARNING (310020, stable_pretraining.callbacks.cpu_offload) | Last 10 skipped objects:
08:09:29.352 | WARNING (310020, stable_pretraining.callbacks.cpu_offload) |   - int at 'optimizer_states[0].param_groups[0].params[298]'
08:09:29.352 | WARNING (310020, stable_pretraining.callbacks.cpu_offload) |   - int at 'lr_schedulers[0].warmup_steps'
08:09:29.352 | WARNING (310020, stable_pretraining.callbacks.cpu_offload) |   - int at 'lr_schedulers[0].max_steps'
08:09:29.352 | WARNING (310020, stable_pretraining.callbacks.cpu_offload) |   - float at 'lr_schedulers[0].warmup_start_lr'
08:09:29.353 | WARNING (310020, stable_pretraining.callbacks.cpu_offload) |   - float at 'lr_schedulers[0].eta_min'
08:09:29.353 | WARNING (310020, stable_pretraining.callbacks.cpu_offload) |   - float at 'lr_schedulers[0].base_lrs[0]'
08:09:29.353 | WARNING (310020, stable_pretraining.callbacks.cpu_offload) |   - int at 'lr_schedulers[0].last_epoch'
08:09:29.353 | WARNING (310020, stable_pretraining.callbacks.cpu_offload) |   - int at 'lr_schedulers[0]._step_count'
08:09:29.354 | WARNING (310020, stable_pretraining.callbacks.cpu_offload) |   - bool at 'lr_schedulers[0]._get_lr_called_within_step'
08:09:29.354 | WARNING (310020, stable_pretraining.callbacks.cpu_offload) |   - float at 'lr_schedulers[0]._last_lr[0]'
08:09:29.354 | INFO    (310020, stable_pretraining.callbacks.cpu_offload) | To see all 321 skipped objects, set log_skipped=True
08:09:29.355 | INFO    (310020, stable_pretraining.callbacks.cpu_offload) | GPU memory after offload:
08:09:29.356 | INFO    (310020, stable_pretraining.callbacks.cpu_offload) |   - Allocated: 0.24 GB
08:09:29.356 | INFO    (310020, stable_pretraining.callbacks.cpu_offload) |   - Reserved: 16.63 GB
08:09:29.356 | INFO    (310020, stable_pretraining.callbacks.cpu_offload) | GPU memory freed: 0.00 GB
08:09:29.357 | SUCCESS (310020, stable_pretraining.callbacks.cpu_offload) | CPUOffloadCallback: Checkpoint #12 completed in 0.41s
08:09:29.357 | INFO    (310020, stable_pretraining.callbacks.cpu_offload) | Successfully processed keys: ['state_dict', 'optimizer_states', 'lr_schedulers']
08:09:29.357 | INFO    (310020, stable_pretraining.callbacks.cpu_offload) | Cumulative stats:
08:09:29.358 | INFO    (310020, stable_pretraining.callbacks.cpu_offload) |   - Total checkpoints saved: 12
08:09:29.358 | INFO    (310020, stable_pretraining.callbacks.cpu_offload) |   - Total time in offload: 7.71s
08:09:29.359 | INFO    (310020, stable_pretraining.callbacks.cpu_offload) |   - Total memory freed: 0.00 GB
08:09:29.359 | INFO    (310020, stable_pretraining.callbacks.cpu_offload) |   - Average time per checkpoint: 0.64s
08:09:29.359 | INFO    (310020, stable_pretraining.callbacks.cpu_offload) | ============================================================
08:37:54.448 | WARNING (310020, stable_pretraining.module) | You are calling self.parameters which also gives callbacks parameters, to remove then, pass `with_callbacks=False`
08:41:23.751 | INFO    (310020, stable_pretraining.callbacks.trainer_info) | \n+----------------------------+------------------------+
|           Metric           |         Value          |
+----------------------------+------------------------+
|          [0;34;40mfit/loss[0m          | [0;32;40m0.0012800515396520495[0m  |
|       [0;34;40mfit/pred_loss[0m        | [0;32;40m0.00016181492537725717[0m |
|      [0;34;40mfit/rdmreg_loss[0m       | [0;32;40m0.0011182365706190467[0m  |
|       [0;34;40mvalidate/loss[0m        | [0;32;40m0.0012937979772686958[0m  |
|    [0;34;40mvalidate/loss_epoch[0m     | [0;32;40m0.0012937979772686958[0m  |
|     [0;34;40mvalidate/pred_loss[0m     | [0;32;40m0.00012527666694950312[0m |
|  [0;34;40mvalidate/pred_loss_epoch[0m  | [0;32;40m0.00012527666694950312[0m |
|    [0;34;40mvalidate/rdmreg_loss[0m    | [0;32;40m0.0011685218196362257[0m  |
| [0;34;40mvalidate/rdmreg_loss_epoch[0m | [0;32;40m0.0011685218196362257[0m  |
+----------------------------+------------------------+
08:41:24.034 | INFO    (310020, stable_pretraining.callbacks.checkpoint_sklearn) | Checking for non PyTorch modules to save... 🔧
08:41:24.035 | INFO    (310020, stable_pretraining.callbacks.checkpoint_sklearn) | Checking for Wandb params to save... 🔧
08:41:24.035 | INFO    (310020, stable_pretraining.callbacks.checkpoint_sklearn) | Saving Wandb params {'id': 'lewm_lp_pusht_expert_mu-2'}
08:41:24.035 | INFO    (310020, stable_pretraining.callbacks.checkpoint_sklearn) | Checking for Wandb params to save... Done!
08:41:24.036 | INFO    (310020, stable_pretraining.callbacks.cpu_offload) | ============================================================
08:41:24.036 | INFO    (310020, stable_pretraining.callbacks.cpu_offload) | CPUOffloadCallback: Starting checkpoint CPU offload (#13)
08:41:24.036 | INFO    (310020, stable_pretraining.callbacks.cpu_offload) |   - Global step: 24381
08:41:24.037 | INFO    (310020, stable_pretraining.callbacks.cpu_offload) |   - Epoch: 6
08:41:24.037 | INFO    (310020, stable_pretraining.callbacks.cpu_offload) | Checkpoint contains 11 keys: ['callbacks', 'epoch', 'global_step', 'hparams_name', 'hyper_parameters', 'loops', 'lr_schedulers', 'optimizer_states', 'pytorch-lightning_version', 'state_dict', 'wandb']
08:41:24.037 | INFO    (310020, stable_pretraining.callbacks.cpu_offload) | GPU memory before offload:
08:41:24.037 | INFO    (310020, stable_pretraining.callbacks.cpu_offload) |   - Allocated: 0.24 GB
08:41:24.038 | INFO    (310020, stable_pretraining.callbacks.cpu_offload) |   - Reserved: 16.63 GB
08:41:24.038 | INFO    (310020, stable_pretraining.callbacks.cpu_offload) | Processing checkpoint key: 'state_dict'
08:41:24.222 | SUCCESS (310020, stable_pretraining.callbacks.cpu_offload) | ✓ Completed 'state_dict' in 0.18s
08:41:24.223 | INFO    (310020, stable_pretraining.callbacks.cpu_offload) | Processing checkpoint key: 'optimizer_states'
08:41:24.607 | SUCCESS (310020, stable_pretraining.callbacks.cpu_offload) | ✓ Completed 'optimizer_states' in 0.38s
08:41:24.608 | INFO    (310020, stable_pretraining.callbacks.cpu_offload) | Processing checkpoint key: 'lr_schedulers'
08:41:24.608 | SUCCESS (310020, stable_pretraining.callbacks.cpu_offload) | ✓ Completed 'lr_schedulers' in 0.00s
08:41:24.609 | WARNING (310020, stable_pretraining.callbacks.cpu_offload) | Skipped 321 custom object(s)
08:41:24.609 | WARNING (310020, stable_pretraining.callbacks.cpu_offload) | First 10 skipped objects:
08:41:24.609 | WARNING (310020, stable_pretraining.callbacks.cpu_offload) |   - float at 'optimizer_states[0].param_groups[0].lr'
08:41:24.610 | WARNING (310020, stable_pretraining.callbacks.cpu_offload) |   - float at 'optimizer_states[0].param_groups[0].betas[0]'
08:41:24.610 | WARNING (310020, stable_pretraining.callbacks.cpu_offload) |   - float at 'optimizer_states[0].param_groups[0].betas[1]'
08:41:24.610 | WARNING (310020, stable_pretraining.callbacks.cpu_offload) |   - float at 'optimizer_states[0].param_groups[0].eps'
08:41:24.610 | WARNING (310020, stable_pretraining.callbacks.cpu_offload) |   - float at 'optimizer_states[0].param_groups[0].weight_decay'
08:41:24.610 | WARNING (310020, stable_pretraining.callbacks.cpu_offload) |   - bool at 'optimizer_states[0].param_groups[0].amsgrad'
08:41:24.611 | WARNING (310020, stable_pretraining.callbacks.cpu_offload) |   - bool at 'optimizer_states[0].param_groups[0].maximize'
08:41:24.611 | WARNING (310020, stable_pretraining.callbacks.cpu_offload) |   - NoneType at 'optimizer_states[0].param_groups[0].foreach'
08:41:24.611 | WARNING (310020, stable_pretraining.callbacks.cpu_offload) |   - bool at 'optimizer_states[0].param_groups[0].capturable'
08:41:24.611 | WARNING (310020, stable_pretraining.callbacks.cpu_offload) |   - bool at 'optimizer_states[0].param_groups[0].differentiable'
08:41:24.611 | WARNING (310020, stable_pretraining.callbacks.cpu_offload) | ... (301 more skipped) ...
08:41:24.611 | WARNING (310020, stable_pretraining.callbacks.cpu_offload) | Last 10 skipped objects:
08:41:24.612 | WARNING (310020, stable_pretraining.callbacks.cpu_offload) |   - int at 'optimizer_states[0].param_groups[0].params[298]'
08:41:24.612 | WARNING (310020, stable_pretraining.callbacks.cpu_offload) |   - int at 'lr_schedulers[0].warmup_steps'
08:41:24.612 | WARNING (310020, stable_pretraining.callbacks.cpu_offload) |   - int at 'lr_schedulers[0].max_steps'
08:41:24.612 | WARNING (310020, stable_pretraining.callbacks.cpu_offload) |   - float at 'lr_schedulers[0].warmup_start_lr'
08:41:24.612 | WARNING (310020, stable_pretraining.callbacks.cpu_offload) |   - float at 'lr_schedulers[0].eta_min'
08:41:24.613 | WARNING (310020, stable_pretraining.callbacks.cpu_offload) |   - float at 'lr_schedulers[0].base_lrs[0]'
08:41:24.613 | WARNING (310020, stable_pretraining.callbacks.cpu_offload) |   - int at 'lr_schedulers[0].last_epoch'
08:41:24.613 | WARNING (310020, stable_pretraining.callbacks.cpu_offload) |   - int at 'lr_schedulers[0]._step_count'
08:41:24.613 | WARNING (310020, stable_pretraining.callbacks.cpu_offload) |   - bool at 'lr_schedulers[0]._get_lr_called_within_step'
08:41:24.613 | WARNING (310020, stable_pretraining.callbacks.cpu_offload) |   - float at 'lr_schedulers[0]._last_lr[0]'
08:41:24.614 | INFO    (310020, stable_pretraining.callbacks.cpu_offload) | To see all 321 skipped objects, set log_skipped=True
08:41:24.614 | INFO    (310020, stable_pretraining.callbacks.cpu_offload) | GPU memory after offload:
08:41:24.615 | INFO    (310020, stable_pretraining.callbacks.cpu_offload) |   - Allocated: 0.24 GB
08:41:24.615 | INFO    (310020, stable_pretraining.callbacks.cpu_offload) |   - Reserved: 16.63 GB
08:41:24.615 | INFO    (310020, stable_pretraining.callbacks.cpu_offload) | GPU memory freed: 0.00 GB
08:41:24.615 | SUCCESS (310020, stable_pretraining.callbacks.cpu_offload) | CPUOffloadCallback: Checkpoint #13 completed in 0.58s
08:41:24.615 | INFO    (310020, stable_pretraining.callbacks.cpu_offload) | Successfully processed keys: ['state_dict', 'optimizer_states', 'lr_schedulers']
08:41:24.616 | INFO    (310020, stable_pretraining.callbacks.cpu_offload) | Cumulative stats:
08:41:24.616 | INFO    (310020, stable_pretraining.callbacks.cpu_offload) |   - Total checkpoints saved: 13
08:41:24.616 | INFO    (310020, stable_pretraining.callbacks.cpu_offload) |   - Total time in offload: 8.29s
08:41:24.616 | INFO    (310020, stable_pretraining.callbacks.cpu_offload) |   - Total memory freed: 0.00 GB
08:41:24.616 | INFO    (310020, stable_pretraining.callbacks.cpu_offload) |   - Average time per checkpoint: 0.64s
08:41:24.616 | INFO    (310020, stable_pretraining.callbacks.cpu_offload) | ============================================================
08:41:26.032 | INFO    (310020, stable_pretraining.callbacks.checkpoint_sklearn) | Checking for non PyTorch modules to save... 🔧
08:41:26.033 | INFO    (310020, stable_pretraining.callbacks.checkpoint_sklearn) | Checking for Wandb params to save... 🔧
08:41:26.033 | INFO    (310020, stable_pretraining.callbacks.checkpoint_sklearn) | Saving Wandb params {'id': 'lewm_lp_pusht_expert_mu-2'}
08:41:26.033 | INFO    (310020, stable_pretraining.callbacks.checkpoint_sklearn) | Checking for Wandb params to save... Done!
08:41:26.034 | INFO    (310020, stable_pretraining.callbacks.cpu_offload) | ============================================================
08:41:26.034 | INFO    (310020, stable_pretraining.callbacks.cpu_offload) | CPUOffloadCallback: Starting checkpoint CPU offload (#14)
08:41:26.034 | INFO    (310020, stable_pretraining.callbacks.cpu_offload) |   - Global step: 24381
08:41:26.034 | INFO    (310020, stable_pretraining.callbacks.cpu_offload) |   - Epoch: 6
08:41:26.035 | INFO    (310020, stable_pretraining.callbacks.cpu_offload) | Checkpoint contains 11 keys: ['callbacks', 'epoch', 'global_step', 'hparams_name', 'hyper_parameters', 'loops', 'lr_schedulers', 'optimizer_states', 'pytorch-lightning_version', 'state_dict', 'wandb']
08:41:26.035 | INFO    (310020, stable_pretraining.callbacks.cpu_offload) | GPU memory before offload:
08:41:26.035 | INFO    (310020, stable_pretraining.callbacks.cpu_offload) |   - Allocated: 0.24 GB
08:41:26.036 | INFO    (310020, stable_pretraining.callbacks.cpu_offload) |   - Reserved: 16.63 GB
08:41:26.036 | INFO    (310020, stable_pretraining.callbacks.cpu_offload) | Processing checkpoint key: 'state_dict'
08:41:26.164 | SUCCESS (310020, stable_pretraining.callbacks.cpu_offload) | ✓ Completed 'state_dict' in 0.13s
08:41:26.164 | INFO    (310020, stable_pretraining.callbacks.cpu_offload) | Processing checkpoint key: 'optimizer_states'
08:41:26.461 | SUCCESS (310020, stable_pretraining.callbacks.cpu_offload) | ✓ Completed 'optimizer_states' in 0.30s
08:41:26.462 | INFO    (310020, stable_pretraining.callbacks.cpu_offload) | Processing checkpoint key: 'lr_schedulers'
08:41:26.462 | SUCCESS (310020, stable_pretraining.callbacks.cpu_offload) | ✓ Completed 'lr_schedulers' in 0.00s
08:41:26.462 | WARNING (310020, stable_pretraining.callbacks.cpu_offload) | Skipped 321 custom object(s)
08:41:26.463 | WARNING (310020, stable_pretraining.callbacks.cpu_offload) | First 10 skipped objects:
08:41:26.463 | WARNING (310020, stable_pretraining.callbacks.cpu_offload) |   - float at 'optimizer_states[0].param_groups[0].lr'
08:41:26.463 | WARNING (310020, stable_pretraining.callbacks.cpu_offload) |   - float at 'optimizer_states[0].param_groups[0].betas[0]'
08:41:26.463 | WARNING (310020, stable_pretraining.callbacks.cpu_offload) |   - float at 'optimizer_states[0].param_groups[0].betas[1]'
08:41:26.463 | WARNING (310020, stable_pretraining.callbacks.cpu_offload) |   - float at 'optimizer_states[0].param_groups[0].eps'
08:41:26.464 | WARNING (310020, stable_pretraining.callbacks.cpu_offload) |   - float at 'optimizer_states[0].param_groups[0].weight_decay'
08:41:26.464 | WARNING (310020, stable_pretraining.callbacks.cpu_offload) |   - bool at 'optimizer_states[0].param_groups[0].amsgrad'
08:41:26.464 | WARNING (310020, stable_pretraining.callbacks.cpu_offload) |   - bool at 'optimizer_states[0].param_groups[0].maximize'
08:41:26.464 | WARNING (310020, stable_pretraining.callbacks.cpu_offload) |   - NoneType at 'optimizer_states[0].param_groups[0].foreach'
08:41:26.464 | WARNING (310020, stable_pretraining.callbacks.cpu_offload) |   - bool at 'optimizer_states[0].param_groups[0].capturable'
08:41:26.464 | WARNING (310020, stable_pretraining.callbacks.cpu_offload) |   - bool at 'optimizer_states[0].param_groups[0].differentiable'
08:41:26.464 | WARNING (310020, stable_pretraining.callbacks.cpu_offload) | ... (301 more skipped) ...
08:41:26.464 | WARNING (310020, stable_pretraining.callbacks.cpu_offload) | Last 10 skipped objects:
08:41:26.465 | WARNING (310020, stable_pretraining.callbacks.cpu_offload) |   - int at 'optimizer_states[0].param_groups[0].params[298]'
08:41:26.465 | WARNING (310020, stable_pretraining.callbacks.cpu_offload) |   - int at 'lr_schedulers[0].warmup_steps'
08:41:26.465 | WARNING (310020, stable_pretraining.callbacks.cpu_offload) |   - int at 'lr_schedulers[0].max_steps'
08:41:26.465 | WARNING (310020, stable_pretraining.callbacks.cpu_offload) |   - float at 'lr_schedulers[0].warmup_start_lr'
08:41:26.465 | WARNING (310020, stable_pretraining.callbacks.cpu_offload) |   - float at 'lr_schedulers[0].eta_min'
08:41:26.465 | WARNING (310020, stable_pretraining.callbacks.cpu_offload) |   - float at 'lr_schedulers[0].base_lrs[0]'
08:41:26.466 | WARNING (310020, stable_pretraining.callbacks.cpu_offload) |   - int at 'lr_schedulers[0].last_epoch'
08:41:26.466 | WARNING (310020, stable_pretraining.callbacks.cpu_offload) |   - int at 'lr_schedulers[0]._step_count'
08:41:26.466 | WARNING (310020, stable_pretraining.callbacks.cpu_offload) |   - bool at 'lr_schedulers[0]._get_lr_called_within_step'
08:41:26.466 | WARNING (310020, stable_pretraining.callbacks.cpu_offload) |   - float at 'lr_schedulers[0]._last_lr[0]'
08:41:26.466 | INFO    (310020, stable_pretraining.callbacks.cpu_offload) | To see all 321 skipped objects, set log_skipped=True
08:41:26.467 | INFO    (310020, stable_pretraining.callbacks.cpu_offload) | GPU memory after offload:
08:41:26.467 | INFO    (310020, stable_pretraining.callbacks.cpu_offload) |   - Allocated: 0.24 GB
08:41:26.467 | INFO    (310020, stable_pretraining.callbacks.cpu_offload) |   - Reserved: 16.63 GB
08:41:26.467 | INFO    (310020, stable_pretraining.callbacks.cpu_offload) | GPU memory freed: 0.00 GB
08:41:26.467 | SUCCESS (310020, stable_pretraining.callbacks.cpu_offload) | CPUOffloadCallback: Checkpoint #14 completed in 0.43s
08:41:26.468 | INFO    (310020, stable_pretraining.callbacks.cpu_offload) | Successfully processed keys: ['state_dict', 'optimizer_states', 'lr_schedulers']
08:41:26.468 | INFO    (310020, stable_pretraining.callbacks.cpu_offload) | Cumulative stats:
08:41:26.468 | INFO    (310020, stable_pretraining.callbacks.cpu_offload) |   - Total checkpoints saved: 14
08:41:26.468 | INFO    (310020, stable_pretraining.callbacks.cpu_offload) |   - Total time in offload: 8.72s
08:41:26.468 | INFO    (310020, stable_pretraining.callbacks.cpu_offload) |   - Total memory freed: 0.00 GB
08:41:26.468 | INFO    (310020, stable_pretraining.callbacks.cpu_offload) |   - Average time per checkpoint: 0.62s
08:41:26.469 | INFO    (310020, stable_pretraining.callbacks.cpu_offload) | ============================================================
09:10:31.842 | WARNING (310020, stable_pretraining.module) | You are calling self.parameters which also gives callbacks parameters, to remove then, pass `with_callbacks=False`
09:14:06.236 | INFO    (310020, stable_pretraining.callbacks.trainer_info) | \n+----------------------------+------------------------+
|           Metric           |         Value          |
+----------------------------+------------------------+
|          [0;34;40mfit/loss[0m          | [0;32;40m0.0011477358639240265[0m  |
|       [0;34;40mfit/pred_loss[0m        | [0;32;40m0.00013098702766001225[0m |
|      [0;34;40mfit/rdmreg_loss[0m       | [0;32;40m0.0010167488362640142[0m  |
|       [0;34;40mvalidate/loss[0m        | [0;32;40m0.0012299196096137166[0m  |
|    [0;34;40mvalidate/loss_epoch[0m     | [0;32;40m0.0012299196096137166[0m  |
|     [0;34;40mvalidate/pred_loss[0m     | [0;32;40m9.519868035567924e-05[0m  |
|  [0;34;40mvalidate/pred_loss_epoch[0m  | [0;32;40m9.519868035567924e-05[0m  |
|    [0;34;40mvalidate/rdmreg_loss[0m    | [0;32;40m0.0011347210966050625[0m  |
| [0;34;40mvalidate/rdmreg_loss_epoch[0m | [0;32;40m0.0011347210966050625[0m  |
+----------------------------+------------------------+
09:14:06.500 | INFO    (310020, stable_pretraining.callbacks.checkpoint_sklearn) | Checking for non PyTorch modules to save... 🔧
09:14:06.500 | INFO    (310020, stable_pretraining.callbacks.checkpoint_sklearn) | Checking for Wandb params to save... 🔧
09:14:06.500 | INFO    (310020, stable_pretraining.callbacks.checkpoint_sklearn) | Saving Wandb params {'id': 'lewm_lp_pusht_expert_mu-2'}
09:14:06.500 | INFO    (310020, stable_pretraining.callbacks.checkpoint_sklearn) | Checking for Wandb params to save... Done!
09:14:06.501 | INFO    (310020, stable_pretraining.callbacks.cpu_offload) | ============================================================
09:14:06.501 | INFO    (310020, stable_pretraining.callbacks.cpu_offload) | CPUOffloadCallback: Starting checkpoint CPU offload (#15)
09:14:06.501 | INFO    (310020, stable_pretraining.callbacks.cpu_offload) |   - Global step: 27864
09:14:06.501 | INFO    (310020, stable_pretraining.callbacks.cpu_offload) |   - Epoch: 7
09:14:06.501 | INFO    (310020, stable_pretraining.callbacks.cpu_offload) | Checkpoint contains 11 keys: ['callbacks', 'epoch', 'global_step', 'hparams_name', 'hyper_parameters', 'loops', 'lr_schedulers', 'optimizer_states', 'pytorch-lightning_version', 'state_dict', 'wandb']
09:14:06.502 | INFO    (310020, stable_pretraining.callbacks.cpu_offload) | GPU memory before offload:
09:14:06.502 | INFO    (310020, stable_pretraining.callbacks.cpu_offload) |   - Allocated: 0.24 GB
09:14:06.502 | INFO    (310020, stable_pretraining.callbacks.cpu_offload) |   - Reserved: 16.63 GB
09:14:06.502 | INFO    (310020, stable_pretraining.callbacks.cpu_offload) | Processing checkpoint key: 'state_dict'
09:14:06.709 | SUCCESS (310020, stable_pretraining.callbacks.cpu_offload) | ✓ Completed 'state_dict' in 0.21s
09:14:06.709 | INFO    (310020, stable_pretraining.callbacks.cpu_offload) | Processing checkpoint key: 'optimizer_states'
09:14:07.126 | SUCCESS (310020, stable_pretraining.callbacks.cpu_offload) | ✓ Completed 'optimizer_states' in 0.42s
09:14:07.126 | INFO    (310020, stable_pretraining.callbacks.cpu_offload) | Processing checkpoint key: 'lr_schedulers'
09:14:07.127 | SUCCESS (310020, stable_pretraining.callbacks.cpu_offload) | ✓ Completed 'lr_schedulers' in 0.00s
09:14:07.127 | WARNING (310020, stable_pretraining.callbacks.cpu_offload) | Skipped 321 custom object(s)
09:14:07.127 | WARNING (310020, stable_pretraining.callbacks.cpu_offload) | First 10 skipped objects:
09:14:07.127 | WARNING (310020, stable_pretraining.callbacks.cpu_offload) |   - float at 'optimizer_states[0].param_groups[0].lr'
09:14:07.128 | WARNING (310020, stable_pretraining.callbacks.cpu_offload) |   - float at 'optimizer_states[0].param_groups[0].betas[0]'
09:14:07.128 | WARNING (310020, stable_pretraining.callbacks.cpu_offload) |   - float at 'optimizer_states[0].param_groups[0].betas[1]'
09:14:07.128 | WARNING (310020, stable_pretraining.callbacks.cpu_offload) |   - float at 'optimizer_states[0].param_groups[0].eps'
09:14:07.128 | WARNING (310020, stable_pretraining.callbacks.cpu_offload) |   - float at 'optimizer_states[0].param_groups[0].weight_decay'
09:14:07.128 | WARNING (310020, stable_pretraining.callbacks.cpu_offload) |   - bool at 'optimizer_states[0].param_groups[0].amsgrad'
09:14:07.129 | WARNING (310020, stable_pretraining.callbacks.cpu_offload) |   - bool at 'optimizer_states[0].param_groups[0].maximize'
09:14:07.129 | WARNING (310020, stable_pretraining.callbacks.cpu_offload) |   - NoneType at 'optimizer_states[0].param_groups[0].foreach'
09:14:07.129 | WARNING (310020, stable_pretraining.callbacks.cpu_offload) |   - bool at 'optimizer_states[0].param_groups[0].capturable'
09:14:07.129 | WARNING (310020, stable_pretraining.callbacks.cpu_offload) |   - bool at 'optimizer_states[0].param_groups[0].differentiable'
09:14:07.129 | WARNING (310020, stable_pretraining.callbacks.cpu_offload) | ... (301 more skipped) ...
09:14:07.129 | WARNING (310020, stable_pretraining.callbacks.cpu_offload) | Last 10 skipped objects:
09:14:07.129 | WARNING (310020, stable_pretraining.callbacks.cpu_offload) |   - int at 'optimizer_states[0].param_groups[0].params[298]'
09:14:07.130 | WARNING (310020, stable_pretraining.callbacks.cpu_offload) |   - int at 'lr_schedulers[0].warmup_steps'
09:14:07.130 | WARNING (310020, stable_pretraining.callbacks.cpu_offload) |   - int at 'lr_schedulers[0].max_steps'
09:14:07.130 | WARNING (310020, stable_pretraining.callbacks.cpu_offload) |   - float at 'lr_schedulers[0].warmup_start_lr'
09:14:07.130 | WARNING (310020, stable_pretraining.callbacks.cpu_offload) |   - float at 'lr_schedulers[0].eta_min'
09:14:07.131 | WARNING (310020, stable_pretraining.callbacks.cpu_offload) |   - float at 'lr_schedulers[0].base_lrs[0]'
09:14:07.131 | WARNING (310020, stable_pretraining.callbacks.cpu_offload) |   - int at 'lr_schedulers[0].last_epoch'
09:14:07.131 | WARNING (310020, stable_pretraining.callbacks.cpu_offload) |   - int at 'lr_schedulers[0]._step_count'
09:14:07.131 | WARNING (310020, stable_pretraining.callbacks.cpu_offload) |   - bool at 'lr_schedulers[0]._get_lr_called_within_step'
09:14:07.131 | WARNING (310020, stable_pretraining.callbacks.cpu_offload) |   - float at 'lr_schedulers[0]._last_lr[0]'
09:14:07.131 | INFO    (310020, stable_pretraining.callbacks.cpu_offload) | To see all 321 skipped objects, set log_skipped=True
09:14:07.132 | INFO    (310020, stable_pretraining.callbacks.cpu_offload) | GPU memory after offload:
09:14:07.132 | INFO    (310020, stable_pretraining.callbacks.cpu_offload) |   - Allocated: 0.24 GB
09:14:07.132 | INFO    (310020, stable_pretraining.callbacks.cpu_offload) |   - Reserved: 16.63 GB
09:14:07.133 | INFO    (310020, stable_pretraining.callbacks.cpu_offload) | GPU memory freed: 0.00 GB
09:14:07.133 | SUCCESS (310020, stable_pretraining.callbacks.cpu_offload) | CPUOffloadCallback: Checkpoint #15 completed in 0.63s
09:14:07.133 | INFO    (310020, stable_pretraining.callbacks.cpu_offload) | Successfully processed keys: ['state_dict', 'optimizer_states', 'lr_schedulers']
09:14:07.133 | INFO    (310020, stable_pretraining.callbacks.cpu_offload) | Cumulative stats:
09:14:07.133 | INFO    (310020, stable_pretraining.callbacks.cpu_offload) |   - Total checkpoints saved: 15
09:14:07.134 | INFO    (310020, stable_pretraining.callbacks.cpu_offload) |   - Total time in offload: 9.35s
09:14:07.134 | INFO    (310020, stable_pretraining.callbacks.cpu_offload) |   - Total memory freed: 0.00 GB
09:14:07.134 | INFO    (310020, stable_pretraining.callbacks.cpu_offload) |   - Average time per checkpoint: 0.62s
09:14:07.134 | INFO    (310020, stable_pretraining.callbacks.cpu_offload) | ============================================================
09:14:08.523 | INFO    (310020, stable_pretraining.callbacks.checkpoint_sklearn) | Checking for non PyTorch modules to save... 🔧
09:14:08.524 | INFO    (310020, stable_pretraining.callbacks.checkpoint_sklearn) | Checking for Wandb params to save... 🔧
09:14:08.524 | INFO    (310020, stable_pretraining.callbacks.checkpoint_sklearn) | Saving Wandb params {'id': 'lewm_lp_pusht_expert_mu-2'}
09:14:08.524 | INFO    (310020, stable_pretraining.callbacks.checkpoint_sklearn) | Checking for Wandb params to save... Done!
09:14:08.524 | INFO    (310020, stable_pretraining.callbacks.cpu_offload) | ============================================================
09:14:08.525 | INFO    (310020, stable_pretraining.callbacks.cpu_offload) | CPUOffloadCallback: Starting checkpoint CPU offload (#16)
09:14:08.525 | INFO    (310020, stable_pretraining.callbacks.cpu_offload) |   - Global step: 27864
09:14:08.525 | INFO    (310020, stable_pretraining.callbacks.cpu_offload) |   - Epoch: 7
09:14:08.525 | INFO    (310020, stable_pretraining.callbacks.cpu_offload) | Checkpoint contains 11 keys: ['callbacks', 'epoch', 'global_step', 'hparams_name', 'hyper_parameters', 'loops', 'lr_schedulers', 'optimizer_states', 'pytorch-lightning_version', 'state_dict', 'wandb']
09:14:08.525 | INFO    (310020, stable_pretraining.callbacks.cpu_offload) | GPU memory before offload:
09:14:08.526 | INFO    (310020, stable_pretraining.callbacks.cpu_offload) |   - Allocated: 0.24 GB
09:14:08.526 | INFO    (310020, stable_pretraining.callbacks.cpu_offload) |   - Reserved: 16.63 GB
09:14:08.526 | INFO    (310020, stable_pretraining.callbacks.cpu_offload) | Processing checkpoint key: 'state_dict'
09:14:08.671 | SUCCESS (310020, stable_pretraining.callbacks.cpu_offload) | ✓ Completed 'state_dict' in 0.15s
09:14:08.672 | INFO    (310020, stable_pretraining.callbacks.cpu_offload) | Processing checkpoint key: 'optimizer_states'
09:14:09.041 | SUCCESS (310020, stable_pretraining.callbacks.cpu_offload) | ✓ Completed 'optimizer_states' in 0.37s
09:14:09.041 | INFO    (310020, stable_pretraining.callbacks.cpu_offload) | Processing checkpoint key: 'lr_schedulers'
09:14:09.042 | SUCCESS (310020, stable_pretraining.callbacks.cpu_offload) | ✓ Completed 'lr_schedulers' in 0.00s
09:14:09.042 | WARNING (310020, stable_pretraining.callbacks.cpu_offload) | Skipped 321 custom object(s)
09:14:09.042 | WARNING (310020, stable_pretraining.callbacks.cpu_offload) | First 10 skipped objects:
09:14:09.042 | WARNING (310020, stable_pretraining.callbacks.cpu_offload) |   - float at 'optimizer_states[0].param_groups[0].lr'
09:14:09.042 | WARNING (310020, stable_pretraining.callbacks.cpu_offload) |   - float at 'optimizer_states[0].param_groups[0].betas[0]'
09:14:09.042 | WARNING (310020, stable_pretraining.callbacks.cpu_offload) |   - float at 'optimizer_states[0].param_groups[0].betas[1]'
09:14:09.042 | WARNING (310020, stable_pretraining.callbacks.cpu_offload) |   - float at 'optimizer_states[0].param_groups[0].eps'
09:14:09.042 | WARNING (310020, stable_pretraining.callbacks.cpu_offload) |   - float at 'optimizer_states[0].param_groups[0].weight_decay'
09:14:09.043 | WARNING (310020, stable_pretraining.callbacks.cpu_offload) |   - bool at 'optimizer_states[0].param_groups[0].amsgrad'
09:14:09.043 | WARNING (310020, stable_pretraining.callbacks.cpu_offload) |   - bool at 'optimizer_states[0].param_groups[0].maximize'
09:14:09.043 | WARNING (310020, stable_pretraining.callbacks.cpu_offload) |   - NoneType at 'optimizer_states[0].param_groups[0].foreach'
09:14:09.043 | WARNING (310020, stable_pretraining.callbacks.cpu_offload) |   - bool at 'optimizer_states[0].param_groups[0].capturable'
09:14:09.043 | WARNING (310020, stable_pretraining.callbacks.cpu_offload) |   - bool at 'optimizer_states[0].param_groups[0].differentiable'
09:14:09.043 | WARNING (310020, stable_pretraining.callbacks.cpu_offload) | ... (301 more skipped) ...
09:14:09.043 | WARNING (310020, stable_pretraining.callbacks.cpu_offload) | Last 10 skipped objects:
09:14:09.044 | WARNING (310020, stable_pretraining.callbacks.cpu_offload) |   - int at 'optimizer_states[0].param_groups[0].params[298]'
09:14:09.044 | WARNING (310020, stable_pretraining.callbacks.cpu_offload) |   - int at 'lr_schedulers[0].warmup_steps'
09:14:09.044 | WARNING (310020, stable_pretraining.callbacks.cpu_offload) |   - int at 'lr_schedulers[0].max_steps'
09:14:09.044 | WARNING (310020, stable_pretraining.callbacks.cpu_offload) |   - float at 'lr_schedulers[0].warmup_start_lr'
09:14:09.044 | WARNING (310020, stable_pretraining.callbacks.cpu_offload) |   - float at 'lr_schedulers[0].eta_min'
09:14:09.044 | WARNING (310020, stable_pretraining.callbacks.cpu_offload) |   - float at 'lr_schedulers[0].base_lrs[0]'
09:14:09.044 | WARNING (310020, stable_pretraining.callbacks.cpu_offload) |   - int at 'lr_schedulers[0].last_epoch'
09:14:09.045 | WARNING (310020, stable_pretraining.callbacks.cpu_offload) |   - int at 'lr_schedulers[0]._step_count'
09:14:09.045 | WARNING (310020, stable_pretraining.callbacks.cpu_offload) |   - bool at 'lr_schedulers[0]._get_lr_called_within_step'
09:14:09.045 | WARNING (310020, stable_pretraining.callbacks.cpu_offload) |   - float at 'lr_schedulers[0]._last_lr[0]'
09:14:09.045 | INFO    (310020, stable_pretraining.callbacks.cpu_offload) | To see all 321 skipped objects, set log_skipped=True
09:14:09.046 | INFO    (310020, stable_pretraining.callbacks.cpu_offload) | GPU memory after offload:
09:14:09.046 | INFO    (310020, stable_pretraining.callbacks.cpu_offload) |   - Allocated: 0.24 GB
09:14:09.046 | INFO    (310020, stable_pretraining.callbacks.cpu_offload) |   - Reserved: 16.63 GB
09:14:09.046 | INFO    (310020, stable_pretraining.callbacks.cpu_offload) | GPU memory freed: 0.00 GB
09:14:09.047 | SUCCESS (310020, stable_pretraining.callbacks.cpu_offload) | CPUOffloadCallback: Checkpoint #16 completed in 0.52s
09:14:09.047 | INFO    (310020, stable_pretraining.callbacks.cpu_offload) | Successfully processed keys: ['state_dict', 'optimizer_states', 'lr_schedulers']
09:14:09.047 | INFO    (310020, stable_pretraining.callbacks.cpu_offload) | Cumulative stats:
09:14:09.047 | INFO    (310020, stable_pretraining.callbacks.cpu_offload) |   - Total checkpoints saved: 16
09:14:09.048 | INFO    (310020, stable_pretraining.callbacks.cpu_offload) |   - Total time in offload: 9.87s
09:14:09.048 | INFO    (310020, stable_pretraining.callbacks.cpu_offload) |   - Total memory freed: 0.00 GB
09:14:09.048 | INFO    (310020, stable_pretraining.callbacks.cpu_offload) |   - Average time per checkpoint: 0.62s
09:14:09.048 | INFO    (310020, stable_pretraining.callbacks.cpu_offload) | ============================================================
09:43:21.365 | WARNING (310020, stable_pretraining.module) | You are calling self.parameters which also gives callbacks parameters, to remove then, pass `with_callbacks=False`
09:46:51.631 | INFO    (310020, stable_pretraining.callbacks.trainer_info) | \n+----------------------------+------------------------+
|           Metric           |         Value          |
+----------------------------+------------------------+
|          [0;34;40mfit/loss[0m          |  [0;32;40m0.001160913030616939[0m  |
|       [0;34;40mfit/pred_loss[0m        | [0;32;40m0.00011054534843424335[0m |
|      [0;34;40mfit/rdmreg_loss[0m       | [0;32;40m0.0010503677185624838[0m  |
|       [0;34;40mvalidate/loss[0m        | [0;32;40m0.0012007876066491008[0m  |
|    [0;34;40mvalidate/loss_epoch[0m     | [0;32;40m0.0012007876066491008[0m  |
|     [0;34;40mvalidate/pred_loss[0m     |  [0;32;40m8.12130601843819e-05[0m  |
|  [0;34;40mvalidate/pred_loss_epoch[0m  |  [0;32;40m8.12130601843819e-05[0m  |
|    [0;34;40mvalidate/rdmreg_loss[0m    | [0;32;40m0.0011195747647434473[0m  |
| [0;34;40mvalidate/rdmreg_loss_epoch[0m | [0;32;40m0.0011195747647434473[0m  |
+----------------------------+------------------------+
09:46:51.899 | INFO    (310020, stable_pretraining.callbacks.checkpoint_sklearn) | Checking for non PyTorch modules to save... 🔧
09:46:51.900 | INFO    (310020, stable_pretraining.callbacks.checkpoint_sklearn) | Checking for Wandb params to save... 🔧
09:46:51.900 | INFO    (310020, stable_pretraining.callbacks.checkpoint_sklearn) | Saving Wandb params {'id': 'lewm_lp_pusht_expert_mu-2'}
09:46:51.900 | INFO    (310020, stable_pretraining.callbacks.checkpoint_sklearn) | Checking for Wandb params to save... Done!
09:46:51.900 | INFO    (310020, stable_pretraining.callbacks.cpu_offload) | ============================================================
09:46:51.901 | INFO    (310020, stable_pretraining.callbacks.cpu_offload) | CPUOffloadCallback: Starting checkpoint CPU offload (#17)
09:46:51.901 | INFO    (310020, stable_pretraining.callbacks.cpu_offload) |   - Global step: 31347
09:46:51.901 | INFO    (310020, stable_pretraining.callbacks.cpu_offload) |   - Epoch: 8
09:46:51.901 | INFO    (310020, stable_pretraining.callbacks.cpu_offload) | Checkpoint contains 11 keys: ['callbacks', 'epoch', 'global_step', 'hparams_name', 'hyper_parameters', 'loops', 'lr_schedulers', 'optimizer_states', 'pytorch-lightning_version', 'state_dict', 'wandb']
09:46:51.902 | INFO    (310020, stable_pretraining.callbacks.cpu_offload) | GPU memory before offload:
09:46:51.902 | INFO    (310020, stable_pretraining.callbacks.cpu_offload) |   - Allocated: 0.24 GB
09:46:51.902 | INFO    (310020, stable_pretraining.callbacks.cpu_offload) |   - Reserved: 16.63 GB
09:46:51.903 | INFO    (310020, stable_pretraining.callbacks.cpu_offload) | Processing checkpoint key: 'state_dict'
09:46:52.206 | SUCCESS (310020, stable_pretraining.callbacks.cpu_offload) | ✓ Completed 'state_dict' in 0.30s
09:46:52.207 | INFO    (310020, stable_pretraining.callbacks.cpu_offload) | Processing checkpoint key: 'optimizer_states'
09:46:52.860 | SUCCESS (310020, stable_pretraining.callbacks.cpu_offload) | ✓ Completed 'optimizer_states' in 0.65s
09:46:52.861 | INFO    (310020, stable_pretraining.callbacks.cpu_offload) | Processing checkpoint key: 'lr_schedulers'
09:46:52.861 | SUCCESS (310020, stable_pretraining.callbacks.cpu_offload) | ✓ Completed 'lr_schedulers' in 0.00s
09:46:52.861 | WARNING (310020, stable_pretraining.callbacks.cpu_offload) | Skipped 321 custom object(s)
09:46:52.861 | WARNING (310020, stable_pretraining.callbacks.cpu_offload) | First 10 skipped objects:
09:46:52.861 | WARNING (310020, stable_pretraining.callbacks.cpu_offload) |   - float at 'optimizer_states[0].param_groups[0].lr'
09:46:52.862 | WARNING (310020, stable_pretraining.callbacks.cpu_offload) |   - float at 'optimizer_states[0].param_groups[0].betas[0]'
09:46:52.862 | WARNING (310020, stable_pretraining.callbacks.cpu_offload) |   - float at 'optimizer_states[0].param_groups[0].betas[1]'
09:46:52.862 | WARNING (310020, stable_pretraining.callbacks.cpu_offload) |   - float at 'optimizer_states[0].param_groups[0].eps'
09:46:52.862 | WARNING (310020, stable_pretraining.callbacks.cpu_offload) |   - float at 'optimizer_states[0].param_groups[0].weight_decay'
09:46:52.862 | WARNING (310020, stable_pretraining.callbacks.cpu_offload) |   - bool at 'optimizer_states[0].param_groups[0].amsgrad'
09:46:52.862 | WARNING (310020, stable_pretraining.callbacks.cpu_offload) |   - bool at 'optimizer_states[0].param_groups[0].maximize'
09:46:52.862 | WARNING (310020, stable_pretraining.callbacks.cpu_offload) |   - NoneType at 'optimizer_states[0].param_groups[0].foreach'
09:46:52.862 | WARNING (310020, stable_pretraining.callbacks.cpu_offload) |   - bool at 'optimizer_states[0].param_groups[0].capturable'
09:46:52.862 | WARNING (310020, stable_pretraining.callbacks.cpu_offload) |   - bool at 'optimizer_states[0].param_groups[0].differentiable'
09:46:52.863 | WARNING (310020, stable_pretraining.callbacks.cpu_offload) | ... (301 more skipped) ...
09:46:52.863 | WARNING (310020, stable_pretraining.callbacks.cpu_offload) | Last 10 skipped objects:
09:46:52.863 | WARNING (310020, stable_pretraining.callbacks.cpu_offload) |   - int at 'optimizer_states[0].param_groups[0].params[298]'
09:46:52.863 | WARNING (310020, stable_pretraining.callbacks.cpu_offload) |   - int at 'lr_schedulers[0].warmup_steps'
09:46:52.863 | WARNING (310020, stable_pretraining.callbacks.cpu_offload) |   - int at 'lr_schedulers[0].max_steps'
09:46:52.863 | WARNING (310020, stable_pretraining.callbacks.cpu_offload) |   - float at 'lr_schedulers[0].warmup_start_lr'
09:46:52.864 | WARNING (310020, stable_pretraining.callbacks.cpu_offload) |   - float at 'lr_schedulers[0].eta_min'
09:46:52.864 | WARNING (310020, stable_pretraining.callbacks.cpu_offload) |   - float at 'lr_schedulers[0].base_lrs[0]'
09:46:52.864 | WARNING (310020, stable_pretraining.callbacks.cpu_offload) |   - int at 'lr_schedulers[0].last_epoch'
09:46:52.864 | WARNING (310020, stable_pretraining.callbacks.cpu_offload) |   - int at 'lr_schedulers[0]._step_count'
09:46:52.864 | WARNING (310020, stable_pretraining.callbacks.cpu_offload) |   - bool at 'lr_schedulers[0]._get_lr_called_within_step'
09:46:52.864 | WARNING (310020, stable_pretraining.callbacks.cpu_offload) |   - float at 'lr_schedulers[0]._last_lr[0]'
09:46:52.864 | INFO    (310020, stable_pretraining.callbacks.cpu_offload) | To see all 321 skipped objects, set log_skipped=True
09:46:52.865 | INFO    (310020, stable_pretraining.callbacks.cpu_offload) | GPU memory after offload:
09:46:52.865 | INFO    (310020, stable_pretraining.callbacks.cpu_offload) |   - Allocated: 0.24 GB
09:46:52.865 | INFO    (310020, stable_pretraining.callbacks.cpu_offload) |   - Reserved: 16.63 GB
09:46:52.865 | INFO    (310020, stable_pretraining.callbacks.cpu_offload) | GPU memory freed: 0.00 GB
09:46:52.865 | SUCCESS (310020, stable_pretraining.callbacks.cpu_offload) | CPUOffloadCallback: Checkpoint #17 completed in 0.96s
09:46:52.865 | INFO    (310020, stable_pretraining.callbacks.cpu_offload) | Successfully processed keys: ['state_dict', 'optimizer_states', 'lr_schedulers']
09:46:52.865 | INFO    (310020, stable_pretraining.callbacks.cpu_offload) | Cumulative stats:
09:46:52.866 | INFO    (310020, stable_pretraining.callbacks.cpu_offload) |   - Total checkpoints saved: 17
09:46:52.866 | INFO    (310020, stable_pretraining.callbacks.cpu_offload) |   - Total time in offload: 10.84s
09:46:52.866 | INFO    (310020, stable_pretraining.callbacks.cpu_offload) |   - Total memory freed: 0.00 GB
09:46:52.866 | INFO    (310020, stable_pretraining.callbacks.cpu_offload) |   - Average time per checkpoint: 0.64s
09:46:52.866 | INFO    (310020, stable_pretraining.callbacks.cpu_offload) | ============================================================
09:46:54.091 | INFO    (310020, stable_pretraining.callbacks.checkpoint_sklearn) | Checking for non PyTorch modules to save... 🔧
09:46:54.092 | INFO    (310020, stable_pretraining.callbacks.checkpoint_sklearn) | Checking for Wandb params to save... 🔧
09:46:54.092 | INFO    (310020, stable_pretraining.callbacks.checkpoint_sklearn) | Saving Wandb params {'id': 'lewm_lp_pusht_expert_mu-2'}
09:46:54.092 | INFO    (310020, stable_pretraining.callbacks.checkpoint_sklearn) | Checking for Wandb params to save... Done!
09:46:54.092 | INFO    (310020, stable_pretraining.callbacks.cpu_offload) | ============================================================
09:46:54.092 | INFO    (310020, stable_pretraining.callbacks.cpu_offload) | CPUOffloadCallback: Starting checkpoint CPU offload (#18)
09:46:54.093 | INFO    (310020, stable_pretraining.callbacks.cpu_offload) |   - Global step: 31347
09:46:54.093 | INFO    (310020, stable_pretraining.callbacks.cpu_offload) |   - Epoch: 8
09:46:54.093 | INFO    (310020, stable_pretraining.callbacks.cpu_offload) | Checkpoint contains 11 keys: ['callbacks', 'epoch', 'global_step', 'hparams_name', 'hyper_parameters', 'loops', 'lr_schedulers', 'optimizer_states', 'pytorch-lightning_version', 'state_dict', 'wandb']
09:46:54.093 | INFO    (310020, stable_pretraining.callbacks.cpu_offload) | GPU memory before offload:
09:46:54.093 | INFO    (310020, stable_pretraining.callbacks.cpu_offload) |   - Allocated: 0.24 GB
09:46:54.094 | INFO    (310020, stable_pretraining.callbacks.cpu_offload) |   - Reserved: 16.63 GB
09:46:54.094 | INFO    (310020, stable_pretraining.callbacks.cpu_offload) | Processing checkpoint key: 'state_dict'
09:46:54.399 | SUCCESS (310020, stable_pretraining.callbacks.cpu_offload) | ✓ Completed 'state_dict' in 0.31s
09:46:54.400 | INFO    (310020, stable_pretraining.callbacks.cpu_offload) | Processing checkpoint key: 'optimizer_states'
09:46:55.077 | SUCCESS (310020, stable_pretraining.callbacks.cpu_offload) | ✓ Completed 'optimizer_states' in 0.68s
09:46:55.078 | INFO    (310020, stable_pretraining.callbacks.cpu_offload) | Processing checkpoint key: 'lr_schedulers'
09:46:55.078 | SUCCESS (310020, stable_pretraining.callbacks.cpu_offload) | ✓ Completed 'lr_schedulers' in 0.00s
09:46:55.079 | WARNING (310020, stable_pretraining.callbacks.cpu_offload) | Skipped 321 custom object(s)
09:46:55.080 | WARNING (310020, stable_pretraining.callbacks.cpu_offload) | First 10 skipped objects:
09:46:55.080 | WARNING (310020, stable_pretraining.callbacks.cpu_offload) |   - float at 'optimizer_states[0].param_groups[0].lr'
09:46:55.080 | WARNING (310020, stable_pretraining.callbacks.cpu_offload) |   - float at 'optimizer_states[0].param_groups[0].betas[0]'
09:46:55.080 | WARNING (310020, stable_pretraining.callbacks.cpu_offload) |   - float at 'optimizer_states[0].param_groups[0].betas[1]'
09:46:55.080 | WARNING (310020, stable_pretraining.callbacks.cpu_offload) |   - float at 'optimizer_states[0].param_groups[0].eps'
09:46:55.080 | WARNING (310020, stable_pretraining.callbacks.cpu_offload) |   - float at 'optimizer_states[0].param_groups[0].weight_decay'
09:46:55.080 | WARNING (310020, stable_pretraining.callbacks.cpu_offload) |   - bool at 'optimizer_states[0].param_groups[0].amsgrad'
09:46:55.081 | WARNING (310020, stable_pretraining.callbacks.cpu_offload) |   - bool at 'optimizer_states[0].param_groups[0].maximize'
09:46:55.081 | WARNING (310020, stable_pretraining.callbacks.cpu_offload) |   - NoneType at 'optimizer_states[0].param_groups[0].foreach'
09:46:55.081 | WARNING (310020, stable_pretraining.callbacks.cpu_offload) |   - bool at 'optimizer_states[0].param_groups[0].capturable'
09:46:55.081 | WARNING (310020, stable_pretraining.callbacks.cpu_offload) |   - bool at 'optimizer_states[0].param_groups[0].differentiable'
09:46:55.081 | WARNING (310020, stable_pretraining.callbacks.cpu_offload) | ... (301 more skipped) ...
09:46:55.081 | WARNING (310020, stable_pretraining.callbacks.cpu_offload) | Last 10 skipped objects:
09:46:55.081 | WARNING (310020, stable_pretraining.callbacks.cpu_offload) |   - int at 'optimizer_states[0].param_groups[0].params[298]'
09:46:55.082 | WARNING (310020, stable_pretraining.callbacks.cpu_offload) |   - int at 'lr_schedulers[0].warmup_steps'
09:46:55.082 | WARNING (310020, stable_pretraining.callbacks.cpu_offload) |   - int at 'lr_schedulers[0].max_steps'
09:46:55.082 | WARNING (310020, stable_pretraining.callbacks.cpu_offload) |   - float at 'lr_schedulers[0].warmup_start_lr'
09:46:55.082 | WARNING (310020, stable_pretraining.callbacks.cpu_offload) |   - float at 'lr_schedulers[0].eta_min'
09:46:55.082 | WARNING (310020, stable_pretraining.callbacks.cpu_offload) |   - float at 'lr_schedulers[0].base_lrs[0]'
09:46:55.082 | WARNING (310020, stable_pretraining.callbacks.cpu_offload) |   - int at 'lr_schedulers[0].last_epoch'
09:46:55.082 | WARNING (310020, stable_pretraining.callbacks.cpu_offload) |   - int at 'lr_schedulers[0]._step_count'
09:46:55.083 | WARNING (310020, stable_pretraining.callbacks.cpu_offload) |   - bool at 'lr_schedulers[0]._get_lr_called_within_step'
09:46:55.083 | WARNING (310020, stable_pretraining.callbacks.cpu_offload) |   - float at 'lr_schedulers[0]._last_lr[0]'
09:46:55.083 | INFO    (310020, stable_pretraining.callbacks.cpu_offload) | To see all 321 skipped objects, set log_skipped=True
09:46:55.083 | INFO    (310020, stable_pretraining.callbacks.cpu_offload) | GPU memory after offload:
09:46:55.084 | INFO    (310020, stable_pretraining.callbacks.cpu_offload) |   - Allocated: 0.24 GB
09:46:55.084 | INFO    (310020, stable_pretraining.callbacks.cpu_offload) |   - Reserved: 16.63 GB
09:46:55.084 | INFO    (310020, stable_pretraining.callbacks.cpu_offload) | GPU memory freed: 0.00 GB
09:46:55.084 | SUCCESS (310020, stable_pretraining.callbacks.cpu_offload) | CPUOffloadCallback: Checkpoint #18 completed in 0.99s
09:46:55.084 | INFO    (310020, stable_pretraining.callbacks.cpu_offload) | Successfully processed keys: ['state_dict', 'optimizer_states', 'lr_schedulers']
09:46:55.084 | INFO    (310020, stable_pretraining.callbacks.cpu_offload) | Cumulative stats:
09:46:55.084 | INFO    (310020, stable_pretraining.callbacks.cpu_offload) |   - Total checkpoints saved: 18
09:46:55.084 | INFO    (310020, stable_pretraining.callbacks.cpu_offload) |   - Total time in offload: 11.83s
09:46:55.084 | INFO    (310020, stable_pretraining.callbacks.cpu_offload) |   - Total memory freed: 0.00 GB
09:46:55.085 | INFO    (310020, stable_pretraining.callbacks.cpu_offload) |   - Average time per checkpoint: 0.66s
09:46:55.085 | INFO    (310020, stable_pretraining.callbacks.cpu_offload) | ============================================================
10:15:02.888 | WARNING (310020, stable_pretraining.module) | You are calling self.parameters which also gives callbacks parameters, to remove then, pass `with_callbacks=False`
10:18:26.098 | INFO    (310020, stable_pretraining.callbacks.trainer_info) | \n+----------------------------+------------------------+
|           Metric           |         Value          |
+----------------------------+------------------------+
|          [0;34;40mfit/loss[0m          | [0;32;40m0.0011208297219127417[0m  |
|       [0;34;40mfit/pred_loss[0m        | [0;32;40m0.00010901570931309834[0m |
|      [0;34;40mfit/rdmreg_loss[0m       | [0;32;40m0.0010118139907717705[0m  |
|       [0;34;40mvalidate/loss[0m        | [0;32;40m0.0011969954939559102[0m  |
|    [0;34;40mvalidate/loss_epoch[0m     | [0;32;40m0.0011969954939559102[0m  |
|     [0;34;40mvalidate/pred_loss[0m     | [0;32;40m7.739226566627622e-05[0m  |
|  [0;34;40mvalidate/pred_loss_epoch[0m  | [0;32;40m7.739226566627622e-05[0m  |
|    [0;34;40mvalidate/rdmreg_loss[0m    | [0;32;40m0.0011196028208360076[0m  |
| [0;34;40mvalidate/rdmreg_loss_epoch[0m | [0;32;40m0.0011196028208360076[0m  |
+----------------------------+------------------------+
10:18:26.836 | INFO    (310020, stable_pretraining.callbacks.checkpoint_sklearn) | Checking for non PyTorch modules to save... 🔧
10:18:26.836 | INFO    (310020, stable_pretraining.callbacks.checkpoint_sklearn) | Checking for Wandb params to save... 🔧
10:18:26.837 | INFO    (310020, stable_pretraining.callbacks.checkpoint_sklearn) | Saving Wandb params {'id': 'lewm_lp_pusht_expert_mu-2'}
10:18:26.837 | INFO    (310020, stable_pretraining.callbacks.checkpoint_sklearn) | Checking for Wandb params to save... Done!
10:18:26.837 | INFO    (310020, stable_pretraining.callbacks.cpu_offload) | ============================================================
10:18:26.837 | INFO    (310020, stable_pretraining.callbacks.cpu_offload) | CPUOffloadCallback: Starting checkpoint CPU offload (#19)
10:18:26.837 | INFO    (310020, stable_pretraining.callbacks.cpu_offload) |   - Global step: 34830
10:18:26.838 | INFO    (310020, stable_pretraining.callbacks.cpu_offload) |   - Epoch: 9
10:18:26.838 | INFO    (310020, stable_pretraining.callbacks.cpu_offload) | Checkpoint contains 11 keys: ['callbacks', 'epoch', 'global_step', 'hparams_name', 'hyper_parameters', 'loops', 'lr_schedulers', 'optimizer_states', 'pytorch-lightning_version', 'state_dict', 'wandb']
10:18:26.838 | INFO    (310020, stable_pretraining.callbacks.cpu_offload) | GPU memory before offload:
10:18:26.838 | INFO    (310020, stable_pretraining.callbacks.cpu_offload) |   - Allocated: 0.24 GB
10:18:26.839 | INFO    (310020, stable_pretraining.callbacks.cpu_offload) |   - Reserved: 16.63 GB
10:18:26.839 | INFO    (310020, stable_pretraining.callbacks.cpu_offload) | Processing checkpoint key: 'state_dict'
10:18:27.028 | SUCCESS (310020, stable_pretraining.callbacks.cpu_offload) | ✓ Completed 'state_dict' in 0.19s
10:18:27.029 | INFO    (310020, stable_pretraining.callbacks.cpu_offload) | Processing checkpoint key: 'optimizer_states'
10:18:27.429 | SUCCESS (310020, stable_pretraining.callbacks.cpu_offload) | ✓ Completed 'optimizer_states' in 0.40s
10:18:27.429 | INFO    (310020, stable_pretraining.callbacks.cpu_offload) | Processing checkpoint key: 'lr_schedulers'
10:18:27.430 | SUCCESS (310020, stable_pretraining.callbacks.cpu_offload) | ✓ Completed 'lr_schedulers' in 0.00s
10:18:27.430 | WARNING (310020, stable_pretraining.callbacks.cpu_offload) | Skipped 321 custom object(s)
10:18:27.430 | WARNING (310020, stable_pretraining.callbacks.cpu_offload) | First 10 skipped objects:
10:18:27.431 | WARNING (310020, stable_pretraining.callbacks.cpu_offload) |   - float at 'optimizer_states[0].param_groups[0].lr'
10:18:27.431 | WARNING (310020, stable_pretraining.callbacks.cpu_offload) |   - float at 'optimizer_states[0].param_groups[0].betas[0]'
10:18:27.432 | WARNING (310020, stable_pretraining.callbacks.cpu_offload) |   - float at 'optimizer_states[0].param_groups[0].betas[1]'
10:18:27.432 | WARNING (310020, stable_pretraining.callbacks.cpu_offload) |   - float at 'optimizer_states[0].param_groups[0].eps'
10:18:27.432 | WARNING (310020, stable_pretraining.callbacks.cpu_offload) |   - float at 'optimizer_states[0].param_groups[0].weight_decay'
10:18:27.432 | WARNING (310020, stable_pretraining.callbacks.cpu_offload) |   - bool at 'optimizer_states[0].param_groups[0].amsgrad'
10:18:27.432 | WARNING (310020, stable_pretraining.callbacks.cpu_offload) |   - bool at 'optimizer_states[0].param_groups[0].maximize'
10:18:27.433 | WARNING (310020, stable_pretraining.callbacks.cpu_offload) |   - NoneType at 'optimizer_states[0].param_groups[0].foreach'
10:18:27.433 | WARNING (310020, stable_pretraining.callbacks.cpu_offload) |   - bool at 'optimizer_states[0].param_groups[0].capturable'
10:18:27.433 | WARNING (310020, stable_pretraining.callbacks.cpu_offload) |   - bool at 'optimizer_states[0].param_groups[0].differentiable'
10:18:27.433 | WARNING (310020, stable_pretraining.callbacks.cpu_offload) | ... (301 more skipped) ...
10:18:27.434 | WARNING (310020, stable_pretraining.callbacks.cpu_offload) | Last 10 skipped objects:
10:18:27.434 | WARNING (310020, stable_pretraining.callbacks.cpu_offload) |   - int at 'optimizer_states[0].param_groups[0].params[298]'
10:18:27.434 | WARNING (310020, stable_pretraining.callbacks.cpu_offload) |   - int at 'lr_schedulers[0].warmup_steps'
10:18:27.435 | WARNING (310020, stable_pretraining.callbacks.cpu_offload) |   - int at 'lr_schedulers[0].max_steps'
10:18:27.435 | WARNING (310020, stable_pretraining.callbacks.cpu_offload) |   - float at 'lr_schedulers[0].warmup_start_lr'
10:18:27.435 | WARNING (310020, stable_pretraining.callbacks.cpu_offload) |   - float at 'lr_schedulers[0].eta_min'
10:18:27.436 | WARNING (310020, stable_pretraining.callbacks.cpu_offload) |   - float at 'lr_schedulers[0].base_lrs[0]'
10:18:27.436 | WARNING (310020, stable_pretraining.callbacks.cpu_offload) |   - int at 'lr_schedulers[0].last_epoch'
10:18:27.436 | WARNING (310020, stable_pretraining.callbacks.cpu_offload) |   - int at 'lr_schedulers[0]._step_count'
10:18:27.436 | WARNING (310020, stable_pretraining.callbacks.cpu_offload) |   - bool at 'lr_schedulers[0]._get_lr_called_within_step'
10:18:27.437 | WARNING (310020, stable_pretraining.callbacks.cpu_offload) |   - float at 'lr_schedulers[0]._last_lr[0]'
10:18:27.437 | INFO    (310020, stable_pretraining.callbacks.cpu_offload) | To see all 321 skipped objects, set log_skipped=True
10:18:27.438 | INFO    (310020, stable_pretraining.callbacks.cpu_offload) | GPU memory after offload:
10:18:27.438 | INFO    (310020, stable_pretraining.callbacks.cpu_offload) |   - Allocated: 0.24 GB
10:18:27.438 | INFO    (310020, stable_pretraining.callbacks.cpu_offload) |   - Reserved: 16.63 GB
10:18:27.439 | INFO    (310020, stable_pretraining.callbacks.cpu_offload) | GPU memory freed: 0.00 GB
10:18:27.439 | SUCCESS (310020, stable_pretraining.callbacks.cpu_offload) | CPUOffloadCallback: Checkpoint #19 completed in 0.60s
10:18:27.439 | INFO    (310020, stable_pretraining.callbacks.cpu_offload) | Successfully processed keys: ['state_dict', 'optimizer_states', 'lr_schedulers']
10:18:27.439 | INFO    (310020, stable_pretraining.callbacks.cpu_offload) | Cumulative stats:
10:18:27.440 | INFO    (310020, stable_pretraining.callbacks.cpu_offload) |   - Total checkpoints saved: 19
10:18:27.440 | INFO    (310020, stable_pretraining.callbacks.cpu_offload) |   - Total time in offload: 12.43s
10:18:27.440 | INFO    (310020, stable_pretraining.callbacks.cpu_offload) |   - Total memory freed: 0.00 GB
10:18:27.440 | INFO    (310020, stable_pretraining.callbacks.cpu_offload) |   - Average time per checkpoint: 0.65s
10:18:27.440 | INFO    (310020, stable_pretraining.callbacks.cpu_offload) | ============================================================
10:18:29.265 | INFO    (310020, stable_pretraining.callbacks.checkpoint_sklearn) | Checking for non PyTorch modules to save... 🔧
10:18:29.266 | INFO    (310020, stable_pretraining.callbacks.checkpoint_sklearn) | Checking for Wandb params to save... 🔧
10:18:29.266 | INFO    (310020, stable_pretraining.callbacks.checkpoint_sklearn) | Saving Wandb params {'id': 'lewm_lp_pusht_expert_mu-2'}
10:18:29.266 | INFO    (310020, stable_pretraining.callbacks.checkpoint_sklearn) | Checking for Wandb params to save... Done!
10:18:29.266 | INFO    (310020, stable_pretraining.callbacks.cpu_offload) | ============================================================
10:18:29.266 | INFO    (310020, stable_pretraining.callbacks.cpu_offload) | CPUOffloadCallback: Starting checkpoint CPU offload (#20)
10:18:29.267 | INFO    (310020, stable_pretraining.callbacks.cpu_offload) |   - Global step: 34830
10:18:29.267 | INFO    (310020, stable_pretraining.callbacks.cpu_offload) |   - Epoch: 9
10:18:29.267 | INFO    (310020, stable_pretraining.callbacks.cpu_offload) | Checkpoint contains 11 keys: ['callbacks', 'epoch', 'global_step', 'hparams_name', 'hyper_parameters', 'loops', 'lr_schedulers', 'optimizer_states', 'pytorch-lightning_version', 'state_dict', 'wandb']
10:18:29.268 | INFO    (310020, stable_pretraining.callbacks.cpu_offload) | GPU memory before offload:
10:18:29.268 | INFO    (310020, stable_pretraining.callbacks.cpu_offload) |   - Allocated: 0.24 GB
10:18:29.268 | INFO    (310020, stable_pretraining.callbacks.cpu_offload) |   - Reserved: 16.63 GB
10:18:29.268 | INFO    (310020, stable_pretraining.callbacks.cpu_offload) | Processing checkpoint key: 'state_dict'
10:18:29.413 | SUCCESS (310020, stable_pretraining.callbacks.cpu_offload) | ✓ Completed 'state_dict' in 0.14s
10:18:29.413 | INFO    (310020, stable_pretraining.callbacks.cpu_offload) | Processing checkpoint key: 'optimizer_states'
10:18:29.697 | SUCCESS (310020, stable_pretraining.callbacks.cpu_offload) | ✓ Completed 'optimizer_states' in 0.28s
10:18:29.698 | INFO    (310020, stable_pretraining.callbacks.cpu_offload) | Processing checkpoint key: 'lr_schedulers'
10:18:29.699 | SUCCESS (310020, stable_pretraining.callbacks.cpu_offload) | ✓ Completed 'lr_schedulers' in 0.00s
10:18:29.699 | WARNING (310020, stable_pretraining.callbacks.cpu_offload) | Skipped 321 custom object(s)
10:18:29.699 | WARNING (310020, stable_pretraining.callbacks.cpu_offload) | First 10 skipped objects:
10:18:29.699 | WARNING (310020, stable_pretraining.callbacks.cpu_offload) |   - float at 'optimizer_states[0].param_groups[0].lr'
10:18:29.699 | WARNING (310020, stable_pretraining.callbacks.cpu_offload) |   - float at 'optimizer_states[0].param_groups[0].betas[0]'
10:18:29.700 | WARNING (310020, stable_pretraining.callbacks.cpu_offload) |   - float at 'optimizer_states[0].param_groups[0].betas[1]'
10:18:29.700 | WARNING (310020, stable_pretraining.callbacks.cpu_offload) |   - float at 'optimizer_states[0].param_groups[0].eps'
10:18:29.700 | WARNING (310020, stable_pretraining.callbacks.cpu_offload) |   - float at 'optimizer_states[0].param_groups[0].weight_decay'
10:18:29.700 | WARNING (310020, stable_pretraining.callbacks.cpu_offload) |   - bool at 'optimizer_states[0].param_groups[0].amsgrad'
10:18:29.700 | WARNING (310020, stable_pretraining.callbacks.cpu_offload) |   - bool at 'optimizer_states[0].param_groups[0].maximize'
10:18:29.700 | WARNING (310020, stable_pretraining.callbacks.cpu_offload) |   - NoneType at 'optimizer_states[0].param_groups[0].foreach'
10:18:29.701 | WARNING (310020, stable_pretraining.callbacks.cpu_offload) |   - bool at 'optimizer_states[0].param_groups[0].capturable'
10:18:29.701 | WARNING (310020, stable_pretraining.callbacks.cpu_offload) |   - bool at 'optimizer_states[0].param_groups[0].differentiable'
10:18:29.701 | WARNING (310020, stable_pretraining.callbacks.cpu_offload) | ... (301 more skipped) ...
10:18:29.701 | WARNING (310020, stable_pretraining.callbacks.cpu_offload) | Last 10 skipped objects:
10:18:29.702 | WARNING (310020, stable_pretraining.callbacks.cpu_offload) |   - int at 'optimizer_states[0].param_groups[0].params[298]'
10:18:29.702 | WARNING (310020, stable_pretraining.callbacks.cpu_offload) |   - int at 'lr_schedulers[0].warmup_steps'
10:18:29.702 | WARNING (310020, stable_pretraining.callbacks.cpu_offload) |   - int at 'lr_schedulers[0].max_steps'
10:18:29.703 | WARNING (310020, stable_pretraining.callbacks.cpu_offload) |   - float at 'lr_schedulers[0].warmup_start_lr'
10:18:29.703 | WARNING (310020, stable_pretraining.callbacks.cpu_offload) |   - float at 'lr_schedulers[0].eta_min'
10:18:29.703 | WARNING (310020, stable_pretraining.callbacks.cpu_offload) |   - float at 'lr_schedulers[0].base_lrs[0]'
10:18:29.704 | WARNING (310020, stable_pretraining.callbacks.cpu_offload) |   - int at 'lr_schedulers[0].last_epoch'
10:18:29.704 | WARNING (310020, stable_pretraining.callbacks.cpu_offload) |   - int at 'lr_schedulers[0]._step_count'
10:18:29.704 | WARNING (310020, stable_pretraining.callbacks.cpu_offload) |   - bool at 'lr_schedulers[0]._get_lr_called_within_step'
10:18:29.704 | WARNING (310020, stable_pretraining.callbacks.cpu_offload) |   - float at 'lr_schedulers[0]._last_lr[0]'
10:18:29.705 | INFO    (310020, stable_pretraining.callbacks.cpu_offload) | To see all 321 skipped objects, set log_skipped=True
10:18:29.706 | INFO    (310020, stable_pretraining.callbacks.cpu_offload) | GPU memory after offload:
10:18:29.706 | INFO    (310020, stable_pretraining.callbacks.cpu_offload) |   - Allocated: 0.24 GB
10:18:29.706 | INFO    (310020, stable_pretraining.callbacks.cpu_offload) |   - Reserved: 16.63 GB
10:18:29.707 | INFO    (310020, stable_pretraining.callbacks.cpu_offload) | GPU memory freed: 0.00 GB
10:18:29.707 | SUCCESS (310020, stable_pretraining.callbacks.cpu_offload) | CPUOffloadCallback: Checkpoint #20 completed in 0.44s
10:18:29.707 | INFO    (310020, stable_pretraining.callbacks.cpu_offload) | Successfully processed keys: ['state_dict', 'optimizer_states', 'lr_schedulers']
10:18:29.707 | INFO    (310020, stable_pretraining.callbacks.cpu_offload) | Cumulative stats:
10:18:29.708 | INFO    (310020, stable_pretraining.callbacks.cpu_offload) |   - Total checkpoints saved: 20
10:18:29.708 | INFO    (310020, stable_pretraining.callbacks.cpu_offload) |   - Total time in offload: 12.87s
10:18:29.708 | INFO    (310020, stable_pretraining.callbacks.cpu_offload) |   - Total memory freed: 0.00 GB
10:18:29.708 | INFO    (310020, stable_pretraining.callbacks.cpu_offload) |   - Average time per checkpoint: 0.64s
10:18:29.708 | INFO    (310020, stable_pretraining.callbacks.cpu_offload) | ============================================================
`Trainer.fit` stopped: `max_epochs=10` reached.
10:18:31.106 | INFO    (310020, stable_pretraining.callbacks.cpu_offload) | ============================================================
10:18:31.106 | INFO    (310020, stable_pretraining.callbacks.cpu_offload) | CPUOffloadCallback: Training completed
10:18:31.107 | INFO    (310020, stable_pretraining.callbacks.cpu_offload) | Final statistics:
10:18:31.107 | INFO    (310020, stable_pretraining.callbacks.cpu_offload) |   - Total checkpoints saved: 20
10:18:31.107 | INFO    (310020, stable_pretraining.callbacks.cpu_offload) |   - Total time in offload: 12.87s
10:18:31.108 | INFO    (310020, stable_pretraining.callbacks.cpu_offload) |   - Total GPU memory freed: 0.00 GB
10:18:31.108 | INFO    (310020, stable_pretraining.callbacks.cpu_offload) |   - Average time per checkpoint: 0.64s
10:18:31.108 | INFO    (310020, stable_pretraining.callbacks.cpu_offload) |   - Average memory freed per checkpoint: 0.00 GB
10:18:31.108 | SUCCESS (310020, stable_pretraining.callbacks.cpu_offload) | CPUOffloadCallback: All checkpoints saved successfully
10:18:31.109 | INFO    (310020, stable_pretraining.callbacks.cpu_offload) | ============================================================
Epoch 9/9  ━━━━━━━━━━━━━━━━━━━━━━━━━━━━━━━━━━━━━━━━ 3483/3483 0:28:06 • 0:00:00 2.46it/s v_num: mu-2
10:18:32.191 | INFO    (310020, stable_pretraining.callbacks.cpu_offload) | CPUOffloadCallback: Teardown called for stage 'fit'
[1;34mwandb[0m: 
[1;34mwandb[0m: 🚀 View run [33mlewm_lp_p1.0_mu-2_pusht_expert[0m at: [34mhttps://wandb.ai/wms_at_iitb/le-wm/runs/lewm_lp_pusht_expert_mu-2[0m
TRAINING_EXITED_0
=== Wed Apr 22 10:19:36 UTC 2026 === ERROR: no checkpoints for mu=-2 (pattern lewm_lp_p1.0_mu-2_pusht_expert_epoch_*_object.ckpt) — skipping eval
================================================================
=== Wed Apr 22 10:19:36 UTC 2026 === START mu=-1   (model=lewm_lp_p1.0_mu-1_pusht_expert)
================================================================
[2026-04-22 10:19:44,329][root][INFO] - Cached 'action' from '/home/ubuntu/le-wm-palash/dataset/pusht_expert_train.h5'
[2026-04-22 10:19:44,370][root][INFO] - Cached 'proprio' from '/home/ubuntu/le-wm-palash/dataset/pusht_expert_train.h5'
[2026-04-22 10:19:44,430][root][INFO] - Cached 'state' from '/home/ubuntu/le-wm-palash/dataset/pusht_expert_train.h5'
10:19:45.071 | INFO    (342880, stable_pretraining.backbone.utils) | Created ViT-tiny from scratch with config: {'hidden_size': 192, 'num_hidden_layers': 12, 'num_attention_heads': 3, 'intermediate_size': 768, 'image_size': 112, 'patch_size': 14}
10:19:46.738 | INFO    (342880, stable_pretraining.data.module) | Setting up DataModule
10:19:46.739 | INFO    (342880, stable_pretraining.module) | Initializing Module configuration...
10:19:46.739 | WARNING (342880, stable_pretraining.module) | No hyperparameters provided - hyperparameter logging is disabled.
10:19:46.739 | INFO    (342880, stable_pretraining.module) | Setting custom forward method.
10:19:46.739 | INFO    (342880, stable_pretraining.module) | Setting attribute: self.model = <class 'torch._dynamo.eval_frame.OptimizedModule'>
10:19:46.739 | INFO    (342880, stable_pretraining.module) | Setting attribute: self.rdmreg = <class 'rdmreg.RDMReg'>
10:19:46.739 | INFO    (342880, stable_pretraining.module) | Setting attribute: self.optim = <class 'dict'>
10:19:46.740 | INFO    (342880, stable_pretraining.module) | No metrics configuration provided - automatic metric tracking is disabled.
wandb: WARNING The anonymous setting has no effect and will be removed in a future version.
wandb: [wandb.login()] Loaded credentials for https://api.wandb.ai from /home/ubuntu/.netrc.
wandb: Currently logged in as: narendraaironi (wms_at_iitb) to https://api.wandb.ai. Use `wandb login --relogin` to force relogin
wandb: setting up run lewm_lp_pusht_expert_mu-1
wandb: Tracking run with wandb version 0.26.0
wandb: Run data is saved locally in wandb/run-20260422_101947-lewm_lp_pusht_expert_mu-1
wandb: Run `wandb offline` to turn off syncing.
wandb: Syncing run lewm_lp_p1.0_mu-1_pusht_expert
wandb: ⭐️ View project at https://wandb.ai/wms_at_iitb/le-wm
wandb: 🚀 View run at https://wandb.ai/wms_at_iitb/le-wm/runs/lewm_lp_pusht_expert_mu-1
/home/ubuntu/miniconda3/envs/jepa-wms/lib/python3.10/site-packages/lightning/fabric/connector.py:571: `precision=bf16` is supported for historical reasons but its usage is discouraged. Please set your precision to bf16-mixed instead!
Using bfloat16 Automatic Mixed Precision (AMP)
10:19:50.319 | INFO    (342880, stable_pretraining.callbacks.env_info) | EnvironmentDumpCallback initialized (filename=environment.json, async=True)
10:19:50.319 | INFO    (342880, stable_pretraining.callbacks.cpu_offload) | ============================================================
10:19:50.319 | INFO    (342880, stable_pretraining.callbacks.cpu_offload) | Initializing CPUOffloadCallback
10:19:50.319 | INFO    (342880, stable_pretraining.callbacks.cpu_offload) | Configuration:
10:19:50.319 | INFO    (342880, stable_pretraining.callbacks.cpu_offload) |   - Offload keys: ['state_dict', 'optimizer_states', 'lr_schedulers']
10:19:50.320 | INFO    (342880, stable_pretraining.callbacks.cpu_offload) |   - Log all skipped objects: False
10:19:50.320 | INFO    (342880, stable_pretraining.callbacks.cpu_offload) |   - Will show first/last 10 skipped objects only
10:19:50.322 | SUCCESS (342880, stable_pretraining.callbacks.cpu_offload) | ✓ CUDA available: 1 GPU(s) detected
10:19:51.293 | INFO    (342880, stable_pretraining.callbacks.cpu_offload) |   - GPU 0: NVIDIA A100-SXM4-80GB (85.1 GB)
10:19:51.294 | SUCCESS (342880, stable_pretraining.callbacks.cpu_offload) | CPUOffloadCallback initialized successfully
10:19:51.294 | INFO    (342880, stable_pretraining.callbacks.cpu_offload) | ============================================================
Adding 10 callbacks from entry point 'stablepretraining_callbacks': ModuleRegistryCallback, LoggingCallback, EnvironmentDumpCallback, TrainerInfo, SklearnCheckpoint, WandbCheckpoint, ModuleSummary, SLURMInfo, LogUnusedParametersOnce, CPUOffloadCallback
GPU available: True (cuda), used: True
TPU available: False, using: 0 TPU cores
💡 Tip: For seamless cloud logging and experiment tracking, try installing [litlogger](https://pypi.org/project/litlogger/) to enable LitLogger, which logs metrics and artifacts automatically to the Lightning Experiments platform.
10:19:51.298 | WARNING (342880, stable_pretraining.manager) | User didn't specify seed, runs won't be exactly reproducible!
10:19:51.299 | INFO    (342880, stable_pretraining.manager) | 📁📁📁 CURRENT WORKING DIR: /home/ubuntu/le-wm-palash 📁📁📁
10:19:51.299 | INFO    (342880, stable_pretraining.manager) | 🌱🌱🌱 SEEDING EVERYTHING with self.seed=None 🌱🌱🌱
/home/ubuntu/miniconda3/envs/jepa-wms/lib/python3.10/site-packages/lightning/fabric/utilities/seed.py:44: No seed found, seed set to 0
Seed set to 0
10:19:51.303 | INFO    (342880, stable_pretraining.manager) | 📈📈📈 Using Wandb 📈📈📈
10:19:51.303 | INFO    (342880, stable_pretraining.manager) | 		a Wandb™ config is provided, not uploading Hydra's:
10:19:51.303 | INFO    (342880, stable_pretraining.manager) | 📈📈📈 WandbLogger setup 📈📈📈
10:19:51.303 | INFO    (342880, stable_pretraining.manager) | 📈📈📈 init={'name': 'lewm_lp_p1.0_mu-1_pusht_expert', 'project': 'le-wm', 'dir': '.', 'id': 'lewm_lp_pusht_expert_mu-1', 'resume': 'allow', 'anonymous': None, 'entity': 'wms_at_iitb'} 📈📈📈
10:19:51.303 | INFO    (342880, stable_pretraining.manager) | 	● 👂👂👂 SIGNALS HANDLERS 👂👂👂
10:19:51.304 | INFO    (342880, stable_pretraining.manager) | 		- SIGUSR1: `0`
10:19:51.304 | INFO    (342880, stable_pretraining.manager) | 		- SIGUSR2: `0`
10:19:51.304 | INFO    (342880, stable_pretraining.manager) | 		- SIGCONT: `0`
10:19:51.304 | INFO    (342880, stable_pretraining.manager) | 		- SIGTERM: `0`
10:19:51.304 | INFO    (342880, stable_pretraining.manager) | 	● 📞📞📞 CALLBACKS 📞📞📞
10:19:51.304 | INFO    (342880, stable_pretraining.manager) | 		 - we found 14 callbacks
10:19:51.304 | INFO    (342880, stable_pretraining.manager) | 	● 📞📞📞 CHECKPOINTING SETUP 📞📞📞
10:19:51.305 | WARNING (342880, stable_pretraining.manager) | 		 Checkpoint mismatch: `manager.ckpt_path` (/home/ubuntu/le-wm-palash/lewm-pusht/lewm_lp_p1.0_mu-1_pusht_expert_weights.ckpt) was provided, but no matching `ModelCheckpoint` callback was found.
10:19:51.305 | WARNING (342880, stable_pretraining.manager) | 		 Automatically creating a `ModelCheckpoint` to save to the specified path to prevent data loss.
10:19:51.306 | WARNING (342880, stable_pretraining.manager) | 		 - Automatic `ModelCheckpoint` callback has been added to the trainer.
10:19:51.306 | WARNING (342880, stable_pretraining.manager) | /home/ubuntu/le-wm-palash/lewm-pusht/lewm_lp_p1.0_mu-1_pusht_expert_weights.ckpt specified, but does not exist, using None for now!
10:19:51.306 | INFO    (342880, stable_pretraining.manager) | 📣📣📣 CALLING trainer.fit with ckpt_path=None 📣📣📣
💡 Tip: For seamless cloud uploads and versioning, try installing [litmodels](https://pypi.org/project/litmodels/) to enable LitModelCheckpoint, which syncs automatically with the Lightning model registry.
You are using a CUDA device ('NVIDIA A100-SXM4-80GB') that has Tensor Cores. To properly utilize them, you should set `torch.set_float32_matmul_precision('medium' | 'high')` which will trade-off precision for performance. For more details, read https://pytorch.org/docs/stable/generated/torch.set_float32_matmul_precision.html#torch.set_float32_matmul_precision
10:19:51.308 | INFO    (342880, stable_pretraining.data.module) | dataset for fit loaded!  ✅
10:19:51.308 | INFO    (342880, stable_pretraining.data.module) | 	● setup was done by user
10:19:51.309 | INFO    (342880, stable_pretraining.callbacks.env_info) | ======================================================================
10:19:51.309 | INFO    (342880, stable_pretraining.callbacks.env_info) | 🔍 Starting environment configuration dump...
10:19:51.309 | INFO    (342880, stable_pretraining.callbacks.env_info) | ======================================================================
10:19:51.309 | INFO    (342880, stable_pretraining.callbacks.env_info) | EnvironmentDumpCallback  log_dir=PosixPath('/home/ubuntu/le-wm-palash')
10:19:51.309 | INFO    (342880, stable_pretraining.callbacks.env_info) | ⚡ Running environment dump in background thread (non-blocking)
10:19:51.309 | INFO    (342880, stable_pretraining.callbacks.env_info) | 📁 Log directory: /home/ubuntu/le-wm-palash
10:19:51.310 | INFO    (342880, stable_pretraining.callbacks.env_info) | 📊 Collecting environment information...
10:19:51.311 | SUCCESS (342880, stable_pretraining.callbacks.env_info) | ✓ Background thread started successfully
10:19:51.311 | SUCCESS (342880, stable_pretraining.callbacks.env_info) |   ✓ Python 3.10.20
10:19:51.312 | INFO    (342880, stable_pretraining.callbacks.trainer_info) | 	 linking trainer to DataModule! 🔧
10:19:51.312 | SUCCESS (342880, stable_pretraining.callbacks.env_info) |   ✓ System: Linux 6.17.0-20-generic (x86_64)
10:19:51.313 | INFO    (342880, stable_pretraining.callbacks.checkpoint_sklearn) | Setting up SklearnCheckpoint callback!
10:19:51.313 | INFO    (342880, stable_pretraining.callbacks.env_info) |      Hostname: instance-0wzqq7mi-main
10:19:51.314 | INFO    (342880, stable_pretraining.callbacks.checkpoint_sklearn) | Sklearn Modules:
10:19:51.315 | INFO    (342880, stable_pretraining.callbacks.checkpoint_sklearn) | 
┏━━━━━━━━━━┳━━━━━━━━┳━━━━━━━━┓
┃ Module   ┃ Name   ┃ Type   ┃
┣━━━━━━━━━━╋━━━━━━━━╋━━━━━━━━┫
┗━━━━━━━━━━┻━━━━━━━━┻━━━━━━━━┛
10:19:51.316 | INFO    (342880, stable_pretraining.callbacks.checkpoint_sklearn) | Setting up WandbCheckpoint callback!
10:19:51.316 | INFO    (342880, stable_pretraining.callbacks.trainer_info) | PyTorch Modules:
10:19:51.316 | WARNING (342880, stable_pretraining.module) | You are calling self.parameters which also gives callbacks parameters, to remove then, pass `with_callbacks=False`
10:19:51.338 | INFO    (342880, stable_pretraining.callbacks.trainer_info) | \n+---------------------------------------------------------------------------+----------------------+--------------------------+--------------------------+---------+
| Module                                                                    | Trainable parameters | Non Trainable parameters | Uninitialized parameters | Buffers |
+---------------------------------------------------------------------------+----------------------+--------------------------+--------------------------+---------+
|                                                                           |             18588206 |                        0 |                        0 |    8194 |
| callbacks_modules                                                         |                    0 |                        0 |                        0 |       0 |
| callbacks_metrics                                                         |                    0 |                        0 |                        0 |       0 |
| model                                                                     |             18588206 |                        0 |                        0 |    8194 |
| model._orig_mod                                                           |             18588206 |                        0 |                        0 |    8194 |
| model._orig_mod.encoder                                                   |              5464512 |                        0 |                        0 |       0 |
| model._orig_mod.encoder.embeddings                                        |               125760 |                        0 |                        0 |       0 |
| model._orig_mod.encoder.embeddings.patch_embeddings                       |               113088 |                        0 |                        0 |       0 |
| model._orig_mod.encoder.embeddings.patch_embeddings.projection            |               113088 |                        0 |                        0 |       0 |
| model._orig_mod.encoder.embeddings.dropout                                |                    0 |                        0 |                        0 |       0 |
| model._orig_mod.encoder.encoder                                           |              5338368 |                        0 |                        0 |       0 |
| model._orig_mod.encoder.encoder.layer                                     |              5338368 |                        0 |                        0 |       0 |
| model._orig_mod.encoder.encoder.layer.0                                   |               444864 |                        0 |                        0 |       0 |
| model._orig_mod.encoder.encoder.layer.0.attention                         |               148224 |                        0 |                        0 |       0 |
| model._orig_mod.encoder.encoder.layer.0.attention.attention               |               111168 |                        0 |                        0 |       0 |
| model._orig_mod.encoder.encoder.layer.0.attention.attention.query         |                37056 |                        0 |                        0 |       0 |
| model._orig_mod.encoder.encoder.layer.0.attention.attention.key           |                37056 |                        0 |                        0 |       0 |
| model._orig_mod.encoder.encoder.layer.0.attention.attention.value         |                37056 |                        0 |                        0 |       0 |
| model._orig_mod.encoder.encoder.layer.0.attention.output                  |                37056 |                        0 |                        0 |       0 |
| model._orig_mod.encoder.encoder.layer.0.attention.output.dense            |                37056 |                        0 |                        0 |       0 |
| model._orig_mod.encoder.encoder.layer.0.attention.output.dropout          |                    0 |                        0 |                        0 |       0 |
| model._orig_mod.encoder.encoder.layer.0.intermediate                      |               148224 |                        0 |                        0 |       0 |
| model._orig_mod.encoder.encoder.layer.0.intermediate.dense                |               148224 |                        0 |                        0 |       0 |
| model._orig_mod.encoder.encoder.layer.0.intermediate.intermediate_act_fn  |                    0 |                        0 |                        0 |       0 |
| model._orig_mod.encoder.encoder.layer.0.output                            |               147648 |                        0 |                        0 |       0 |
| model._orig_mod.encoder.encoder.layer.0.output.dense                      |               147648 |                        0 |                        0 |       0 |
| model._orig_mod.encoder.encoder.layer.0.output.dropout                    |                    0 |                        0 |                        0 |       0 |
| model._orig_mod.encoder.encoder.layer.0.layernorm_before                  |                  384 |                        0 |                        0 |       0 |
| model._orig_mod.encoder.encoder.layer.0.layernorm_after                   |                  384 |                        0 |                        0 |       0 |
| model._orig_mod.encoder.encoder.layer.1                                   |               444864 |                        0 |                        0 |       0 |
| model._orig_mod.encoder.encoder.layer.1.attention                         |               148224 |                        0 |                        0 |       0 |
| model._orig_mod.encoder.encoder.layer.1.attention.attention               |               111168 |                        0 |                        0 |       0 |
| model._orig_mod.encoder.encoder.layer.1.attention.attention.query         |                37056 |                        0 |                        0 |       0 |
| model._orig_mod.encoder.encoder.layer.1.attention.attention.key           |                37056 |                        0 |                        0 |       0 |
| model._orig_mod.encoder.encoder.layer.1.attention.attention.value         |                37056 |                        0 |                        0 |       0 |
| model._orig_mod.encoder.encoder.layer.1.attention.output                  |                37056 |                        0 |                        0 |       0 |
| model._orig_mod.encoder.encoder.layer.1.attention.output.dense            |                37056 |                        0 |                        0 |       0 |
| model._orig_mod.encoder.encoder.layer.1.attention.output.dropout          |                    0 |                        0 |                        0 |       0 |
| model._orig_mod.encoder.encoder.layer.1.intermediate                      |               148224 |                        0 |                        0 |       0 |
| model._orig_mod.encoder.encoder.layer.1.intermediate.dense                |               148224 |                        0 |                        0 |       0 |
| model._orig_mod.encoder.encoder.layer.1.intermediate.intermediate_act_fn  |                    0 |                        0 |                        0 |       0 |
| model._orig_mod.encoder.encoder.layer.1.output                            |               147648 |                        0 |                        0 |       0 |
| model._orig_mod.encoder.encoder.layer.1.output.dense                      |               147648 |                        0 |                        0 |       0 |
| model._orig_mod.encoder.encoder.layer.1.output.dropout                    |                    0 |                        0 |                        0 |       0 |
| model._orig_mod.encoder.encoder.layer.1.layernorm_before                  |                  384 |                        0 |                        0 |       0 |
| model._orig_mod.encoder.encoder.layer.1.layernorm_after                   |                  384 |                        0 |                        0 |       0 |
| model._orig_mod.encoder.encoder.layer.2                                   |               444864 |                        0 |                        0 |       0 |
| model._orig_mod.encoder.encoder.layer.2.attention                         |               148224 |                        0 |                        0 |       0 |
| model._orig_mod.encoder.encoder.layer.2.attention.attention               |               111168 |                        0 |                        0 |       0 |
| model._orig_mod.encoder.encoder.layer.2.attention.attention.query         |                37056 |                        0 |                        0 |       0 |
| model._orig_mod.encoder.encoder.layer.2.attention.attention.key           |                37056 |                        0 |                        0 |       0 |
| model._orig_mod.encoder.encoder.layer.2.attention.attention.value         |                37056 |                        0 |                        0 |       0 |
| model._orig_mod.encoder.encoder.layer.2.attention.output                  |                37056 |                        0 |                        0 |       0 |
| model._orig_mod.encoder.encoder.layer.2.attention.output.dense            |                37056 |                        0 |                        0 |       0 |
| model._orig_mod.encoder.encoder.layer.2.attention.output.dropout          |                    0 |                        0 |                        0 |       0 |
| model._orig_mod.encoder.encoder.layer.2.intermediate                      |               148224 |                        0 |                        0 |       0 |
| model._orig_mod.encoder.encoder.layer.2.intermediate.dense                |               148224 |                        0 |                        0 |       0 |
| model._orig_mod.encoder.encoder.layer.2.intermediate.intermediate_act_fn  |                    0 |                        0 |                        0 |       0 |
| model._orig_mod.encoder.encoder.layer.2.output                            |               147648 |                        0 |                        0 |       0 |
| model._orig_mod.encoder.encoder.layer.2.output.dense                      |               147648 |                        0 |                        0 |       0 |
| model._orig_mod.encoder.encoder.layer.2.output.dropout                    |                    0 |                        0 |                        0 |       0 |
| model._orig_mod.encoder.encoder.layer.2.layernorm_before                  |                  384 |                        0 |                        0 |       0 |
| model._orig_mod.encoder.encoder.layer.2.layernorm_after                   |                  384 |                        0 |                        0 |       0 |
| model._orig_mod.encoder.encoder.layer.3                                   |               444864 |                        0 |                        0 |       0 |
| model._orig_mod.encoder.encoder.layer.3.attention                         |               148224 |                        0 |                        0 |       0 |
| model._orig_mod.encoder.encoder.layer.3.attention.attention               |               111168 |                        0 |                        0 |       0 |
| model._orig_mod.encoder.encoder.layer.3.attention.attention.query         |                37056 |                        0 |                        0 |       0 |
| model._orig_mod.encoder.encoder.layer.3.attention.attention.key           |                37056 |                        0 |                        0 |       0 |
| model._orig_mod.encoder.encoder.layer.3.attention.attention.value         |                37056 |                        0 |                        0 |       0 |
| model._orig_mod.encoder.encoder.layer.3.attention.output                  |                37056 |                        0 |                        0 |       0 |
| model._orig_mod.encoder.encoder.layer.3.attention.output.dense            |                37056 |                        0 |                        0 |       0 |
| model._orig_mod.encoder.encoder.layer.3.attention.output.dropout          |                    0 |                        0 |                        0 |       0 |
| model._orig_mod.encoder.encoder.layer.3.intermediate                      |               148224 |                        0 |                        0 |       0 |
| model._orig_mod.encoder.encoder.layer.3.intermediate.dense                |               148224 |                        0 |                        0 |       0 |
| model._orig_mod.encoder.encoder.layer.3.intermediate.intermediate_act_fn  |                    0 |                        0 |                        0 |       0 |
| model._orig_mod.encoder.encoder.layer.3.output                            |               147648 |                        0 |                        0 |       0 |
| model._orig_mod.encoder.encoder.layer.3.output.dense                      |               147648 |                        0 |                        0 |       0 |
| model._orig_mod.encoder.encoder.layer.3.output.dropout                    |                    0 |                        0 |                        0 |       0 |
| model._orig_mod.encoder.encoder.layer.3.layernorm_before                  |                  384 |                        0 |                        0 |       0 |
| model._orig_mod.encoder.encoder.layer.3.layernorm_after                   |                  384 |                        0 |                        0 |       0 |
| model._orig_mod.encoder.encoder.layer.4                                   |               444864 |                        0 |                        0 |       0 |
| model._orig_mod.encoder.encoder.layer.4.attention                         |               148224 |                        0 |                        0 |       0 |
| model._orig_mod.encoder.encoder.layer.4.attention.attention               |               111168 |                        0 |                        0 |       0 |
| model._orig_mod.encoder.encoder.layer.4.attention.attention.query         |                37056 |                        0 |                        0 |       0 |
| model._orig_mod.encoder.encoder.layer.4.attention.attention.key           |                37056 |                        0 |                        0 |       0 |
| model._orig_mod.encoder.encoder.layer.4.attention.attention.value         |                37056 |                        0 |                        0 |       0 |
| model._orig_mod.encoder.encoder.layer.4.attention.output                  |                37056 |                        0 |                        0 |       0 |
| model._orig_mod.encoder.encoder.layer.4.attention.output.dense            |                37056 |                        0 |                        0 |       0 |
| model._orig_mod.encoder.encoder.layer.4.attention.output.dropout          |                    0 |                        0 |                        0 |       0 |
| model._orig_mod.encoder.encoder.layer.4.intermediate                      |               148224 |                        0 |                        0 |       0 |
| model._orig_mod.encoder.encoder.layer.4.intermediate.dense                |               148224 |                        0 |                        0 |       0 |
| model._orig_mod.encoder.encoder.layer.4.intermediate.intermediate_act_fn  |                    0 |                        0 |                        0 |       0 |
| model._orig_mod.encoder.encoder.layer.4.output                            |               147648 |                        0 |                        0 |       0 |
| model._orig_mod.encoder.encoder.layer.4.output.dense                      |               147648 |                        0 |                        0 |       0 |
| model._orig_mod.encoder.encoder.layer.4.output.dropout                    |                    0 |                        0 |                        0 |       0 |
| model._orig_mod.encoder.encoder.layer.4.layernorm_before                  |                  384 |                        0 |                        0 |       0 |
| model._orig_mod.encoder.encoder.layer.4.layernorm_after                   |                  384 |                        0 |                        0 |       0 |
| model._orig_mod.encoder.encoder.layer.5                                   |               444864 |                        0 |                        0 |       0 |
| model._orig_mod.encoder.encoder.layer.5.attention                         |               148224 |                        0 |                        0 |       0 |
| model._orig_mod.encoder.encoder.layer.5.attention.attention               |               111168 |                        0 |                        0 |       0 |
| model._orig_mod.encoder.encoder.layer.5.attention.attention.query         |                37056 |                        0 |                        0 |       0 |
| model._orig_mod.encoder.encoder.layer.5.attention.attention.key           |                37056 |                        0 |                        0 |       0 |
| model._orig_mod.encoder.encoder.layer.5.attention.attention.value         |                37056 |                        0 |                        0 |       0 |
| model._orig_mod.encoder.encoder.layer.5.attention.output                  |                37056 |                        0 |                        0 |       0 |
| model._orig_mod.encoder.encoder.layer.5.attention.output.dense            |                37056 |                        0 |                        0 |       0 |
| model._orig_mod.encoder.encoder.layer.5.attention.output.dropout          |                    0 |                        0 |                        0 |       0 |
| model._orig_mod.encoder.encoder.layer.5.intermediate                      |               148224 |                        0 |                        0 |       0 |
| model._orig_mod.encoder.encoder.layer.5.intermediate.dense                |               148224 |                        0 |                        0 |       0 |
| model._orig_mod.encoder.encoder.layer.5.intermediate.intermediate_act_fn  |                    0 |                        0 |                        0 |       0 |
| model._orig_mod.encoder.encoder.layer.5.output                            |               147648 |                        0 |                        0 |       0 |
| model._orig_mod.encoder.encoder.layer.5.output.dense                      |               147648 |                        0 |                        0 |       0 |
| model._orig_mod.encoder.encoder.layer.5.output.dropout                    |                    0 |                        0 |                        0 |       0 |
| model._orig_mod.encoder.encoder.layer.5.layernorm_before                  |                  384 |                        0 |                        0 |       0 |
| model._orig_mod.encoder.encoder.layer.5.layernorm_after                   |                  384 |                        0 |                        0 |       0 |
| model._orig_mod.encoder.encoder.layer.6                                   |               444864 |                        0 |                        0 |       0 |
| model._orig_mod.encoder.encoder.layer.6.attention                         |               148224 |                        0 |                        0 |       0 |
| model._orig_mod.encoder.encoder.layer.6.attention.attention               |               111168 |                        0 |                        0 |       0 |
| model._orig_mod.encoder.encoder.layer.6.attention.attention.query         |                37056 |                        0 |                        0 |       0 |
| model._orig_mod.encoder.encoder.layer.6.attention.attention.key           |                37056 |                        0 |                        0 |       0 |
| model._orig_mod.encoder.encoder.layer.6.attention.attention.value         |                37056 |                        0 |                        0 |       0 |
| model._orig_mod.encoder.encoder.layer.6.attention.output                  |                37056 |                        0 |                        0 |       0 |
| model._orig_mod.encoder.encoder.layer.6.attention.output.dense            |                37056 |                        0 |                        0 |       0 |
| model._orig_mod.encoder.encoder.layer.6.attention.output.dropout          |                    0 |                        0 |                        0 |       0 |
| model._orig_mod.encoder.encoder.layer.6.intermediate                      |               148224 |                        0 |                        0 |       0 |
| model._orig_mod.encoder.encoder.layer.6.intermediate.dense                |               148224 |                        0 |                        0 |       0 |
| model._orig_mod.encoder.encoder.layer.6.intermediate.intermediate_act_fn  |                    0 |                        0 |                        0 |       0 |
| model._orig_mod.encoder.encoder.layer.6.output                            |               147648 |                        0 |                        0 |       0 |
| model._orig_mod.encoder.encoder.layer.6.output.dense                      |               147648 |                        0 |                        0 |       0 |
| model._orig_mod.encoder.encoder.layer.6.output.dropout                    |                    0 |                        0 |                        0 |       0 |
| model._orig_mod.encoder.encoder.layer.6.layernorm_before                  |                  384 |                        0 |                        0 |       0 |
| model._orig_mod.encoder.encoder.layer.6.layernorm_after                   |                  384 |                        0 |                        0 |       0 |
| model._orig_mod.encoder.encoder.layer.7                                   |               444864 |                        0 |                        0 |       0 |
| model._orig_mod.encoder.encoder.layer.7.attention                         |               148224 |                        0 |                        0 |       0 |
| model._orig_mod.encoder.encoder.layer.7.attention.attention               |               111168 |                        0 |                        0 |       0 |
| model._orig_mod.encoder.encoder.layer.7.attention.attention.query         |                37056 |                        0 |                        0 |       0 |
| model._orig_mod.encoder.encoder.layer.7.attention.attention.key           |                37056 |                        0 |                        0 |       0 |
| model._orig_mod.encoder.encoder.layer.7.attention.attention.value         |                37056 |                        0 |                        0 |       0 |
| model._orig_mod.encoder.encoder.layer.7.attention.output                  |                37056 |                        0 |                        0 |       0 |
| model._orig_mod.encoder.encoder.layer.7.attention.output.dense            |                37056 |                        0 |                        0 |       0 |
| model._orig_mod.encoder.encoder.layer.7.attention.output.dropout          |                    0 |                        0 |                        0 |       0 |
| model._orig_mod.encoder.encoder.layer.7.intermediate                      |               148224 |                        0 |                        0 |       0 |
| model._orig_mod.encoder.encoder.layer.7.intermediate.dense                |               148224 |                        0 |                        0 |       0 |
| model._orig_mod.encoder.encoder.layer.7.intermediate.intermediate_act_fn  |                    0 |                        0 |                        0 |       0 |
| model._orig_mod.encoder.encoder.layer.7.output                            |               147648 |                        0 |                        0 |       0 |
| model._orig_mod.encoder.encoder.layer.7.output.dense                      |               147648 |                        0 |                        0 |       0 |
| model._orig_mod.encoder.encoder.layer.7.output.dropout                    |                    0 |                        0 |                        0 |       0 |
| model._orig_mod.encoder.encoder.layer.7.layernorm_before                  |                  384 |                        0 |                        0 |       0 |
| model._orig_mod.encoder.encoder.layer.7.layernorm_after                   |                  384 |                        0 |                        0 |       0 |
| model._orig_mod.encoder.encoder.layer.8                                   |               444864 |                        0 |                        0 |       0 |
| model._orig_mod.encoder.encoder.layer.8.attention                         |               148224 |                        0 |                        0 |       0 |
| model._orig_mod.encoder.encoder.layer.8.attention.attention               |               111168 |                        0 |                        0 |       0 |
| model._orig_mod.encoder.encoder.layer.8.attention.attention.query         |                37056 |                        0 |                        0 |       0 |
| model._orig_mod.encoder.encoder.layer.8.attention.attention.key           |                37056 |                        0 |                        0 |       0 |
| model._orig_mod.encoder.encoder.layer.8.attention.attention.value         |                37056 |                        0 |                        0 |       0 |
| model._orig_mod.encoder.encoder.layer.8.attention.output                  |                37056 |                        0 |                        0 |       0 |
| model._orig_mod.encoder.encoder.layer.8.attention.output.dense            |                37056 |                        0 |                        0 |       0 |
| model._orig_mod.encoder.encoder.layer.8.attention.output.dropout          |                    0 |                        0 |                        0 |       0 |
| model._orig_mod.encoder.encoder.layer.8.intermediate                      |               148224 |                        0 |                        0 |       0 |
| model._orig_mod.encoder.encoder.layer.8.intermediate.dense                |               148224 |                        0 |                        0 |       0 |
| model._orig_mod.encoder.encoder.layer.8.intermediate.intermediate_act_fn  |                    0 |                        0 |                        0 |       0 |
| model._orig_mod.encoder.encoder.layer.8.output                            |               147648 |                        0 |                        0 |       0 |
| model._orig_mod.encoder.encoder.layer.8.output.dense                      |               147648 |                        0 |                        0 |       0 |
| model._orig_mod.encoder.encoder.layer.8.output.dropout                    |                    0 |                        0 |                        0 |       0 |
| model._orig_mod.encoder.encoder.layer.8.layernorm_before                  |                  384 |                        0 |                        0 |       0 |
| model._orig_mod.encoder.encoder.layer.8.layernorm_after                   |                  384 |                        0 |                        0 |       0 |
| model._orig_mod.encoder.encoder.layer.9                                   |               444864 |                        0 |                        0 |       0 |
| model._orig_mod.encoder.encoder.layer.9.attention                         |               148224 |                        0 |                        0 |       0 |
| model._orig_mod.encoder.encoder.layer.9.attention.attention               |               111168 |                        0 |                        0 |       0 |
| model._orig_mod.encoder.encoder.layer.9.attention.attention.query         |                37056 |                        0 |                        0 |       0 |
| model._orig_mod.encoder.encoder.layer.9.attention.attention.key           |                37056 |                        0 |                        0 |       0 |
| model._orig_mod.encoder.encoder.layer.9.attention.attention.value         |                37056 |                        0 |                        0 |       0 |
| model._orig_mod.encoder.encoder.layer.9.attention.output                  |                37056 |                        0 |                        0 |       0 |
| model._orig_mod.encoder.encoder.layer.9.attention.output.dense            |                37056 |                        0 |                        0 |       0 |
| model._orig_mod.encoder.encoder.layer.9.attention.output.dropout          |                    0 |                        0 |                        0 |       0 |
| model._orig_mod.encoder.encoder.layer.9.intermediate                      |               148224 |                        0 |                        0 |       0 |
| model._orig_mod.encoder.encoder.layer.9.intermediate.dense                |               148224 |                        0 |                        0 |       0 |
| model._orig_mod.encoder.encoder.layer.9.intermediate.intermediate_act_fn  |                    0 |                        0 |                        0 |       0 |
| model._orig_mod.encoder.encoder.layer.9.output                            |               147648 |                        0 |                        0 |       0 |
| model._orig_mod.encoder.encoder.layer.9.output.dense                      |               147648 |                        0 |                        0 |       0 |
| model._orig_mod.encoder.encoder.layer.9.output.dropout                    |                    0 |                        0 |                        0 |       0 |
| model._orig_mod.encoder.encoder.layer.9.layernorm_before                  |                  384 |                        0 |                        0 |       0 |
| model._orig_mod.encoder.encoder.layer.9.layernorm_after                   |                  384 |                        0 |                        0 |       0 |
| model._orig_mod.encoder.encoder.layer.10                                  |               444864 |                        0 |                        0 |       0 |
| model._orig_mod.encoder.encoder.layer.10.attention                        |               148224 |                        0 |                        0 |       0 |
| model._orig_mod.encoder.encoder.layer.10.attention.attention              |               111168 |                        0 |                        0 |       0 |
| model._orig_mod.encoder.encoder.layer.10.attention.attention.query        |                37056 |                        0 |                        0 |       0 |
| model._orig_mod.encoder.encoder.layer.10.attention.attention.key          |                37056 |                        0 |                        0 |       0 |
| model._orig_mod.encoder.encoder.layer.10.attention.attention.value        |                37056 |                        0 |                        0 |       0 |
| model._orig_mod.encoder.encoder.layer.10.attention.output                 |                37056 |                        0 |                        0 |       0 |
| model._orig_mod.encoder.encoder.layer.10.attention.output.dense           |                37056 |                        0 |                        0 |       0 |
| model._orig_mod.encoder.encoder.layer.10.attention.output.dropout         |                    0 |                        0 |                        0 |       0 |
| model._orig_mod.encoder.encoder.layer.10.intermediate                     |               148224 |                        0 |                        0 |       0 |
| model._orig_mod.encoder.encoder.layer.10.intermediate.dense               |               148224 |                        0 |                        0 |       0 |
| model._orig_mod.encoder.encoder.layer.10.intermediate.intermediate_act_fn |                    0 |                        0 |                        0 |       0 |
| model._orig_mod.encoder.encoder.layer.10.output                           |               147648 |                        0 |                        0 |       0 |
| model._orig_mod.encoder.encoder.layer.10.output.dense                     |               147648 |                        0 |                        0 |       0 |
| model._orig_mod.encoder.encoder.layer.10.output.dropout                   |                    0 |                        0 |                        0 |       0 |
| model._orig_mod.encoder.encoder.layer.10.layernorm_before                 |                  384 |                        0 |                        0 |       0 |
| model._orig_mod.encoder.encoder.layer.10.layernorm_after                  |                  384 |                        0 |                        0 |       0 |
| model._orig_mod.encoder.encoder.layer.11                                  |               444864 |                        0 |                        0 |       0 |
| model._orig_mod.encoder.encoder.layer.11.attention                        |               148224 |                        0 |                        0 |       0 |
| model._orig_mod.encoder.encoder.layer.11.attention.attention              |               111168 |                        0 |                        0 |       0 |
| model._orig_mod.encoder.encoder.layer.11.attention.attention.query        |                37056 |                        0 |                        0 |       0 |
| model._orig_mod.encoder.encoder.layer.11.attention.attention.key          |                37056 |                        0 |                        0 |       0 |
| model._orig_mod.encoder.encoder.layer.11.attention.attention.value        |                37056 |                        0 |                        0 |       0 |
| model._orig_mod.encoder.encoder.layer.11.attention.output                 |                37056 |                        0 |                        0 |       0 |
| model._orig_mod.encoder.encoder.layer.11.attention.output.dense           |                37056 |                        0 |                        0 |       0 |
| model._orig_mod.encoder.encoder.layer.11.attention.output.dropout         |                    0 |                        0 |                        0 |       0 |
| model._orig_mod.encoder.encoder.layer.11.intermediate                     |               148224 |                        0 |                        0 |       0 |
| model._orig_mod.encoder.encoder.layer.11.intermediate.dense               |               148224 |                        0 |                        0 |       0 |
| model._orig_mod.encoder.encoder.layer.11.intermediate.intermediate_act_fn |                    0 |                        0 |                        0 |       0 |
| model._orig_mod.encoder.encoder.layer.11.output                           |               147648 |                        0 |                        0 |       0 |
| model._orig_mod.encoder.encoder.layer.11.output.dense                     |               147648 |                        0 |                        0 |       0 |
| model._orig_mod.encoder.encoder.layer.11.output.dropout                   |                    0 |                        0 |                        0 |       0 |
| model._orig_mod.encoder.encoder.layer.11.layernorm_before                 |                  384 |                        0 |                        0 |       0 |
| model._orig_mod.encoder.encoder.layer.11.layernorm_after                  |                  384 |                        0 |                        0 |       0 |
| model._orig_mod.encoder.layernorm                                         |                  384 |                        0 |                        0 |       0 |
| model._orig_mod.predictor                                                 |             10791360 |                        0 |                        0 |       0 |
| model._orig_mod.predictor.dropout                                         |                    0 |                        0 |                        0 |       0 |
| model._orig_mod.predictor.transformer                                     |             10790784 |                        0 |                        0 |       0 |
| model._orig_mod.predictor.transformer.norm                                |                  384 |                        0 |                        0 |       0 |
| model._orig_mod.predictor.transformer.layers                              |             10790400 |                        0 |                        0 |       0 |
| model._orig_mod.predictor.transformer.layers.0                            |              1798400 |                        0 |                        0 |       0 |
| model._orig_mod.predictor.transformer.layers.0.attn                       |               787008 |                        0 |                        0 |       0 |
| model._orig_mod.predictor.transformer.layers.0.attn.norm                  |                  384 |                        0 |                        0 |       0 |
| model._orig_mod.predictor.transformer.layers.0.attn.attend                |                    0 |                        0 |                        0 |       0 |
| model._orig_mod.predictor.transformer.layers.0.attn.to_qkv                |               589824 |                        0 |                        0 |       0 |
| model._orig_mod.predictor.transformer.layers.0.attn.to_out                |               196800 |                        0 |                        0 |       0 |
| model._orig_mod.predictor.transformer.layers.0.attn.to_out.0              |               196800 |                        0 |                        0 |       0 |
| model._orig_mod.predictor.transformer.layers.0.attn.to_out.1              |                    0 |                        0 |                        0 |       0 |
| model._orig_mod.predictor.transformer.layers.0.mlp                        |               789056 |                        0 |                        0 |       0 |
| model._orig_mod.predictor.transformer.layers.0.mlp.net                    |               789056 |                        0 |                        0 |       0 |
| model._orig_mod.predictor.transformer.layers.0.mlp.net.0                  |                  384 |                        0 |                        0 |       0 |
| model._orig_mod.predictor.transformer.layers.0.mlp.net.1                  |               395264 |                        0 |                        0 |       0 |
| model._orig_mod.predictor.transformer.layers.0.mlp.net.2                  |                    0 |                        0 |                        0 |       0 |
| model._orig_mod.predictor.transformer.layers.0.mlp.net.3                  |                    0 |                        0 |                        0 |       0 |
| model._orig_mod.predictor.transformer.layers.0.mlp.net.4                  |               393408 |                        0 |                        0 |       0 |
| model._orig_mod.predictor.transformer.layers.0.mlp.net.5                  |                    0 |                        0 |                        0 |       0 |
| model._orig_mod.predictor.transformer.layers.0.norm1                      |                    0 |                        0 |                        0 |       0 |
| model._orig_mod.predictor.transformer.layers.0.norm2                      |                    0 |                        0 |                        0 |       0 |
| model._orig_mod.predictor.transformer.layers.0.adaLN_modulation           |               222336 |                        0 |                        0 |       0 |
| model._orig_mod.predictor.transformer.layers.0.adaLN_modulation.0         |                    0 |                        0 |                        0 |       0 |
| model._orig_mod.predictor.transformer.layers.0.adaLN_modulation.1         |               222336 |                        0 |                        0 |       0 |
| model._orig_mod.predictor.transformer.layers.1                            |              1798400 |                        0 |                        0 |       0 |
| model._orig_mod.predictor.transformer.layers.1.attn                       |               787008 |                        0 |                        0 |       0 |
| model._orig_mod.predictor.transformer.layers.1.attn.norm                  |                  384 |                        0 |                        0 |       0 |
| model._orig_mod.predictor.transformer.layers.1.attn.attend                |                    0 |                        0 |                        0 |       0 |
| model._orig_mod.predictor.transformer.layers.1.attn.to_qkv                |               589824 |                        0 |                        0 |       0 |
| model._orig_mod.predictor.transformer.layers.1.attn.to_out                |               196800 |                        0 |                        0 |       0 |
| model._orig_mod.predictor.transformer.layers.1.attn.to_out.0              |               196800 |                        0 |                        0 |       0 |
| model._orig_mod.predictor.transformer.layers.1.attn.to_out.1              |                    0 |                        0 |                        0 |       0 |
| model._orig_mod.predictor.transformer.layers.1.mlp                        |               789056 |                        0 |                        0 |       0 |
| model._orig_mod.predictor.transformer.layers.1.mlp.net                    |               789056 |                        0 |                        0 |       0 |
| model._orig_mod.predictor.transformer.layers.1.mlp.net.0                  |                  384 |                        0 |                        0 |       0 |
| model._orig_mod.predictor.transformer.layers.1.mlp.net.1                  |               395264 |                        0 |                        0 |       0 |
| model._orig_mod.predictor.transformer.layers.1.mlp.net.2                  |                    0 |                        0 |                        0 |       0 |
| model._orig_mod.predictor.transformer.layers.1.mlp.net.3                  |                    0 |                        0 |                        0 |       0 |
| model._orig_mod.predictor.transformer.layers.1.mlp.net.4                  |               393408 |                        0 |                        0 |       0 |
| model._orig_mod.predictor.transformer.layers.1.mlp.net.5                  |                    0 |                        0 |                        0 |       0 |
| model._orig_mod.predictor.transformer.layers.1.norm1                      |                    0 |                        0 |                        0 |       0 |
| model._orig_mod.predictor.transformer.layers.1.norm2                      |                    0 |                        0 |                        0 |       0 |
| model._orig_mod.predictor.transformer.layers.1.adaLN_modulation           |               222336 |                        0 |                        0 |       0 |
| model._orig_mod.predictor.transformer.layers.1.adaLN_modulation.0         |                    0 |                        0 |                        0 |       0 |
| model._orig_mod.predictor.transformer.layers.1.adaLN_modulation.1         |               222336 |                        0 |                        0 |       0 |
| model._orig_mod.predictor.transformer.layers.2                            |              1798400 |                        0 |                        0 |       0 |
| model._orig_mod.predictor.transformer.layers.2.attn                       |               787008 |                        0 |                        0 |       0 |
| model._orig_mod.predictor.transformer.layers.2.attn.norm                  |                  384 |                        0 |                        0 |       0 |
| model._orig_mod.predictor.transformer.layers.2.attn.attend                |                    0 |                        0 |                        0 |       0 |
| model._orig_mod.predictor.transformer.layers.2.attn.to_qkv                |               589824 |                        0 |                        0 |       0 |
| model._orig_mod.predictor.transformer.layers.2.attn.to_out                |               196800 |                        0 |                        0 |       0 |
| model._orig_mod.predictor.transformer.layers.2.attn.to_out.0              |               196800 |                        0 |                        0 |       0 |
| model._orig_mod.predictor.transformer.layers.2.attn.to_out.1              |                    0 |                        0 |                        0 |       0 |
| model._orig_mod.predictor.transformer.layers.2.mlp                        |               789056 |                        0 |                        0 |       0 |
| model._orig_mod.predictor.transformer.layers.2.mlp.net                    |               789056 |                        0 |                        0 |       0 |
| model._orig_mod.predictor.transformer.layers.2.mlp.net.0                  |                  384 |                        0 |                        0 |       0 |
| model._orig_mod.predictor.transformer.layers.2.mlp.net.1                  |               395264 |                        0 |                        0 |       0 |
| model._orig_mod.predictor.transformer.layers.2.mlp.net.2                  |                    0 |                        0 |                        0 |       0 |
| model._orig_mod.predictor.transformer.layers.2.mlp.net.3                  |                    0 |                        0 |                        0 |       0 |
| model._orig_mod.predictor.transformer.layers.2.mlp.net.4                  |               393408 |                        0 |                        0 |       0 |
| model._orig_mod.predictor.transformer.layers.2.mlp.net.5                  |                    0 |                        0 |                        0 |       0 |
| model._orig_mod.predictor.transformer.layers.2.norm1                      |                    0 |                        0 |                        0 |       0 |
| model._orig_mod.predictor.transformer.layers.2.norm2                      |                    0 |                        0 |                        0 |       0 |
| model._orig_mod.predictor.transformer.layers.2.adaLN_modulation           |               222336 |                        0 |                        0 |       0 |
| model._orig_mod.predictor.transformer.layers.2.adaLN_modulation.0         |                    0 |                        0 |                        0 |       0 |
| model._orig_mod.predictor.transformer.layers.2.adaLN_modulation.1         |               222336 |                        0 |                        0 |       0 |
| model._orig_mod.predictor.transformer.layers.3                            |              1798400 |                        0 |                        0 |       0 |
| model._orig_mod.predictor.transformer.layers.3.attn                       |               787008 |                        0 |                        0 |       0 |
| model._orig_mod.predictor.transformer.layers.3.attn.norm                  |                  384 |                        0 |                        0 |       0 |
| model._orig_mod.predictor.transformer.layers.3.attn.attend                |                    0 |                        0 |                        0 |       0 |
| model._orig_mod.predictor.transformer.layers.3.attn.to_qkv                |               589824 |                        0 |                        0 |       0 |
| model._orig_mod.predictor.transformer.layers.3.attn.to_out                |               196800 |                        0 |                        0 |       0 |
| model._orig_mod.predictor.transformer.layers.3.attn.to_out.0              |               196800 |                        0 |                        0 |       0 |
| model._orig_mod.predictor.transformer.layers.3.attn.to_out.1              |                    0 |                        0 |                        0 |       0 |
| model._orig_mod.predictor.transformer.layers.3.mlp                        |               789056 |                        0 |                        0 |       0 |
| model._orig_mod.predictor.transformer.layers.3.mlp.net                    |               789056 |                        0 |                        0 |       0 |
| model._orig_mod.predictor.transformer.layers.3.mlp.net.0                  |                  384 |                        0 |                        0 |       0 |
| model._orig_mod.predictor.transformer.layers.3.mlp.net.1                  |               395264 |                        0 |                        0 |       0 |
| model._orig_mod.predictor.transformer.layers.3.mlp.net.2                  |                    0 |                        0 |                        0 |       0 |
| model._orig_mod.predictor.transformer.layers.3.mlp.net.3                  |                    0 |                        0 |                        0 |       0 |
| model._orig_mod.predictor.transformer.layers.3.mlp.net.4                  |               393408 |                        0 |                        0 |       0 |
| model._orig_mod.predictor.transformer.layers.3.mlp.net.5                  |                    0 |                        0 |                        0 |       0 |
| model._orig_mod.predictor.transformer.layers.3.norm1                      |                    0 |                        0 |                        0 |       0 |
| model._orig_mod.predictor.transformer.layers.3.norm2                      |                    0 |                        0 |                        0 |       0 |
| model._orig_mod.predictor.transformer.layers.3.adaLN_modulation           |               222336 |                        0 |                        0 |       0 |
| model._orig_mod.predictor.transformer.layers.3.adaLN_modulation.0         |                    0 |                        0 |                        0 |       0 |
| model._orig_mod.predictor.transformer.layers.3.adaLN_modulation.1         |               222336 |                        0 |                        0 |       0 |
| model._orig_mod.predictor.transformer.layers.4                            |              1798400 |                        0 |                        0 |       0 |
| model._orig_mod.predictor.transformer.layers.4.attn                       |               787008 |                        0 |                        0 |       0 |
| model._orig_mod.predictor.transformer.layers.4.attn.norm                  |                  384 |                        0 |                        0 |       0 |
| model._orig_mod.predictor.transformer.layers.4.attn.attend                |                    0 |                        0 |                        0 |       0 |
| model._orig_mod.predictor.transformer.layers.4.attn.to_qkv                |               589824 |                        0 |                        0 |       0 |
| model._orig_mod.predictor.transformer.layers.4.attn.to_out                |               196800 |                        0 |                        0 |       0 |
| model._orig_mod.predictor.transformer.layers.4.attn.to_out.0              |               196800 |                        0 |                        0 |       0 |
| model._orig_mod.predictor.transformer.layers.4.attn.to_out.1              |                    0 |                        0 |                        0 |       0 |
| model._orig_mod.predictor.transformer.layers.4.mlp                        |               789056 |                        0 |                        0 |       0 |
| model._orig_mod.predictor.transformer.layers.4.mlp.net                    |               789056 |                        0 |                        0 |       0 |
| model._orig_mod.predictor.transformer.layers.4.mlp.net.0                  |                  384 |                        0 |                        0 |       0 |
| model._orig_mod.predictor.transformer.layers.4.mlp.net.1                  |               395264 |                        0 |                        0 |       0 |
| model._orig_mod.predictor.transformer.layers.4.mlp.net.2                  |                    0 |                        0 |                        0 |       0 |
| model._orig_mod.predictor.transformer.layers.4.mlp.net.3                  |                    0 |                        0 |                        0 |       0 |
| model._orig_mod.predictor.transformer.layers.4.mlp.net.4                  |               393408 |                        0 |                        0 |       0 |
| model._orig_mod.predictor.transformer.layers.4.mlp.net.5                  |                    0 |                        0 |                        0 |       0 |
| model._orig_mod.predictor.transformer.layers.4.norm1                      |                    0 |                        0 |                        0 |       0 |
| model._orig_mod.predictor.transformer.layers.4.norm2                      |                    0 |                        0 |                        0 |       0 |
| model._orig_mod.predictor.transformer.layers.4.adaLN_modulation           |               222336 |                        0 |                        0 |       0 |
| model._orig_mod.predictor.transformer.layers.4.adaLN_modulation.0         |                    0 |                        0 |                        0 |       0 |
| model._orig_mod.predictor.transformer.layers.4.adaLN_modulation.1         |               222336 |                        0 |                        0 |       0 |
| model._orig_mod.predictor.transformer.layers.5                            |              1798400 |                        0 |                        0 |       0 |
| model._orig_mod.predictor.transformer.layers.5.attn                       |               787008 |                        0 |                        0 |       0 |
| model._orig_mod.predictor.transformer.layers.5.attn.norm                  |                  384 |                        0 |                        0 |       0 |
| model._orig_mod.predictor.transformer.layers.5.attn.attend                |                    0 |                        0 |                        0 |       0 |
| model._orig_mod.predictor.transformer.layers.5.attn.to_qkv                |               589824 |                        0 |                        0 |       0 |
| model._orig_mod.predictor.transformer.layers.5.attn.to_out                |               196800 |                        0 |                        0 |       0 |
| model._orig_mod.predictor.transformer.layers.5.attn.to_out.0              |               196800 |                        0 |                        0 |       0 |
| model._orig_mod.predictor.transformer.layers.5.attn.to_out.1              |                    0 |                        0 |                        0 |       0 |
| model._orig_mod.predictor.transformer.layers.5.mlp                        |               789056 |                        0 |                        0 |       0 |
| model._orig_mod.predictor.transformer.layers.5.mlp.net                    |               789056 |                        0 |                        0 |       0 |
| model._orig_mod.predictor.transformer.layers.5.mlp.net.0                  |                  384 |                        0 |                        0 |       0 |
| model._orig_mod.predictor.transformer.layers.5.mlp.net.1                  |               395264 |                        0 |                        0 |       0 |
| model._orig_mod.predictor.transformer.layers.5.mlp.net.2                  |                    0 |                        0 |                        0 |       0 |
| model._orig_mod.predictor.transformer.layers.5.mlp.net.3                  |                    0 |                        0 |                        0 |       0 |
| model._orig_mod.predictor.transformer.layers.5.mlp.net.4                  |               393408 |                        0 |                        0 |       0 |
| model._orig_mod.predictor.transformer.layers.5.mlp.net.5                  |                    0 |                        0 |                        0 |       0 |
| model._orig_mod.predictor.transformer.layers.5.norm1                      |                    0 |                        0 |                        0 |       0 |
| model._orig_mod.predictor.transformer.layers.5.norm2                      |                    0 |                        0 |                        0 |       0 |
| model._orig_mod.predictor.transformer.layers.5.adaLN_modulation           |               222336 |                        0 |                        0 |       0 |
| model._orig_mod.predictor.transformer.layers.5.adaLN_modulation.0         |                    0 |                        0 |                        0 |       0 |
| model._orig_mod.predictor.transformer.layers.5.adaLN_modulation.1         |               222336 |                        0 |                        0 |       0 |
| model._orig_mod.predictor.transformer.input_proj                          |                    0 |                        0 |                        0 |       0 |
| model._orig_mod.predictor.transformer.cond_proj                           |                    0 |                        0 |                        0 |       0 |
| model._orig_mod.predictor.transformer.output_proj                         |                    0 |                        0 |                        0 |       0 |
| model._orig_mod.action_encoder                                            |               746798 |                        0 |                        0 |       0 |
| model._orig_mod.action_encoder.patch_embed                                |                  110 |                        0 |                        0 |       0 |
| model._orig_mod.action_encoder.embed                                      |               746688 |                        0 |                        0 |       0 |
| model._orig_mod.action_encoder.embed.0                                    |                 8448 |                        0 |                        0 |       0 |
| model._orig_mod.action_encoder.embed.1                                    |                    0 |                        0 |                        0 |       0 |
| model._orig_mod.action_encoder.embed.2                                    |               590592 |                        0 |                        0 |       0 |
| model._orig_mod.action_encoder.embed.3                                    |                    0 |                        0 |                        0 |       0 |
| model._orig_mod.action_encoder.embed.4                                    |               147648 |                        0 |                        0 |       0 |
| model._orig_mod.projector                                                 |               792768 |                        0 |                        0 |    4097 |
| model._orig_mod.projector.net                                             |               792768 |                        0 |                        0 |    4097 |
| model._orig_mod.projector.net.0                                           |               395264 |                        0 |                        0 |       0 |
| model._orig_mod.projector.net.1                                           |                 4096 |                        0 |                        0 |    4097 |
| model._orig_mod.projector.net.2                                           |                    0 |                        0 |                        0 |       0 |
| model._orig_mod.projector.net.3                                           |               393408 |                        0 |                        0 |       0 |
| model._orig_mod.pred_proj                                                 |               792768 |                        0 |                        0 |    4097 |
| model._orig_mod.pred_proj.net                                             |               792768 |                        0 |                        0 |    4097 |
| model._orig_mod.pred_proj.net.0                                           |               395264 |                        0 |                        0 |       0 |
| model._orig_mod.pred_proj.net.1                                           |                 4096 |                        0 |                        0 |    4097 |
| model._orig_mod.pred_proj.net.2                                           |                    0 |                        0 |                        0 |       0 |
| model._orig_mod.pred_proj.net.3                                           |               393408 |                        0 |                        0 |       0 |
| rdmreg                                                                    |                    0 |                        0 |                        0 |       0 |
+---------------------------------------------------------------------------+----------------------+--------------------------+--------------------------+---------+
10:19:51.338 | INFO    (342880, stable_pretraining.callbacks.trainer_info) | ---- SLURM INFO ---- 🔧
10:19:51.339 | INFO    (342880, stable_pretraining.callbacks.trainer_info) | Job ID: N/A
10:19:51.339 | INFO    (342880, stable_pretraining.callbacks.trainer_info) | Task ID: N/A
10:19:51.339 | INFO    (342880, stable_pretraining.callbacks.trainer_info) | Job Name: N/A
10:19:51.339 | INFO    (342880, stable_pretraining.callbacks.trainer_info) | Nodes: N/A
10:19:51.339 | INFO    (342880, stable_pretraining.callbacks.trainer_info) | Tasks: N/A
10:19:51.339 | INFO    (342880, stable_pretraining.callbacks.trainer_info) | CPUs per node: N/A
10:19:51.339 | INFO    (342880, stable_pretraining.callbacks.trainer_info) | CPUs per task: N/A
10:19:51.339 | INFO    (342880, stable_pretraining.callbacks.trainer_info) | Memory per node: N/A
10:19:51.340 | INFO    (342880, stable_pretraining.callbacks.trainer_info) | Memory per CPU: N/A
10:19:51.340 | INFO    (342880, stable_pretraining.callbacks.trainer_info) | Time limit: N/A
10:19:51.340 | INFO    (342880, stable_pretraining.callbacks.trainer_info) | Partition: N/A
10:19:51.340 | INFO    (342880, stable_pretraining.callbacks.trainer_info) | Node List: N/A
10:19:51.340 | INFO    (342880, stable_pretraining.callbacks.trainer_info) | Submit Directory: N/A
10:19:51.340 | INFO    (342880, stable_pretraining.callbacks.cpu_offload) | CPUOffloadCallback: Setup called for stage 'fit'
10:19:51.341 | INFO    (342880, stable_pretraining.callbacks.cpu_offload) |   - Trainer rank: 0/1
10:19:51.341 | INFO    (342880, stable_pretraining.callbacks.cpu_offload) |   - Strategy: SingleDeviceStrategy
10:19:51.341 | SUCCESS (342880, stable_pretraining.callbacks.cpu_offload) | ✓ Strategy 'SingleDeviceStrategy' is compatible with CPU offload
10:19:51.341 | SUCCESS (342880, stable_pretraining.callbacks.cpu_offload) | ✓ CPUOffloadCallback ENABLED for strategy 'SingleDeviceStrategy'
10:19:51.341 | INFO    (342880, stable_pretraining.callbacks.cpu_offload) |   - This rank will handle checkpoint saving and CPU offload
/home/ubuntu/miniconda3/envs/jepa-wms/lib/python3.10/site-packages/lightning/pytorch/callbacks/model_checkpoint.py:881: Checkpoint directory /home/ubuntu/le-wm-palash/lewm-pusht exists and is not empty.
LOCAL_RANK: 0 - CUDA_VISIBLE_DEVICES: [0]
10:19:51.399 | INFO    (342880, stable_pretraining.module) | Configuring optimizers and learning rate schedulers...
10:19:51.400 | INFO    (342880, stable_pretraining.module) | 	Optimizer specified by Dict with keys ['model_opt']... 🔧
10:19:51.404 | INFO    (342880, stable_pretraining.module) | 
┏━━━━━━━━━━━━━┳━━━━━━━━━━━┳━━━━━━━━━━━━━━━━━━━┳━━━━━━━━━━━━━━━━━┳━━━━━━━━━━━━━━━━┳━━━━━━━━━━━━━━━━━━━━━━━━┓
┃ Optimizer   ┃ Pattern   ┃   Matched Modules ┃   Param Tensors ┃   Total Params ┃   RequiresGrad Tensors ┃
┣━━━━━━━━━━━━━╋━━━━━━━━━━━╋━━━━━━━━━━━━━━━━━━━╋━━━━━━━━━━━━━━━━━╋━━━━━━━━━━━━━━━━╋━━━━━━━━━━━━━━━━━━━━━━━━┫
┃ model_opt   ┃ model     ┃               368 ┃             299 ┃       18588206 ┃                    299 ┃
┗━━━━━━━━━━━━━┻━━━━━━━━━━━┻━━━━━━━━━━━━━━━━━━━┻━━━━━━━━━━━━━━━━━┻━━━━━━━━━━━━━━━━┻━━━━━━━━━━━━━━━━━━━━━━━━┛
10:19:51.405 | INFO    (342880, stable_pretraining.optim.lr_scheduler) | 	User provided a dict
Loading `train_dataloader` to estimate number of stepping batches.
10:19:51.826 | SUCCESS (342880, stable_pretraining.callbacks.env_info) |   ✓ Packages: 260 packages collected in 0.51s
10:19:52.131 | INFO    (342880, stable_pretraining.module) | Configured optimizer 'model_opt' (modules=368, param_tensors=299, total_params=18588206) with LinearWarmupCosineAnnealingLR scheduler.
/home/ubuntu/miniconda3/envs/jepa-wms/lib/python3.10/site-packages/lightning/pytorch/utilities/model_summary/model_summary.py:242: Precision bf16-mixed is not supported by the model summary.  Estimated model size in MB will not be accurate. Using 32 bits instead.
10:19:52.148 | WARNING (342880, stable_pretraining.module) | You are calling self.parameters which also gives callbacks parameters, to remove then, pass `with_callbacks=False`
10:19:52.151 | WARNING (342880, stable_pretraining.module) | You are calling self.parameters which also gives callbacks parameters, to remove then, pass `with_callbacks=False`
10:19:52.153 | WARNING (342880, stable_pretraining.module) | You are calling self.parameters which also gives callbacks parameters, to remove then, pass `with_callbacks=False`
10:19:52.155 | WARNING (342880, stable_pretraining.module) | You are calling self.parameters which also gives callbacks parameters, to remove then, pass `with_callbacks=False`
┏━━━┳━━━━━━━━━━━━━━━━━━━┳━━━━━━━━━━━━━━━━━┳━━━━━━━━┳━━━━━━━┳━━━━━━━┓
┃   ┃ Name              ┃ Type            ┃ Params ┃ Mode  ┃ FLOPs ┃
┡━━━╇━━━━━━━━━━━━━━━━━━━╇━━━━━━━━━━━━━━━━━╇━━━━━━━━╇━━━━━━━╇━━━━━━━┩
│ 0 │ callbacks_modules │ ModuleDict      │      0 │ train │     0 │
│ 1 │ callbacks_metrics │ ModuleDict      │      0 │ train │     0 │
│ 2 │ model             │ OptimizedModule │ 18.6 M │ train │     0 │
│ 3 │ rdmreg            │ RDMReg          │      0 │ train │     0 │
└───┴───────────────────┴─────────────────┴────────┴───────┴───────┘
Trainable params: 18.6 M                                                                                                                               
Non-trainable params: 0                                                                                                                                
Total params: 18.6 M                                                                                                                                   
Total estimated model params size (MB): 74                                                                                                             
Modules in train mode: 371                                                                                                                             
Modules in eval mode: 0                                                                                                                                
Total FLOPs: 0                                                                                                                                         
10:19:52.177 | WARNING (342880, stable_pretraining.module) | You are calling self.parameters which also gives callbacks parameters, to remove then, pass `with_callbacks=False`
10:20:01.898 | WARNING (342880, stable_pretraining.callbacks.env_info) |      ⚠️  nvidia-smi timed out
10:20:02.006 | SUCCESS (342880, stable_pretraining.callbacks.env_info) |   ✓ Git: Palash @ 6b33c8d9
10:20:02.007 | INFO    (342880, stable_pretraining.callbacks.env_info) |      Remote: https://github.com/Planning-for-WMs/le-wm.git
10:20:02.007 | WARNING (342880, stable_pretraining.callbacks.env_info) |      ⚠️  Working directory has uncommitted changes!
10:20:02.008 | SUCCESS (342880, stable_pretraining.callbacks.env_info) |   ✓ Environment: 4 relevant variables captured
10:20:02.009 | INFO    (342880, stable_pretraining.callbacks.env_info) | 🔄 Serializing environment data...
10:20:02.011 | INFO    (342880, stable_pretraining.callbacks.env_info) | 📋 File exists, using version 14: environment_v14.json
10:20:02.012 | INFO    (342880, stable_pretraining.callbacks.env_info) | 📋 File exists, using version 14: requirements_frozen_v14.txt
10:20:02.012 | INFO    (342880, stable_pretraining.callbacks.env_info) | 📁 Save directory: /home/ubuntu/le-wm-palash
10:20:02.013 | INFO    (342880, stable_pretraining.callbacks.env_info) | 💾 Writing environment to temp file...
10:20:02.014 | INFO    (342880, stable_pretraining.callbacks.env_info) | 💾 Moving to: environment_v14.json
10:20:02.014 | SUCCESS (342880, stable_pretraining.callbacks.env_info) | ✓ Environment file saved (15.5 KB)
10:20:02.015 | SUCCESS (342880, stable_pretraining.callbacks.env_info) | ✓ Requirements file saved (5.2 KB)
/home/ubuntu/miniconda3/envs/jepa-wms/lib/python3.10/site-packages/lightning/pytorch/utilities/data.py:79: Trying to infer the `batch_size` from an ambiguous collection. The batch size we found is 512. To avoid any miscalculations, use `self.log(..., batch_size=batch_size)`.
10:20:09.178 | INFO    (342880, stable_pretraining.callbacks.trainer_info) | \n+----------------------------+---------------------+
|           Metric           |        Value        |
+----------------------------+---------------------+
|       [0;34;40mvalidate/loss[0m        | [0;32;40m0.24537807703018188[0m |
|    [0;34;40mvalidate/loss_epoch[0m     | [0;32;40m0.24537807703018188[0m |
|     [0;34;40mvalidate/pred_loss[0m     | [0;32;40m0.08595649152994156[0m |
|  [0;34;40mvalidate/pred_loss_epoch[0m  | [0;32;40m0.08595649152994156[0m |
|    [0;34;40mvalidate/rdmreg_loss[0m    | [0;32;40m0.15942159295082092[0m |
| [0;34;40mvalidate/rdmreg_loss_epoch[0m | [0;32;40m0.15942159295082092[0m |
+----------------------------+---------------------+
10:20:09.368 | INFO    (342880, stable_pretraining.callbacks.cpu_offload) | CPUOffloadCallback: Training started
10:20:09.368 | WARNING (342880, stable_pretraining.module) | You are calling self.parameters which also gives callbacks parameters, to remove then, pass `with_callbacks=False`
10:20:09.371 | WARNING (342880, stable_pretraining.module) | You are calling self.parameters which also gives callbacks parameters, to remove then, pass `with_callbacks=False`
10:20:09.372 | INFO    (342880, stable_pretraining.callbacks.cpu_offload) | Model statistics:
10:20:09.372 | INFO    (342880, stable_pretraining.callbacks.cpu_offload) |   - Total parameters: 18,588,206
10:20:09.373 | INFO    (342880, stable_pretraining.callbacks.cpu_offload) |   - Trainable parameters: 18,588,206
10:20:09.373 | INFO    (342880, stable_pretraining.callbacks.cpu_offload) |   - Model size (bf16): ~0.04 GB
10:20:09.373 | INFO    (342880, stable_pretraining.callbacks.cpu_offload) |   - Estimated checkpoint size (with optimizer): ~0.11 GB
10:20:09.373 | INFO    (342880, stable_pretraining.module) | Double checking optimizers!
10:20:09.373 | INFO    (342880, stable_pretraining.module) | `self.optimizers() gave us 1 optimizers
10:20:09.373 | WARNING (342880, stable_pretraining.module) | No clip val found for optimizer default_0
10:20:09.374 | WARNING (342880, stable_pretraining.module) | -> we will use the Trainer's value of 1.0
10:20:09.374 | WARNING (342880, stable_pretraining.module) | No clip algorithm found for optimizer default_0
10:20:09.374 | WARNING (342880, stable_pretraining.module) | -> we will use the Trainer's value of None
10:20:09.374 | SUCCESS (342880, stable_pretraining.module) | We are done checking your optimizers! Here is the summary:
+------------+-----------+----------------+-----------+-----------+
| Opt. Index | Opt. name |      opt       | clip val. | clip alg. |
+------------+-----------+----------------+-----------+-----------+
|     0      | default_0 | LightningAdamW |    1.0    |    None   |
+------------+-----------+----------------+-----------+-----------+
10:20:10.118 | WARNING (342880, stable_pretraining.module) | You are calling self.parameters which also gives callbacks parameters, to remove then, pass `with_callbacks=False`
10:20:10.125 | INFO    (342880, stable_pretraining.callbacks.unused_parameters) | [LogUnusedParametersOnce] Registered hooks on 299 leaf parameters.
10:20:11.062 | WARNING (342880, stable_pretraining.module) | You are calling self.parameters which also gives callbacks parameters, to remove then, pass `with_callbacks=False`
10:20:11.064 | INFO    (342880, stable_pretraining.callbacks.unused_parameters) | [LogUnusedParametersOnce] All tracked parameters received gradients on the first backward pass.
10:20:11.065 | INFO    (342880, stable_pretraining.callbacks.unused_parameters) | [LogUnusedParametersOnce] Hooks removed, callback disabled.
10:48:32.645 | WARNING (342880, stable_pretraining.module) | You are calling self.parameters which also gives callbacks parameters, to remove then, pass `with_callbacks=False`
/home/ubuntu/miniconda3/envs/jepa-wms/lib/python3.10/site-packages/lightning/pytorch/utilities/data.py:79: Trying to infer the `batch_size` from an ambiguous collection. The batch size we found is 28. To avoid any miscalculations, use `self.log(..., batch_size=batch_size)`.
10:51:44.767 | INFO    (342880, stable_pretraining.callbacks.trainer_info) | \n+----------------------------+-----------------------+
|           Metric           |         Value         |
+----------------------------+-----------------------+
|          [0;34;40mfit/loss[0m          |  [0;32;40m0.007383864838629961[0m |
|       [0;34;40mfit/pred_loss[0m        | [0;32;40m0.0015993589768186212[0m |
|      [0;34;40mfit/rdmreg_loss[0m       |  [0;32;40m0.005784505978226662[0m |
|       [0;34;40mvalidate/loss[0m        |  [0;32;40m0.008280182257294655[0m |
|    [0;34;40mvalidate/loss_epoch[0m     |  [0;32;40m0.008280182257294655[0m |
|     [0;34;40mvalidate/pred_loss[0m     | [0;32;40m0.0017665852792561054[0m |
|  [0;34;40mvalidate/pred_loss_epoch[0m  | [0;32;40m0.0017665852792561054[0m |
|    [0;34;40mvalidate/rdmreg_loss[0m    |  [0;32;40m0.006513598840683699[0m |
| [0;34;40mvalidate/rdmreg_loss_epoch[0m |  [0;32;40m0.006513598840683699[0m |
+----------------------------+-----------------------+
10:51:45.052 | INFO    (342880, stable_pretraining.callbacks.checkpoint_sklearn) | Checking for non PyTorch modules to save... 🔧
10:51:45.053 | INFO    (342880, stable_pretraining.callbacks.checkpoint_sklearn) | Checking for Wandb params to save... 🔧
10:51:45.053 | INFO    (342880, stable_pretraining.callbacks.checkpoint_sklearn) | Saving Wandb params {'id': 'lewm_lp_pusht_expert_mu-1'}
10:51:45.053 | INFO    (342880, stable_pretraining.callbacks.checkpoint_sklearn) | Checking for Wandb params to save... Done!
10:51:45.053 | INFO    (342880, stable_pretraining.callbacks.cpu_offload) | ============================================================
10:51:45.053 | INFO    (342880, stable_pretraining.callbacks.cpu_offload) | CPUOffloadCallback: Starting checkpoint CPU offload (#1)
10:51:45.054 | INFO    (342880, stable_pretraining.callbacks.cpu_offload) |   - Global step: 3483
10:51:45.054 | INFO    (342880, stable_pretraining.callbacks.cpu_offload) |   - Epoch: 0
10:51:45.054 | INFO    (342880, stable_pretraining.callbacks.cpu_offload) | Checkpoint contains 11 keys: ['callbacks', 'epoch', 'global_step', 'hparams_name', 'hyper_parameters', 'loops', 'lr_schedulers', 'optimizer_states', 'pytorch-lightning_version', 'state_dict', 'wandb']
10:51:45.055 | INFO    (342880, stable_pretraining.callbacks.cpu_offload) | GPU memory before offload:
10:51:45.055 | INFO    (342880, stable_pretraining.callbacks.cpu_offload) |   - Allocated: 0.24 GB
10:51:45.055 | INFO    (342880, stable_pretraining.callbacks.cpu_offload) |   - Reserved: 16.63 GB
10:51:45.055 | INFO    (342880, stable_pretraining.callbacks.cpu_offload) | Processing checkpoint key: 'state_dict'
10:51:45.267 | SUCCESS (342880, stable_pretraining.callbacks.cpu_offload) | ✓ Completed 'state_dict' in 0.21s
10:51:45.267 | INFO    (342880, stable_pretraining.callbacks.cpu_offload) | Processing checkpoint key: 'optimizer_states'
10:51:45.832 | SUCCESS (342880, stable_pretraining.callbacks.cpu_offload) | ✓ Completed 'optimizer_states' in 0.56s
10:51:45.833 | INFO    (342880, stable_pretraining.callbacks.cpu_offload) | Processing checkpoint key: 'lr_schedulers'
10:51:45.833 | SUCCESS (342880, stable_pretraining.callbacks.cpu_offload) | ✓ Completed 'lr_schedulers' in 0.00s
10:51:45.833 | WARNING (342880, stable_pretraining.callbacks.cpu_offload) | Skipped 321 custom object(s)
10:51:45.833 | WARNING (342880, stable_pretraining.callbacks.cpu_offload) | First 10 skipped objects:
10:51:45.833 | WARNING (342880, stable_pretraining.callbacks.cpu_offload) |   - float at 'optimizer_states[0].param_groups[0].lr'
10:51:45.834 | WARNING (342880, stable_pretraining.callbacks.cpu_offload) |   - float at 'optimizer_states[0].param_groups[0].betas[0]'
10:51:45.834 | WARNING (342880, stable_pretraining.callbacks.cpu_offload) |   - float at 'optimizer_states[0].param_groups[0].betas[1]'
10:51:45.834 | WARNING (342880, stable_pretraining.callbacks.cpu_offload) |   - float at 'optimizer_states[0].param_groups[0].eps'
10:51:45.834 | WARNING (342880, stable_pretraining.callbacks.cpu_offload) |   - float at 'optimizer_states[0].param_groups[0].weight_decay'
10:51:45.834 | WARNING (342880, stable_pretraining.callbacks.cpu_offload) |   - bool at 'optimizer_states[0].param_groups[0].amsgrad'
10:51:45.835 | WARNING (342880, stable_pretraining.callbacks.cpu_offload) |   - bool at 'optimizer_states[0].param_groups[0].maximize'
10:51:45.835 | WARNING (342880, stable_pretraining.callbacks.cpu_offload) |   - NoneType at 'optimizer_states[0].param_groups[0].foreach'
10:51:45.835 | WARNING (342880, stable_pretraining.callbacks.cpu_offload) |   - bool at 'optimizer_states[0].param_groups[0].capturable'
10:51:45.835 | WARNING (342880, stable_pretraining.callbacks.cpu_offload) |   - bool at 'optimizer_states[0].param_groups[0].differentiable'
10:51:45.835 | WARNING (342880, stable_pretraining.callbacks.cpu_offload) | ... (301 more skipped) ...
10:51:45.835 | WARNING (342880, stable_pretraining.callbacks.cpu_offload) | Last 10 skipped objects:
10:51:45.836 | WARNING (342880, stable_pretraining.callbacks.cpu_offload) |   - int at 'optimizer_states[0].param_groups[0].params[298]'
10:51:45.836 | WARNING (342880, stable_pretraining.callbacks.cpu_offload) |   - int at 'lr_schedulers[0].warmup_steps'
10:51:45.836 | WARNING (342880, stable_pretraining.callbacks.cpu_offload) |   - int at 'lr_schedulers[0].max_steps'
10:51:45.836 | WARNING (342880, stable_pretraining.callbacks.cpu_offload) |   - float at 'lr_schedulers[0].warmup_start_lr'
10:51:45.837 | WARNING (342880, stable_pretraining.callbacks.cpu_offload) |   - float at 'lr_schedulers[0].eta_min'
10:51:45.837 | WARNING (342880, stable_pretraining.callbacks.cpu_offload) |   - float at 'lr_schedulers[0].base_lrs[0]'
10:51:45.837 | WARNING (342880, stable_pretraining.callbacks.cpu_offload) |   - int at 'lr_schedulers[0].last_epoch'
10:51:45.837 | WARNING (342880, stable_pretraining.callbacks.cpu_offload) |   - int at 'lr_schedulers[0]._step_count'
10:51:45.837 | WARNING (342880, stable_pretraining.callbacks.cpu_offload) |   - bool at 'lr_schedulers[0]._get_lr_called_within_step'
10:51:45.837 | WARNING (342880, stable_pretraining.callbacks.cpu_offload) |   - float at 'lr_schedulers[0]._last_lr[0]'
10:51:45.838 | INFO    (342880, stable_pretraining.callbacks.cpu_offload) | To see all 321 skipped objects, set log_skipped=True
10:51:45.838 | INFO    (342880, stable_pretraining.callbacks.cpu_offload) | GPU memory after offload:
10:51:45.838 | INFO    (342880, stable_pretraining.callbacks.cpu_offload) |   - Allocated: 0.24 GB
10:51:45.839 | INFO    (342880, stable_pretraining.callbacks.cpu_offload) |   - Reserved: 16.63 GB
10:51:45.839 | INFO    (342880, stable_pretraining.callbacks.cpu_offload) | GPU memory freed: 0.00 GB
10:51:45.839 | SUCCESS (342880, stable_pretraining.callbacks.cpu_offload) | CPUOffloadCallback: Checkpoint #1 completed in 0.79s
10:51:45.839 | INFO    (342880, stable_pretraining.callbacks.cpu_offload) | Successfully processed keys: ['state_dict', 'optimizer_states', 'lr_schedulers']
10:51:45.839 | INFO    (342880, stable_pretraining.callbacks.cpu_offload) | Cumulative stats:
10:51:45.839 | INFO    (342880, stable_pretraining.callbacks.cpu_offload) |   - Total checkpoints saved: 1
10:51:45.840 | INFO    (342880, stable_pretraining.callbacks.cpu_offload) |   - Total time in offload: 0.79s
10:51:45.840 | INFO    (342880, stable_pretraining.callbacks.cpu_offload) |   - Total memory freed: 0.00 GB
10:51:45.840 | INFO    (342880, stable_pretraining.callbacks.cpu_offload) |   - Average time per checkpoint: 0.79s
10:51:45.840 | INFO    (342880, stable_pretraining.callbacks.cpu_offload) | ============================================================
10:51:47.163 | INFO    (342880, stable_pretraining.callbacks.checkpoint_sklearn) | Checking for non PyTorch modules to save... 🔧
10:51:47.163 | INFO    (342880, stable_pretraining.callbacks.checkpoint_sklearn) | Checking for Wandb params to save... 🔧
10:51:47.164 | INFO    (342880, stable_pretraining.callbacks.checkpoint_sklearn) | Saving Wandb params {'id': 'lewm_lp_pusht_expert_mu-1'}
10:51:47.164 | INFO    (342880, stable_pretraining.callbacks.checkpoint_sklearn) | Checking for Wandb params to save... Done!
10:51:47.164 | INFO    (342880, stable_pretraining.callbacks.cpu_offload) | ============================================================
10:51:47.164 | INFO    (342880, stable_pretraining.callbacks.cpu_offload) | CPUOffloadCallback: Starting checkpoint CPU offload (#2)
10:51:47.164 | INFO    (342880, stable_pretraining.callbacks.cpu_offload) |   - Global step: 3483
10:51:47.165 | INFO    (342880, stable_pretraining.callbacks.cpu_offload) |   - Epoch: 0
10:51:47.165 | INFO    (342880, stable_pretraining.callbacks.cpu_offload) | Checkpoint contains 11 keys: ['callbacks', 'epoch', 'global_step', 'hparams_name', 'hyper_parameters', 'loops', 'lr_schedulers', 'optimizer_states', 'pytorch-lightning_version', 'state_dict', 'wandb']
10:51:47.166 | INFO    (342880, stable_pretraining.callbacks.cpu_offload) | GPU memory before offload:
10:51:47.166 | INFO    (342880, stable_pretraining.callbacks.cpu_offload) |   - Allocated: 0.24 GB
10:51:47.166 | INFO    (342880, stable_pretraining.callbacks.cpu_offload) |   - Reserved: 16.63 GB
10:51:47.166 | INFO    (342880, stable_pretraining.callbacks.cpu_offload) | Processing checkpoint key: 'state_dict'
10:51:47.428 | SUCCESS (342880, stable_pretraining.callbacks.cpu_offload) | ✓ Completed 'state_dict' in 0.26s
10:51:47.428 | INFO    (342880, stable_pretraining.callbacks.cpu_offload) | Processing checkpoint key: 'optimizer_states'
10:51:48.007 | SUCCESS (342880, stable_pretraining.callbacks.cpu_offload) | ✓ Completed 'optimizer_states' in 0.58s
10:51:48.008 | INFO    (342880, stable_pretraining.callbacks.cpu_offload) | Processing checkpoint key: 'lr_schedulers'
10:51:48.008 | SUCCESS (342880, stable_pretraining.callbacks.cpu_offload) | ✓ Completed 'lr_schedulers' in 0.00s
10:51:48.008 | WARNING (342880, stable_pretraining.callbacks.cpu_offload) | Skipped 321 custom object(s)
10:51:48.008 | WARNING (342880, stable_pretraining.callbacks.cpu_offload) | First 10 skipped objects:
10:51:48.009 | WARNING (342880, stable_pretraining.callbacks.cpu_offload) |   - float at 'optimizer_states[0].param_groups[0].lr'
10:51:48.009 | WARNING (342880, stable_pretraining.callbacks.cpu_offload) |   - float at 'optimizer_states[0].param_groups[0].betas[0]'
10:51:48.009 | WARNING (342880, stable_pretraining.callbacks.cpu_offload) |   - float at 'optimizer_states[0].param_groups[0].betas[1]'
10:51:48.009 | WARNING (342880, stable_pretraining.callbacks.cpu_offload) |   - float at 'optimizer_states[0].param_groups[0].eps'
10:51:48.010 | WARNING (342880, stable_pretraining.callbacks.cpu_offload) |   - float at 'optimizer_states[0].param_groups[0].weight_decay'
10:51:48.010 | WARNING (342880, stable_pretraining.callbacks.cpu_offload) |   - bool at 'optimizer_states[0].param_groups[0].amsgrad'
10:51:48.010 | WARNING (342880, stable_pretraining.callbacks.cpu_offload) |   - bool at 'optimizer_states[0].param_groups[0].maximize'
10:51:48.010 | WARNING (342880, stable_pretraining.callbacks.cpu_offload) |   - NoneType at 'optimizer_states[0].param_groups[0].foreach'
10:51:48.011 | WARNING (342880, stable_pretraining.callbacks.cpu_offload) |   - bool at 'optimizer_states[0].param_groups[0].capturable'
10:51:48.011 | WARNING (342880, stable_pretraining.callbacks.cpu_offload) |   - bool at 'optimizer_states[0].param_groups[0].differentiable'
10:51:48.012 | WARNING (342880, stable_pretraining.callbacks.cpu_offload) | ... (301 more skipped) ...
10:51:48.012 | WARNING (342880, stable_pretraining.callbacks.cpu_offload) | Last 10 skipped objects:
10:51:48.012 | WARNING (342880, stable_pretraining.callbacks.cpu_offload) |   - int at 'optimizer_states[0].param_groups[0].params[298]'
10:51:48.012 | WARNING (342880, stable_pretraining.callbacks.cpu_offload) |   - int at 'lr_schedulers[0].warmup_steps'
10:51:48.013 | WARNING (342880, stable_pretraining.callbacks.cpu_offload) |   - int at 'lr_schedulers[0].max_steps'
10:51:48.013 | WARNING (342880, stable_pretraining.callbacks.cpu_offload) |   - float at 'lr_schedulers[0].warmup_start_lr'
10:51:48.013 | WARNING (342880, stable_pretraining.callbacks.cpu_offload) |   - float at 'lr_schedulers[0].eta_min'
10:51:48.013 | WARNING (342880, stable_pretraining.callbacks.cpu_offload) |   - float at 'lr_schedulers[0].base_lrs[0]'
10:51:48.014 | WARNING (342880, stable_pretraining.callbacks.cpu_offload) |   - int at 'lr_schedulers[0].last_epoch'
10:51:48.014 | WARNING (342880, stable_pretraining.callbacks.cpu_offload) |   - int at 'lr_schedulers[0]._step_count'
10:51:48.014 | WARNING (342880, stable_pretraining.callbacks.cpu_offload) |   - bool at 'lr_schedulers[0]._get_lr_called_within_step'
10:51:48.014 | WARNING (342880, stable_pretraining.callbacks.cpu_offload) |   - float at 'lr_schedulers[0]._last_lr[0]'
10:51:48.015 | INFO    (342880, stable_pretraining.callbacks.cpu_offload) | To see all 321 skipped objects, set log_skipped=True
10:51:48.016 | INFO    (342880, stable_pretraining.callbacks.cpu_offload) | GPU memory after offload:
10:51:48.016 | INFO    (342880, stable_pretraining.callbacks.cpu_offload) |   - Allocated: 0.24 GB
10:51:48.016 | INFO    (342880, stable_pretraining.callbacks.cpu_offload) |   - Reserved: 16.63 GB
10:51:48.016 | INFO    (342880, stable_pretraining.callbacks.cpu_offload) | GPU memory freed: 0.00 GB
10:51:48.016 | SUCCESS (342880, stable_pretraining.callbacks.cpu_offload) | CPUOffloadCallback: Checkpoint #2 completed in 0.85s
10:51:48.017 | INFO    (342880, stable_pretraining.callbacks.cpu_offload) | Successfully processed keys: ['state_dict', 'optimizer_states', 'lr_schedulers']
10:51:48.017 | INFO    (342880, stable_pretraining.callbacks.cpu_offload) | Cumulative stats:
10:51:48.017 | INFO    (342880, stable_pretraining.callbacks.cpu_offload) |   - Total checkpoints saved: 2
10:51:48.018 | INFO    (342880, stable_pretraining.callbacks.cpu_offload) |   - Total time in offload: 1.64s
10:51:48.018 | INFO    (342880, stable_pretraining.callbacks.cpu_offload) |   - Total memory freed: 0.00 GB
10:51:48.018 | INFO    (342880, stable_pretraining.callbacks.cpu_offload) |   - Average time per checkpoint: 0.82s
10:51:48.018 | INFO    (342880, stable_pretraining.callbacks.cpu_offload) | ============================================================
11:21:10.442 | WARNING (342880, stable_pretraining.module) | You are calling self.parameters which also gives callbacks parameters, to remove then, pass `with_callbacks=False`
