[2026-04-21 14:09:14,304][root][INFO] - Cached 'action' from '/home/ubuntu/le-wm-palash/dataset/pusht_expert_train.h5'
[2026-04-21 14:09:14,367][root][INFO] - Cached 'proprio' from '/home/ubuntu/le-wm-palash/dataset/pusht_expert_train.h5'
[2026-04-21 14:09:14,447][root][INFO] - Cached 'state' from '/home/ubuntu/le-wm-palash/dataset/pusht_expert_train.h5'
14:09:15.055 | INFO    (151978, stable_pretraining.backbone.utils) | Created ViT-tiny from scratch with config: {'hidden_size': 192, 'num_hidden_layers': 12, 'num_attention_heads': 3, 'intermediate_size': 768, 'image_size': 112, 'patch_size': 14}
14:09:16.889 | INFO    (151978, stable_pretraining.data.module) | Setting up DataModule
14:09:16.890 | INFO    (151978, stable_pretraining.module) | Initializing Module configuration...
14:09:16.890 | WARNING (151978, stable_pretraining.module) | No hyperparameters provided - hyperparameter logging is disabled.
14:09:16.890 | INFO    (151978, stable_pretraining.module) | Setting custom forward method.
14:09:16.890 | INFO    (151978, stable_pretraining.module) | Setting attribute: self.model = <class 'torch._dynamo.eval_frame.OptimizedModule'>
14:09:16.891 | INFO    (151978, stable_pretraining.module) | Setting attribute: self.rdmreg = <class 'rdmreg.RDMReg'>
14:09:16.891 | INFO    (151978, stable_pretraining.module) | Setting attribute: self.optim = <class 'dict'>
14:09:16.891 | INFO    (151978, stable_pretraining.module) | No metrics configuration provided - automatic metric tracking is disabled.
wandb: WARNING The anonymous setting has no effect and will be removed in a future version.
wandb: [wandb.login()] Loaded credentials for https://api.wandb.ai from /home/ubuntu/.netrc.
wandb: Currently logged in as: narendraaironi (wms_at_iitb) to https://api.wandb.ai. Use `wandb login --relogin` to force relogin
wandb: setting up run lewm_lp_pusht_expert_mu-4
wandb: Tracking run with wandb version 0.26.0
wandb: Run data is saved locally in wandb/run-20260421_140917-lewm_lp_pusht_expert_mu-4
wandb: Run `wandb offline` to turn off syncing.
wandb: Resuming run lewm_lp_p1.0_mu-4_pusht_expert
wandb: ⭐️ View project at https://wandb.ai/wms_at_iitb/le-wm
wandb: 🚀 View run at https://wandb.ai/wms_at_iitb/le-wm/runs/lewm_lp_pusht_expert_mu-4
/home/ubuntu/miniconda3/envs/jepa-wms/lib/python3.10/site-packages/lightning/fabric/connector.py:571: `precision=bf16` is supported for historical reasons but its usage is discouraged. Please set your precision to bf16-mixed instead!
Using bfloat16 Automatic Mixed Precision (AMP)
14:09:18.780 | INFO    (151978, stable_pretraining.callbacks.env_info) | EnvironmentDumpCallback initialized (filename=environment.json, async=True)
14:09:18.781 | INFO    (151978, stable_pretraining.callbacks.cpu_offload) | ============================================================
14:09:18.781 | INFO    (151978, stable_pretraining.callbacks.cpu_offload) | Initializing CPUOffloadCallback
14:09:18.781 | INFO    (151978, stable_pretraining.callbacks.cpu_offload) | Configuration:
14:09:18.781 | INFO    (151978, stable_pretraining.callbacks.cpu_offload) |   - Offload keys: ['state_dict', 'optimizer_states', 'lr_schedulers']
14:09:18.781 | INFO    (151978, stable_pretraining.callbacks.cpu_offload) |   - Log all skipped objects: False
14:09:18.781 | INFO    (151978, stable_pretraining.callbacks.cpu_offload) |   - Will show first/last 10 skipped objects only
14:09:18.783 | SUCCESS (151978, stable_pretraining.callbacks.cpu_offload) | ✓ CUDA available: 1 GPU(s) detected
14:09:19.922 | INFO    (151978, stable_pretraining.callbacks.cpu_offload) |   - GPU 0: NVIDIA A100-SXM4-80GB (85.1 GB)
14:09:19.922 | SUCCESS (151978, stable_pretraining.callbacks.cpu_offload) | CPUOffloadCallback initialized successfully
14:09:19.922 | INFO    (151978, stable_pretraining.callbacks.cpu_offload) | ============================================================
Adding 10 callbacks from entry point 'stablepretraining_callbacks': ModuleRegistryCallback, LoggingCallback, EnvironmentDumpCallback, TrainerInfo, SklearnCheckpoint, WandbCheckpoint, ModuleSummary, SLURMInfo, LogUnusedParametersOnce, CPUOffloadCallback
GPU available: True (cuda), used: True
TPU available: False, using: 0 TPU cores
💡 Tip: For seamless cloud logging and experiment tracking, try installing [litlogger](https://pypi.org/project/litlogger/) to enable LitLogger, which logs metrics and artifacts automatically to the Lightning Experiments platform.
14:09:19.925 | WARNING (151978, stable_pretraining.manager) | User didn't specify seed, runs won't be exactly reproducible!
14:09:19.926 | INFO    (151978, stable_pretraining.manager) | 📁📁📁 CURRENT WORKING DIR: /home/ubuntu/le-wm-palash 📁📁📁
14:09:19.926 | INFO    (151978, stable_pretraining.manager) | 🌱🌱🌱 SEEDING EVERYTHING with self.seed=None 🌱🌱🌱
/home/ubuntu/miniconda3/envs/jepa-wms/lib/python3.10/site-packages/lightning/fabric/utilities/seed.py:44: No seed found, seed set to 0
Seed set to 0
14:09:19.929 | INFO    (151978, stable_pretraining.manager) | 📈📈📈 Using Wandb 📈📈📈
14:09:19.930 | INFO    (151978, stable_pretraining.manager) | 		a Wandb™ config is provided, not uploading Hydra's:
14:09:19.930 | INFO    (151978, stable_pretraining.manager) | 📈📈📈 WandbLogger setup 📈📈📈
14:09:19.930 | INFO    (151978, stable_pretraining.manager) | 📈📈📈 init={'name': 'lewm_lp_p1.0_mu-4_pusht_expert', 'project': 'le-wm', 'dir': '.', 'id': 'lewm_lp_pusht_expert_mu-4', 'resume': 'allow', 'anonymous': None, 'entity': 'wms_at_iitb'} 📈📈📈
14:09:19.930 | INFO    (151978, stable_pretraining.manager) | 	● 👂👂👂 SIGNALS HANDLERS 👂👂👂
14:09:19.930 | INFO    (151978, stable_pretraining.manager) | 		- SIGUSR1: `0`
14:09:19.930 | INFO    (151978, stable_pretraining.manager) | 		- SIGUSR2: `0`
14:09:19.930 | INFO    (151978, stable_pretraining.manager) | 		- SIGCONT: `0`
14:09:19.931 | INFO    (151978, stable_pretraining.manager) | 		- SIGTERM: `0`
14:09:19.931 | INFO    (151978, stable_pretraining.manager) | 	● 📞📞📞 CALLBACKS 📞📞📞
14:09:19.931 | INFO    (151978, stable_pretraining.manager) | 		 - we found 14 callbacks
14:09:19.931 | INFO    (151978, stable_pretraining.manager) | 	● 📞📞📞 CHECKPOINTING SETUP 📞📞📞
14:09:19.931 | WARNING (151978, stable_pretraining.manager) | 		 Checkpoint mismatch: `manager.ckpt_path` (/home/ubuntu/le-wm-palash/lewm-pusht/lewm_lp_p1.0_mu-4_pusht_expert_weights.ckpt) was provided, but no matching `ModelCheckpoint` callback was found.
14:09:19.931 | WARNING (151978, stable_pretraining.manager) | 		 Automatically creating a `ModelCheckpoint` to save to the specified path to prevent data loss.
14:09:19.932 | WARNING (151978, stable_pretraining.manager) | 		 - Automatic `ModelCheckpoint` callback has been added to the trainer.
14:09:19.932 | WARNING (151978, stable_pretraining.manager) | /home/ubuntu/le-wm-palash/lewm-pusht/lewm_lp_p1.0_mu-4_pusht_expert_weights.ckpt specified, but does not exist, using None for now!
14:09:19.932 | INFO    (151978, stable_pretraining.manager) | 📣📣📣 CALLING trainer.fit with ckpt_path=None 📣📣📣
💡 Tip: For seamless cloud uploads and versioning, try installing [litmodels](https://pypi.org/project/litmodels/) to enable LitModelCheckpoint, which syncs automatically with the Lightning model registry.
You are using a CUDA device ('NVIDIA A100-SXM4-80GB') that has Tensor Cores. To properly utilize them, you should set `torch.set_float32_matmul_precision('medium' | 'high')` which will trade-off precision for performance. For more details, read https://pytorch.org/docs/stable/generated/torch.set_float32_matmul_precision.html#torch.set_float32_matmul_precision
14:09:19.934 | INFO    (151978, stable_pretraining.data.module) | dataset for fit loaded!  ✅
14:09:19.934 | INFO    (151978, stable_pretraining.data.module) | 	● setup was done by user
14:09:19.934 | INFO    (151978, stable_pretraining.callbacks.env_info) | ======================================================================
14:09:19.935 | INFO    (151978, stable_pretraining.callbacks.env_info) | 🔍 Starting environment configuration dump...
14:09:19.935 | INFO    (151978, stable_pretraining.callbacks.env_info) | ======================================================================
14:09:19.935 | INFO    (151978, stable_pretraining.callbacks.env_info) | EnvironmentDumpCallback  log_dir=PosixPath('/home/ubuntu/le-wm-palash')
14:09:19.935 | INFO    (151978, stable_pretraining.callbacks.env_info) | ⚡ Running environment dump in background thread (non-blocking)
14:09:19.935 | INFO    (151978, stable_pretraining.callbacks.env_info) | 📁 Log directory: /home/ubuntu/le-wm-palash
14:09:19.936 | INFO    (151978, stable_pretraining.callbacks.env_info) | 📊 Collecting environment information...
14:09:19.936 | SUCCESS (151978, stable_pretraining.callbacks.env_info) | ✓ Background thread started successfully
14:09:19.937 | SUCCESS (151978, stable_pretraining.callbacks.env_info) |   ✓ Python 3.10.20
14:09:19.937 | INFO    (151978, stable_pretraining.callbacks.trainer_info) | 	 linking trainer to DataModule! 🔧
14:09:19.937 | SUCCESS (151978, stable_pretraining.callbacks.env_info) |   ✓ System: Linux 6.17.0-20-generic (x86_64)
14:09:19.938 | INFO    (151978, stable_pretraining.callbacks.checkpoint_sklearn) | Setting up SklearnCheckpoint callback!
14:09:19.938 | INFO    (151978, stable_pretraining.callbacks.env_info) |      Hostname: instance-0wzqq7mi-main
14:09:19.939 | INFO    (151978, stable_pretraining.callbacks.checkpoint_sklearn) | Sklearn Modules:
14:09:19.940 | INFO    (151978, stable_pretraining.callbacks.checkpoint_sklearn) | 
┏━━━━━━━━━━┳━━━━━━━━┳━━━━━━━━┓
┃ Module   ┃ Name   ┃ Type   ┃
┣━━━━━━━━━━╋━━━━━━━━╋━━━━━━━━┫
┗━━━━━━━━━━┻━━━━━━━━┻━━━━━━━━┛
14:09:19.941 | INFO    (151978, stable_pretraining.callbacks.checkpoint_sklearn) | Setting up WandbCheckpoint callback!
14:09:19.941 | INFO    (151978, stable_pretraining.callbacks.trainer_info) | PyTorch Modules:
14:09:19.941 | WARNING (151978, stable_pretraining.module) | You are calling self.parameters which also gives callbacks parameters, to remove then, pass `with_callbacks=False`
14:09:19.965 | INFO    (151978, stable_pretraining.callbacks.trainer_info) | \n+---------------------------------------------------------------------------+----------------------+--------------------------+--------------------------+---------+
| Module                                                                    | Trainable parameters | Non Trainable parameters | Uninitialized parameters | Buffers |
+---------------------------------------------------------------------------+----------------------+--------------------------+--------------------------+---------+
|                                                                           |             18588206 |                        0 |                        0 |    8194 |
| callbacks_modules                                                         |                    0 |                        0 |                        0 |       0 |
| callbacks_metrics                                                         |                    0 |                        0 |                        0 |       0 |
| model                                                                     |             18588206 |                        0 |                        0 |    8194 |
| model._orig_mod                                                           |             18588206 |                        0 |                        0 |    8194 |
| model._orig_mod.encoder                                                   |              5464512 |                        0 |                        0 |       0 |
| model._orig_mod.encoder.embeddings                                        |               125760 |                        0 |                        0 |       0 |
| model._orig_mod.encoder.embeddings.patch_embeddings                       |               113088 |                        0 |                        0 |       0 |
| model._orig_mod.encoder.embeddings.patch_embeddings.projection            |               113088 |                        0 |                        0 |       0 |
| model._orig_mod.encoder.embeddings.dropout                                |                    0 |                        0 |                        0 |       0 |
| model._orig_mod.encoder.encoder                                           |              5338368 |                        0 |                        0 |       0 |
| model._orig_mod.encoder.encoder.layer                                     |              5338368 |                        0 |                        0 |       0 |
| model._orig_mod.encoder.encoder.layer.0                                   |               444864 |                        0 |                        0 |       0 |
| model._orig_mod.encoder.encoder.layer.0.attention                         |               148224 |                        0 |                        0 |       0 |
| model._orig_mod.encoder.encoder.layer.0.attention.attention               |               111168 |                        0 |                        0 |       0 |
| model._orig_mod.encoder.encoder.layer.0.attention.attention.query         |                37056 |                        0 |                        0 |       0 |
| model._orig_mod.encoder.encoder.layer.0.attention.attention.key           |                37056 |                        0 |                        0 |       0 |
| model._orig_mod.encoder.encoder.layer.0.attention.attention.value         |                37056 |                        0 |                        0 |       0 |
| model._orig_mod.encoder.encoder.layer.0.attention.output                  |                37056 |                        0 |                        0 |       0 |
| model._orig_mod.encoder.encoder.layer.0.attention.output.dense            |                37056 |                        0 |                        0 |       0 |
| model._orig_mod.encoder.encoder.layer.0.attention.output.dropout          |                    0 |                        0 |                        0 |       0 |
| model._orig_mod.encoder.encoder.layer.0.intermediate                      |               148224 |                        0 |                        0 |       0 |
| model._orig_mod.encoder.encoder.layer.0.intermediate.dense                |               148224 |                        0 |                        0 |       0 |
| model._orig_mod.encoder.encoder.layer.0.intermediate.intermediate_act_fn  |                    0 |                        0 |                        0 |       0 |
| model._orig_mod.encoder.encoder.layer.0.output                            |               147648 |                        0 |                        0 |       0 |
| model._orig_mod.encoder.encoder.layer.0.output.dense                      |               147648 |                        0 |                        0 |       0 |
| model._orig_mod.encoder.encoder.layer.0.output.dropout                    |                    0 |                        0 |                        0 |       0 |
| model._orig_mod.encoder.encoder.layer.0.layernorm_before                  |                  384 |                        0 |                        0 |       0 |
| model._orig_mod.encoder.encoder.layer.0.layernorm_after                   |                  384 |                        0 |                        0 |       0 |
| model._orig_mod.encoder.encoder.layer.1                                   |               444864 |                        0 |                        0 |       0 |
| model._orig_mod.encoder.encoder.layer.1.attention                         |               148224 |                        0 |                        0 |       0 |
| model._orig_mod.encoder.encoder.layer.1.attention.attention               |               111168 |                        0 |                        0 |       0 |
| model._orig_mod.encoder.encoder.layer.1.attention.attention.query         |                37056 |                        0 |                        0 |       0 |
| model._orig_mod.encoder.encoder.layer.1.attention.attention.key           |                37056 |                        0 |                        0 |       0 |
| model._orig_mod.encoder.encoder.layer.1.attention.attention.value         |                37056 |                        0 |                        0 |       0 |
| model._orig_mod.encoder.encoder.layer.1.attention.output                  |                37056 |                        0 |                        0 |       0 |
| model._orig_mod.encoder.encoder.layer.1.attention.output.dense            |                37056 |                        0 |                        0 |       0 |
| model._orig_mod.encoder.encoder.layer.1.attention.output.dropout          |                    0 |                        0 |                        0 |       0 |
| model._orig_mod.encoder.encoder.layer.1.intermediate                      |               148224 |                        0 |                        0 |       0 |
| model._orig_mod.encoder.encoder.layer.1.intermediate.dense                |               148224 |                        0 |                        0 |       0 |
| model._orig_mod.encoder.encoder.layer.1.intermediate.intermediate_act_fn  |                    0 |                        0 |                        0 |       0 |
| model._orig_mod.encoder.encoder.layer.1.output                            |               147648 |                        0 |                        0 |       0 |
| model._orig_mod.encoder.encoder.layer.1.output.dense                      |               147648 |                        0 |                        0 |       0 |
| model._orig_mod.encoder.encoder.layer.1.output.dropout                    |                    0 |                        0 |                        0 |       0 |
| model._orig_mod.encoder.encoder.layer.1.layernorm_before                  |                  384 |                        0 |                        0 |       0 |
| model._orig_mod.encoder.encoder.layer.1.layernorm_after                   |                  384 |                        0 |                        0 |       0 |
| model._orig_mod.encoder.encoder.layer.2                                   |               444864 |                        0 |                        0 |       0 |
| model._orig_mod.encoder.encoder.layer.2.attention                         |               148224 |                        0 |                        0 |       0 |
| model._orig_mod.encoder.encoder.layer.2.attention.attention               |               111168 |                        0 |                        0 |       0 |
| model._orig_mod.encoder.encoder.layer.2.attention.attention.query         |                37056 |                        0 |                        0 |       0 |
| model._orig_mod.encoder.encoder.layer.2.attention.attention.key           |                37056 |                        0 |                        0 |       0 |
| model._orig_mod.encoder.encoder.layer.2.attention.attention.value         |                37056 |                        0 |                        0 |       0 |
| model._orig_mod.encoder.encoder.layer.2.attention.output                  |                37056 |                        0 |                        0 |       0 |
| model._orig_mod.encoder.encoder.layer.2.attention.output.dense            |                37056 |                        0 |                        0 |       0 |
| model._orig_mod.encoder.encoder.layer.2.attention.output.dropout          |                    0 |                        0 |                        0 |       0 |
| model._orig_mod.encoder.encoder.layer.2.intermediate                      |               148224 |                        0 |                        0 |       0 |
| model._orig_mod.encoder.encoder.layer.2.intermediate.dense                |               148224 |                        0 |                        0 |       0 |
| model._orig_mod.encoder.encoder.layer.2.intermediate.intermediate_act_fn  |                    0 |                        0 |                        0 |       0 |
| model._orig_mod.encoder.encoder.layer.2.output                            |               147648 |                        0 |                        0 |       0 |
| model._orig_mod.encoder.encoder.layer.2.output.dense                      |               147648 |                        0 |                        0 |       0 |
| model._orig_mod.encoder.encoder.layer.2.output.dropout                    |                    0 |                        0 |                        0 |       0 |
| model._orig_mod.encoder.encoder.layer.2.layernorm_before                  |                  384 |                        0 |                        0 |       0 |
| model._orig_mod.encoder.encoder.layer.2.layernorm_after                   |                  384 |                        0 |                        0 |       0 |
| model._orig_mod.encoder.encoder.layer.3                                   |               444864 |                        0 |                        0 |       0 |
| model._orig_mod.encoder.encoder.layer.3.attention                         |               148224 |                        0 |                        0 |       0 |
| model._orig_mod.encoder.encoder.layer.3.attention.attention               |               111168 |                        0 |                        0 |       0 |
| model._orig_mod.encoder.encoder.layer.3.attention.attention.query         |                37056 |                        0 |                        0 |       0 |
| model._orig_mod.encoder.encoder.layer.3.attention.attention.key           |                37056 |                        0 |                        0 |       0 |
| model._orig_mod.encoder.encoder.layer.3.attention.attention.value         |                37056 |                        0 |                        0 |       0 |
| model._orig_mod.encoder.encoder.layer.3.attention.output                  |                37056 |                        0 |                        0 |       0 |
| model._orig_mod.encoder.encoder.layer.3.attention.output.dense            |                37056 |                        0 |                        0 |       0 |
| model._orig_mod.encoder.encoder.layer.3.attention.output.dropout          |                    0 |                        0 |                        0 |       0 |
| model._orig_mod.encoder.encoder.layer.3.intermediate                      |               148224 |                        0 |                        0 |       0 |
| model._orig_mod.encoder.encoder.layer.3.intermediate.dense                |               148224 |                        0 |                        0 |       0 |
| model._orig_mod.encoder.encoder.layer.3.intermediate.intermediate_act_fn  |                    0 |                        0 |                        0 |       0 |
| model._orig_mod.encoder.encoder.layer.3.output                            |               147648 |                        0 |                        0 |       0 |
| model._orig_mod.encoder.encoder.layer.3.output.dense                      |               147648 |                        0 |                        0 |       0 |
| model._orig_mod.encoder.encoder.layer.3.output.dropout                    |                    0 |                        0 |                        0 |       0 |
| model._orig_mod.encoder.encoder.layer.3.layernorm_before                  |                  384 |                        0 |                        0 |       0 |
| model._orig_mod.encoder.encoder.layer.3.layernorm_after                   |                  384 |                        0 |                        0 |       0 |
| model._orig_mod.encoder.encoder.layer.4                                   |               444864 |                        0 |                        0 |       0 |
| model._orig_mod.encoder.encoder.layer.4.attention                         |               148224 |                        0 |                        0 |       0 |
| model._orig_mod.encoder.encoder.layer.4.attention.attention               |               111168 |                        0 |                        0 |       0 |
| model._orig_mod.encoder.encoder.layer.4.attention.attention.query         |                37056 |                        0 |                        0 |       0 |
| model._orig_mod.encoder.encoder.layer.4.attention.attention.key           |                37056 |                        0 |                        0 |       0 |
| model._orig_mod.encoder.encoder.layer.4.attention.attention.value         |                37056 |                        0 |                        0 |       0 |
| model._orig_mod.encoder.encoder.layer.4.attention.output                  |                37056 |                        0 |                        0 |       0 |
| model._orig_mod.encoder.encoder.layer.4.attention.output.dense            |                37056 |                        0 |                        0 |       0 |
| model._orig_mod.encoder.encoder.layer.4.attention.output.dropout          |                    0 |                        0 |                        0 |       0 |
| model._orig_mod.encoder.encoder.layer.4.intermediate                      |               148224 |                        0 |                        0 |       0 |
| model._orig_mod.encoder.encoder.layer.4.intermediate.dense                |               148224 |                        0 |                        0 |       0 |
| model._orig_mod.encoder.encoder.layer.4.intermediate.intermediate_act_fn  |                    0 |                        0 |                        0 |       0 |
| model._orig_mod.encoder.encoder.layer.4.output                            |               147648 |                        0 |                        0 |       0 |
| model._orig_mod.encoder.encoder.layer.4.output.dense                      |               147648 |                        0 |                        0 |       0 |
| model._orig_mod.encoder.encoder.layer.4.output.dropout                    |                    0 |                        0 |                        0 |       0 |
| model._orig_mod.encoder.encoder.layer.4.layernorm_before                  |                  384 |                        0 |                        0 |       0 |
| model._orig_mod.encoder.encoder.layer.4.layernorm_after                   |                  384 |                        0 |                        0 |       0 |
| model._orig_mod.encoder.encoder.layer.5                                   |               444864 |                        0 |                        0 |       0 |
| model._orig_mod.encoder.encoder.layer.5.attention                         |               148224 |                        0 |                        0 |       0 |
| model._orig_mod.encoder.encoder.layer.5.attention.attention               |               111168 |                        0 |                        0 |       0 |
| model._orig_mod.encoder.encoder.layer.5.attention.attention.query         |                37056 |                        0 |                        0 |       0 |
| model._orig_mod.encoder.encoder.layer.5.attention.attention.key           |                37056 |                        0 |                        0 |       0 |
| model._orig_mod.encoder.encoder.layer.5.attention.attention.value         |                37056 |                        0 |                        0 |       0 |
| model._orig_mod.encoder.encoder.layer.5.attention.output                  |                37056 |                        0 |                        0 |       0 |
| model._orig_mod.encoder.encoder.layer.5.attention.output.dense            |                37056 |                        0 |                        0 |       0 |
| model._orig_mod.encoder.encoder.layer.5.attention.output.dropout          |                    0 |                        0 |                        0 |       0 |
| model._orig_mod.encoder.encoder.layer.5.intermediate                      |               148224 |                        0 |                        0 |       0 |
| model._orig_mod.encoder.encoder.layer.5.intermediate.dense                |               148224 |                        0 |                        0 |       0 |
| model._orig_mod.encoder.encoder.layer.5.intermediate.intermediate_act_fn  |                    0 |                        0 |                        0 |       0 |
| model._orig_mod.encoder.encoder.layer.5.output                            |               147648 |                        0 |                        0 |       0 |
| model._orig_mod.encoder.encoder.layer.5.output.dense                      |               147648 |                        0 |                        0 |       0 |
| model._orig_mod.encoder.encoder.layer.5.output.dropout                    |                    0 |                        0 |                        0 |       0 |
| model._orig_mod.encoder.encoder.layer.5.layernorm_before                  |                  384 |                        0 |                        0 |       0 |
| model._orig_mod.encoder.encoder.layer.5.layernorm_after                   |                  384 |                        0 |                        0 |       0 |
| model._orig_mod.encoder.encoder.layer.6                                   |               444864 |                        0 |                        0 |       0 |
| model._orig_mod.encoder.encoder.layer.6.attention                         |               148224 |                        0 |                        0 |       0 |
| model._orig_mod.encoder.encoder.layer.6.attention.attention               |               111168 |                        0 |                        0 |       0 |
| model._orig_mod.encoder.encoder.layer.6.attention.attention.query         |                37056 |                        0 |                        0 |       0 |
| model._orig_mod.encoder.encoder.layer.6.attention.attention.key           |                37056 |                        0 |                        0 |       0 |
| model._orig_mod.encoder.encoder.layer.6.attention.attention.value         |                37056 |                        0 |                        0 |       0 |
| model._orig_mod.encoder.encoder.layer.6.attention.output                  |                37056 |                        0 |                        0 |       0 |
| model._orig_mod.encoder.encoder.layer.6.attention.output.dense            |                37056 |                        0 |                        0 |       0 |
| model._orig_mod.encoder.encoder.layer.6.attention.output.dropout          |                    0 |                        0 |                        0 |       0 |
| model._orig_mod.encoder.encoder.layer.6.intermediate                      |               148224 |                        0 |                        0 |       0 |
| model._orig_mod.encoder.encoder.layer.6.intermediate.dense                |               148224 |                        0 |                        0 |       0 |
| model._orig_mod.encoder.encoder.layer.6.intermediate.intermediate_act_fn  |                    0 |                        0 |                        0 |       0 |
| model._orig_mod.encoder.encoder.layer.6.output                            |               147648 |                        0 |                        0 |       0 |
| model._orig_mod.encoder.encoder.layer.6.output.dense                      |               147648 |                        0 |                        0 |       0 |
| model._orig_mod.encoder.encoder.layer.6.output.dropout                    |                    0 |                        0 |                        0 |       0 |
| model._orig_mod.encoder.encoder.layer.6.layernorm_before                  |                  384 |                        0 |                        0 |       0 |
| model._orig_mod.encoder.encoder.layer.6.layernorm_after                   |                  384 |                        0 |                        0 |       0 |
| model._orig_mod.encoder.encoder.layer.7                                   |               444864 |                        0 |                        0 |       0 |
| model._orig_mod.encoder.encoder.layer.7.attention                         |               148224 |                        0 |                        0 |       0 |
| model._orig_mod.encoder.encoder.layer.7.attention.attention               |               111168 |                        0 |                        0 |       0 |
| model._orig_mod.encoder.encoder.layer.7.attention.attention.query         |                37056 |                        0 |                        0 |       0 |
| model._orig_mod.encoder.encoder.layer.7.attention.attention.key           |                37056 |                        0 |                        0 |       0 |
| model._orig_mod.encoder.encoder.layer.7.attention.attention.value         |                37056 |                        0 |                        0 |       0 |
| model._orig_mod.encoder.encoder.layer.7.attention.output                  |                37056 |                        0 |                        0 |       0 |
| model._orig_mod.encoder.encoder.layer.7.attention.output.dense            |                37056 |                        0 |                        0 |       0 |
| model._orig_mod.encoder.encoder.layer.7.attention.output.dropout          |                    0 |                        0 |                        0 |       0 |
| model._orig_mod.encoder.encoder.layer.7.intermediate                      |               148224 |                        0 |                        0 |       0 |
| model._orig_mod.encoder.encoder.layer.7.intermediate.dense                |               148224 |                        0 |                        0 |       0 |
| model._orig_mod.encoder.encoder.layer.7.intermediate.intermediate_act_fn  |                    0 |                        0 |                        0 |       0 |
| model._orig_mod.encoder.encoder.layer.7.output                            |               147648 |                        0 |                        0 |       0 |
| model._orig_mod.encoder.encoder.layer.7.output.dense                      |               147648 |                        0 |                        0 |       0 |
| model._orig_mod.encoder.encoder.layer.7.output.dropout                    |                    0 |                        0 |                        0 |       0 |
| model._orig_mod.encoder.encoder.layer.7.layernorm_before                  |                  384 |                        0 |                        0 |       0 |
| model._orig_mod.encoder.encoder.layer.7.layernorm_after                   |                  384 |                        0 |                        0 |       0 |
| model._orig_mod.encoder.encoder.layer.8                                   |               444864 |                        0 |                        0 |       0 |
| model._orig_mod.encoder.encoder.layer.8.attention                         |               148224 |                        0 |                        0 |       0 |
| model._orig_mod.encoder.encoder.layer.8.attention.attention               |               111168 |                        0 |                        0 |       0 |
| model._orig_mod.encoder.encoder.layer.8.attention.attention.query         |                37056 |                        0 |                        0 |       0 |
| model._orig_mod.encoder.encoder.layer.8.attention.attention.key           |                37056 |                        0 |                        0 |       0 |
| model._orig_mod.encoder.encoder.layer.8.attention.attention.value         |                37056 |                        0 |                        0 |       0 |
| model._orig_mod.encoder.encoder.layer.8.attention.output                  |                37056 |                        0 |                        0 |       0 |
| model._orig_mod.encoder.encoder.layer.8.attention.output.dense            |                37056 |                        0 |                        0 |       0 |
| model._orig_mod.encoder.encoder.layer.8.attention.output.dropout          |                    0 |                        0 |                        0 |       0 |
| model._orig_mod.encoder.encoder.layer.8.intermediate                      |               148224 |                        0 |                        0 |       0 |
| model._orig_mod.encoder.encoder.layer.8.intermediate.dense                |               148224 |                        0 |                        0 |       0 |
| model._orig_mod.encoder.encoder.layer.8.intermediate.intermediate_act_fn  |                    0 |                        0 |                        0 |       0 |
| model._orig_mod.encoder.encoder.layer.8.output                            |               147648 |                        0 |                        0 |       0 |
| model._orig_mod.encoder.encoder.layer.8.output.dense                      |               147648 |                        0 |                        0 |       0 |
| model._orig_mod.encoder.encoder.layer.8.output.dropout                    |                    0 |                        0 |                        0 |       0 |
| model._orig_mod.encoder.encoder.layer.8.layernorm_before                  |                  384 |                        0 |                        0 |       0 |
| model._orig_mod.encoder.encoder.layer.8.layernorm_after                   |                  384 |                        0 |                        0 |       0 |
| model._orig_mod.encoder.encoder.layer.9                                   |               444864 |                        0 |                        0 |       0 |
| model._orig_mod.encoder.encoder.layer.9.attention                         |               148224 |                        0 |                        0 |       0 |
| model._orig_mod.encoder.encoder.layer.9.attention.attention               |               111168 |                        0 |                        0 |       0 |
| model._orig_mod.encoder.encoder.layer.9.attention.attention.query         |                37056 |                        0 |                        0 |       0 |
| model._orig_mod.encoder.encoder.layer.9.attention.attention.key           |                37056 |                        0 |                        0 |       0 |
| model._orig_mod.encoder.encoder.layer.9.attention.attention.value         |                37056 |                        0 |                        0 |       0 |
| model._orig_mod.encoder.encoder.layer.9.attention.output                  |                37056 |                        0 |                        0 |       0 |
| model._orig_mod.encoder.encoder.layer.9.attention.output.dense            |                37056 |                        0 |                        0 |       0 |
| model._orig_mod.encoder.encoder.layer.9.attention.output.dropout          |                    0 |                        0 |                        0 |       0 |
| model._orig_mod.encoder.encoder.layer.9.intermediate                      |               148224 |                        0 |                        0 |       0 |
| model._orig_mod.encoder.encoder.layer.9.intermediate.dense                |               148224 |                        0 |                        0 |       0 |
| model._orig_mod.encoder.encoder.layer.9.intermediate.intermediate_act_fn  |                    0 |                        0 |                        0 |       0 |
| model._orig_mod.encoder.encoder.layer.9.output                            |               147648 |                        0 |                        0 |       0 |
| model._orig_mod.encoder.encoder.layer.9.output.dense                      |               147648 |                        0 |                        0 |       0 |
| model._orig_mod.encoder.encoder.layer.9.output.dropout                    |                    0 |                        0 |                        0 |       0 |
| model._orig_mod.encoder.encoder.layer.9.layernorm_before                  |                  384 |                        0 |                        0 |       0 |
| model._orig_mod.encoder.encoder.layer.9.layernorm_after                   |                  384 |                        0 |                        0 |       0 |
| model._orig_mod.encoder.encoder.layer.10                                  |               444864 |                        0 |                        0 |       0 |
| model._orig_mod.encoder.encoder.layer.10.attention                        |               148224 |                        0 |                        0 |       0 |
| model._orig_mod.encoder.encoder.layer.10.attention.attention              |               111168 |                        0 |                        0 |       0 |
| model._orig_mod.encoder.encoder.layer.10.attention.attention.query        |                37056 |                        0 |                        0 |       0 |
| model._orig_mod.encoder.encoder.layer.10.attention.attention.key          |                37056 |                        0 |                        0 |       0 |
| model._orig_mod.encoder.encoder.layer.10.attention.attention.value        |                37056 |                        0 |                        0 |       0 |
| model._orig_mod.encoder.encoder.layer.10.attention.output                 |                37056 |                        0 |                        0 |       0 |
| model._orig_mod.encoder.encoder.layer.10.attention.output.dense           |                37056 |                        0 |                        0 |       0 |
| model._orig_mod.encoder.encoder.layer.10.attention.output.dropout         |                    0 |                        0 |                        0 |       0 |
| model._orig_mod.encoder.encoder.layer.10.intermediate                     |               148224 |                        0 |                        0 |       0 |
| model._orig_mod.encoder.encoder.layer.10.intermediate.dense               |               148224 |                        0 |                        0 |       0 |
| model._orig_mod.encoder.encoder.layer.10.intermediate.intermediate_act_fn |                    0 |                        0 |                        0 |       0 |
| model._orig_mod.encoder.encoder.layer.10.output                           |               147648 |                        0 |                        0 |       0 |
| model._orig_mod.encoder.encoder.layer.10.output.dense                     |               147648 |                        0 |                        0 |       0 |
| model._orig_mod.encoder.encoder.layer.10.output.dropout                   |                    0 |                        0 |                        0 |       0 |
| model._orig_mod.encoder.encoder.layer.10.layernorm_before                 |                  384 |                        0 |                        0 |       0 |
| model._orig_mod.encoder.encoder.layer.10.layernorm_after                  |                  384 |                        0 |                        0 |       0 |
| model._orig_mod.encoder.encoder.layer.11                                  |               444864 |                        0 |                        0 |       0 |
| model._orig_mod.encoder.encoder.layer.11.attention                        |               148224 |                        0 |                        0 |       0 |
| model._orig_mod.encoder.encoder.layer.11.attention.attention              |               111168 |                        0 |                        0 |       0 |
| model._orig_mod.encoder.encoder.layer.11.attention.attention.query        |                37056 |                        0 |                        0 |       0 |
| model._orig_mod.encoder.encoder.layer.11.attention.attention.key          |                37056 |                        0 |                        0 |       0 |
| model._orig_mod.encoder.encoder.layer.11.attention.attention.value        |                37056 |                        0 |                        0 |       0 |
| model._orig_mod.encoder.encoder.layer.11.attention.output                 |                37056 |                        0 |                        0 |       0 |
| model._orig_mod.encoder.encoder.layer.11.attention.output.dense           |                37056 |                        0 |                        0 |       0 |
| model._orig_mod.encoder.encoder.layer.11.attention.output.dropout         |                    0 |                        0 |                        0 |       0 |
| model._orig_mod.encoder.encoder.layer.11.intermediate                     |               148224 |                        0 |                        0 |       0 |
| model._orig_mod.encoder.encoder.layer.11.intermediate.dense               |               148224 |                        0 |                        0 |       0 |
| model._orig_mod.encoder.encoder.layer.11.intermediate.intermediate_act_fn |                    0 |                        0 |                        0 |       0 |
| model._orig_mod.encoder.encoder.layer.11.output                           |               147648 |                        0 |                        0 |       0 |
| model._orig_mod.encoder.encoder.layer.11.output.dense                     |               147648 |                        0 |                        0 |       0 |
| model._orig_mod.encoder.encoder.layer.11.output.dropout                   |                    0 |                        0 |                        0 |       0 |
| model._orig_mod.encoder.encoder.layer.11.layernorm_before                 |                  384 |                        0 |                        0 |       0 |
| model._orig_mod.encoder.encoder.layer.11.layernorm_after                  |                  384 |                        0 |                        0 |       0 |
| model._orig_mod.encoder.layernorm                                         |                  384 |                        0 |                        0 |       0 |
| model._orig_mod.predictor                                                 |             10791360 |                        0 |                        0 |       0 |
| model._orig_mod.predictor.dropout                                         |                    0 |                        0 |                        0 |       0 |
| model._orig_mod.predictor.transformer                                     |             10790784 |                        0 |                        0 |       0 |
| model._orig_mod.predictor.transformer.norm                                |                  384 |                        0 |                        0 |       0 |
| model._orig_mod.predictor.transformer.layers                              |             10790400 |                        0 |                        0 |       0 |
| model._orig_mod.predictor.transformer.layers.0                            |              1798400 |                        0 |                        0 |       0 |
| model._orig_mod.predictor.transformer.layers.0.attn                       |               787008 |                        0 |                        0 |       0 |
| model._orig_mod.predictor.transformer.layers.0.attn.norm                  |                  384 |                        0 |                        0 |       0 |
| model._orig_mod.predictor.transformer.layers.0.attn.attend                |                    0 |                        0 |                        0 |       0 |
| model._orig_mod.predictor.transformer.layers.0.attn.to_qkv                |               589824 |                        0 |                        0 |       0 |
| model._orig_mod.predictor.transformer.layers.0.attn.to_out                |               196800 |                        0 |                        0 |       0 |
| model._orig_mod.predictor.transformer.layers.0.attn.to_out.0              |               196800 |                        0 |                        0 |       0 |
| model._orig_mod.predictor.transformer.layers.0.attn.to_out.1              |                    0 |                        0 |                        0 |       0 |
| model._orig_mod.predictor.transformer.layers.0.mlp                        |               789056 |                        0 |                        0 |       0 |
| model._orig_mod.predictor.transformer.layers.0.mlp.net                    |               789056 |                        0 |                        0 |       0 |
| model._orig_mod.predictor.transformer.layers.0.mlp.net.0                  |                  384 |                        0 |                        0 |       0 |
| model._orig_mod.predictor.transformer.layers.0.mlp.net.1                  |               395264 |                        0 |                        0 |       0 |
| model._orig_mod.predictor.transformer.layers.0.mlp.net.2                  |                    0 |                        0 |                        0 |       0 |
| model._orig_mod.predictor.transformer.layers.0.mlp.net.3                  |                    0 |                        0 |                        0 |       0 |
| model._orig_mod.predictor.transformer.layers.0.mlp.net.4                  |               393408 |                        0 |                        0 |       0 |
| model._orig_mod.predictor.transformer.layers.0.mlp.net.5                  |                    0 |                        0 |                        0 |       0 |
| model._orig_mod.predictor.transformer.layers.0.norm1                      |                    0 |                        0 |                        0 |       0 |
| model._orig_mod.predictor.transformer.layers.0.norm2                      |                    0 |                        0 |                        0 |       0 |
| model._orig_mod.predictor.transformer.layers.0.adaLN_modulation           |               222336 |                        0 |                        0 |       0 |
| model._orig_mod.predictor.transformer.layers.0.adaLN_modulation.0         |                    0 |                        0 |                        0 |       0 |
| model._orig_mod.predictor.transformer.layers.0.adaLN_modulation.1         |               222336 |                        0 |                        0 |       0 |
| model._orig_mod.predictor.transformer.layers.1                            |              1798400 |                        0 |                        0 |       0 |
| model._orig_mod.predictor.transformer.layers.1.attn                       |               787008 |                        0 |                        0 |       0 |
| model._orig_mod.predictor.transformer.layers.1.attn.norm                  |                  384 |                        0 |                        0 |       0 |
| model._orig_mod.predictor.transformer.layers.1.attn.attend                |                    0 |                        0 |                        0 |       0 |
| model._orig_mod.predictor.transformer.layers.1.attn.to_qkv                |               589824 |                        0 |                        0 |       0 |
| model._orig_mod.predictor.transformer.layers.1.attn.to_out                |               196800 |                        0 |                        0 |       0 |
| model._orig_mod.predictor.transformer.layers.1.attn.to_out.0              |               196800 |                        0 |                        0 |       0 |
| model._orig_mod.predictor.transformer.layers.1.attn.to_out.1              |                    0 |                        0 |                        0 |       0 |
| model._orig_mod.predictor.transformer.layers.1.mlp                        |               789056 |                        0 |                        0 |       0 |
| model._orig_mod.predictor.transformer.layers.1.mlp.net                    |               789056 |                        0 |                        0 |       0 |
| model._orig_mod.predictor.transformer.layers.1.mlp.net.0                  |                  384 |                        0 |                        0 |       0 |
| model._orig_mod.predictor.transformer.layers.1.mlp.net.1                  |               395264 |                        0 |                        0 |       0 |
| model._orig_mod.predictor.transformer.layers.1.mlp.net.2                  |                    0 |                        0 |                        0 |       0 |
| model._orig_mod.predictor.transformer.layers.1.mlp.net.3                  |                    0 |                        0 |                        0 |       0 |
| model._orig_mod.predictor.transformer.layers.1.mlp.net.4                  |               393408 |                        0 |                        0 |       0 |
| model._orig_mod.predictor.transformer.layers.1.mlp.net.5                  |                    0 |                        0 |                        0 |       0 |
| model._orig_mod.predictor.transformer.layers.1.norm1                      |                    0 |                        0 |                        0 |       0 |
| model._orig_mod.predictor.transformer.layers.1.norm2                      |                    0 |                        0 |                        0 |       0 |
| model._orig_mod.predictor.transformer.layers.1.adaLN_modulation           |               222336 |                        0 |                        0 |       0 |
| model._orig_mod.predictor.transformer.layers.1.adaLN_modulation.0         |                    0 |                        0 |                        0 |       0 |
| model._orig_mod.predictor.transformer.layers.1.adaLN_modulation.1         |               222336 |                        0 |                        0 |       0 |
| model._orig_mod.predictor.transformer.layers.2                            |              1798400 |                        0 |                        0 |       0 |
| model._orig_mod.predictor.transformer.layers.2.attn                       |               787008 |                        0 |                        0 |       0 |
| model._orig_mod.predictor.transformer.layers.2.attn.norm                  |                  384 |                        0 |                        0 |       0 |
| model._orig_mod.predictor.transformer.layers.2.attn.attend                |                    0 |                        0 |                        0 |       0 |
| model._orig_mod.predictor.transformer.layers.2.attn.to_qkv                |               589824 |                        0 |                        0 |       0 |
| model._orig_mod.predictor.transformer.layers.2.attn.to_out                |               196800 |                        0 |                        0 |       0 |
| model._orig_mod.predictor.transformer.layers.2.attn.to_out.0              |               196800 |                        0 |                        0 |       0 |
| model._orig_mod.predictor.transformer.layers.2.attn.to_out.1              |                    0 |                        0 |                        0 |       0 |
| model._orig_mod.predictor.transformer.layers.2.mlp                        |               789056 |                        0 |                        0 |       0 |
| model._orig_mod.predictor.transformer.layers.2.mlp.net                    |               789056 |                        0 |                        0 |       0 |
| model._orig_mod.predictor.transformer.layers.2.mlp.net.0                  |                  384 |                        0 |                        0 |       0 |
| model._orig_mod.predictor.transformer.layers.2.mlp.net.1                  |               395264 |                        0 |                        0 |       0 |
| model._orig_mod.predictor.transformer.layers.2.mlp.net.2                  |                    0 |                        0 |                        0 |       0 |
| model._orig_mod.predictor.transformer.layers.2.mlp.net.3                  |                    0 |                        0 |                        0 |       0 |
| model._orig_mod.predictor.transformer.layers.2.mlp.net.4                  |               393408 |                        0 |                        0 |       0 |
| model._orig_mod.predictor.transformer.layers.2.mlp.net.5                  |                    0 |                        0 |                        0 |       0 |
| model._orig_mod.predictor.transformer.layers.2.norm1                      |                    0 |                        0 |                        0 |       0 |
| model._orig_mod.predictor.transformer.layers.2.norm2                      |                    0 |                        0 |                        0 |       0 |
| model._orig_mod.predictor.transformer.layers.2.adaLN_modulation           |               222336 |                        0 |                        0 |       0 |
| model._orig_mod.predictor.transformer.layers.2.adaLN_modulation.0         |                    0 |                        0 |                        0 |       0 |
| model._orig_mod.predictor.transformer.layers.2.adaLN_modulation.1         |               222336 |                        0 |                        0 |       0 |
| model._orig_mod.predictor.transformer.layers.3                            |              1798400 |                        0 |                        0 |       0 |
| model._orig_mod.predictor.transformer.layers.3.attn                       |               787008 |                        0 |                        0 |       0 |
| model._orig_mod.predictor.transformer.layers.3.attn.norm                  |                  384 |                        0 |                        0 |       0 |
| model._orig_mod.predictor.transformer.layers.3.attn.attend                |                    0 |                        0 |                        0 |       0 |
| model._orig_mod.predictor.transformer.layers.3.attn.to_qkv                |               589824 |                        0 |                        0 |       0 |
| model._orig_mod.predictor.transformer.layers.3.attn.to_out                |               196800 |                        0 |                        0 |       0 |
| model._orig_mod.predictor.transformer.layers.3.attn.to_out.0              |               196800 |                        0 |                        0 |       0 |
| model._orig_mod.predictor.transformer.layers.3.attn.to_out.1              |                    0 |                        0 |                        0 |       0 |
| model._orig_mod.predictor.transformer.layers.3.mlp                        |               789056 |                        0 |                        0 |       0 |
| model._orig_mod.predictor.transformer.layers.3.mlp.net                    |               789056 |                        0 |                        0 |       0 |
| model._orig_mod.predictor.transformer.layers.3.mlp.net.0                  |                  384 |                        0 |                        0 |       0 |
| model._orig_mod.predictor.transformer.layers.3.mlp.net.1                  |               395264 |                        0 |                        0 |       0 |
| model._orig_mod.predictor.transformer.layers.3.mlp.net.2                  |                    0 |                        0 |                        0 |       0 |
| model._orig_mod.predictor.transformer.layers.3.mlp.net.3                  |                    0 |                        0 |                        0 |       0 |
| model._orig_mod.predictor.transformer.layers.3.mlp.net.4                  |               393408 |                        0 |                        0 |       0 |
| model._orig_mod.predictor.transformer.layers.3.mlp.net.5                  |                    0 |                        0 |                        0 |       0 |
| model._orig_mod.predictor.transformer.layers.3.norm1                      |                    0 |                        0 |                        0 |       0 |
| model._orig_mod.predictor.transformer.layers.3.norm2                      |                    0 |                        0 |                        0 |       0 |
| model._orig_mod.predictor.transformer.layers.3.adaLN_modulation           |               222336 |                        0 |                        0 |       0 |
| model._orig_mod.predictor.transformer.layers.3.adaLN_modulation.0         |                    0 |                        0 |                        0 |       0 |
| model._orig_mod.predictor.transformer.layers.3.adaLN_modulation.1         |               222336 |                        0 |                        0 |       0 |
| model._orig_mod.predictor.transformer.layers.4                            |              1798400 |                        0 |                        0 |       0 |
| model._orig_mod.predictor.transformer.layers.4.attn                       |               787008 |                        0 |                        0 |       0 |
| model._orig_mod.predictor.transformer.layers.4.attn.norm                  |                  384 |                        0 |                        0 |       0 |
| model._orig_mod.predictor.transformer.layers.4.attn.attend                |                    0 |                        0 |                        0 |       0 |
| model._orig_mod.predictor.transformer.layers.4.attn.to_qkv                |               589824 |                        0 |                        0 |       0 |
| model._orig_mod.predictor.transformer.layers.4.attn.to_out                |               196800 |                        0 |                        0 |       0 |
| model._orig_mod.predictor.transformer.layers.4.attn.to_out.0              |               196800 |                        0 |                        0 |       0 |
| model._orig_mod.predictor.transformer.layers.4.attn.to_out.1              |                    0 |                        0 |                        0 |       0 |
| model._orig_mod.predictor.transformer.layers.4.mlp                        |               789056 |                        0 |                        0 |       0 |
| model._orig_mod.predictor.transformer.layers.4.mlp.net                    |               789056 |                        0 |                        0 |       0 |
| model._orig_mod.predictor.transformer.layers.4.mlp.net.0                  |                  384 |                        0 |                        0 |       0 |
| model._orig_mod.predictor.transformer.layers.4.mlp.net.1                  |               395264 |                        0 |                        0 |       0 |
| model._orig_mod.predictor.transformer.layers.4.mlp.net.2                  |                    0 |                        0 |                        0 |       0 |
| model._orig_mod.predictor.transformer.layers.4.mlp.net.3                  |                    0 |                        0 |                        0 |       0 |
| model._orig_mod.predictor.transformer.layers.4.mlp.net.4                  |               393408 |                        0 |                        0 |       0 |
| model._orig_mod.predictor.transformer.layers.4.mlp.net.5                  |                    0 |                        0 |                        0 |       0 |
| model._orig_mod.predictor.transformer.layers.4.norm1                      |                    0 |                        0 |                        0 |       0 |
| model._orig_mod.predictor.transformer.layers.4.norm2                      |                    0 |                        0 |                        0 |       0 |
| model._orig_mod.predictor.transformer.layers.4.adaLN_modulation           |               222336 |                        0 |                        0 |       0 |
| model._orig_mod.predictor.transformer.layers.4.adaLN_modulation.0         |                    0 |                        0 |                        0 |       0 |
| model._orig_mod.predictor.transformer.layers.4.adaLN_modulation.1         |               222336 |                        0 |                        0 |       0 |
| model._orig_mod.predictor.transformer.layers.5                            |              1798400 |                        0 |                        0 |       0 |
| model._orig_mod.predictor.transformer.layers.5.attn                       |               787008 |                        0 |                        0 |       0 |
| model._orig_mod.predictor.transformer.layers.5.attn.norm                  |                  384 |                        0 |                        0 |       0 |
| model._orig_mod.predictor.transformer.layers.5.attn.attend                |                    0 |                        0 |                        0 |       0 |
| model._orig_mod.predictor.transformer.layers.5.attn.to_qkv                |               589824 |                        0 |                        0 |       0 |
| model._orig_mod.predictor.transformer.layers.5.attn.to_out                |               196800 |                        0 |                        0 |       0 |
| model._orig_mod.predictor.transformer.layers.5.attn.to_out.0              |               196800 |                        0 |                        0 |       0 |
| model._orig_mod.predictor.transformer.layers.5.attn.to_out.1              |                    0 |                        0 |                        0 |       0 |
| model._orig_mod.predictor.transformer.layers.5.mlp                        |               789056 |                        0 |                        0 |       0 |
| model._orig_mod.predictor.transformer.layers.5.mlp.net                    |               789056 |                        0 |                        0 |       0 |
| model._orig_mod.predictor.transformer.layers.5.mlp.net.0                  |                  384 |                        0 |                        0 |       0 |
| model._orig_mod.predictor.transformer.layers.5.mlp.net.1                  |               395264 |                        0 |                        0 |       0 |
| model._orig_mod.predictor.transformer.layers.5.mlp.net.2                  |                    0 |                        0 |                        0 |       0 |
| model._orig_mod.predictor.transformer.layers.5.mlp.net.3                  |                    0 |                        0 |                        0 |       0 |
| model._orig_mod.predictor.transformer.layers.5.mlp.net.4                  |               393408 |                        0 |                        0 |       0 |
| model._orig_mod.predictor.transformer.layers.5.mlp.net.5                  |                    0 |                        0 |                        0 |       0 |
| model._orig_mod.predictor.transformer.layers.5.norm1                      |                    0 |                        0 |                        0 |       0 |
| model._orig_mod.predictor.transformer.layers.5.norm2                      |                    0 |                        0 |                        0 |       0 |
| model._orig_mod.predictor.transformer.layers.5.adaLN_modulation           |               222336 |                        0 |                        0 |       0 |
| model._orig_mod.predictor.transformer.layers.5.adaLN_modulation.0         |                    0 |                        0 |                        0 |       0 |
| model._orig_mod.predictor.transformer.layers.5.adaLN_modulation.1         |               222336 |                        0 |                        0 |       0 |
| model._orig_mod.predictor.transformer.input_proj                          |                    0 |                        0 |                        0 |       0 |
| model._orig_mod.predictor.transformer.cond_proj                           |                    0 |                        0 |                        0 |       0 |
| model._orig_mod.predictor.transformer.output_proj                         |                    0 |                        0 |                        0 |       0 |
| model._orig_mod.action_encoder                                            |               746798 |                        0 |                        0 |       0 |
| model._orig_mod.action_encoder.patch_embed                                |                  110 |                        0 |                        0 |       0 |
| model._orig_mod.action_encoder.embed                                      |               746688 |                        0 |                        0 |       0 |
| model._orig_mod.action_encoder.embed.0                                    |                 8448 |                        0 |                        0 |       0 |
| model._orig_mod.action_encoder.embed.1                                    |                    0 |                        0 |                        0 |       0 |
| model._orig_mod.action_encoder.embed.2                                    |               590592 |                        0 |                        0 |       0 |
| model._orig_mod.action_encoder.embed.3                                    |                    0 |                        0 |                        0 |       0 |
| model._orig_mod.action_encoder.embed.4                                    |               147648 |                        0 |                        0 |       0 |
| model._orig_mod.projector                                                 |               792768 |                        0 |                        0 |    4097 |
| model._orig_mod.projector.net                                             |               792768 |                        0 |                        0 |    4097 |
| model._orig_mod.projector.net.0                                           |               395264 |                        0 |                        0 |       0 |
| model._orig_mod.projector.net.1                                           |                 4096 |                        0 |                        0 |    4097 |
| model._orig_mod.projector.net.2                                           |                    0 |                        0 |                        0 |       0 |
| model._orig_mod.projector.net.3                                           |               393408 |                        0 |                        0 |       0 |
| model._orig_mod.pred_proj                                                 |               792768 |                        0 |                        0 |    4097 |
| model._orig_mod.pred_proj.net                                             |               792768 |                        0 |                        0 |    4097 |
| model._orig_mod.pred_proj.net.0                                           |               395264 |                        0 |                        0 |       0 |
| model._orig_mod.pred_proj.net.1                                           |                 4096 |                        0 |                        0 |    4097 |
| model._orig_mod.pred_proj.net.2                                           |                    0 |                        0 |                        0 |       0 |
| model._orig_mod.pred_proj.net.3                                           |               393408 |                        0 |                        0 |       0 |
| rdmreg                                                                    |                    0 |                        0 |                        0 |       0 |
+---------------------------------------------------------------------------+----------------------+--------------------------+--------------------------+---------+
14:09:19.965 | INFO    (151978, stable_pretraining.callbacks.trainer_info) | ---- SLURM INFO ---- 🔧
14:09:19.965 | INFO    (151978, stable_pretraining.callbacks.trainer_info) | Job ID: N/A
14:09:19.966 | INFO    (151978, stable_pretraining.callbacks.trainer_info) | Task ID: N/A
14:09:19.966 | INFO    (151978, stable_pretraining.callbacks.trainer_info) | Job Name: N/A
14:09:19.966 | INFO    (151978, stable_pretraining.callbacks.trainer_info) | Nodes: N/A
14:09:19.966 | INFO    (151978, stable_pretraining.callbacks.trainer_info) | Tasks: N/A
14:09:19.966 | INFO    (151978, stable_pretraining.callbacks.trainer_info) | CPUs per node: N/A
14:09:19.966 | INFO    (151978, stable_pretraining.callbacks.trainer_info) | CPUs per task: N/A
14:09:19.966 | INFO    (151978, stable_pretraining.callbacks.trainer_info) | Memory per node: N/A
14:09:19.967 | INFO    (151978, stable_pretraining.callbacks.trainer_info) | Memory per CPU: N/A
14:09:19.967 | INFO    (151978, stable_pretraining.callbacks.trainer_info) | Time limit: N/A
14:09:19.967 | INFO    (151978, stable_pretraining.callbacks.trainer_info) | Partition: N/A
14:09:19.967 | INFO    (151978, stable_pretraining.callbacks.trainer_info) | Node List: N/A
14:09:19.967 | INFO    (151978, stable_pretraining.callbacks.trainer_info) | Submit Directory: N/A
14:09:19.967 | INFO    (151978, stable_pretraining.callbacks.cpu_offload) | CPUOffloadCallback: Setup called for stage 'fit'
14:09:19.968 | INFO    (151978, stable_pretraining.callbacks.cpu_offload) |   - Trainer rank: 0/1
14:09:19.968 | INFO    (151978, stable_pretraining.callbacks.cpu_offload) |   - Strategy: SingleDeviceStrategy
14:09:19.968 | SUCCESS (151978, stable_pretraining.callbacks.cpu_offload) | ✓ Strategy 'SingleDeviceStrategy' is compatible with CPU offload
14:09:19.969 | SUCCESS (151978, stable_pretraining.callbacks.cpu_offload) | ✓ CPUOffloadCallback ENABLED for strategy 'SingleDeviceStrategy'
14:09:19.969 | INFO    (151978, stable_pretraining.callbacks.cpu_offload) |   - This rank will handle checkpoint saving and CPU offload
/home/ubuntu/miniconda3/envs/jepa-wms/lib/python3.10/site-packages/lightning/pytorch/callbacks/model_checkpoint.py:881: Checkpoint directory /home/ubuntu/le-wm-palash/lewm-pusht exists and is not empty.
LOCAL_RANK: 0 - CUDA_VISIBLE_DEVICES: [0]
14:09:20.020 | INFO    (151978, stable_pretraining.module) | Configuring optimizers and learning rate schedulers...
14:09:20.021 | INFO    (151978, stable_pretraining.module) | 	Optimizer specified by Dict with keys ['model_opt']... 🔧
14:09:20.024 | INFO    (151978, stable_pretraining.module) | 
┏━━━━━━━━━━━━━┳━━━━━━━━━━━┳━━━━━━━━━━━━━━━━━━━┳━━━━━━━━━━━━━━━━━┳━━━━━━━━━━━━━━━━┳━━━━━━━━━━━━━━━━━━━━━━━━┓
┃ Optimizer   ┃ Pattern   ┃   Matched Modules ┃   Param Tensors ┃   Total Params ┃   RequiresGrad Tensors ┃
┣━━━━━━━━━━━━━╋━━━━━━━━━━━╋━━━━━━━━━━━━━━━━━━━╋━━━━━━━━━━━━━━━━━╋━━━━━━━━━━━━━━━━╋━━━━━━━━━━━━━━━━━━━━━━━━┫
┃ model_opt   ┃ model     ┃               368 ┃             299 ┃       18588206 ┃                    299 ┃
┗━━━━━━━━━━━━━┻━━━━━━━━━━━┻━━━━━━━━━━━━━━━━━━━┻━━━━━━━━━━━━━━━━━┻━━━━━━━━━━━━━━━━┻━━━━━━━━━━━━━━━━━━━━━━━━┛
14:09:20.025 | INFO    (151978, stable_pretraining.optim.lr_scheduler) | 	User provided a dict
Loading `train_dataloader` to estimate number of stepping batches.
14:09:20.493 | SUCCESS (151978, stable_pretraining.callbacks.env_info) |   ✓ Packages: 260 packages collected in 0.55s
14:09:20.813 | INFO    (151978, stable_pretraining.module) | Configured optimizer 'model_opt' (modules=368, param_tensors=299, total_params=18588206) with LinearWarmupCosineAnnealingLR scheduler.
/home/ubuntu/miniconda3/envs/jepa-wms/lib/python3.10/site-packages/lightning/pytorch/utilities/model_summary/model_summary.py:242: Precision bf16-mixed is not supported by the model summary.  Estimated model size in MB will not be accurate. Using 32 bits instead.
14:09:20.820 | WARNING (151978, stable_pretraining.module) | You are calling self.parameters which also gives callbacks parameters, to remove then, pass `with_callbacks=False`
14:09:20.823 | WARNING (151978, stable_pretraining.module) | You are calling self.parameters which also gives callbacks parameters, to remove then, pass `with_callbacks=False`
14:09:20.824 | WARNING (151978, stable_pretraining.module) | You are calling self.parameters which also gives callbacks parameters, to remove then, pass `with_callbacks=False`
14:09:20.826 | WARNING (151978, stable_pretraining.module) | You are calling self.parameters which also gives callbacks parameters, to remove then, pass `with_callbacks=False`
┏━━━┳━━━━━━━━━━━━━━━━━━━┳━━━━━━━━━━━━━━━━━┳━━━━━━━━┳━━━━━━━┳━━━━━━━┓
┃   ┃ Name              ┃ Type            ┃ Params ┃ Mode  ┃ FLOPs ┃
┡━━━╇━━━━━━━━━━━━━━━━━━━╇━━━━━━━━━━━━━━━━━╇━━━━━━━━╇━━━━━━━╇━━━━━━━┩
│ 0 │ callbacks_modules │ ModuleDict      │      0 │ train │     0 │
│ 1 │ callbacks_metrics │ ModuleDict      │      0 │ train │     0 │
│ 2 │ model             │ OptimizedModule │ 18.6 M │ train │     0 │
│ 3 │ rdmreg            │ RDMReg          │      0 │ train │     0 │
└───┴───────────────────┴─────────────────┴────────┴───────┴───────┘
Trainable params: 18.6 M                                                        
Non-trainable params: 0                                                         
Total params: 18.6 M                                                            
Total estimated model params size (MB): 74                                      
Modules in train mode: 371                                                      
Modules in eval mode: 0                                                         
Total FLOPs: 0                                                                  
14:09:20.845 | WARNING (151978, stable_pretraining.module) | You are calling self.parameters which also gives callbacks parameters, to remove then, pass `with_callbacks=False`
14:09:30.560 | WARNING (151978, stable_pretraining.callbacks.env_info) |      ⚠️  nvidia-smi timed out
14:09:30.627 | SUCCESS (151978, stable_pretraining.callbacks.env_info) |   ✓ Git: Palash @ 6b33c8d9
14:09:30.628 | INFO    (151978, stable_pretraining.callbacks.env_info) |      Remote: https://github.com/Planning-for-WMs/le-wm.git
14:09:30.628 | WARNING (151978, stable_pretraining.callbacks.env_info) |      ⚠️  Working directory has uncommitted changes!
14:09:30.629 | SUCCESS (151978, stable_pretraining.callbacks.env_info) |   ✓ Environment: 4 relevant variables captured
14:09:30.629 | INFO    (151978, stable_pretraining.callbacks.env_info) | 🔄 Serializing environment data...
14:09:30.631 | INFO    (151978, stable_pretraining.callbacks.env_info) | 📋 File exists, using version 11: environment_v11.json
14:09:30.632 | INFO    (151978, stable_pretraining.callbacks.env_info) | 📋 File exists, using version 11: requirements_frozen_v11.txt
14:09:30.632 | INFO    (151978, stable_pretraining.callbacks.env_info) | 📁 Save directory: /home/ubuntu/le-wm-palash
14:09:30.633 | INFO    (151978, stable_pretraining.callbacks.env_info) | 💾 Writing environment to temp file...
14:09:30.634 | INFO    (151978, stable_pretraining.callbacks.env_info) | 💾 Moving to: environment_v11.json
14:09:30.635 | SUCCESS (151978, stable_pretraining.callbacks.env_info) | ✓ Environment file saved (15.0 KB)
14:09:30.635 | SUCCESS (151978, stable_pretraining.callbacks.env_info) | ✓ Requirements file saved (5.2 KB)
/home/ubuntu/miniconda3/envs/jepa-wms/lib/python3.10/site-packages/lightning/pytorch/utilities/data.py:79: Trying to infer the `batch_size` from an ambiguous collection. The batch size we found is 512. To avoid any miscalculations, use `self.log(..., batch_size=batch_size)`.
14:09:31.527 | INFO    (151978, stable_pretraining.callbacks.trainer_info) | \n+----------------------------+--------------------+
|           Metric           |       Value        |
+----------------------------+--------------------+
|       [0;34;40mvalidate/loss[0m        | [0;32;40m0.1278640478849411[0m |
|    [0;34;40mvalidate/loss_epoch[0m     | [0;32;40m0.1278640478849411[0m |
|     [0;34;40mvalidate/pred_loss[0m     | [0;32;40m0.0869840607047081[0m |
|  [0;34;40mvalidate/pred_loss_epoch[0m  | [0;32;40m0.0869840607047081[0m |
|    [0;34;40mvalidate/rdmreg_loss[0m    | [0;32;40m0.040879987180233[0m  |
| [0;34;40mvalidate/rdmreg_loss_epoch[0m | [0;32;40m0.040879987180233[0m  |
+----------------------------+--------------------+
14:09:31.626 | INFO    (151978, stable_pretraining.callbacks.cpu_offload) | CPUOffloadCallback: Training started
14:09:31.626 | WARNING (151978, stable_pretraining.module) | You are calling self.parameters which also gives callbacks parameters, to remove then, pass `with_callbacks=False`
14:09:31.627 | WARNING (151978, stable_pretraining.module) | You are calling self.parameters which also gives callbacks parameters, to remove then, pass `with_callbacks=False`
14:09:31.628 | INFO    (151978, stable_pretraining.callbacks.cpu_offload) | Model statistics:
14:09:31.628 | INFO    (151978, stable_pretraining.callbacks.cpu_offload) |   - Total parameters: 18,588,206
14:09:31.628 | INFO    (151978, stable_pretraining.callbacks.cpu_offload) |   - Trainable parameters: 18,588,206
14:09:31.629 | INFO    (151978, stable_pretraining.callbacks.cpu_offload) |   - Model size (bf16): ~0.04 GB
14:09:31.629 | INFO    (151978, stable_pretraining.callbacks.cpu_offload) |   - Estimated checkpoint size (with optimizer): ~0.11 GB
14:09:31.629 | INFO    (151978, stable_pretraining.module) | Double checking optimizers!
14:09:31.629 | INFO    (151978, stable_pretraining.module) | `self.optimizers() gave us 1 optimizers
14:09:31.629 | WARNING (151978, stable_pretraining.module) | No clip val found for optimizer default_0
14:09:31.629 | WARNING (151978, stable_pretraining.module) | -> we will use the Trainer's value of 1.0
14:09:31.629 | WARNING (151978, stable_pretraining.module) | No clip algorithm found for optimizer default_0
14:09:31.630 | WARNING (151978, stable_pretraining.module) | -> we will use the Trainer's value of None
14:09:31.630 | SUCCESS (151978, stable_pretraining.module) | We are done checking your optimizers! Here is the summary:
+------------+-----------+----------------+-----------+-----------+
| Opt. Index | Opt. name |      opt       | clip val. | clip alg. |
+------------+-----------+----------------+-----------+-----------+
|     0      | default_0 | LightningAdamW |    1.0    |    None   |
+------------+-----------+----------------+-----------+-----------+
14:09:32.023 | WARNING (151978, stable_pretraining.module) | You are calling self.parameters which also gives callbacks parameters, to remove then, pass `with_callbacks=False`
14:09:32.027 | INFO    (151978, stable_pretraining.callbacks.unused_parameters) | [LogUnusedParametersOnce] Registered hooks on 299 leaf parameters.
14:09:32.883 | WARNING (151978, stable_pretraining.module) | You are calling self.parameters which also gives callbacks parameters, to remove then, pass `with_callbacks=False`
14:09:32.885 | INFO    (151978, stable_pretraining.callbacks.unused_parameters) | [LogUnusedParametersOnce] All tracked parameters received gradients on the first backward pass.
14:09:32.886 | INFO    (151978, stable_pretraining.callbacks.unused_parameters) | [LogUnusedParametersOnce] Hooks removed, callback disabled.
14:56:24.916 | WARNING (151978, stable_pretraining.module) | You are calling self.parameters which also gives callbacks parameters, to remove then, pass `with_callbacks=False`
/home/ubuntu/miniconda3/envs/jepa-wms/lib/python3.10/site-packages/lightning/pytorch/utilities/data.py:79: Trying to infer the `batch_size` from an ambiguous collection. The batch size we found is 28. To avoid any miscalculations, use `self.log(..., batch_size=batch_size)`.
15:01:09.139 | INFO    (151978, stable_pretraining.callbacks.trainer_info) | \n+----------------------------+------------------------+
|           Metric           |         Value          |
+----------------------------+------------------------+
|          [0;34;40mfit/loss[0m          | [0;32;40m0.00046094186836853623[0m |
|       [0;34;40mfit/pred_loss[0m        | [0;32;40m0.00010902016947511584[0m |
|      [0;34;40mfit/rdmreg_loss[0m       | [0;32;40m0.0003519217134453356[0m  |
|       [0;34;40mvalidate/loss[0m        |  [0;32;40m0.001664925366640091[0m  |
|    [0;34;40mvalidate/loss_epoch[0m     |  [0;32;40m0.001664925366640091[0m  |
|     [0;34;40mvalidate/pred_loss[0m     | [0;32;40m0.0005165717448107898[0m  |
|  [0;34;40mvalidate/pred_loss_epoch[0m  | [0;32;40m0.0005165717448107898[0m  |
|    [0;34;40mvalidate/rdmreg_loss[0m    |  [0;32;40m0.001148353097960353[0m  |
| [0;34;40mvalidate/rdmreg_loss_epoch[0m |  [0;32;40m0.001148353097960353[0m  |
+----------------------------+------------------------+
15:01:09.460 | INFO    (151978, stable_pretraining.callbacks.checkpoint_sklearn) | Checking for non PyTorch modules to save... 🔧
15:01:09.531 | INFO    (151978, stable_pretraining.callbacks.checkpoint_sklearn) | Checking for Wandb params to save... 🔧
15:01:09.531 | INFO    (151978, stable_pretraining.callbacks.checkpoint_sklearn) | Saving Wandb params {'id': 'lewm_lp_pusht_expert_mu-4'}
15:01:09.531 | INFO    (151978, stable_pretraining.callbacks.checkpoint_sklearn) | Checking for Wandb params to save... Done!
15:01:09.531 | INFO    (151978, stable_pretraining.callbacks.cpu_offload) | ============================================================
15:01:09.532 | INFO    (151978, stable_pretraining.callbacks.cpu_offload) | CPUOffloadCallback: Starting checkpoint CPU offload (#1)
15:01:09.532 | INFO    (151978, stable_pretraining.callbacks.cpu_offload) |   - Global step: 3483
15:01:09.532 | INFO    (151978, stable_pretraining.callbacks.cpu_offload) |   - Epoch: 0
15:01:09.532 | INFO    (151978, stable_pretraining.callbacks.cpu_offload) | Checkpoint contains 11 keys: ['callbacks', 'epoch', 'global_step', 'hparams_name', 'hyper_parameters', 'loops', 'lr_schedulers', 'optimizer_states', 'pytorch-lightning_version', 'state_dict', 'wandb']
15:01:09.532 | INFO    (151978, stable_pretraining.callbacks.cpu_offload) | GPU memory before offload:
15:01:09.533 | INFO    (151978, stable_pretraining.callbacks.cpu_offload) |   - Allocated: 0.24 GB
15:01:09.533 | INFO    (151978, stable_pretraining.callbacks.cpu_offload) |   - Reserved: 16.63 GB
15:01:09.533 | INFO    (151978, stable_pretraining.callbacks.cpu_offload) | Processing checkpoint key: 'state_dict'
15:01:09.757 | SUCCESS (151978, stable_pretraining.callbacks.cpu_offload) | ✓ Completed 'state_dict' in 0.22s
15:01:09.757 | INFO    (151978, stable_pretraining.callbacks.cpu_offload) | Processing checkpoint key: 'optimizer_states'
15:01:10.293 | SUCCESS (151978, stable_pretraining.callbacks.cpu_offload) | ✓ Completed 'optimizer_states' in 0.54s
15:01:10.293 | INFO    (151978, stable_pretraining.callbacks.cpu_offload) | Processing checkpoint key: 'lr_schedulers'
15:01:10.293 | SUCCESS (151978, stable_pretraining.callbacks.cpu_offload) | ✓ Completed 'lr_schedulers' in 0.00s
15:01:10.294 | WARNING (151978, stable_pretraining.callbacks.cpu_offload) | Skipped 321 custom object(s)
15:01:10.294 | WARNING (151978, stable_pretraining.callbacks.cpu_offload) | First 10 skipped objects:
15:01:10.294 | WARNING (151978, stable_pretraining.callbacks.cpu_offload) |   - float at 'optimizer_states[0].param_groups[0].lr'
15:01:10.294 | WARNING (151978, stable_pretraining.callbacks.cpu_offload) |   - float at 'optimizer_states[0].param_groups[0].betas[0]'
15:01:10.294 | WARNING (151978, stable_pretraining.callbacks.cpu_offload) |   - float at 'optimizer_states[0].param_groups[0].betas[1]'
15:01:10.295 | WARNING (151978, stable_pretraining.callbacks.cpu_offload) |   - float at 'optimizer_states[0].param_groups[0].eps'
15:01:10.295 | WARNING (151978, stable_pretraining.callbacks.cpu_offload) |   - float at 'optimizer_states[0].param_groups[0].weight_decay'
15:01:10.295 | WARNING (151978, stable_pretraining.callbacks.cpu_offload) |   - bool at 'optimizer_states[0].param_groups[0].amsgrad'
15:01:10.295 | WARNING (151978, stable_pretraining.callbacks.cpu_offload) |   - bool at 'optimizer_states[0].param_groups[0].maximize'
15:01:10.295 | WARNING (151978, stable_pretraining.callbacks.cpu_offload) |   - NoneType at 'optimizer_states[0].param_groups[0].foreach'
15:01:10.295 | WARNING (151978, stable_pretraining.callbacks.cpu_offload) |   - bool at 'optimizer_states[0].param_groups[0].capturable'
15:01:10.296 | WARNING (151978, stable_pretraining.callbacks.cpu_offload) |   - bool at 'optimizer_states[0].param_groups[0].differentiable'
15:01:10.296 | WARNING (151978, stable_pretraining.callbacks.cpu_offload) | ... (301 more skipped) ...
15:01:10.296 | WARNING (151978, stable_pretraining.callbacks.cpu_offload) | Last 10 skipped objects:
15:01:10.296 | WARNING (151978, stable_pretraining.callbacks.cpu_offload) |   - int at 'optimizer_states[0].param_groups[0].params[298]'
15:01:10.297 | WARNING (151978, stable_pretraining.callbacks.cpu_offload) |   - int at 'lr_schedulers[0].warmup_steps'
15:01:10.297 | WARNING (151978, stable_pretraining.callbacks.cpu_offload) |   - int at 'lr_schedulers[0].max_steps'
15:01:10.297 | WARNING (151978, stable_pretraining.callbacks.cpu_offload) |   - float at 'lr_schedulers[0].warmup_start_lr'
15:01:10.297 | WARNING (151978, stable_pretraining.callbacks.cpu_offload) |   - float at 'lr_schedulers[0].eta_min'
15:01:10.297 | WARNING (151978, stable_pretraining.callbacks.cpu_offload) |   - float at 'lr_schedulers[0].base_lrs[0]'
15:01:10.297 | WARNING (151978, stable_pretraining.callbacks.cpu_offload) |   - int at 'lr_schedulers[0].last_epoch'
15:01:10.298 | WARNING (151978, stable_pretraining.callbacks.cpu_offload) |   - int at 'lr_schedulers[0]._step_count'
15:01:10.298 | WARNING (151978, stable_pretraining.callbacks.cpu_offload) |   - bool at 'lr_schedulers[0]._get_lr_called_within_step'
15:01:10.298 | WARNING (151978, stable_pretraining.callbacks.cpu_offload) |   - float at 'lr_schedulers[0]._last_lr[0]'
15:01:10.298 | INFO    (151978, stable_pretraining.callbacks.cpu_offload) | To see all 321 skipped objects, set log_skipped=True
15:01:10.299 | INFO    (151978, stable_pretraining.callbacks.cpu_offload) | GPU memory after offload:
15:01:10.299 | INFO    (151978, stable_pretraining.callbacks.cpu_offload) |   - Allocated: 0.24 GB
15:01:10.299 | INFO    (151978, stable_pretraining.callbacks.cpu_offload) |   - Reserved: 16.63 GB
15:01:10.299 | INFO    (151978, stable_pretraining.callbacks.cpu_offload) | GPU memory freed: 0.00 GB
15:01:10.299 | SUCCESS (151978, stable_pretraining.callbacks.cpu_offload) | CPUOffloadCallback: Checkpoint #1 completed in 0.77s
15:01:10.299 | INFO    (151978, stable_pretraining.callbacks.cpu_offload) | Successfully processed keys: ['state_dict', 'optimizer_states', 'lr_schedulers']
15:01:10.300 | INFO    (151978, stable_pretraining.callbacks.cpu_offload) | Cumulative stats:
15:01:10.300 | INFO    (151978, stable_pretraining.callbacks.cpu_offload) |   - Total checkpoints saved: 1
15:01:10.300 | INFO    (151978, stable_pretraining.callbacks.cpu_offload) |   - Total time in offload: 0.77s
15:01:10.300 | INFO    (151978, stable_pretraining.callbacks.cpu_offload) |   - Total memory freed: 0.00 GB
15:01:10.300 | INFO    (151978, stable_pretraining.callbacks.cpu_offload) |   - Average time per checkpoint: 0.77s
15:01:10.300 | INFO    (151978, stable_pretraining.callbacks.cpu_offload) | ============================================================
15:01:11.729 | INFO    (151978, stable_pretraining.callbacks.checkpoint_sklearn) | Checking for non PyTorch modules to save... 🔧
15:01:11.730 | INFO    (151978, stable_pretraining.callbacks.checkpoint_sklearn) | Checking for Wandb params to save... 🔧
15:01:11.730 | INFO    (151978, stable_pretraining.callbacks.checkpoint_sklearn) | Saving Wandb params {'id': 'lewm_lp_pusht_expert_mu-4'}
15:01:11.730 | INFO    (151978, stable_pretraining.callbacks.checkpoint_sklearn) | Checking for Wandb params to save... Done!
15:01:11.731 | INFO    (151978, stable_pretraining.callbacks.cpu_offload) | ============================================================
15:01:11.731 | INFO    (151978, stable_pretraining.callbacks.cpu_offload) | CPUOffloadCallback: Starting checkpoint CPU offload (#2)
15:01:11.731 | INFO    (151978, stable_pretraining.callbacks.cpu_offload) |   - Global step: 3483
15:01:11.731 | INFO    (151978, stable_pretraining.callbacks.cpu_offload) |   - Epoch: 0
15:01:11.732 | INFO    (151978, stable_pretraining.callbacks.cpu_offload) | Checkpoint contains 11 keys: ['callbacks', 'epoch', 'global_step', 'hparams_name', 'hyper_parameters', 'loops', 'lr_schedulers', 'optimizer_states', 'pytorch-lightning_version', 'state_dict', 'wandb']
15:01:11.732 | INFO    (151978, stable_pretraining.callbacks.cpu_offload) | GPU memory before offload:
15:01:11.733 | INFO    (151978, stable_pretraining.callbacks.cpu_offload) |   - Allocated: 0.24 GB
15:01:11.733 | INFO    (151978, stable_pretraining.callbacks.cpu_offload) |   - Reserved: 16.63 GB
15:01:11.733 | INFO    (151978, stable_pretraining.callbacks.cpu_offload) | Processing checkpoint key: 'state_dict'
15:01:12.005 | SUCCESS (151978, stable_pretraining.callbacks.cpu_offload) | ✓ Completed 'state_dict' in 0.27s
15:01:12.005 | INFO    (151978, stable_pretraining.callbacks.cpu_offload) | Processing checkpoint key: 'optimizer_states'
15:01:12.521 | SUCCESS (151978, stable_pretraining.callbacks.cpu_offload) | ✓ Completed 'optimizer_states' in 0.52s
15:01:12.521 | INFO    (151978, stable_pretraining.callbacks.cpu_offload) | Processing checkpoint key: 'lr_schedulers'
15:01:12.522 | SUCCESS (151978, stable_pretraining.callbacks.cpu_offload) | ✓ Completed 'lr_schedulers' in 0.00s
15:01:12.522 | WARNING (151978, stable_pretraining.callbacks.cpu_offload) | Skipped 321 custom object(s)
15:01:12.522 | WARNING (151978, stable_pretraining.callbacks.cpu_offload) | First 10 skipped objects:
15:01:12.522 | WARNING (151978, stable_pretraining.callbacks.cpu_offload) |   - float at 'optimizer_states[0].param_groups[0].lr'
15:01:12.522 | WARNING (151978, stable_pretraining.callbacks.cpu_offload) |   - float at 'optimizer_states[0].param_groups[0].betas[0]'
15:01:12.522 | WARNING (151978, stable_pretraining.callbacks.cpu_offload) |   - float at 'optimizer_states[0].param_groups[0].betas[1]'
15:01:12.523 | WARNING (151978, stable_pretraining.callbacks.cpu_offload) |   - float at 'optimizer_states[0].param_groups[0].eps'
15:01:12.523 | WARNING (151978, stable_pretraining.callbacks.cpu_offload) |   - float at 'optimizer_states[0].param_groups[0].weight_decay'
15:01:12.523 | WARNING (151978, stable_pretraining.callbacks.cpu_offload) |   - bool at 'optimizer_states[0].param_groups[0].amsgrad'
15:01:12.523 | WARNING (151978, stable_pretraining.callbacks.cpu_offload) |   - bool at 'optimizer_states[0].param_groups[0].maximize'
15:01:12.524 | WARNING (151978, stable_pretraining.callbacks.cpu_offload) |   - NoneType at 'optimizer_states[0].param_groups[0].foreach'
15:01:12.524 | WARNING (151978, stable_pretraining.callbacks.cpu_offload) |   - bool at 'optimizer_states[0].param_groups[0].capturable'
15:01:12.524 | WARNING (151978, stable_pretraining.callbacks.cpu_offload) |   - bool at 'optimizer_states[0].param_groups[0].differentiable'
15:01:12.524 | WARNING (151978, stable_pretraining.callbacks.cpu_offload) | ... (301 more skipped) ...
15:01:12.524 | WARNING (151978, stable_pretraining.callbacks.cpu_offload) | Last 10 skipped objects:
15:01:12.525 | WARNING (151978, stable_pretraining.callbacks.cpu_offload) |   - int at 'optimizer_states[0].param_groups[0].params[298]'
15:01:12.525 | WARNING (151978, stable_pretraining.callbacks.cpu_offload) |   - int at 'lr_schedulers[0].warmup_steps'
15:01:12.525 | WARNING (151978, stable_pretraining.callbacks.cpu_offload) |   - int at 'lr_schedulers[0].max_steps'
15:01:12.525 | WARNING (151978, stable_pretraining.callbacks.cpu_offload) |   - float at 'lr_schedulers[0].warmup_start_lr'
15:01:12.525 | WARNING (151978, stable_pretraining.callbacks.cpu_offload) |   - float at 'lr_schedulers[0].eta_min'
15:01:12.525 | WARNING (151978, stable_pretraining.callbacks.cpu_offload) |   - float at 'lr_schedulers[0].base_lrs[0]'
15:01:12.525 | WARNING (151978, stable_pretraining.callbacks.cpu_offload) |   - int at 'lr_schedulers[0].last_epoch'
15:01:12.526 | WARNING (151978, stable_pretraining.callbacks.cpu_offload) |   - int at 'lr_schedulers[0]._step_count'
15:01:12.526 | WARNING (151978, stable_pretraining.callbacks.cpu_offload) |   - bool at 'lr_schedulers[0]._get_lr_called_within_step'
15:01:12.526 | WARNING (151978, stable_pretraining.callbacks.cpu_offload) |   - float at 'lr_schedulers[0]._last_lr[0]'
15:01:12.526 | INFO    (151978, stable_pretraining.callbacks.cpu_offload) | To see all 321 skipped objects, set log_skipped=True
15:01:12.527 | INFO    (151978, stable_pretraining.callbacks.cpu_offload) | GPU memory after offload:
15:01:12.527 | INFO    (151978, stable_pretraining.callbacks.cpu_offload) |   - Allocated: 0.24 GB
15:01:12.527 | INFO    (151978, stable_pretraining.callbacks.cpu_offload) |   - Reserved: 16.63 GB
15:01:12.527 | INFO    (151978, stable_pretraining.callbacks.cpu_offload) | GPU memory freed: 0.00 GB
15:01:12.528 | SUCCESS (151978, stable_pretraining.callbacks.cpu_offload) | CPUOffloadCallback: Checkpoint #2 completed in 0.80s
15:01:12.528 | INFO    (151978, stable_pretraining.callbacks.cpu_offload) | Successfully processed keys: ['state_dict', 'optimizer_states', 'lr_schedulers']
15:01:12.528 | INFO    (151978, stable_pretraining.callbacks.cpu_offload) | Cumulative stats:
15:01:12.528 | INFO    (151978, stable_pretraining.callbacks.cpu_offload) |   - Total checkpoints saved: 2
15:01:12.528 | INFO    (151978, stable_pretraining.callbacks.cpu_offload) |   - Total time in offload: 1.56s
15:01:12.529 | INFO    (151978, stable_pretraining.callbacks.cpu_offload) |   - Total memory freed: 0.00 GB
15:01:12.529 | INFO    (151978, stable_pretraining.callbacks.cpu_offload) |   - Average time per checkpoint: 0.78s
15:01:12.529 | INFO    (151978, stable_pretraining.callbacks.cpu_offload) | ============================================================
15:42:42.495 | WARNING (151978, stable_pretraining.module) | You are calling self.parameters which also gives callbacks parameters, to remove then, pass `with_callbacks=False`
15:47:29.481 | INFO    (151978, stable_pretraining.callbacks.trainer_info) | \n+----------------------------+------------------------+
|           Metric           |         Value          |
+----------------------------+------------------------+
|          [0;34;40mfit/loss[0m          | [0;32;40m0.0005106609896756709[0m  |
|       [0;34;40mfit/pred_loss[0m        | [0;32;40m0.00010053846199298277[0m |
|      [0;34;40mfit/rdmreg_loss[0m       | [0;32;40m0.00041012250585481524[0m |
|       [0;34;40mvalidate/loss[0m        | [0;32;40m0.0035044094547629356[0m  |
|    [0;34;40mvalidate/loss_epoch[0m     | [0;32;40m0.0035044094547629356[0m  |
|     [0;34;40mvalidate/pred_loss[0m     |  [0;32;40m0.000992112560197711[0m  |
|  [0;34;40mvalidate/pred_loss_epoch[0m  |  [0;32;40m0.000992112560197711[0m  |
|    [0;34;40mvalidate/rdmreg_loss[0m    | [0;32;40m0.0025122947990894318[0m  |
| [0;34;40mvalidate/rdmreg_loss_epoch[0m | [0;32;40m0.0025122947990894318[0m  |
+----------------------------+------------------------+
15:47:29.741 | INFO    (151978, stable_pretraining.callbacks.checkpoint_sklearn) | Checking for non PyTorch modules to save... 🔧
15:47:29.742 | INFO    (151978, stable_pretraining.callbacks.checkpoint_sklearn) | Checking for Wandb params to save... 🔧
15:47:29.742 | INFO    (151978, stable_pretraining.callbacks.checkpoint_sklearn) | Saving Wandb params {'id': 'lewm_lp_pusht_expert_mu-4'}
15:47:29.742 | INFO    (151978, stable_pretraining.callbacks.checkpoint_sklearn) | Checking for Wandb params to save... Done!
15:47:29.742 | INFO    (151978, stable_pretraining.callbacks.cpu_offload) | ============================================================
15:47:29.742 | INFO    (151978, stable_pretraining.callbacks.cpu_offload) | CPUOffloadCallback: Starting checkpoint CPU offload (#3)
15:47:29.743 | INFO    (151978, stable_pretraining.callbacks.cpu_offload) |   - Global step: 6966
15:47:29.743 | INFO    (151978, stable_pretraining.callbacks.cpu_offload) |   - Epoch: 1
15:47:29.743 | INFO    (151978, stable_pretraining.callbacks.cpu_offload) | Checkpoint contains 11 keys: ['callbacks', 'epoch', 'global_step', 'hparams_name', 'hyper_parameters', 'loops', 'lr_schedulers', 'optimizer_states', 'pytorch-lightning_version', 'state_dict', 'wandb']
15:47:29.743 | INFO    (151978, stable_pretraining.callbacks.cpu_offload) | GPU memory before offload:
15:47:29.744 | INFO    (151978, stable_pretraining.callbacks.cpu_offload) |   - Allocated: 0.24 GB
15:47:29.744 | INFO    (151978, stable_pretraining.callbacks.cpu_offload) |   - Reserved: 16.63 GB
15:47:29.744 | INFO    (151978, stable_pretraining.callbacks.cpu_offload) | Processing checkpoint key: 'state_dict'
15:47:29.975 | SUCCESS (151978, stable_pretraining.callbacks.cpu_offload) | ✓ Completed 'state_dict' in 0.23s
15:47:29.975 | INFO    (151978, stable_pretraining.callbacks.cpu_offload) | Processing checkpoint key: 'optimizer_states'
15:47:30.478 | SUCCESS (151978, stable_pretraining.callbacks.cpu_offload) | ✓ Completed 'optimizer_states' in 0.50s
15:47:30.479 | INFO    (151978, stable_pretraining.callbacks.cpu_offload) | Processing checkpoint key: 'lr_schedulers'
15:47:30.479 | SUCCESS (151978, stable_pretraining.callbacks.cpu_offload) | ✓ Completed 'lr_schedulers' in 0.00s
15:47:30.480 | WARNING (151978, stable_pretraining.callbacks.cpu_offload) | Skipped 321 custom object(s)
15:47:30.480 | WARNING (151978, stable_pretraining.callbacks.cpu_offload) | First 10 skipped objects:
15:47:30.480 | WARNING (151978, stable_pretraining.callbacks.cpu_offload) |   - float at 'optimizer_states[0].param_groups[0].lr'
15:47:30.480 | WARNING (151978, stable_pretraining.callbacks.cpu_offload) |   - float at 'optimizer_states[0].param_groups[0].betas[0]'
15:47:30.480 | WARNING (151978, stable_pretraining.callbacks.cpu_offload) |   - float at 'optimizer_states[0].param_groups[0].betas[1]'
15:47:30.481 | WARNING (151978, stable_pretraining.callbacks.cpu_offload) |   - float at 'optimizer_states[0].param_groups[0].eps'
15:47:30.481 | WARNING (151978, stable_pretraining.callbacks.cpu_offload) |   - float at 'optimizer_states[0].param_groups[0].weight_decay'
15:47:30.481 | WARNING (151978, stable_pretraining.callbacks.cpu_offload) |   - bool at 'optimizer_states[0].param_groups[0].amsgrad'
15:47:30.482 | WARNING (151978, stable_pretraining.callbacks.cpu_offload) |   - bool at 'optimizer_states[0].param_groups[0].maximize'
15:47:30.482 | WARNING (151978, stable_pretraining.callbacks.cpu_offload) |   - NoneType at 'optimizer_states[0].param_groups[0].foreach'
15:47:30.482 | WARNING (151978, stable_pretraining.callbacks.cpu_offload) |   - bool at 'optimizer_states[0].param_groups[0].capturable'
15:47:30.482 | WARNING (151978, stable_pretraining.callbacks.cpu_offload) |   - bool at 'optimizer_states[0].param_groups[0].differentiable'
15:47:30.483 | WARNING (151978, stable_pretraining.callbacks.cpu_offload) | ... (301 more skipped) ...
15:47:30.483 | WARNING (151978, stable_pretraining.callbacks.cpu_offload) | Last 10 skipped objects:
15:47:30.483 | WARNING (151978, stable_pretraining.callbacks.cpu_offload) |   - int at 'optimizer_states[0].param_groups[0].params[298]'
15:47:30.484 | WARNING (151978, stable_pretraining.callbacks.cpu_offload) |   - int at 'lr_schedulers[0].warmup_steps'
15:47:30.484 | WARNING (151978, stable_pretraining.callbacks.cpu_offload) |   - int at 'lr_schedulers[0].max_steps'
15:47:30.484 | WARNING (151978, stable_pretraining.callbacks.cpu_offload) |   - float at 'lr_schedulers[0].warmup_start_lr'
15:47:30.484 | WARNING (151978, stable_pretraining.callbacks.cpu_offload) |   - float at 'lr_schedulers[0].eta_min'
15:47:30.484 | WARNING (151978, stable_pretraining.callbacks.cpu_offload) |   - float at 'lr_schedulers[0].base_lrs[0]'
15:47:30.484 | WARNING (151978, stable_pretraining.callbacks.cpu_offload) |   - int at 'lr_schedulers[0].last_epoch'
15:47:30.485 | WARNING (151978, stable_pretraining.callbacks.cpu_offload) |   - int at 'lr_schedulers[0]._step_count'
15:47:30.485 | WARNING (151978, stable_pretraining.callbacks.cpu_offload) |   - bool at 'lr_schedulers[0]._get_lr_called_within_step'
15:47:30.485 | WARNING (151978, stable_pretraining.callbacks.cpu_offload) |   - float at 'lr_schedulers[0]._last_lr[0]'
15:47:30.485 | INFO    (151978, stable_pretraining.callbacks.cpu_offload) | To see all 321 skipped objects, set log_skipped=True
15:47:30.486 | INFO    (151978, stable_pretraining.callbacks.cpu_offload) | GPU memory after offload:
15:47:30.486 | INFO    (151978, stable_pretraining.callbacks.cpu_offload) |   - Allocated: 0.24 GB
15:47:30.486 | INFO    (151978, stable_pretraining.callbacks.cpu_offload) |   - Reserved: 16.63 GB
15:47:30.486 | INFO    (151978, stable_pretraining.callbacks.cpu_offload) | GPU memory freed: 0.00 GB
15:47:30.487 | SUCCESS (151978, stable_pretraining.callbacks.cpu_offload) | CPUOffloadCallback: Checkpoint #3 completed in 0.74s
15:47:30.487 | INFO    (151978, stable_pretraining.callbacks.cpu_offload) | Successfully processed keys: ['state_dict', 'optimizer_states', 'lr_schedulers']
15:47:30.487 | INFO    (151978, stable_pretraining.callbacks.cpu_offload) | Cumulative stats:
15:47:30.487 | INFO    (151978, stable_pretraining.callbacks.cpu_offload) |   - Total checkpoints saved: 3
15:47:30.487 | INFO    (151978, stable_pretraining.callbacks.cpu_offload) |   - Total time in offload: 2.31s
15:47:30.487 | INFO    (151978, stable_pretraining.callbacks.cpu_offload) |   - Total memory freed: 0.00 GB
15:47:30.488 | INFO    (151978, stable_pretraining.callbacks.cpu_offload) |   - Average time per checkpoint: 0.77s
15:47:30.488 | INFO    (151978, stable_pretraining.callbacks.cpu_offload) | ============================================================
15:47:31.958 | INFO    (151978, stable_pretraining.callbacks.checkpoint_sklearn) | Checking for non PyTorch modules to save... 🔧
15:47:31.959 | INFO    (151978, stable_pretraining.callbacks.checkpoint_sklearn) | Checking for Wandb params to save... 🔧
15:47:31.959 | INFO    (151978, stable_pretraining.callbacks.checkpoint_sklearn) | Saving Wandb params {'id': 'lewm_lp_pusht_expert_mu-4'}
15:47:31.959 | INFO    (151978, stable_pretraining.callbacks.checkpoint_sklearn) | Checking for Wandb params to save... Done!
15:47:31.960 | INFO    (151978, stable_pretraining.callbacks.cpu_offload) | ============================================================
15:47:31.960 | INFO    (151978, stable_pretraining.callbacks.cpu_offload) | CPUOffloadCallback: Starting checkpoint CPU offload (#4)
15:47:31.960 | INFO    (151978, stable_pretraining.callbacks.cpu_offload) |   - Global step: 6966
15:47:31.960 | INFO    (151978, stable_pretraining.callbacks.cpu_offload) |   - Epoch: 1
15:47:31.960 | INFO    (151978, stable_pretraining.callbacks.cpu_offload) | Checkpoint contains 11 keys: ['callbacks', 'epoch', 'global_step', 'hparams_name', 'hyper_parameters', 'loops', 'lr_schedulers', 'optimizer_states', 'pytorch-lightning_version', 'state_dict', 'wandb']
15:47:31.961 | INFO    (151978, stable_pretraining.callbacks.cpu_offload) | GPU memory before offload:
15:47:31.961 | INFO    (151978, stable_pretraining.callbacks.cpu_offload) |   - Allocated: 0.24 GB
15:47:31.961 | INFO    (151978, stable_pretraining.callbacks.cpu_offload) |   - Reserved: 16.63 GB
15:47:31.961 | INFO    (151978, stable_pretraining.callbacks.cpu_offload) | Processing checkpoint key: 'state_dict'
15:47:32.090 | SUCCESS (151978, stable_pretraining.callbacks.cpu_offload) | ✓ Completed 'state_dict' in 0.13s
15:47:32.091 | INFO    (151978, stable_pretraining.callbacks.cpu_offload) | Processing checkpoint key: 'optimizer_states'
15:47:32.447 | SUCCESS (151978, stable_pretraining.callbacks.cpu_offload) | ✓ Completed 'optimizer_states' in 0.36s
15:47:32.448 | INFO    (151978, stable_pretraining.callbacks.cpu_offload) | Processing checkpoint key: 'lr_schedulers'
15:47:32.448 | SUCCESS (151978, stable_pretraining.callbacks.cpu_offload) | ✓ Completed 'lr_schedulers' in 0.00s
15:47:32.449 | WARNING (151978, stable_pretraining.callbacks.cpu_offload) | Skipped 321 custom object(s)
15:47:32.449 | WARNING (151978, stable_pretraining.callbacks.cpu_offload) | First 10 skipped objects:
15:47:32.449 | WARNING (151978, stable_pretraining.callbacks.cpu_offload) |   - float at 'optimizer_states[0].param_groups[0].lr'
15:47:32.449 | WARNING (151978, stable_pretraining.callbacks.cpu_offload) |   - float at 'optimizer_states[0].param_groups[0].betas[0]'
15:47:32.450 | WARNING (151978, stable_pretraining.callbacks.cpu_offload) |   - float at 'optimizer_states[0].param_groups[0].betas[1]'
15:47:32.450 | WARNING (151978, stable_pretraining.callbacks.cpu_offload) |   - float at 'optimizer_states[0].param_groups[0].eps'
15:47:32.450 | WARNING (151978, stable_pretraining.callbacks.cpu_offload) |   - float at 'optimizer_states[0].param_groups[0].weight_decay'
15:47:32.450 | WARNING (151978, stable_pretraining.callbacks.cpu_offload) |   - bool at 'optimizer_states[0].param_groups[0].amsgrad'
15:47:32.451 | WARNING (151978, stable_pretraining.callbacks.cpu_offload) |   - bool at 'optimizer_states[0].param_groups[0].maximize'
15:47:32.451 | WARNING (151978, stable_pretraining.callbacks.cpu_offload) |   - NoneType at 'optimizer_states[0].param_groups[0].foreach'
15:47:32.451 | WARNING (151978, stable_pretraining.callbacks.cpu_offload) |   - bool at 'optimizer_states[0].param_groups[0].capturable'
15:47:32.451 | WARNING (151978, stable_pretraining.callbacks.cpu_offload) |   - bool at 'optimizer_states[0].param_groups[0].differentiable'
15:47:32.452 | WARNING (151978, stable_pretraining.callbacks.cpu_offload) | ... (301 more skipped) ...
15:47:32.452 | WARNING (151978, stable_pretraining.callbacks.cpu_offload) | Last 10 skipped objects:
15:47:32.453 | WARNING (151978, stable_pretraining.callbacks.cpu_offload) |   - int at 'optimizer_states[0].param_groups[0].params[298]'
15:47:32.453 | WARNING (151978, stable_pretraining.callbacks.cpu_offload) |   - int at 'lr_schedulers[0].warmup_steps'
15:47:32.454 | WARNING (151978, stable_pretraining.callbacks.cpu_offload) |   - int at 'lr_schedulers[0].max_steps'
15:47:32.454 | WARNING (151978, stable_pretraining.callbacks.cpu_offload) |   - float at 'lr_schedulers[0].warmup_start_lr'
15:47:32.454 | WARNING (151978, stable_pretraining.callbacks.cpu_offload) |   - float at 'lr_schedulers[0].eta_min'
15:47:32.454 | WARNING (151978, stable_pretraining.callbacks.cpu_offload) |   - float at 'lr_schedulers[0].base_lrs[0]'
15:47:32.455 | WARNING (151978, stable_pretraining.callbacks.cpu_offload) |   - int at 'lr_schedulers[0].last_epoch'
15:47:32.455 | WARNING (151978, stable_pretraining.callbacks.cpu_offload) |   - int at 'lr_schedulers[0]._step_count'
15:47:32.455 | WARNING (151978, stable_pretraining.callbacks.cpu_offload) |   - bool at 'lr_schedulers[0]._get_lr_called_within_step'
15:47:32.456 | WARNING (151978, stable_pretraining.callbacks.cpu_offload) |   - float at 'lr_schedulers[0]._last_lr[0]'
15:47:32.456 | INFO    (151978, stable_pretraining.callbacks.cpu_offload) | To see all 321 skipped objects, set log_skipped=True
15:47:32.457 | INFO    (151978, stable_pretraining.callbacks.cpu_offload) | GPU memory after offload:
15:47:32.457 | INFO    (151978, stable_pretraining.callbacks.cpu_offload) |   - Allocated: 0.24 GB
15:47:32.457 | INFO    (151978, stable_pretraining.callbacks.cpu_offload) |   - Reserved: 16.63 GB
15:47:32.457 | INFO    (151978, stable_pretraining.callbacks.cpu_offload) | GPU memory freed: 0.00 GB
15:47:32.458 | SUCCESS (151978, stable_pretraining.callbacks.cpu_offload) | CPUOffloadCallback: Checkpoint #4 completed in 0.50s
15:47:32.458 | INFO    (151978, stable_pretraining.callbacks.cpu_offload) | Successfully processed keys: ['state_dict', 'optimizer_states', 'lr_schedulers']
15:47:32.458 | INFO    (151978, stable_pretraining.callbacks.cpu_offload) | Cumulative stats:
15:47:32.458 | INFO    (151978, stable_pretraining.callbacks.cpu_offload) |   - Total checkpoints saved: 4
15:47:32.458 | INFO    (151978, stable_pretraining.callbacks.cpu_offload) |   - Total time in offload: 2.81s
15:47:32.459 | INFO    (151978, stable_pretraining.callbacks.cpu_offload) |   - Total memory freed: 0.00 GB
15:47:32.459 | INFO    (151978, stable_pretraining.callbacks.cpu_offload) |   - Average time per checkpoint: 0.70s
15:47:32.459 | INFO    (151978, stable_pretraining.callbacks.cpu_offload) | ============================================================
16:28:13.389 | WARNING (151978, stable_pretraining.module) | You are calling self.parameters which also gives callbacks parameters, to remove then, pass `with_callbacks=False`
16:32:47.215 | INFO    (151978, stable_pretraining.callbacks.trainer_info) | \n+----------------------------+------------------------+
|           Metric           |         Value          |
+----------------------------+------------------------+
|          [0;34;40mfit/loss[0m          | [0;32;40m0.00040810208884067833[0m |
|       [0;34;40mfit/pred_loss[0m        | [0;32;40m0.0001854391157394275[0m  |
|      [0;34;40mfit/rdmreg_loss[0m       | [0;32;40m0.00022266297310125083[0m |
|       [0;34;40mvalidate/loss[0m        | [0;32;40m0.0010545456316322088[0m  |
|    [0;34;40mvalidate/loss_epoch[0m     | [0;32;40m0.0010545456316322088[0m  |
|     [0;34;40mvalidate/pred_loss[0m     | [0;32;40m0.0003066297504119575[0m  |
|  [0;34;40mvalidate/pred_loss_epoch[0m  | [0;32;40m0.0003066297504119575[0m  |
|    [0;34;40mvalidate/rdmreg_loss[0m    | [0;32;40m0.0007479159976355731[0m  |
| [0;34;40mvalidate/rdmreg_loss_epoch[0m | [0;32;40m0.0007479159976355731[0m  |
+----------------------------+------------------------+
16:32:47.451 | INFO    (151978, stable_pretraining.callbacks.checkpoint_sklearn) | Checking for non PyTorch modules to save... 🔧
16:32:47.452 | INFO    (151978, stable_pretraining.callbacks.checkpoint_sklearn) | Checking for Wandb params to save... 🔧
16:32:47.452 | INFO    (151978, stable_pretraining.callbacks.checkpoint_sklearn) | Saving Wandb params {'id': 'lewm_lp_pusht_expert_mu-4'}
16:32:47.452 | INFO    (151978, stable_pretraining.callbacks.checkpoint_sklearn) | Checking for Wandb params to save... Done!
16:32:47.452 | INFO    (151978, stable_pretraining.callbacks.cpu_offload) | ============================================================
16:32:47.452 | INFO    (151978, stable_pretraining.callbacks.cpu_offload) | CPUOffloadCallback: Starting checkpoint CPU offload (#5)
16:32:47.453 | INFO    (151978, stable_pretraining.callbacks.cpu_offload) |   - Global step: 10449
16:32:47.453 | INFO    (151978, stable_pretraining.callbacks.cpu_offload) |   - Epoch: 2
16:32:47.453 | INFO    (151978, stable_pretraining.callbacks.cpu_offload) | Checkpoint contains 11 keys: ['callbacks', 'epoch', 'global_step', 'hparams_name', 'hyper_parameters', 'loops', 'lr_schedulers', 'optimizer_states', 'pytorch-lightning_version', 'state_dict', 'wandb']
16:32:47.453 | INFO    (151978, stable_pretraining.callbacks.cpu_offload) | GPU memory before offload:
16:32:47.453 | INFO    (151978, stable_pretraining.callbacks.cpu_offload) |   - Allocated: 0.24 GB
16:32:47.453 | INFO    (151978, stable_pretraining.callbacks.cpu_offload) |   - Reserved: 16.63 GB
16:32:47.454 | INFO    (151978, stable_pretraining.callbacks.cpu_offload) | Processing checkpoint key: 'state_dict'
16:32:47.640 | SUCCESS (151978, stable_pretraining.callbacks.cpu_offload) | ✓ Completed 'state_dict' in 0.19s
16:32:47.641 | INFO    (151978, stable_pretraining.callbacks.cpu_offload) | Processing checkpoint key: 'optimizer_states'
16:32:48.042 | SUCCESS (151978, stable_pretraining.callbacks.cpu_offload) | ✓ Completed 'optimizer_states' in 0.40s
16:32:48.043 | INFO    (151978, stable_pretraining.callbacks.cpu_offload) | Processing checkpoint key: 'lr_schedulers'
16:32:48.043 | SUCCESS (151978, stable_pretraining.callbacks.cpu_offload) | ✓ Completed 'lr_schedulers' in 0.00s
16:32:48.043 | WARNING (151978, stable_pretraining.callbacks.cpu_offload) | Skipped 321 custom object(s)
16:32:48.044 | WARNING (151978, stable_pretraining.callbacks.cpu_offload) | First 10 skipped objects:
16:32:48.044 | WARNING (151978, stable_pretraining.callbacks.cpu_offload) |   - float at 'optimizer_states[0].param_groups[0].lr'
16:32:48.044 | WARNING (151978, stable_pretraining.callbacks.cpu_offload) |   - float at 'optimizer_states[0].param_groups[0].betas[0]'
16:32:48.044 | WARNING (151978, stable_pretraining.callbacks.cpu_offload) |   - float at 'optimizer_states[0].param_groups[0].betas[1]'
16:32:48.045 | WARNING (151978, stable_pretraining.callbacks.cpu_offload) |   - float at 'optimizer_states[0].param_groups[0].eps'
16:32:48.045 | WARNING (151978, stable_pretraining.callbacks.cpu_offload) |   - float at 'optimizer_states[0].param_groups[0].weight_decay'
16:32:48.045 | WARNING (151978, stable_pretraining.callbacks.cpu_offload) |   - bool at 'optimizer_states[0].param_groups[0].amsgrad'
16:32:48.045 | WARNING (151978, stable_pretraining.callbacks.cpu_offload) |   - bool at 'optimizer_states[0].param_groups[0].maximize'
16:32:48.045 | WARNING (151978, stable_pretraining.callbacks.cpu_offload) |   - NoneType at 'optimizer_states[0].param_groups[0].foreach'
16:32:48.045 | WARNING (151978, stable_pretraining.callbacks.cpu_offload) |   - bool at 'optimizer_states[0].param_groups[0].capturable'
16:32:48.045 | WARNING (151978, stable_pretraining.callbacks.cpu_offload) |   - bool at 'optimizer_states[0].param_groups[0].differentiable'
16:32:48.046 | WARNING (151978, stable_pretraining.callbacks.cpu_offload) | ... (301 more skipped) ...
16:32:48.046 | WARNING (151978, stable_pretraining.callbacks.cpu_offload) | Last 10 skipped objects:
16:32:48.046 | WARNING (151978, stable_pretraining.callbacks.cpu_offload) |   - int at 'optimizer_states[0].param_groups[0].params[298]'
16:32:48.046 | WARNING (151978, stable_pretraining.callbacks.cpu_offload) |   - int at 'lr_schedulers[0].warmup_steps'
16:32:48.046 | WARNING (151978, stable_pretraining.callbacks.cpu_offload) |   - int at 'lr_schedulers[0].max_steps'
16:32:48.046 | WARNING (151978, stable_pretraining.callbacks.cpu_offload) |   - float at 'lr_schedulers[0].warmup_start_lr'
16:32:48.047 | WARNING (151978, stable_pretraining.callbacks.cpu_offload) |   - float at 'lr_schedulers[0].eta_min'
16:32:48.047 | WARNING (151978, stable_pretraining.callbacks.cpu_offload) |   - float at 'lr_schedulers[0].base_lrs[0]'
16:32:48.047 | WARNING (151978, stable_pretraining.callbacks.cpu_offload) |   - int at 'lr_schedulers[0].last_epoch'
16:32:48.047 | WARNING (151978, stable_pretraining.callbacks.cpu_offload) |   - int at 'lr_schedulers[0]._step_count'
16:32:48.047 | WARNING (151978, stable_pretraining.callbacks.cpu_offload) |   - bool at 'lr_schedulers[0]._get_lr_called_within_step'
16:32:48.048 | WARNING (151978, stable_pretraining.callbacks.cpu_offload) |   - float at 'lr_schedulers[0]._last_lr[0]'
16:32:48.048 | INFO    (151978, stable_pretraining.callbacks.cpu_offload) | To see all 321 skipped objects, set log_skipped=True
16:32:48.048 | INFO    (151978, stable_pretraining.callbacks.cpu_offload) | GPU memory after offload:
16:32:48.049 | INFO    (151978, stable_pretraining.callbacks.cpu_offload) |   - Allocated: 0.24 GB
16:32:48.049 | INFO    (151978, stable_pretraining.callbacks.cpu_offload) |   - Reserved: 16.63 GB
16:32:48.049 | INFO    (151978, stable_pretraining.callbacks.cpu_offload) | GPU memory freed: 0.00 GB
16:32:48.049 | SUCCESS (151978, stable_pretraining.callbacks.cpu_offload) | CPUOffloadCallback: Checkpoint #5 completed in 0.60s
16:32:48.049 | INFO    (151978, stable_pretraining.callbacks.cpu_offload) | Successfully processed keys: ['state_dict', 'optimizer_states', 'lr_schedulers']
16:32:48.050 | INFO    (151978, stable_pretraining.callbacks.cpu_offload) | Cumulative stats:
16:32:48.050 | INFO    (151978, stable_pretraining.callbacks.cpu_offload) |   - Total checkpoints saved: 5
16:32:48.050 | INFO    (151978, stable_pretraining.callbacks.cpu_offload) |   - Total time in offload: 3.40s
16:32:48.050 | INFO    (151978, stable_pretraining.callbacks.cpu_offload) |   - Total memory freed: 0.00 GB
16:32:48.050 | INFO    (151978, stable_pretraining.callbacks.cpu_offload) |   - Average time per checkpoint: 0.68s
16:32:48.050 | INFO    (151978, stable_pretraining.callbacks.cpu_offload) | ============================================================
16:32:49.381 | INFO    (151978, stable_pretraining.callbacks.checkpoint_sklearn) | Checking for non PyTorch modules to save... 🔧
16:32:49.381 | INFO    (151978, stable_pretraining.callbacks.checkpoint_sklearn) | Checking for Wandb params to save... 🔧
16:32:49.382 | INFO    (151978, stable_pretraining.callbacks.checkpoint_sklearn) | Saving Wandb params {'id': 'lewm_lp_pusht_expert_mu-4'}
16:32:49.382 | INFO    (151978, stable_pretraining.callbacks.checkpoint_sklearn) | Checking for Wandb params to save... Done!
16:32:49.382 | INFO    (151978, stable_pretraining.callbacks.cpu_offload) | ============================================================
16:32:49.382 | INFO    (151978, stable_pretraining.callbacks.cpu_offload) | CPUOffloadCallback: Starting checkpoint CPU offload (#6)
16:32:49.382 | INFO    (151978, stable_pretraining.callbacks.cpu_offload) |   - Global step: 10449
16:32:49.382 | INFO    (151978, stable_pretraining.callbacks.cpu_offload) |   - Epoch: 2
16:32:49.382 | INFO    (151978, stable_pretraining.callbacks.cpu_offload) | Checkpoint contains 11 keys: ['callbacks', 'epoch', 'global_step', 'hparams_name', 'hyper_parameters', 'loops', 'lr_schedulers', 'optimizer_states', 'pytorch-lightning_version', 'state_dict', 'wandb']
16:32:49.383 | INFO    (151978, stable_pretraining.callbacks.cpu_offload) | GPU memory before offload:
16:32:49.383 | INFO    (151978, stable_pretraining.callbacks.cpu_offload) |   - Allocated: 0.24 GB
16:32:49.383 | INFO    (151978, stable_pretraining.callbacks.cpu_offload) |   - Reserved: 16.63 GB
16:32:49.383 | INFO    (151978, stable_pretraining.callbacks.cpu_offload) | Processing checkpoint key: 'state_dict'
16:32:49.646 | SUCCESS (151978, stable_pretraining.callbacks.cpu_offload) | ✓ Completed 'state_dict' in 0.26s
16:32:49.647 | INFO    (151978, stable_pretraining.callbacks.cpu_offload) | Processing checkpoint key: 'optimizer_states'
16:32:50.169 | SUCCESS (151978, stable_pretraining.callbacks.cpu_offload) | ✓ Completed 'optimizer_states' in 0.52s
16:32:50.169 | INFO    (151978, stable_pretraining.callbacks.cpu_offload) | Processing checkpoint key: 'lr_schedulers'
16:32:50.170 | SUCCESS (151978, stable_pretraining.callbacks.cpu_offload) | ✓ Completed 'lr_schedulers' in 0.00s
16:32:50.170 | WARNING (151978, stable_pretraining.callbacks.cpu_offload) | Skipped 321 custom object(s)
16:32:50.170 | WARNING (151978, stable_pretraining.callbacks.cpu_offload) | First 10 skipped objects:
16:32:50.170 | WARNING (151978, stable_pretraining.callbacks.cpu_offload) |   - float at 'optimizer_states[0].param_groups[0].lr'
16:32:50.171 | WARNING (151978, stable_pretraining.callbacks.cpu_offload) |   - float at 'optimizer_states[0].param_groups[0].betas[0]'
16:32:50.171 | WARNING (151978, stable_pretraining.callbacks.cpu_offload) |   - float at 'optimizer_states[0].param_groups[0].betas[1]'
16:32:50.171 | WARNING (151978, stable_pretraining.callbacks.cpu_offload) |   - float at 'optimizer_states[0].param_groups[0].eps'
16:32:50.171 | WARNING (151978, stable_pretraining.callbacks.cpu_offload) |   - float at 'optimizer_states[0].param_groups[0].weight_decay'
16:32:50.171 | WARNING (151978, stable_pretraining.callbacks.cpu_offload) |   - bool at 'optimizer_states[0].param_groups[0].amsgrad'
16:32:50.171 | WARNING (151978, stable_pretraining.callbacks.cpu_offload) |   - bool at 'optimizer_states[0].param_groups[0].maximize'
16:32:50.172 | WARNING (151978, stable_pretraining.callbacks.cpu_offload) |   - NoneType at 'optimizer_states[0].param_groups[0].foreach'
16:32:50.172 | WARNING (151978, stable_pretraining.callbacks.cpu_offload) |   - bool at 'optimizer_states[0].param_groups[0].capturable'
16:32:50.172 | WARNING (151978, stable_pretraining.callbacks.cpu_offload) |   - bool at 'optimizer_states[0].param_groups[0].differentiable'
16:32:50.172 | WARNING (151978, stable_pretraining.callbacks.cpu_offload) | ... (301 more skipped) ...
16:32:50.172 | WARNING (151978, stable_pretraining.callbacks.cpu_offload) | Last 10 skipped objects:
16:32:50.172 | WARNING (151978, stable_pretraining.callbacks.cpu_offload) |   - int at 'optimizer_states[0].param_groups[0].params[298]'
16:32:50.173 | WARNING (151978, stable_pretraining.callbacks.cpu_offload) |   - int at 'lr_schedulers[0].warmup_steps'
16:32:50.173 | WARNING (151978, stable_pretraining.callbacks.cpu_offload) |   - int at 'lr_schedulers[0].max_steps'
16:32:50.173 | WARNING (151978, stable_pretraining.callbacks.cpu_offload) |   - float at 'lr_schedulers[0].warmup_start_lr'
16:32:50.173 | WARNING (151978, stable_pretraining.callbacks.cpu_offload) |   - float at 'lr_schedulers[0].eta_min'
16:32:50.173 | WARNING (151978, stable_pretraining.callbacks.cpu_offload) |   - float at 'lr_schedulers[0].base_lrs[0]'
16:32:50.174 | WARNING (151978, stable_pretraining.callbacks.cpu_offload) |   - int at 'lr_schedulers[0].last_epoch'
16:32:50.174 | WARNING (151978, stable_pretraining.callbacks.cpu_offload) |   - int at 'lr_schedulers[0]._step_count'
16:32:50.174 | WARNING (151978, stable_pretraining.callbacks.cpu_offload) |   - bool at 'lr_schedulers[0]._get_lr_called_within_step'
16:32:50.174 | WARNING (151978, stable_pretraining.callbacks.cpu_offload) |   - float at 'lr_schedulers[0]._last_lr[0]'
16:32:50.174 | INFO    (151978, stable_pretraining.callbacks.cpu_offload) | To see all 321 skipped objects, set log_skipped=True
16:32:50.175 | INFO    (151978, stable_pretraining.callbacks.cpu_offload) | GPU memory after offload:
16:32:50.175 | INFO    (151978, stable_pretraining.callbacks.cpu_offload) |   - Allocated: 0.24 GB
16:32:50.175 | INFO    (151978, stable_pretraining.callbacks.cpu_offload) |   - Reserved: 16.63 GB
16:32:50.175 | INFO    (151978, stable_pretraining.callbacks.cpu_offload) | GPU memory freed: 0.00 GB
16:32:50.176 | SUCCESS (151978, stable_pretraining.callbacks.cpu_offload) | CPUOffloadCallback: Checkpoint #6 completed in 0.79s
16:32:50.176 | INFO    (151978, stable_pretraining.callbacks.cpu_offload) | Successfully processed keys: ['state_dict', 'optimizer_states', 'lr_schedulers']
16:32:50.176 | INFO    (151978, stable_pretraining.callbacks.cpu_offload) | Cumulative stats:
16:32:50.176 | INFO    (151978, stable_pretraining.callbacks.cpu_offload) |   - Total checkpoints saved: 6
16:32:50.176 | INFO    (151978, stable_pretraining.callbacks.cpu_offload) |   - Total time in offload: 4.20s
16:32:50.176 | INFO    (151978, stable_pretraining.callbacks.cpu_offload) |   - Total memory freed: 0.00 GB
16:32:50.176 | INFO    (151978, stable_pretraining.callbacks.cpu_offload) |   - Average time per checkpoint: 0.70s
16:32:50.176 | INFO    (151978, stable_pretraining.callbacks.cpu_offload) | ============================================================
17:13:17.648 | WARNING (151978, stable_pretraining.module) | You are calling self.parameters which also gives callbacks parameters, to remove then, pass `with_callbacks=False`
17:17:55.174 | INFO    (151978, stable_pretraining.callbacks.trainer_info) | \n+----------------------------+------------------------+
|           Metric           |         Value          |
+----------------------------+------------------------+
|          [0;34;40mfit/loss[0m          |  [0;32;40m0.00041554233757779[0m   |
|       [0;34;40mfit/pred_loss[0m        | [0;32;40m0.00011883401748491451[0m |
|      [0;34;40mfit/rdmreg_loss[0m       | [0;32;40m0.0002967083128169179[0m  |
|       [0;34;40mvalidate/loss[0m        | [0;32;40m0.0007152780890464783[0m  |
|    [0;34;40mvalidate/loss_epoch[0m     | [0;32;40m0.0007152780890464783[0m  |
|     [0;34;40mvalidate/pred_loss[0m     | [0;32;40m0.00021377019584178925[0m |
|  [0;34;40mvalidate/pred_loss_epoch[0m  | [0;32;40m0.00021377019584178925[0m |
|    [0;34;40mvalidate/rdmreg_loss[0m    | [0;32;40m0.0005015075439587235[0m  |
| [0;34;40mvalidate/rdmreg_loss_epoch[0m | [0;32;40m0.0005015075439587235[0m  |
+----------------------------+------------------------+
17:17:55.478 | INFO    (151978, stable_pretraining.callbacks.checkpoint_sklearn) | Checking for non PyTorch modules to save... 🔧
17:17:55.479 | INFO    (151978, stable_pretraining.callbacks.checkpoint_sklearn) | Checking for Wandb params to save... 🔧
17:17:55.479 | INFO    (151978, stable_pretraining.callbacks.checkpoint_sklearn) | Saving Wandb params {'id': 'lewm_lp_pusht_expert_mu-4'}
17:17:55.479 | INFO    (151978, stable_pretraining.callbacks.checkpoint_sklearn) | Checking for Wandb params to save... Done!
17:17:55.480 | INFO    (151978, stable_pretraining.callbacks.cpu_offload) | ============================================================
17:17:55.480 | INFO    (151978, stable_pretraining.callbacks.cpu_offload) | CPUOffloadCallback: Starting checkpoint CPU offload (#7)
17:17:55.480 | INFO    (151978, stable_pretraining.callbacks.cpu_offload) |   - Global step: 13932
17:17:55.480 | INFO    (151978, stable_pretraining.callbacks.cpu_offload) |   - Epoch: 3
17:17:55.481 | INFO    (151978, stable_pretraining.callbacks.cpu_offload) | Checkpoint contains 11 keys: ['callbacks', 'epoch', 'global_step', 'hparams_name', 'hyper_parameters', 'loops', 'lr_schedulers', 'optimizer_states', 'pytorch-lightning_version', 'state_dict', 'wandb']
17:17:55.481 | INFO    (151978, stable_pretraining.callbacks.cpu_offload) | GPU memory before offload:
17:17:55.481 | INFO    (151978, stable_pretraining.callbacks.cpu_offload) |   - Allocated: 0.24 GB
17:17:55.481 | INFO    (151978, stable_pretraining.callbacks.cpu_offload) |   - Reserved: 16.63 GB
17:17:55.481 | INFO    (151978, stable_pretraining.callbacks.cpu_offload) | Processing checkpoint key: 'state_dict'
17:17:55.798 | SUCCESS (151978, stable_pretraining.callbacks.cpu_offload) | ✓ Completed 'state_dict' in 0.32s
17:17:55.798 | INFO    (151978, stable_pretraining.callbacks.cpu_offload) | Processing checkpoint key: 'optimizer_states'
17:17:56.469 | SUCCESS (151978, stable_pretraining.callbacks.cpu_offload) | ✓ Completed 'optimizer_states' in 0.67s
17:17:56.470 | INFO    (151978, stable_pretraining.callbacks.cpu_offload) | Processing checkpoint key: 'lr_schedulers'
17:17:56.470 | SUCCESS (151978, stable_pretraining.callbacks.cpu_offload) | ✓ Completed 'lr_schedulers' in 0.00s
17:17:56.470 | WARNING (151978, stable_pretraining.callbacks.cpu_offload) | Skipped 321 custom object(s)
17:17:56.470 | WARNING (151978, stable_pretraining.callbacks.cpu_offload) | First 10 skipped objects:
17:17:56.471 | WARNING (151978, stable_pretraining.callbacks.cpu_offload) |   - float at 'optimizer_states[0].param_groups[0].lr'
17:17:56.471 | WARNING (151978, stable_pretraining.callbacks.cpu_offload) |   - float at 'optimizer_states[0].param_groups[0].betas[0]'
17:17:56.471 | WARNING (151978, stable_pretraining.callbacks.cpu_offload) |   - float at 'optimizer_states[0].param_groups[0].betas[1]'
17:17:56.471 | WARNING (151978, stable_pretraining.callbacks.cpu_offload) |   - float at 'optimizer_states[0].param_groups[0].eps'
17:17:56.472 | WARNING (151978, stable_pretraining.callbacks.cpu_offload) |   - float at 'optimizer_states[0].param_groups[0].weight_decay'
17:17:56.472 | WARNING (151978, stable_pretraining.callbacks.cpu_offload) |   - bool at 'optimizer_states[0].param_groups[0].amsgrad'
17:17:56.472 | WARNING (151978, stable_pretraining.callbacks.cpu_offload) |   - bool at 'optimizer_states[0].param_groups[0].maximize'
17:17:56.472 | WARNING (151978, stable_pretraining.callbacks.cpu_offload) |   - NoneType at 'optimizer_states[0].param_groups[0].foreach'
17:17:56.472 | WARNING (151978, stable_pretraining.callbacks.cpu_offload) |   - bool at 'optimizer_states[0].param_groups[0].capturable'
17:17:56.473 | WARNING (151978, stable_pretraining.callbacks.cpu_offload) |   - bool at 'optimizer_states[0].param_groups[0].differentiable'
17:17:56.473 | WARNING (151978, stable_pretraining.callbacks.cpu_offload) | ... (301 more skipped) ...
17:17:56.473 | WARNING (151978, stable_pretraining.callbacks.cpu_offload) | Last 10 skipped objects:
17:17:56.473 | WARNING (151978, stable_pretraining.callbacks.cpu_offload) |   - int at 'optimizer_states[0].param_groups[0].params[298]'
17:17:56.473 | WARNING (151978, stable_pretraining.callbacks.cpu_offload) |   - int at 'lr_schedulers[0].warmup_steps'
17:17:56.474 | WARNING (151978, stable_pretraining.callbacks.cpu_offload) |   - int at 'lr_schedulers[0].max_steps'
17:17:56.474 | WARNING (151978, stable_pretraining.callbacks.cpu_offload) |   - float at 'lr_schedulers[0].warmup_start_lr'
17:17:56.474 | WARNING (151978, stable_pretraining.callbacks.cpu_offload) |   - float at 'lr_schedulers[0].eta_min'
17:17:56.474 | WARNING (151978, stable_pretraining.callbacks.cpu_offload) |   - float at 'lr_schedulers[0].base_lrs[0]'
17:17:56.475 | WARNING (151978, stable_pretraining.callbacks.cpu_offload) |   - int at 'lr_schedulers[0].last_epoch'
17:17:56.475 | WARNING (151978, stable_pretraining.callbacks.cpu_offload) |   - int at 'lr_schedulers[0]._step_count'
17:17:56.475 | WARNING (151978, stable_pretraining.callbacks.cpu_offload) |   - bool at 'lr_schedulers[0]._get_lr_called_within_step'
17:17:56.476 | WARNING (151978, stable_pretraining.callbacks.cpu_offload) |   - float at 'lr_schedulers[0]._last_lr[0]'
17:17:56.476 | INFO    (151978, stable_pretraining.callbacks.cpu_offload) | To see all 321 skipped objects, set log_skipped=True
17:17:56.476 | INFO    (151978, stable_pretraining.callbacks.cpu_offload) | GPU memory after offload:
17:17:56.476 | INFO    (151978, stable_pretraining.callbacks.cpu_offload) |   - Allocated: 0.24 GB
17:17:56.477 | INFO    (151978, stable_pretraining.callbacks.cpu_offload) |   - Reserved: 16.63 GB
17:17:56.477 | INFO    (151978, stable_pretraining.callbacks.cpu_offload) | GPU memory freed: 0.00 GB
17:17:56.477 | SUCCESS (151978, stable_pretraining.callbacks.cpu_offload) | CPUOffloadCallback: Checkpoint #7 completed in 1.00s
17:17:56.477 | INFO    (151978, stable_pretraining.callbacks.cpu_offload) | Successfully processed keys: ['state_dict', 'optimizer_states', 'lr_schedulers']
17:17:56.477 | INFO    (151978, stable_pretraining.callbacks.cpu_offload) | Cumulative stats:
17:17:56.477 | INFO    (151978, stable_pretraining.callbacks.cpu_offload) |   - Total checkpoints saved: 7
17:17:56.478 | INFO    (151978, stable_pretraining.callbacks.cpu_offload) |   - Total time in offload: 5.20s
17:17:56.478 | INFO    (151978, stable_pretraining.callbacks.cpu_offload) |   - Total memory freed: 0.00 GB
17:17:56.478 | INFO    (151978, stable_pretraining.callbacks.cpu_offload) |   - Average time per checkpoint: 0.74s
17:17:56.478 | INFO    (151978, stable_pretraining.callbacks.cpu_offload) | ============================================================
17:17:57.765 | INFO    (151978, stable_pretraining.callbacks.checkpoint_sklearn) | Checking for non PyTorch modules to save... 🔧
17:17:57.765 | INFO    (151978, stable_pretraining.callbacks.checkpoint_sklearn) | Checking for Wandb params to save... 🔧
17:17:57.765 | INFO    (151978, stable_pretraining.callbacks.checkpoint_sklearn) | Saving Wandb params {'id': 'lewm_lp_pusht_expert_mu-4'}
17:17:57.766 | INFO    (151978, stable_pretraining.callbacks.checkpoint_sklearn) | Checking for Wandb params to save... Done!
17:17:57.766 | INFO    (151978, stable_pretraining.callbacks.cpu_offload) | ============================================================
17:17:57.766 | INFO    (151978, stable_pretraining.callbacks.cpu_offload) | CPUOffloadCallback: Starting checkpoint CPU offload (#8)
17:17:57.766 | INFO    (151978, stable_pretraining.callbacks.cpu_offload) |   - Global step: 13932
17:17:57.766 | INFO    (151978, stable_pretraining.callbacks.cpu_offload) |   - Epoch: 3
17:17:57.767 | INFO    (151978, stable_pretraining.callbacks.cpu_offload) | Checkpoint contains 11 keys: ['callbacks', 'epoch', 'global_step', 'hparams_name', 'hyper_parameters', 'loops', 'lr_schedulers', 'optimizer_states', 'pytorch-lightning_version', 'state_dict', 'wandb']
17:17:57.767 | INFO    (151978, stable_pretraining.callbacks.cpu_offload) | GPU memory before offload:
17:17:57.767 | INFO    (151978, stable_pretraining.callbacks.cpu_offload) |   - Allocated: 0.24 GB
17:17:57.767 | INFO    (151978, stable_pretraining.callbacks.cpu_offload) |   - Reserved: 16.63 GB
17:17:57.768 | INFO    (151978, stable_pretraining.callbacks.cpu_offload) | Processing checkpoint key: 'state_dict'
17:17:58.107 | SUCCESS (151978, stable_pretraining.callbacks.cpu_offload) | ✓ Completed 'state_dict' in 0.34s
17:17:58.108 | INFO    (151978, stable_pretraining.callbacks.cpu_offload) | Processing checkpoint key: 'optimizer_states'
17:17:58.840 | SUCCESS (151978, stable_pretraining.callbacks.cpu_offload) | ✓ Completed 'optimizer_states' in 0.73s
17:17:58.841 | INFO    (151978, stable_pretraining.callbacks.cpu_offload) | Processing checkpoint key: 'lr_schedulers'
17:17:58.841 | SUCCESS (151978, stable_pretraining.callbacks.cpu_offload) | ✓ Completed 'lr_schedulers' in 0.00s
17:17:58.842 | WARNING (151978, stable_pretraining.callbacks.cpu_offload) | Skipped 321 custom object(s)
17:17:58.842 | WARNING (151978, stable_pretraining.callbacks.cpu_offload) | First 10 skipped objects:
17:17:58.842 | WARNING (151978, stable_pretraining.callbacks.cpu_offload) |   - float at 'optimizer_states[0].param_groups[0].lr'
17:17:58.842 | WARNING (151978, stable_pretraining.callbacks.cpu_offload) |   - float at 'optimizer_states[0].param_groups[0].betas[0]'
17:17:58.843 | WARNING (151978, stable_pretraining.callbacks.cpu_offload) |   - float at 'optimizer_states[0].param_groups[0].betas[1]'
17:17:58.843 | WARNING (151978, stable_pretraining.callbacks.cpu_offload) |   - float at 'optimizer_states[0].param_groups[0].eps'
17:17:58.843 | WARNING (151978, stable_pretraining.callbacks.cpu_offload) |   - float at 'optimizer_states[0].param_groups[0].weight_decay'
17:17:58.843 | WARNING (151978, stable_pretraining.callbacks.cpu_offload) |   - bool at 'optimizer_states[0].param_groups[0].amsgrad'
17:17:58.844 | WARNING (151978, stable_pretraining.callbacks.cpu_offload) |   - bool at 'optimizer_states[0].param_groups[0].maximize'
17:17:58.844 | WARNING (151978, stable_pretraining.callbacks.cpu_offload) |   - NoneType at 'optimizer_states[0].param_groups[0].foreach'
17:17:58.844 | WARNING (151978, stable_pretraining.callbacks.cpu_offload) |   - bool at 'optimizer_states[0].param_groups[0].capturable'
17:17:58.845 | WARNING (151978, stable_pretraining.callbacks.cpu_offload) |   - bool at 'optimizer_states[0].param_groups[0].differentiable'
17:17:58.845 | WARNING (151978, stable_pretraining.callbacks.cpu_offload) | ... (301 more skipped) ...
17:17:58.845 | WARNING (151978, stable_pretraining.callbacks.cpu_offload) | Last 10 skipped objects:
17:17:58.846 | WARNING (151978, stable_pretraining.callbacks.cpu_offload) |   - int at 'optimizer_states[0].param_groups[0].params[298]'
17:17:58.846 | WARNING (151978, stable_pretraining.callbacks.cpu_offload) |   - int at 'lr_schedulers[0].warmup_steps'
17:17:58.846 | WARNING (151978, stable_pretraining.callbacks.cpu_offload) |   - int at 'lr_schedulers[0].max_steps'
17:17:58.846 | WARNING (151978, stable_pretraining.callbacks.cpu_offload) |   - float at 'lr_schedulers[0].warmup_start_lr'
17:17:58.847 | WARNING (151978, stable_pretraining.callbacks.cpu_offload) |   - float at 'lr_schedulers[0].eta_min'
17:17:58.848 | WARNING (151978, stable_pretraining.callbacks.cpu_offload) |   - float at 'lr_schedulers[0].base_lrs[0]'
17:17:58.849 | WARNING (151978, stable_pretraining.callbacks.cpu_offload) |   - int at 'lr_schedulers[0].last_epoch'
17:17:58.849 | WARNING (151978, stable_pretraining.callbacks.cpu_offload) |   - int at 'lr_schedulers[0]._step_count'
17:17:58.849 | WARNING (151978, stable_pretraining.callbacks.cpu_offload) |   - bool at 'lr_schedulers[0]._get_lr_called_within_step'
17:17:58.850 | WARNING (151978, stable_pretraining.callbacks.cpu_offload) |   - float at 'lr_schedulers[0]._last_lr[0]'
17:17:58.850 | INFO    (151978, stable_pretraining.callbacks.cpu_offload) | To see all 321 skipped objects, set log_skipped=True
17:17:58.851 | INFO    (151978, stable_pretraining.callbacks.cpu_offload) | GPU memory after offload:
17:17:58.851 | INFO    (151978, stable_pretraining.callbacks.cpu_offload) |   - Allocated: 0.24 GB
17:17:58.851 | INFO    (151978, stable_pretraining.callbacks.cpu_offload) |   - Reserved: 16.63 GB
17:17:58.852 | INFO    (151978, stable_pretraining.callbacks.cpu_offload) | GPU memory freed: 0.00 GB
17:17:58.852 | SUCCESS (151978, stable_pretraining.callbacks.cpu_offload) | CPUOffloadCallback: Checkpoint #8 completed in 1.09s
17:17:58.852 | INFO    (151978, stable_pretraining.callbacks.cpu_offload) | Successfully processed keys: ['state_dict', 'optimizer_states', 'lr_schedulers']
17:17:58.853 | INFO    (151978, stable_pretraining.callbacks.cpu_offload) | Cumulative stats:
17:17:58.853 | INFO    (151978, stable_pretraining.callbacks.cpu_offload) |   - Total checkpoints saved: 8
17:17:58.854 | INFO    (151978, stable_pretraining.callbacks.cpu_offload) |   - Total time in offload: 6.28s
17:17:58.854 | INFO    (151978, stable_pretraining.callbacks.cpu_offload) |   - Total memory freed: 0.00 GB
17:17:58.855 | INFO    (151978, stable_pretraining.callbacks.cpu_offload) |   - Average time per checkpoint: 0.79s
17:17:58.855 | INFO    (151978, stable_pretraining.callbacks.cpu_offload) | ============================================================
17:58:45.546 | WARNING (151978, stable_pretraining.module) | You are calling self.parameters which also gives callbacks parameters, to remove then, pass `with_callbacks=False`
18:03:19.217 | INFO    (151978, stable_pretraining.callbacks.trainer_info) | \n+----------------------------+------------------------+
|           Metric           |         Value          |
+----------------------------+------------------------+
|          [0;34;40mfit/loss[0m          | [0;32;40m0.0003424993483349681[0m  |
|       [0;34;40mfit/pred_loss[0m        | [0;32;40m8.811344741843641e-05[0m  |
|      [0;34;40mfit/rdmreg_loss[0m       | [0;32;40m0.0002543859009165317[0m  |
|       [0;34;40mvalidate/loss[0m        | [0;32;40m0.0004520723014138639[0m  |
|    [0;34;40mvalidate/loss_epoch[0m     | [0;32;40m0.0004520723014138639[0m  |
|     [0;34;40mvalidate/pred_loss[0m     | [0;32;40m0.0001195920558529906[0m  |
|  [0;34;40mvalidate/pred_loss_epoch[0m  | [0;32;40m0.0001195920558529906[0m  |
|    [0;34;40mvalidate/rdmreg_loss[0m    | [0;32;40m0.00033248018007725477[0m |
| [0;34;40mvalidate/rdmreg_loss_epoch[0m | [0;32;40m0.00033248018007725477[0m |
+----------------------------+------------------------+
18:03:19.519 | INFO    (151978, stable_pretraining.callbacks.checkpoint_sklearn) | Checking for non PyTorch modules to save... 🔧
18:03:19.520 | INFO    (151978, stable_pretraining.callbacks.checkpoint_sklearn) | Checking for Wandb params to save... 🔧
18:03:19.520 | INFO    (151978, stable_pretraining.callbacks.checkpoint_sklearn) | Saving Wandb params {'id': 'lewm_lp_pusht_expert_mu-4'}
18:03:19.520 | INFO    (151978, stable_pretraining.callbacks.checkpoint_sklearn) | Checking for Wandb params to save... Done!
18:03:19.520 | INFO    (151978, stable_pretraining.callbacks.cpu_offload) | ============================================================
18:03:19.520 | INFO    (151978, stable_pretraining.callbacks.cpu_offload) | CPUOffloadCallback: Starting checkpoint CPU offload (#9)
18:03:19.521 | INFO    (151978, stable_pretraining.callbacks.cpu_offload) |   - Global step: 17415
18:03:19.522 | INFO    (151978, stable_pretraining.callbacks.cpu_offload) |   - Epoch: 4
18:03:19.522 | INFO    (151978, stable_pretraining.callbacks.cpu_offload) | Checkpoint contains 11 keys: ['callbacks', 'epoch', 'global_step', 'hparams_name', 'hyper_parameters', 'loops', 'lr_schedulers', 'optimizer_states', 'pytorch-lightning_version', 'state_dict', 'wandb']
18:03:19.522 | INFO    (151978, stable_pretraining.callbacks.cpu_offload) | GPU memory before offload:
18:03:19.522 | INFO    (151978, stable_pretraining.callbacks.cpu_offload) |   - Allocated: 0.24 GB
18:03:19.522 | INFO    (151978, stable_pretraining.callbacks.cpu_offload) |   - Reserved: 16.63 GB
18:03:19.523 | INFO    (151978, stable_pretraining.callbacks.cpu_offload) | Processing checkpoint key: 'state_dict'
18:03:19.750 | SUCCESS (151978, stable_pretraining.callbacks.cpu_offload) | ✓ Completed 'state_dict' in 0.23s
18:03:19.750 | INFO    (151978, stable_pretraining.callbacks.cpu_offload) | Processing checkpoint key: 'optimizer_states'
18:03:20.277 | SUCCESS (151978, stable_pretraining.callbacks.cpu_offload) | ✓ Completed 'optimizer_states' in 0.53s
18:03:20.277 | INFO    (151978, stable_pretraining.callbacks.cpu_offload) | Processing checkpoint key: 'lr_schedulers'
18:03:20.278 | SUCCESS (151978, stable_pretraining.callbacks.cpu_offload) | ✓ Completed 'lr_schedulers' in 0.00s
18:03:20.278 | WARNING (151978, stable_pretraining.callbacks.cpu_offload) | Skipped 321 custom object(s)
18:03:20.278 | WARNING (151978, stable_pretraining.callbacks.cpu_offload) | First 10 skipped objects:
18:03:20.278 | WARNING (151978, stable_pretraining.callbacks.cpu_offload) |   - float at 'optimizer_states[0].param_groups[0].lr'
18:03:20.278 | WARNING (151978, stable_pretraining.callbacks.cpu_offload) |   - float at 'optimizer_states[0].param_groups[0].betas[0]'
18:03:20.279 | WARNING (151978, stable_pretraining.callbacks.cpu_offload) |   - float at 'optimizer_states[0].param_groups[0].betas[1]'
18:03:20.279 | WARNING (151978, stable_pretraining.callbacks.cpu_offload) |   - float at 'optimizer_states[0].param_groups[0].eps'
18:03:20.279 | WARNING (151978, stable_pretraining.callbacks.cpu_offload) |   - float at 'optimizer_states[0].param_groups[0].weight_decay'
18:03:20.279 | WARNING (151978, stable_pretraining.callbacks.cpu_offload) |   - bool at 'optimizer_states[0].param_groups[0].amsgrad'
18:03:20.279 | WARNING (151978, stable_pretraining.callbacks.cpu_offload) |   - bool at 'optimizer_states[0].param_groups[0].maximize'
18:03:20.280 | WARNING (151978, stable_pretraining.callbacks.cpu_offload) |   - NoneType at 'optimizer_states[0].param_groups[0].foreach'
18:03:20.280 | WARNING (151978, stable_pretraining.callbacks.cpu_offload) |   - bool at 'optimizer_states[0].param_groups[0].capturable'
18:03:20.280 | WARNING (151978, stable_pretraining.callbacks.cpu_offload) |   - bool at 'optimizer_states[0].param_groups[0].differentiable'
18:03:20.280 | WARNING (151978, stable_pretraining.callbacks.cpu_offload) | ... (301 more skipped) ...
18:03:20.280 | WARNING (151978, stable_pretraining.callbacks.cpu_offload) | Last 10 skipped objects:
18:03:20.281 | WARNING (151978, stable_pretraining.callbacks.cpu_offload) |   - int at 'optimizer_states[0].param_groups[0].params[298]'
18:03:20.281 | WARNING (151978, stable_pretraining.callbacks.cpu_offload) |   - int at 'lr_schedulers[0].warmup_steps'
18:03:20.281 | WARNING (151978, stable_pretraining.callbacks.cpu_offload) |   - int at 'lr_schedulers[0].max_steps'
18:03:20.281 | WARNING (151978, stable_pretraining.callbacks.cpu_offload) |   - float at 'lr_schedulers[0].warmup_start_lr'
18:03:20.281 | WARNING (151978, stable_pretraining.callbacks.cpu_offload) |   - float at 'lr_schedulers[0].eta_min'
18:03:20.281 | WARNING (151978, stable_pretraining.callbacks.cpu_offload) |   - float at 'lr_schedulers[0].base_lrs[0]'
18:03:20.282 | WARNING (151978, stable_pretraining.callbacks.cpu_offload) |   - int at 'lr_schedulers[0].last_epoch'
18:03:20.282 | WARNING (151978, stable_pretraining.callbacks.cpu_offload) |   - int at 'lr_schedulers[0]._step_count'
18:03:20.282 | WARNING (151978, stable_pretraining.callbacks.cpu_offload) |   - bool at 'lr_schedulers[0]._get_lr_called_within_step'
18:03:20.282 | WARNING (151978, stable_pretraining.callbacks.cpu_offload) |   - float at 'lr_schedulers[0]._last_lr[0]'
18:03:20.282 | INFO    (151978, stable_pretraining.callbacks.cpu_offload) | To see all 321 skipped objects, set log_skipped=True
18:03:20.283 | INFO    (151978, stable_pretraining.callbacks.cpu_offload) | GPU memory after offload:
18:03:20.283 | INFO    (151978, stable_pretraining.callbacks.cpu_offload) |   - Allocated: 0.24 GB
18:03:20.283 | INFO    (151978, stable_pretraining.callbacks.cpu_offload) |   - Reserved: 16.63 GB
18:03:20.284 | INFO    (151978, stable_pretraining.callbacks.cpu_offload) | GPU memory freed: 0.00 GB
18:03:20.284 | SUCCESS (151978, stable_pretraining.callbacks.cpu_offload) | CPUOffloadCallback: Checkpoint #9 completed in 0.76s
18:03:20.284 | INFO    (151978, stable_pretraining.callbacks.cpu_offload) | Successfully processed keys: ['state_dict', 'optimizer_states', 'lr_schedulers']
18:03:20.284 | INFO    (151978, stable_pretraining.callbacks.cpu_offload) | Cumulative stats:
18:03:20.284 | INFO    (151978, stable_pretraining.callbacks.cpu_offload) |   - Total checkpoints saved: 9
18:03:20.284 | INFO    (151978, stable_pretraining.callbacks.cpu_offload) |   - Total time in offload: 7.04s
18:03:20.285 | INFO    (151978, stable_pretraining.callbacks.cpu_offload) |   - Total memory freed: 0.00 GB
18:03:20.285 | INFO    (151978, stable_pretraining.callbacks.cpu_offload) |   - Average time per checkpoint: 0.78s
18:03:20.285 | INFO    (151978, stable_pretraining.callbacks.cpu_offload) | ============================================================
18:03:21.943 | INFO    (151978, stable_pretraining.callbacks.checkpoint_sklearn) | Checking for non PyTorch modules to save... 🔧
18:03:21.944 | INFO    (151978, stable_pretraining.callbacks.checkpoint_sklearn) | Checking for Wandb params to save... 🔧
18:03:21.944 | INFO    (151978, stable_pretraining.callbacks.checkpoint_sklearn) | Saving Wandb params {'id': 'lewm_lp_pusht_expert_mu-4'}
18:03:21.944 | INFO    (151978, stable_pretraining.callbacks.checkpoint_sklearn) | Checking for Wandb params to save... Done!
18:03:21.944 | INFO    (151978, stable_pretraining.callbacks.cpu_offload) | ============================================================
18:03:21.944 | INFO    (151978, stable_pretraining.callbacks.cpu_offload) | CPUOffloadCallback: Starting checkpoint CPU offload (#10)
18:03:21.945 | INFO    (151978, stable_pretraining.callbacks.cpu_offload) |   - Global step: 17415
18:03:21.945 | INFO    (151978, stable_pretraining.callbacks.cpu_offload) |   - Epoch: 4
18:03:21.945 | INFO    (151978, stable_pretraining.callbacks.cpu_offload) | Checkpoint contains 11 keys: ['callbacks', 'epoch', 'global_step', 'hparams_name', 'hyper_parameters', 'loops', 'lr_schedulers', 'optimizer_states', 'pytorch-lightning_version', 'state_dict', 'wandb']
18:03:21.946 | INFO    (151978, stable_pretraining.callbacks.cpu_offload) | GPU memory before offload:
18:03:21.946 | INFO    (151978, stable_pretraining.callbacks.cpu_offload) |   - Allocated: 0.24 GB
18:03:21.946 | INFO    (151978, stable_pretraining.callbacks.cpu_offload) |   - Reserved: 16.63 GB
18:03:21.946 | INFO    (151978, stable_pretraining.callbacks.cpu_offload) | Processing checkpoint key: 'state_dict'
18:03:22.139 | SUCCESS (151978, stable_pretraining.callbacks.cpu_offload) | ✓ Completed 'state_dict' in 0.19s
18:03:22.140 | INFO    (151978, stable_pretraining.callbacks.cpu_offload) | Processing checkpoint key: 'optimizer_states'
18:03:22.582 | SUCCESS (151978, stable_pretraining.callbacks.cpu_offload) | ✓ Completed 'optimizer_states' in 0.44s
18:03:22.583 | INFO    (151978, stable_pretraining.callbacks.cpu_offload) | Processing checkpoint key: 'lr_schedulers'
18:03:22.583 | SUCCESS (151978, stable_pretraining.callbacks.cpu_offload) | ✓ Completed 'lr_schedulers' in 0.00s
18:03:22.583 | WARNING (151978, stable_pretraining.callbacks.cpu_offload) | Skipped 321 custom object(s)
18:03:22.583 | WARNING (151978, stable_pretraining.callbacks.cpu_offload) | First 10 skipped objects:
18:03:22.584 | WARNING (151978, stable_pretraining.callbacks.cpu_offload) |   - float at 'optimizer_states[0].param_groups[0].lr'
18:03:22.584 | WARNING (151978, stable_pretraining.callbacks.cpu_offload) |   - float at 'optimizer_states[0].param_groups[0].betas[0]'
18:03:22.584 | WARNING (151978, stable_pretraining.callbacks.cpu_offload) |   - float at 'optimizer_states[0].param_groups[0].betas[1]'
18:03:22.584 | WARNING (151978, stable_pretraining.callbacks.cpu_offload) |   - float at 'optimizer_states[0].param_groups[0].eps'
18:03:22.584 | WARNING (151978, stable_pretraining.callbacks.cpu_offload) |   - float at 'optimizer_states[0].param_groups[0].weight_decay'
18:03:22.585 | WARNING (151978, stable_pretraining.callbacks.cpu_offload) |   - bool at 'optimizer_states[0].param_groups[0].amsgrad'
18:03:22.585 | WARNING (151978, stable_pretraining.callbacks.cpu_offload) |   - bool at 'optimizer_states[0].param_groups[0].maximize'
18:03:22.585 | WARNING (151978, stable_pretraining.callbacks.cpu_offload) |   - NoneType at 'optimizer_states[0].param_groups[0].foreach'
18:03:22.585 | WARNING (151978, stable_pretraining.callbacks.cpu_offload) |   - bool at 'optimizer_states[0].param_groups[0].capturable'
18:03:22.585 | WARNING (151978, stable_pretraining.callbacks.cpu_offload) |   - bool at 'optimizer_states[0].param_groups[0].differentiable'
18:03:22.586 | WARNING (151978, stable_pretraining.callbacks.cpu_offload) | ... (301 more skipped) ...
18:03:22.586 | WARNING (151978, stable_pretraining.callbacks.cpu_offload) | Last 10 skipped objects:
18:03:22.586 | WARNING (151978, stable_pretraining.callbacks.cpu_offload) |   - int at 'optimizer_states[0].param_groups[0].params[298]'
18:03:22.586 | WARNING (151978, stable_pretraining.callbacks.cpu_offload) |   - int at 'lr_schedulers[0].warmup_steps'
18:03:22.586 | WARNING (151978, stable_pretraining.callbacks.cpu_offload) |   - int at 'lr_schedulers[0].max_steps'
18:03:22.587 | WARNING (151978, stable_pretraining.callbacks.cpu_offload) |   - float at 'lr_schedulers[0].warmup_start_lr'
18:03:22.587 | WARNING (151978, stable_pretraining.callbacks.cpu_offload) |   - float at 'lr_schedulers[0].eta_min'
18:03:22.587 | WARNING (151978, stable_pretraining.callbacks.cpu_offload) |   - float at 'lr_schedulers[0].base_lrs[0]'
18:03:22.587 | WARNING (151978, stable_pretraining.callbacks.cpu_offload) |   - int at 'lr_schedulers[0].last_epoch'
18:03:22.588 | WARNING (151978, stable_pretraining.callbacks.cpu_offload) |   - int at 'lr_schedulers[0]._step_count'
18:03:22.588 | WARNING (151978, stable_pretraining.callbacks.cpu_offload) |   - bool at 'lr_schedulers[0]._get_lr_called_within_step'
18:03:22.588 | WARNING (151978, stable_pretraining.callbacks.cpu_offload) |   - float at 'lr_schedulers[0]._last_lr[0]'
18:03:22.588 | INFO    (151978, stable_pretraining.callbacks.cpu_offload) | To see all 321 skipped objects, set log_skipped=True
18:03:22.589 | INFO    (151978, stable_pretraining.callbacks.cpu_offload) | GPU memory after offload:
18:03:22.589 | INFO    (151978, stable_pretraining.callbacks.cpu_offload) |   - Allocated: 0.24 GB
18:03:22.589 | INFO    (151978, stable_pretraining.callbacks.cpu_offload) |   - Reserved: 16.63 GB
18:03:22.589 | INFO    (151978, stable_pretraining.callbacks.cpu_offload) | GPU memory freed: 0.00 GB
18:03:22.590 | SUCCESS (151978, stable_pretraining.callbacks.cpu_offload) | CPUOffloadCallback: Checkpoint #10 completed in 0.65s
18:03:22.590 | INFO    (151978, stable_pretraining.callbacks.cpu_offload) | Successfully processed keys: ['state_dict', 'optimizer_states', 'lr_schedulers']
18:03:22.590 | INFO    (151978, stable_pretraining.callbacks.cpu_offload) | Cumulative stats:
18:03:22.590 | INFO    (151978, stable_pretraining.callbacks.cpu_offload) |   - Total checkpoints saved: 10
18:03:22.590 | INFO    (151978, stable_pretraining.callbacks.cpu_offload) |   - Total time in offload: 7.69s
18:03:22.590 | INFO    (151978, stable_pretraining.callbacks.cpu_offload) |   - Total memory freed: 0.00 GB
18:03:22.591 | INFO    (151978, stable_pretraining.callbacks.cpu_offload) |   - Average time per checkpoint: 0.77s
18:03:22.591 | INFO    (151978, stable_pretraining.callbacks.cpu_offload) | ============================================================
18:44:06.488 | WARNING (151978, stable_pretraining.module) | You are calling self.parameters which also gives callbacks parameters, to remove then, pass `with_callbacks=False`
18:48:36.883 | INFO    (151978, stable_pretraining.callbacks.trainer_info) | \n+----------------------------+------------------------+
|           Metric           |         Value          |
+----------------------------+------------------------+
|          [0;34;40mfit/loss[0m          | [0;32;40m0.0002404482220299542[0m  |
|       [0;34;40mfit/pred_loss[0m        | [0;32;40m6.822500290581957e-05[0m  |
|      [0;34;40mfit/rdmreg_loss[0m       | [0;32;40m0.00017222322640009224[0m |
|       [0;34;40mvalidate/loss[0m        | [0;32;40m0.0003435359976720065[0m  |
|    [0;34;40mvalidate/loss_epoch[0m     | [0;32;40m0.0003435359976720065[0m  |
|     [0;34;40mvalidate/pred_loss[0m     | [0;32;40m7.465400267392397e-05[0m  |
|  [0;34;40mvalidate/pred_loss_epoch[0m  | [0;32;40m7.465400267392397e-05[0m  |
|    [0;34;40mvalidate/rdmreg_loss[0m    | [0;32;40m0.0002688819949980825[0m  |
| [0;34;40mvalidate/rdmreg_loss_epoch[0m | [0;32;40m0.0002688819949980825[0m  |
+----------------------------+------------------------+
18:48:37.132 | INFO    (151978, stable_pretraining.callbacks.checkpoint_sklearn) | Checking for non PyTorch modules to save... 🔧
18:48:37.132 | INFO    (151978, stable_pretraining.callbacks.checkpoint_sklearn) | Checking for Wandb params to save... 🔧
18:48:37.132 | INFO    (151978, stable_pretraining.callbacks.checkpoint_sklearn) | Saving Wandb params {'id': 'lewm_lp_pusht_expert_mu-4'}
18:48:37.133 | INFO    (151978, stable_pretraining.callbacks.checkpoint_sklearn) | Checking for Wandb params to save... Done!
18:48:37.133 | INFO    (151978, stable_pretraining.callbacks.cpu_offload) | ============================================================
18:48:37.133 | INFO    (151978, stable_pretraining.callbacks.cpu_offload) | CPUOffloadCallback: Starting checkpoint CPU offload (#11)
18:48:37.133 | INFO    (151978, stable_pretraining.callbacks.cpu_offload) |   - Global step: 20898
18:48:37.133 | INFO    (151978, stable_pretraining.callbacks.cpu_offload) |   - Epoch: 5
18:48:37.134 | INFO    (151978, stable_pretraining.callbacks.cpu_offload) | Checkpoint contains 11 keys: ['callbacks', 'epoch', 'global_step', 'hparams_name', 'hyper_parameters', 'loops', 'lr_schedulers', 'optimizer_states', 'pytorch-lightning_version', 'state_dict', 'wandb']
18:48:37.134 | INFO    (151978, stable_pretraining.callbacks.cpu_offload) | GPU memory before offload:
18:48:37.134 | INFO    (151978, stable_pretraining.callbacks.cpu_offload) |   - Allocated: 0.24 GB
18:48:37.134 | INFO    (151978, stable_pretraining.callbacks.cpu_offload) |   - Reserved: 16.63 GB
18:48:37.134 | INFO    (151978, stable_pretraining.callbacks.cpu_offload) | Processing checkpoint key: 'state_dict'
18:48:37.362 | SUCCESS (151978, stable_pretraining.callbacks.cpu_offload) | ✓ Completed 'state_dict' in 0.23s
18:48:37.362 | INFO    (151978, stable_pretraining.callbacks.cpu_offload) | Processing checkpoint key: 'optimizer_states'
18:48:37.771 | SUCCESS (151978, stable_pretraining.callbacks.cpu_offload) | ✓ Completed 'optimizer_states' in 0.41s
18:48:37.772 | INFO    (151978, stable_pretraining.callbacks.cpu_offload) | Processing checkpoint key: 'lr_schedulers'
18:48:37.772 | SUCCESS (151978, stable_pretraining.callbacks.cpu_offload) | ✓ Completed 'lr_schedulers' in 0.00s
18:48:37.772 | WARNING (151978, stable_pretraining.callbacks.cpu_offload) | Skipped 321 custom object(s)
18:48:37.772 | WARNING (151978, stable_pretraining.callbacks.cpu_offload) | First 10 skipped objects:
18:48:37.772 | WARNING (151978, stable_pretraining.callbacks.cpu_offload) |   - float at 'optimizer_states[0].param_groups[0].lr'
18:48:37.773 | WARNING (151978, stable_pretraining.callbacks.cpu_offload) |   - float at 'optimizer_states[0].param_groups[0].betas[0]'
18:48:37.773 | WARNING (151978, stable_pretraining.callbacks.cpu_offload) |   - float at 'optimizer_states[0].param_groups[0].betas[1]'
18:48:37.773 | WARNING (151978, stable_pretraining.callbacks.cpu_offload) |   - float at 'optimizer_states[0].param_groups[0].eps'
18:48:37.773 | WARNING (151978, stable_pretraining.callbacks.cpu_offload) |   - float at 'optimizer_states[0].param_groups[0].weight_decay'
18:48:37.773 | WARNING (151978, stable_pretraining.callbacks.cpu_offload) |   - bool at 'optimizer_states[0].param_groups[0].amsgrad'
18:48:37.773 | WARNING (151978, stable_pretraining.callbacks.cpu_offload) |   - bool at 'optimizer_states[0].param_groups[0].maximize'
18:48:37.773 | WARNING (151978, stable_pretraining.callbacks.cpu_offload) |   - NoneType at 'optimizer_states[0].param_groups[0].foreach'
18:48:37.773 | WARNING (151978, stable_pretraining.callbacks.cpu_offload) |   - bool at 'optimizer_states[0].param_groups[0].capturable'
18:48:37.774 | WARNING (151978, stable_pretraining.callbacks.cpu_offload) |   - bool at 'optimizer_states[0].param_groups[0].differentiable'
18:48:37.774 | WARNING (151978, stable_pretraining.callbacks.cpu_offload) | ... (301 more skipped) ...
18:48:37.774 | WARNING (151978, stable_pretraining.callbacks.cpu_offload) | Last 10 skipped objects:
18:48:37.774 | WARNING (151978, stable_pretraining.callbacks.cpu_offload) |   - int at 'optimizer_states[0].param_groups[0].params[298]'
18:48:37.774 | WARNING (151978, stable_pretraining.callbacks.cpu_offload) |   - int at 'lr_schedulers[0].warmup_steps'
18:48:37.774 | WARNING (151978, stable_pretraining.callbacks.cpu_offload) |   - int at 'lr_schedulers[0].max_steps'
18:48:37.774 | WARNING (151978, stable_pretraining.callbacks.cpu_offload) |   - float at 'lr_schedulers[0].warmup_start_lr'
18:48:37.774 | WARNING (151978, stable_pretraining.callbacks.cpu_offload) |   - float at 'lr_schedulers[0].eta_min'
18:48:37.774 | WARNING (151978, stable_pretraining.callbacks.cpu_offload) |   - float at 'lr_schedulers[0].base_lrs[0]'
18:48:37.775 | WARNING (151978, stable_pretraining.callbacks.cpu_offload) |   - int at 'lr_schedulers[0].last_epoch'
18:48:37.775 | WARNING (151978, stable_pretraining.callbacks.cpu_offload) |   - int at 'lr_schedulers[0]._step_count'
18:48:37.775 | WARNING (151978, stable_pretraining.callbacks.cpu_offload) |   - bool at 'lr_schedulers[0]._get_lr_called_within_step'
18:48:37.775 | WARNING (151978, stable_pretraining.callbacks.cpu_offload) |   - float at 'lr_schedulers[0]._last_lr[0]'
18:48:37.775 | INFO    (151978, stable_pretraining.callbacks.cpu_offload) | To see all 321 skipped objects, set log_skipped=True
18:48:37.776 | INFO    (151978, stable_pretraining.callbacks.cpu_offload) | GPU memory after offload:
18:48:37.776 | INFO    (151978, stable_pretraining.callbacks.cpu_offload) |   - Allocated: 0.24 GB
18:48:37.776 | INFO    (151978, stable_pretraining.callbacks.cpu_offload) |   - Reserved: 16.63 GB
18:48:37.776 | INFO    (151978, stable_pretraining.callbacks.cpu_offload) | GPU memory freed: 0.00 GB
18:48:37.776 | SUCCESS (151978, stable_pretraining.callbacks.cpu_offload) | CPUOffloadCallback: Checkpoint #11 completed in 0.64s
18:48:37.776 | INFO    (151978, stable_pretraining.callbacks.cpu_offload) | Successfully processed keys: ['state_dict', 'optimizer_states', 'lr_schedulers']
18:48:37.777 | INFO    (151978, stable_pretraining.callbacks.cpu_offload) | Cumulative stats:
18:48:37.777 | INFO    (151978, stable_pretraining.callbacks.cpu_offload) |   - Total checkpoints saved: 11
18:48:37.777 | INFO    (151978, stable_pretraining.callbacks.cpu_offload) |   - Total time in offload: 8.33s
18:48:37.777 | INFO    (151978, stable_pretraining.callbacks.cpu_offload) |   - Total memory freed: 0.00 GB
18:48:37.777 | INFO    (151978, stable_pretraining.callbacks.cpu_offload) |   - Average time per checkpoint: 0.76s
18:48:37.777 | INFO    (151978, stable_pretraining.callbacks.cpu_offload) | ============================================================
18:48:39.262 | INFO    (151978, stable_pretraining.callbacks.checkpoint_sklearn) | Checking for non PyTorch modules to save... 🔧
18:48:39.263 | INFO    (151978, stable_pretraining.callbacks.checkpoint_sklearn) | Checking for Wandb params to save... 🔧
18:48:39.263 | INFO    (151978, stable_pretraining.callbacks.checkpoint_sklearn) | Saving Wandb params {'id': 'lewm_lp_pusht_expert_mu-4'}
18:48:39.263 | INFO    (151978, stable_pretraining.callbacks.checkpoint_sklearn) | Checking for Wandb params to save... Done!
18:48:39.263 | INFO    (151978, stable_pretraining.callbacks.cpu_offload) | ============================================================
18:48:39.264 | INFO    (151978, stable_pretraining.callbacks.cpu_offload) | CPUOffloadCallback: Starting checkpoint CPU offload (#12)
18:48:39.264 | INFO    (151978, stable_pretraining.callbacks.cpu_offload) |   - Global step: 20898
18:48:39.264 | INFO    (151978, stable_pretraining.callbacks.cpu_offload) |   - Epoch: 5
18:48:39.264 | INFO    (151978, stable_pretraining.callbacks.cpu_offload) | Checkpoint contains 11 keys: ['callbacks', 'epoch', 'global_step', 'hparams_name', 'hyper_parameters', 'loops', 'lr_schedulers', 'optimizer_states', 'pytorch-lightning_version', 'state_dict', 'wandb']
18:48:39.265 | INFO    (151978, stable_pretraining.callbacks.cpu_offload) | GPU memory before offload:
18:48:39.265 | INFO    (151978, stable_pretraining.callbacks.cpu_offload) |   - Allocated: 0.24 GB
18:48:39.265 | INFO    (151978, stable_pretraining.callbacks.cpu_offload) |   - Reserved: 16.63 GB
18:48:39.265 | INFO    (151978, stable_pretraining.callbacks.cpu_offload) | Processing checkpoint key: 'state_dict'
18:48:39.420 | SUCCESS (151978, stable_pretraining.callbacks.cpu_offload) | ✓ Completed 'state_dict' in 0.16s
18:48:39.421 | INFO    (151978, stable_pretraining.callbacks.cpu_offload) | Processing checkpoint key: 'optimizer_states'
18:48:39.831 | SUCCESS (151978, stable_pretraining.callbacks.cpu_offload) | ✓ Completed 'optimizer_states' in 0.41s
18:48:39.832 | INFO    (151978, stable_pretraining.callbacks.cpu_offload) | Processing checkpoint key: 'lr_schedulers'
18:48:39.832 | SUCCESS (151978, stable_pretraining.callbacks.cpu_offload) | ✓ Completed 'lr_schedulers' in 0.00s
18:48:39.832 | WARNING (151978, stable_pretraining.callbacks.cpu_offload) | Skipped 321 custom object(s)
18:48:39.833 | WARNING (151978, stable_pretraining.callbacks.cpu_offload) | First 10 skipped objects:
18:48:39.833 | WARNING (151978, stable_pretraining.callbacks.cpu_offload) |   - float at 'optimizer_states[0].param_groups[0].lr'
18:48:39.833 | WARNING (151978, stable_pretraining.callbacks.cpu_offload) |   - float at 'optimizer_states[0].param_groups[0].betas[0]'
18:48:39.834 | WARNING (151978, stable_pretraining.callbacks.cpu_offload) |   - float at 'optimizer_states[0].param_groups[0].betas[1]'
18:48:39.834 | WARNING (151978, stable_pretraining.callbacks.cpu_offload) |   - float at 'optimizer_states[0].param_groups[0].eps'
18:48:39.834 | WARNING (151978, stable_pretraining.callbacks.cpu_offload) |   - float at 'optimizer_states[0].param_groups[0].weight_decay'
18:48:39.834 | WARNING (151978, stable_pretraining.callbacks.cpu_offload) |   - bool at 'optimizer_states[0].param_groups[0].amsgrad'
18:48:39.834 | WARNING (151978, stable_pretraining.callbacks.cpu_offload) |   - bool at 'optimizer_states[0].param_groups[0].maximize'
18:48:39.834 | WARNING (151978, stable_pretraining.callbacks.cpu_offload) |   - NoneType at 'optimizer_states[0].param_groups[0].foreach'
18:48:39.834 | WARNING (151978, stable_pretraining.callbacks.cpu_offload) |   - bool at 'optimizer_states[0].param_groups[0].capturable'
18:48:39.835 | WARNING (151978, stable_pretraining.callbacks.cpu_offload) |   - bool at 'optimizer_states[0].param_groups[0].differentiable'
18:48:39.835 | WARNING (151978, stable_pretraining.callbacks.cpu_offload) | ... (301 more skipped) ...
18:48:39.835 | WARNING (151978, stable_pretraining.callbacks.cpu_offload) | Last 10 skipped objects:
18:48:39.835 | WARNING (151978, stable_pretraining.callbacks.cpu_offload) |   - int at 'optimizer_states[0].param_groups[0].params[298]'
18:48:39.835 | WARNING (151978, stable_pretraining.callbacks.cpu_offload) |   - int at 'lr_schedulers[0].warmup_steps'
18:48:39.835 | WARNING (151978, stable_pretraining.callbacks.cpu_offload) |   - int at 'lr_schedulers[0].max_steps'
18:48:39.835 | WARNING (151978, stable_pretraining.callbacks.cpu_offload) |   - float at 'lr_schedulers[0].warmup_start_lr'
18:48:39.835 | WARNING (151978, stable_pretraining.callbacks.cpu_offload) |   - float at 'lr_schedulers[0].eta_min'
18:48:39.836 | WARNING (151978, stable_pretraining.callbacks.cpu_offload) |   - float at 'lr_schedulers[0].base_lrs[0]'
18:48:39.836 | WARNING (151978, stable_pretraining.callbacks.cpu_offload) |   - int at 'lr_schedulers[0].last_epoch'
18:48:39.836 | WARNING (151978, stable_pretraining.callbacks.cpu_offload) |   - int at 'lr_schedulers[0]._step_count'
18:48:39.836 | WARNING (151978, stable_pretraining.callbacks.cpu_offload) |   - bool at 'lr_schedulers[0]._get_lr_called_within_step'
18:48:39.836 | WARNING (151978, stable_pretraining.callbacks.cpu_offload) |   - float at 'lr_schedulers[0]._last_lr[0]'
18:48:39.836 | INFO    (151978, stable_pretraining.callbacks.cpu_offload) | To see all 321 skipped objects, set log_skipped=True
18:48:39.837 | INFO    (151978, stable_pretraining.callbacks.cpu_offload) | GPU memory after offload:
18:48:39.837 | INFO    (151978, stable_pretraining.callbacks.cpu_offload) |   - Allocated: 0.24 GB
18:48:39.837 | INFO    (151978, stable_pretraining.callbacks.cpu_offload) |   - Reserved: 16.63 GB
18:48:39.837 | INFO    (151978, stable_pretraining.callbacks.cpu_offload) | GPU memory freed: 0.00 GB
18:48:39.837 | SUCCESS (151978, stable_pretraining.callbacks.cpu_offload) | CPUOffloadCallback: Checkpoint #12 completed in 0.57s
18:48:39.837 | INFO    (151978, stable_pretraining.callbacks.cpu_offload) | Successfully processed keys: ['state_dict', 'optimizer_states', 'lr_schedulers']
18:48:39.838 | INFO    (151978, stable_pretraining.callbacks.cpu_offload) | Cumulative stats:
18:48:39.838 | INFO    (151978, stable_pretraining.callbacks.cpu_offload) |   - Total checkpoints saved: 12
18:48:39.838 | INFO    (151978, stable_pretraining.callbacks.cpu_offload) |   - Total time in offload: 8.91s
18:48:39.838 | INFO    (151978, stable_pretraining.callbacks.cpu_offload) |   - Total memory freed: 0.00 GB
18:48:39.838 | INFO    (151978, stable_pretraining.callbacks.cpu_offload) |   - Average time per checkpoint: 0.74s
18:48:39.839 | INFO    (151978, stable_pretraining.callbacks.cpu_offload) | ============================================================
19:29:53.761 | WARNING (151978, stable_pretraining.module) | You are calling self.parameters which also gives callbacks parameters, to remove then, pass `with_callbacks=False`
19:34:26.767 | INFO    (151978, stable_pretraining.callbacks.trainer_info) | \n+----------------------------+------------------------+
|           Metric           |         Value          |
+----------------------------+------------------------+
|          [0;34;40mfit/loss[0m          | [0;32;40m0.0002751220017671585[0m  |
|       [0;34;40mfit/pred_loss[0m        | [0;32;40m6.092484181863256e-05[0m  |
|      [0;34;40mfit/rdmreg_loss[0m       | [0;32;40m0.00021419714903458953[0m |
|       [0;34;40mvalidate/loss[0m        | [0;32;40m0.0003057741851080209[0m  |
|    [0;34;40mvalidate/loss_epoch[0m     | [0;32;40m0.0003057741851080209[0m  |
|     [0;34;40mvalidate/pred_loss[0m     | [0;32;40m5.101501665194519e-05[0m  |
|  [0;34;40mvalidate/pred_loss_epoch[0m  | [0;32;40m5.101501665194519e-05[0m  |
|    [0;34;40mvalidate/rdmreg_loss[0m    | [0;32;40m0.0002547592739574611[0m  |
| [0;34;40mvalidate/rdmreg_loss_epoch[0m | [0;32;40m0.0002547592739574611[0m  |
+----------------------------+------------------------+
19:34:27.067 | INFO    (151978, stable_pretraining.callbacks.checkpoint_sklearn) | Checking for non PyTorch modules to save... 🔧
19:34:27.068 | INFO    (151978, stable_pretraining.callbacks.checkpoint_sklearn) | Checking for Wandb params to save... 🔧
19:34:27.068 | INFO    (151978, stable_pretraining.callbacks.checkpoint_sklearn) | Saving Wandb params {'id': 'lewm_lp_pusht_expert_mu-4'}
19:34:27.068 | INFO    (151978, stable_pretraining.callbacks.checkpoint_sklearn) | Checking for Wandb params to save... Done!
19:34:27.069 | INFO    (151978, stable_pretraining.callbacks.cpu_offload) | ============================================================
19:34:27.069 | INFO    (151978, stable_pretraining.callbacks.cpu_offload) | CPUOffloadCallback: Starting checkpoint CPU offload (#13)
19:34:27.069 | INFO    (151978, stable_pretraining.callbacks.cpu_offload) |   - Global step: 24381
19:34:27.069 | INFO    (151978, stable_pretraining.callbacks.cpu_offload) |   - Epoch: 6
19:34:27.069 | INFO    (151978, stable_pretraining.callbacks.cpu_offload) | Checkpoint contains 11 keys: ['callbacks', 'epoch', 'global_step', 'hparams_name', 'hyper_parameters', 'loops', 'lr_schedulers', 'optimizer_states', 'pytorch-lightning_version', 'state_dict', 'wandb']
19:34:27.070 | INFO    (151978, stable_pretraining.callbacks.cpu_offload) | GPU memory before offload:
19:34:27.070 | INFO    (151978, stable_pretraining.callbacks.cpu_offload) |   - Allocated: 0.24 GB
19:34:27.070 | INFO    (151978, stable_pretraining.callbacks.cpu_offload) |   - Reserved: 16.63 GB
19:34:27.070 | INFO    (151978, stable_pretraining.callbacks.cpu_offload) | Processing checkpoint key: 'state_dict'
19:34:27.253 | SUCCESS (151978, stable_pretraining.callbacks.cpu_offload) | ✓ Completed 'state_dict' in 0.18s
19:34:27.254 | INFO    (151978, stable_pretraining.callbacks.cpu_offload) | Processing checkpoint key: 'optimizer_states'
19:34:27.718 | SUCCESS (151978, stable_pretraining.callbacks.cpu_offload) | ✓ Completed 'optimizer_states' in 0.46s
19:34:27.718 | INFO    (151978, stable_pretraining.callbacks.cpu_offload) | Processing checkpoint key: 'lr_schedulers'
19:34:27.719 | SUCCESS (151978, stable_pretraining.callbacks.cpu_offload) | ✓ Completed 'lr_schedulers' in 0.00s
19:34:27.719 | WARNING (151978, stable_pretraining.callbacks.cpu_offload) | Skipped 321 custom object(s)
19:34:27.719 | WARNING (151978, stable_pretraining.callbacks.cpu_offload) | First 10 skipped objects:
19:34:27.719 | WARNING (151978, stable_pretraining.callbacks.cpu_offload) |   - float at 'optimizer_states[0].param_groups[0].lr'
19:34:27.719 | WARNING (151978, stable_pretraining.callbacks.cpu_offload) |   - float at 'optimizer_states[0].param_groups[0].betas[0]'
19:34:27.719 | WARNING (151978, stable_pretraining.callbacks.cpu_offload) |   - float at 'optimizer_states[0].param_groups[0].betas[1]'
19:34:27.720 | WARNING (151978, stable_pretraining.callbacks.cpu_offload) |   - float at 'optimizer_states[0].param_groups[0].eps'
19:34:27.720 | WARNING (151978, stable_pretraining.callbacks.cpu_offload) |   - float at 'optimizer_states[0].param_groups[0].weight_decay'
19:34:27.720 | WARNING (151978, stable_pretraining.callbacks.cpu_offload) |   - bool at 'optimizer_states[0].param_groups[0].amsgrad'
19:34:27.720 | WARNING (151978, stable_pretraining.callbacks.cpu_offload) |   - bool at 'optimizer_states[0].param_groups[0].maximize'
19:34:27.721 | WARNING (151978, stable_pretraining.callbacks.cpu_offload) |   - NoneType at 'optimizer_states[0].param_groups[0].foreach'
19:34:27.721 | WARNING (151978, stable_pretraining.callbacks.cpu_offload) |   - bool at 'optimizer_states[0].param_groups[0].capturable'
19:34:27.721 | WARNING (151978, stable_pretraining.callbacks.cpu_offload) |   - bool at 'optimizer_states[0].param_groups[0].differentiable'
19:34:27.721 | WARNING (151978, stable_pretraining.callbacks.cpu_offload) | ... (301 more skipped) ...
19:34:27.721 | WARNING (151978, stable_pretraining.callbacks.cpu_offload) | Last 10 skipped objects:
19:34:27.722 | WARNING (151978, stable_pretraining.callbacks.cpu_offload) |   - int at 'optimizer_states[0].param_groups[0].params[298]'
19:34:27.722 | WARNING (151978, stable_pretraining.callbacks.cpu_offload) |   - int at 'lr_schedulers[0].warmup_steps'
19:34:27.722 | WARNING (151978, stable_pretraining.callbacks.cpu_offload) |   - int at 'lr_schedulers[0].max_steps'
19:34:27.722 | WARNING (151978, stable_pretraining.callbacks.cpu_offload) |   - float at 'lr_schedulers[0].warmup_start_lr'
19:34:27.722 | WARNING (151978, stable_pretraining.callbacks.cpu_offload) |   - float at 'lr_schedulers[0].eta_min'
19:34:27.723 | WARNING (151978, stable_pretraining.callbacks.cpu_offload) |   - float at 'lr_schedulers[0].base_lrs[0]'
19:34:27.723 | WARNING (151978, stable_pretraining.callbacks.cpu_offload) |   - int at 'lr_schedulers[0].last_epoch'
19:34:27.723 | WARNING (151978, stable_pretraining.callbacks.cpu_offload) |   - int at 'lr_schedulers[0]._step_count'
19:34:27.723 | WARNING (151978, stable_pretraining.callbacks.cpu_offload) |   - bool at 'lr_schedulers[0]._get_lr_called_within_step'
19:34:27.724 | WARNING (151978, stable_pretraining.callbacks.cpu_offload) |   - float at 'lr_schedulers[0]._last_lr[0]'
19:34:27.724 | INFO    (151978, stable_pretraining.callbacks.cpu_offload) | To see all 321 skipped objects, set log_skipped=True
19:34:27.724 | INFO    (151978, stable_pretraining.callbacks.cpu_offload) | GPU memory after offload:
19:34:27.725 | INFO    (151978, stable_pretraining.callbacks.cpu_offload) |   - Allocated: 0.24 GB
19:34:27.725 | INFO    (151978, stable_pretraining.callbacks.cpu_offload) |   - Reserved: 16.63 GB
19:34:27.725 | INFO    (151978, stable_pretraining.callbacks.cpu_offload) | GPU memory freed: 0.00 GB
19:34:27.725 | SUCCESS (151978, stable_pretraining.callbacks.cpu_offload) | CPUOffloadCallback: Checkpoint #13 completed in 0.66s
19:34:27.725 | INFO    (151978, stable_pretraining.callbacks.cpu_offload) | Successfully processed keys: ['state_dict', 'optimizer_states', 'lr_schedulers']
19:34:27.725 | INFO    (151978, stable_pretraining.callbacks.cpu_offload) | Cumulative stats:
19:34:27.726 | INFO    (151978, stable_pretraining.callbacks.cpu_offload) |   - Total checkpoints saved: 13
19:34:27.726 | INFO    (151978, stable_pretraining.callbacks.cpu_offload) |   - Total time in offload: 9.56s
19:34:27.726 | INFO    (151978, stable_pretraining.callbacks.cpu_offload) |   - Total memory freed: 0.00 GB
19:34:27.726 | INFO    (151978, stable_pretraining.callbacks.cpu_offload) |   - Average time per checkpoint: 0.74s
19:34:27.726 | INFO    (151978, stable_pretraining.callbacks.cpu_offload) | ============================================================
19:34:29.047 | INFO    (151978, stable_pretraining.callbacks.checkpoint_sklearn) | Checking for non PyTorch modules to save... 🔧
19:34:29.048 | INFO    (151978, stable_pretraining.callbacks.checkpoint_sklearn) | Checking for Wandb params to save... 🔧
19:34:29.048 | INFO    (151978, stable_pretraining.callbacks.checkpoint_sklearn) | Saving Wandb params {'id': 'lewm_lp_pusht_expert_mu-4'}
19:34:29.048 | INFO    (151978, stable_pretraining.callbacks.checkpoint_sklearn) | Checking for Wandb params to save... Done!
19:34:29.048 | INFO    (151978, stable_pretraining.callbacks.cpu_offload) | ============================================================
19:34:29.049 | INFO    (151978, stable_pretraining.callbacks.cpu_offload) | CPUOffloadCallback: Starting checkpoint CPU offload (#14)
19:34:29.049 | INFO    (151978, stable_pretraining.callbacks.cpu_offload) |   - Global step: 24381
19:34:29.049 | INFO    (151978, stable_pretraining.callbacks.cpu_offload) |   - Epoch: 6
19:34:29.049 | INFO    (151978, stable_pretraining.callbacks.cpu_offload) | Checkpoint contains 11 keys: ['callbacks', 'epoch', 'global_step', 'hparams_name', 'hyper_parameters', 'loops', 'lr_schedulers', 'optimizer_states', 'pytorch-lightning_version', 'state_dict', 'wandb']
19:34:29.050 | INFO    (151978, stable_pretraining.callbacks.cpu_offload) | GPU memory before offload:
19:34:29.050 | INFO    (151978, stable_pretraining.callbacks.cpu_offload) |   - Allocated: 0.24 GB
19:34:29.050 | INFO    (151978, stable_pretraining.callbacks.cpu_offload) |   - Reserved: 16.63 GB
19:34:29.050 | INFO    (151978, stable_pretraining.callbacks.cpu_offload) | Processing checkpoint key: 'state_dict'
19:34:29.305 | SUCCESS (151978, stable_pretraining.callbacks.cpu_offload) | ✓ Completed 'state_dict' in 0.25s
19:34:29.306 | INFO    (151978, stable_pretraining.callbacks.cpu_offload) | Processing checkpoint key: 'optimizer_states'
19:34:29.974 | SUCCESS (151978, stable_pretraining.callbacks.cpu_offload) | ✓ Completed 'optimizer_states' in 0.67s
19:34:29.975 | INFO    (151978, stable_pretraining.callbacks.cpu_offload) | Processing checkpoint key: 'lr_schedulers'
19:34:29.975 | SUCCESS (151978, stable_pretraining.callbacks.cpu_offload) | ✓ Completed 'lr_schedulers' in 0.00s
19:34:29.975 | WARNING (151978, stable_pretraining.callbacks.cpu_offload) | Skipped 321 custom object(s)
19:34:29.975 | WARNING (151978, stable_pretraining.callbacks.cpu_offload) | First 10 skipped objects:
19:34:29.976 | WARNING (151978, stable_pretraining.callbacks.cpu_offload) |   - float at 'optimizer_states[0].param_groups[0].lr'
19:34:29.976 | WARNING (151978, stable_pretraining.callbacks.cpu_offload) |   - float at 'optimizer_states[0].param_groups[0].betas[0]'
19:34:29.976 | WARNING (151978, stable_pretraining.callbacks.cpu_offload) |   - float at 'optimizer_states[0].param_groups[0].betas[1]'
19:34:29.976 | WARNING (151978, stable_pretraining.callbacks.cpu_offload) |   - float at 'optimizer_states[0].param_groups[0].eps'
19:34:29.977 | WARNING (151978, stable_pretraining.callbacks.cpu_offload) |   - float at 'optimizer_states[0].param_groups[0].weight_decay'
19:34:29.977 | WARNING (151978, stable_pretraining.callbacks.cpu_offload) |   - bool at 'optimizer_states[0].param_groups[0].amsgrad'
19:34:29.977 | WARNING (151978, stable_pretraining.callbacks.cpu_offload) |   - bool at 'optimizer_states[0].param_groups[0].maximize'
19:34:29.977 | WARNING (151978, stable_pretraining.callbacks.cpu_offload) |   - NoneType at 'optimizer_states[0].param_groups[0].foreach'
19:34:29.977 | WARNING (151978, stable_pretraining.callbacks.cpu_offload) |   - bool at 'optimizer_states[0].param_groups[0].capturable'
19:34:29.978 | WARNING (151978, stable_pretraining.callbacks.cpu_offload) |   - bool at 'optimizer_states[0].param_groups[0].differentiable'
19:34:29.978 | WARNING (151978, stable_pretraining.callbacks.cpu_offload) | ... (301 more skipped) ...
19:34:29.978 | WARNING (151978, stable_pretraining.callbacks.cpu_offload) | Last 10 skipped objects:
19:34:29.979 | WARNING (151978, stable_pretraining.callbacks.cpu_offload) |   - int at 'optimizer_states[0].param_groups[0].params[298]'
19:34:29.979 | WARNING (151978, stable_pretraining.callbacks.cpu_offload) |   - int at 'lr_schedulers[0].warmup_steps'
19:34:29.979 | WARNING (151978, stable_pretraining.callbacks.cpu_offload) |   - int at 'lr_schedulers[0].max_steps'
19:34:29.979 | WARNING (151978, stable_pretraining.callbacks.cpu_offload) |   - float at 'lr_schedulers[0].warmup_start_lr'
19:34:29.979 | WARNING (151978, stable_pretraining.callbacks.cpu_offload) |   - float at 'lr_schedulers[0].eta_min'
19:34:29.979 | WARNING (151978, stable_pretraining.callbacks.cpu_offload) |   - float at 'lr_schedulers[0].base_lrs[0]'
19:34:29.980 | WARNING (151978, stable_pretraining.callbacks.cpu_offload) |   - int at 'lr_schedulers[0].last_epoch'
19:34:29.980 | WARNING (151978, stable_pretraining.callbacks.cpu_offload) |   - int at 'lr_schedulers[0]._step_count'
19:34:29.980 | WARNING (151978, stable_pretraining.callbacks.cpu_offload) |   - bool at 'lr_schedulers[0]._get_lr_called_within_step'
19:34:29.980 | WARNING (151978, stable_pretraining.callbacks.cpu_offload) |   - float at 'lr_schedulers[0]._last_lr[0]'
19:34:29.980 | INFO    (151978, stable_pretraining.callbacks.cpu_offload) | To see all 321 skipped objects, set log_skipped=True
19:34:29.981 | INFO    (151978, stable_pretraining.callbacks.cpu_offload) | GPU memory after offload:
19:34:29.981 | INFO    (151978, stable_pretraining.callbacks.cpu_offload) |   - Allocated: 0.24 GB
19:34:29.981 | INFO    (151978, stable_pretraining.callbacks.cpu_offload) |   - Reserved: 16.63 GB
19:34:29.981 | INFO    (151978, stable_pretraining.callbacks.cpu_offload) | GPU memory freed: 0.00 GB
19:34:29.982 | SUCCESS (151978, stable_pretraining.callbacks.cpu_offload) | CPUOffloadCallback: Checkpoint #14 completed in 0.93s
19:34:29.982 | INFO    (151978, stable_pretraining.callbacks.cpu_offload) | Successfully processed keys: ['state_dict', 'optimizer_states', 'lr_schedulers']
19:34:29.982 | INFO    (151978, stable_pretraining.callbacks.cpu_offload) | Cumulative stats:
19:34:29.982 | INFO    (151978, stable_pretraining.callbacks.cpu_offload) |   - Total checkpoints saved: 14
19:34:29.983 | INFO    (151978, stable_pretraining.callbacks.cpu_offload) |   - Total time in offload: 10.50s
19:34:29.983 | INFO    (151978, stable_pretraining.callbacks.cpu_offload) |   - Total memory freed: 0.00 GB
19:34:29.983 | INFO    (151978, stable_pretraining.callbacks.cpu_offload) |   - Average time per checkpoint: 0.75s
19:34:29.983 | INFO    (151978, stable_pretraining.callbacks.cpu_offload) | ============================================================
20:16:03.769 | WARNING (151978, stable_pretraining.module) | You are calling self.parameters which also gives callbacks parameters, to remove then, pass `with_callbacks=False`
20:20:45.220 | INFO    (151978, stable_pretraining.callbacks.trainer_info) | \n+----------------------------+------------------------+
|           Metric           |         Value          |
+----------------------------+------------------------+
|          [0;34;40mfit/loss[0m          | [0;32;40m0.00022996110783424228[0m |
|       [0;34;40mfit/pred_loss[0m        | [0;32;40m3.5850112908519804e-05[0m |
|      [0;34;40mfit/rdmreg_loss[0m       | [0;32;40m0.00019411099492572248[0m |
|       [0;34;40mvalidate/loss[0m        | [0;32;40m0.0002898026432376355[0m  |
|    [0;34;40mvalidate/loss_epoch[0m     | [0;32;40m0.0002898026432376355[0m  |
|     [0;34;40mvalidate/pred_loss[0m     | [0;32;40m4.227538374834694e-05[0m  |
|  [0;34;40mvalidate/pred_loss_epoch[0m  | [0;32;40m4.227538374834694e-05[0m  |
|    [0;34;40mvalidate/rdmreg_loss[0m    | [0;32;40m0.0002475272340234369[0m  |
| [0;34;40mvalidate/rdmreg_loss_epoch[0m | [0;32;40m0.0002475272340234369[0m  |
+----------------------------+------------------------+
20:20:45.486 | INFO    (151978, stable_pretraining.callbacks.checkpoint_sklearn) | Checking for non PyTorch modules to save... 🔧
20:20:45.486 | INFO    (151978, stable_pretraining.callbacks.checkpoint_sklearn) | Checking for Wandb params to save... 🔧
20:20:45.486 | INFO    (151978, stable_pretraining.callbacks.checkpoint_sklearn) | Saving Wandb params {'id': 'lewm_lp_pusht_expert_mu-4'}
20:20:45.487 | INFO    (151978, stable_pretraining.callbacks.checkpoint_sklearn) | Checking for Wandb params to save... Done!
20:20:45.487 | INFO    (151978, stable_pretraining.callbacks.cpu_offload) | ============================================================
20:20:45.487 | INFO    (151978, stable_pretraining.callbacks.cpu_offload) | CPUOffloadCallback: Starting checkpoint CPU offload (#15)
20:20:45.487 | INFO    (151978, stable_pretraining.callbacks.cpu_offload) |   - Global step: 27864
20:20:45.487 | INFO    (151978, stable_pretraining.callbacks.cpu_offload) |   - Epoch: 7
20:20:45.487 | INFO    (151978, stable_pretraining.callbacks.cpu_offload) | Checkpoint contains 11 keys: ['callbacks', 'epoch', 'global_step', 'hparams_name', 'hyper_parameters', 'loops', 'lr_schedulers', 'optimizer_states', 'pytorch-lightning_version', 'state_dict', 'wandb']
20:20:45.488 | INFO    (151978, stable_pretraining.callbacks.cpu_offload) | GPU memory before offload:
20:20:45.488 | INFO    (151978, stable_pretraining.callbacks.cpu_offload) |   - Allocated: 0.24 GB
20:20:45.488 | INFO    (151978, stable_pretraining.callbacks.cpu_offload) |   - Reserved: 16.63 GB
20:20:45.488 | INFO    (151978, stable_pretraining.callbacks.cpu_offload) | Processing checkpoint key: 'state_dict'
20:20:45.721 | SUCCESS (151978, stable_pretraining.callbacks.cpu_offload) | ✓ Completed 'state_dict' in 0.23s
20:20:45.721 | INFO    (151978, stable_pretraining.callbacks.cpu_offload) | Processing checkpoint key: 'optimizer_states'
20:20:46.166 | SUCCESS (151978, stable_pretraining.callbacks.cpu_offload) | ✓ Completed 'optimizer_states' in 0.44s
20:20:46.167 | INFO    (151978, stable_pretraining.callbacks.cpu_offload) | Processing checkpoint key: 'lr_schedulers'
20:20:46.167 | SUCCESS (151978, stable_pretraining.callbacks.cpu_offload) | ✓ Completed 'lr_schedulers' in 0.00s
20:20:46.167 | WARNING (151978, stable_pretraining.callbacks.cpu_offload) | Skipped 321 custom object(s)
20:20:46.168 | WARNING (151978, stable_pretraining.callbacks.cpu_offload) | First 10 skipped objects:
20:20:46.168 | WARNING (151978, stable_pretraining.callbacks.cpu_offload) |   - float at 'optimizer_states[0].param_groups[0].lr'
20:20:46.168 | WARNING (151978, stable_pretraining.callbacks.cpu_offload) |   - float at 'optimizer_states[0].param_groups[0].betas[0]'
20:20:46.168 | WARNING (151978, stable_pretraining.callbacks.cpu_offload) |   - float at 'optimizer_states[0].param_groups[0].betas[1]'
20:20:46.169 | WARNING (151978, stable_pretraining.callbacks.cpu_offload) |   - float at 'optimizer_states[0].param_groups[0].eps'
20:20:46.169 | WARNING (151978, stable_pretraining.callbacks.cpu_offload) |   - float at 'optimizer_states[0].param_groups[0].weight_decay'
20:20:46.169 | WARNING (151978, stable_pretraining.callbacks.cpu_offload) |   - bool at 'optimizer_states[0].param_groups[0].amsgrad'
20:20:46.169 | WARNING (151978, stable_pretraining.callbacks.cpu_offload) |   - bool at 'optimizer_states[0].param_groups[0].maximize'
20:20:46.169 | WARNING (151978, stable_pretraining.callbacks.cpu_offload) |   - NoneType at 'optimizer_states[0].param_groups[0].foreach'
20:20:46.169 | WARNING (151978, stable_pretraining.callbacks.cpu_offload) |   - bool at 'optimizer_states[0].param_groups[0].capturable'
20:20:46.169 | WARNING (151978, stable_pretraining.callbacks.cpu_offload) |   - bool at 'optimizer_states[0].param_groups[0].differentiable'
20:20:46.170 | WARNING (151978, stable_pretraining.callbacks.cpu_offload) | ... (301 more skipped) ...
20:20:46.170 | WARNING (151978, stable_pretraining.callbacks.cpu_offload) | Last 10 skipped objects:
20:20:46.170 | WARNING (151978, stable_pretraining.callbacks.cpu_offload) |   - int at 'optimizer_states[0].param_groups[0].params[298]'
20:20:46.170 | WARNING (151978, stable_pretraining.callbacks.cpu_offload) |   - int at 'lr_schedulers[0].warmup_steps'
20:20:46.170 | WARNING (151978, stable_pretraining.callbacks.cpu_offload) |   - int at 'lr_schedulers[0].max_steps'
20:20:46.170 | WARNING (151978, stable_pretraining.callbacks.cpu_offload) |   - float at 'lr_schedulers[0].warmup_start_lr'
20:20:46.170 | WARNING (151978, stable_pretraining.callbacks.cpu_offload) |   - float at 'lr_schedulers[0].eta_min'
20:20:46.171 | WARNING (151978, stable_pretraining.callbacks.cpu_offload) |   - float at 'lr_schedulers[0].base_lrs[0]'
20:20:46.171 | WARNING (151978, stable_pretraining.callbacks.cpu_offload) |   - int at 'lr_schedulers[0].last_epoch'
20:20:46.171 | WARNING (151978, stable_pretraining.callbacks.cpu_offload) |   - int at 'lr_schedulers[0]._step_count'
20:20:46.171 | WARNING (151978, stable_pretraining.callbacks.cpu_offload) |   - bool at 'lr_schedulers[0]._get_lr_called_within_step'
20:20:46.171 | WARNING (151978, stable_pretraining.callbacks.cpu_offload) |   - float at 'lr_schedulers[0]._last_lr[0]'
20:20:46.171 | INFO    (151978, stable_pretraining.callbacks.cpu_offload) | To see all 321 skipped objects, set log_skipped=True
20:20:46.172 | INFO    (151978, stable_pretraining.callbacks.cpu_offload) | GPU memory after offload:
20:20:46.172 | INFO    (151978, stable_pretraining.callbacks.cpu_offload) |   - Allocated: 0.24 GB
20:20:46.172 | INFO    (151978, stable_pretraining.callbacks.cpu_offload) |   - Reserved: 16.63 GB
20:20:46.172 | INFO    (151978, stable_pretraining.callbacks.cpu_offload) | GPU memory freed: 0.00 GB
20:20:46.173 | SUCCESS (151978, stable_pretraining.callbacks.cpu_offload) | CPUOffloadCallback: Checkpoint #15 completed in 0.69s
20:20:46.173 | INFO    (151978, stable_pretraining.callbacks.cpu_offload) | Successfully processed keys: ['state_dict', 'optimizer_states', 'lr_schedulers']
20:20:46.173 | INFO    (151978, stable_pretraining.callbacks.cpu_offload) | Cumulative stats:
20:20:46.173 | INFO    (151978, stable_pretraining.callbacks.cpu_offload) |   - Total checkpoints saved: 15
20:20:46.174 | INFO    (151978, stable_pretraining.callbacks.cpu_offload) |   - Total time in offload: 11.18s
20:20:46.174 | INFO    (151978, stable_pretraining.callbacks.cpu_offload) |   - Total memory freed: 0.00 GB
20:20:46.174 | INFO    (151978, stable_pretraining.callbacks.cpu_offload) |   - Average time per checkpoint: 0.75s
20:20:46.174 | INFO    (151978, stable_pretraining.callbacks.cpu_offload) | ============================================================
20:20:47.928 | INFO    (151978, stable_pretraining.callbacks.checkpoint_sklearn) | Checking for non PyTorch modules to save... 🔧
20:20:47.929 | INFO    (151978, stable_pretraining.callbacks.checkpoint_sklearn) | Checking for Wandb params to save... 🔧
20:20:47.930 | INFO    (151978, stable_pretraining.callbacks.checkpoint_sklearn) | Saving Wandb params {'id': 'lewm_lp_pusht_expert_mu-4'}
20:20:47.930 | INFO    (151978, stable_pretraining.callbacks.checkpoint_sklearn) | Checking for Wandb params to save... Done!
20:20:47.930 | INFO    (151978, stable_pretraining.callbacks.cpu_offload) | ============================================================
20:20:47.930 | INFO    (151978, stable_pretraining.callbacks.cpu_offload) | CPUOffloadCallback: Starting checkpoint CPU offload (#16)
20:20:47.931 | INFO    (151978, stable_pretraining.callbacks.cpu_offload) |   - Global step: 27864
20:20:47.931 | INFO    (151978, stable_pretraining.callbacks.cpu_offload) |   - Epoch: 7
20:20:47.932 | INFO    (151978, stable_pretraining.callbacks.cpu_offload) | Checkpoint contains 11 keys: ['callbacks', 'epoch', 'global_step', 'hparams_name', 'hyper_parameters', 'loops', 'lr_schedulers', 'optimizer_states', 'pytorch-lightning_version', 'state_dict', 'wandb']
20:20:47.932 | INFO    (151978, stable_pretraining.callbacks.cpu_offload) | GPU memory before offload:
20:20:47.933 | INFO    (151978, stable_pretraining.callbacks.cpu_offload) |   - Allocated: 0.24 GB
20:20:47.933 | INFO    (151978, stable_pretraining.callbacks.cpu_offload) |   - Reserved: 16.63 GB
20:20:47.933 | INFO    (151978, stable_pretraining.callbacks.cpu_offload) | Processing checkpoint key: 'state_dict'
20:20:48.086 | SUCCESS (151978, stable_pretraining.callbacks.cpu_offload) | ✓ Completed 'state_dict' in 0.15s
20:20:48.086 | INFO    (151978, stable_pretraining.callbacks.cpu_offload) | Processing checkpoint key: 'optimizer_states'
20:20:48.382 | SUCCESS (151978, stable_pretraining.callbacks.cpu_offload) | ✓ Completed 'optimizer_states' in 0.30s
20:20:48.383 | INFO    (151978, stable_pretraining.callbacks.cpu_offload) | Processing checkpoint key: 'lr_schedulers'
20:20:48.383 | SUCCESS (151978, stable_pretraining.callbacks.cpu_offload) | ✓ Completed 'lr_schedulers' in 0.00s
20:20:48.383 | WARNING (151978, stable_pretraining.callbacks.cpu_offload) | Skipped 321 custom object(s)
20:20:48.383 | WARNING (151978, stable_pretraining.callbacks.cpu_offload) | First 10 skipped objects:
20:20:48.383 | WARNING (151978, stable_pretraining.callbacks.cpu_offload) |   - float at 'optimizer_states[0].param_groups[0].lr'
20:20:48.384 | WARNING (151978, stable_pretraining.callbacks.cpu_offload) |   - float at 'optimizer_states[0].param_groups[0].betas[0]'
20:20:48.384 | WARNING (151978, stable_pretraining.callbacks.cpu_offload) |   - float at 'optimizer_states[0].param_groups[0].betas[1]'
20:20:48.384 | WARNING (151978, stable_pretraining.callbacks.cpu_offload) |   - float at 'optimizer_states[0].param_groups[0].eps'
20:20:48.384 | WARNING (151978, stable_pretraining.callbacks.cpu_offload) |   - float at 'optimizer_states[0].param_groups[0].weight_decay'
20:20:48.384 | WARNING (151978, stable_pretraining.callbacks.cpu_offload) |   - bool at 'optimizer_states[0].param_groups[0].amsgrad'
20:20:48.385 | WARNING (151978, stable_pretraining.callbacks.cpu_offload) |   - bool at 'optimizer_states[0].param_groups[0].maximize'
20:20:48.385 | WARNING (151978, stable_pretraining.callbacks.cpu_offload) |   - NoneType at 'optimizer_states[0].param_groups[0].foreach'
20:20:48.385 | WARNING (151978, stable_pretraining.callbacks.cpu_offload) |   - bool at 'optimizer_states[0].param_groups[0].capturable'
20:20:48.385 | WARNING (151978, stable_pretraining.callbacks.cpu_offload) |   - bool at 'optimizer_states[0].param_groups[0].differentiable'
20:20:48.385 | WARNING (151978, stable_pretraining.callbacks.cpu_offload) | ... (301 more skipped) ...
20:20:48.386 | WARNING (151978, stable_pretraining.callbacks.cpu_offload) | Last 10 skipped objects:
20:20:48.386 | WARNING (151978, stable_pretraining.callbacks.cpu_offload) |   - int at 'optimizer_states[0].param_groups[0].params[298]'
20:20:48.386 | WARNING (151978, stable_pretraining.callbacks.cpu_offload) |   - int at 'lr_schedulers[0].warmup_steps'
20:20:48.386 | WARNING (151978, stable_pretraining.callbacks.cpu_offload) |   - int at 'lr_schedulers[0].max_steps'
20:20:48.387 | WARNING (151978, stable_pretraining.callbacks.cpu_offload) |   - float at 'lr_schedulers[0].warmup_start_lr'
20:20:48.387 | WARNING (151978, stable_pretraining.callbacks.cpu_offload) |   - float at 'lr_schedulers[0].eta_min'
20:20:48.387 | WARNING (151978, stable_pretraining.callbacks.cpu_offload) |   - float at 'lr_schedulers[0].base_lrs[0]'
20:20:48.387 | WARNING (151978, stable_pretraining.callbacks.cpu_offload) |   - int at 'lr_schedulers[0].last_epoch'
20:20:48.387 | WARNING (151978, stable_pretraining.callbacks.cpu_offload) |   - int at 'lr_schedulers[0]._step_count'
20:20:48.388 | WARNING (151978, stable_pretraining.callbacks.cpu_offload) |   - bool at 'lr_schedulers[0]._get_lr_called_within_step'
20:20:48.388 | WARNING (151978, stable_pretraining.callbacks.cpu_offload) |   - float at 'lr_schedulers[0]._last_lr[0]'
20:20:48.388 | INFO    (151978, stable_pretraining.callbacks.cpu_offload) | To see all 321 skipped objects, set log_skipped=True
20:20:48.388 | INFO    (151978, stable_pretraining.callbacks.cpu_offload) | GPU memory after offload:
20:20:48.389 | INFO    (151978, stable_pretraining.callbacks.cpu_offload) |   - Allocated: 0.24 GB
20:20:48.389 | INFO    (151978, stable_pretraining.callbacks.cpu_offload) |   - Reserved: 16.63 GB
20:20:48.389 | INFO    (151978, stable_pretraining.callbacks.cpu_offload) | GPU memory freed: 0.00 GB
20:20:48.389 | SUCCESS (151978, stable_pretraining.callbacks.cpu_offload) | CPUOffloadCallback: Checkpoint #16 completed in 0.46s
20:20:48.390 | INFO    (151978, stable_pretraining.callbacks.cpu_offload) | Successfully processed keys: ['state_dict', 'optimizer_states', 'lr_schedulers']
20:20:48.390 | INFO    (151978, stable_pretraining.callbacks.cpu_offload) | Cumulative stats:
20:20:48.390 | INFO    (151978, stable_pretraining.callbacks.cpu_offload) |   - Total checkpoints saved: 16
20:20:48.390 | INFO    (151978, stable_pretraining.callbacks.cpu_offload) |   - Total time in offload: 11.64s
20:20:48.391 | INFO    (151978, stable_pretraining.callbacks.cpu_offload) |   - Total memory freed: 0.00 GB
20:20:48.391 | INFO    (151978, stable_pretraining.callbacks.cpu_offload) |   - Average time per checkpoint: 0.73s
20:20:48.391 | INFO    (151978, stable_pretraining.callbacks.cpu_offload) | ============================================================
21:03:13.652 | WARNING (151978, stable_pretraining.module) | You are calling self.parameters which also gives callbacks parameters, to remove then, pass `with_callbacks=False`
21:07:55.407 | INFO    (151978, stable_pretraining.callbacks.trainer_info) | \n+----------------------------+------------------------+
|           Metric           |         Value          |
+----------------------------+------------------------+
|          [0;34;40mfit/loss[0m          | [0;32;40m0.0002637432189658284[0m  |
|       [0;34;40mfit/pred_loss[0m        | [0;32;40m4.558391447062604e-05[0m  |
|      [0;34;40mfit/rdmreg_loss[0m       | [0;32;40m0.0002181593154091388[0m  |
|       [0;34;40mvalidate/loss[0m        | [0;32;40m0.00027750336448661983[0m |
|    [0;34;40mvalidate/loss_epoch[0m     | [0;32;40m0.00027750336448661983[0m |
|     [0;34;40mvalidate/pred_loss[0m     | [0;32;40m3.5776185541180894e-05[0m |
|  [0;34;40mvalidate/pred_loss_epoch[0m  | [0;32;40m3.5776185541180894e-05[0m |
|    [0;34;40mvalidate/rdmreg_loss[0m    | [0;32;40m0.00024172707344405353[0m |
| [0;34;40mvalidate/rdmreg_loss_epoch[0m | [0;32;40m0.00024172707344405353[0m |
+----------------------------+------------------------+
21:07:55.719 | INFO    (151978, stable_pretraining.callbacks.checkpoint_sklearn) | Checking for non PyTorch modules to save... 🔧
21:07:55.720 | INFO    (151978, stable_pretraining.callbacks.checkpoint_sklearn) | Checking for Wandb params to save... 🔧
21:07:55.720 | INFO    (151978, stable_pretraining.callbacks.checkpoint_sklearn) | Saving Wandb params {'id': 'lewm_lp_pusht_expert_mu-4'}
21:07:55.721 | INFO    (151978, stable_pretraining.callbacks.checkpoint_sklearn) | Checking for Wandb params to save... Done!
21:07:55.721 | INFO    (151978, stable_pretraining.callbacks.cpu_offload) | ============================================================
21:07:55.721 | INFO    (151978, stable_pretraining.callbacks.cpu_offload) | CPUOffloadCallback: Starting checkpoint CPU offload (#17)
21:07:55.721 | INFO    (151978, stable_pretraining.callbacks.cpu_offload) |   - Global step: 31347
21:07:55.722 | INFO    (151978, stable_pretraining.callbacks.cpu_offload) |   - Epoch: 8
21:07:55.722 | INFO    (151978, stable_pretraining.callbacks.cpu_offload) | Checkpoint contains 11 keys: ['callbacks', 'epoch', 'global_step', 'hparams_name', 'hyper_parameters', 'loops', 'lr_schedulers', 'optimizer_states', 'pytorch-lightning_version', 'state_dict', 'wandb']
21:07:55.723 | INFO    (151978, stable_pretraining.callbacks.cpu_offload) | GPU memory before offload:
21:07:55.723 | INFO    (151978, stable_pretraining.callbacks.cpu_offload) |   - Allocated: 0.24 GB
21:07:55.723 | INFO    (151978, stable_pretraining.callbacks.cpu_offload) |   - Reserved: 16.63 GB
21:07:55.724 | INFO    (151978, stable_pretraining.callbacks.cpu_offload) | Processing checkpoint key: 'state_dict'
21:07:55.983 | SUCCESS (151978, stable_pretraining.callbacks.cpu_offload) | ✓ Completed 'state_dict' in 0.26s
21:07:55.983 | INFO    (151978, stable_pretraining.callbacks.cpu_offload) | Processing checkpoint key: 'optimizer_states'
21:07:56.494 | SUCCESS (151978, stable_pretraining.callbacks.cpu_offload) | ✓ Completed 'optimizer_states' in 0.51s
21:07:56.494 | INFO    (151978, stable_pretraining.callbacks.cpu_offload) | Processing checkpoint key: 'lr_schedulers'
21:07:56.495 | SUCCESS (151978, stable_pretraining.callbacks.cpu_offload) | ✓ Completed 'lr_schedulers' in 0.00s
21:07:56.495 | WARNING (151978, stable_pretraining.callbacks.cpu_offload) | Skipped 321 custom object(s)
21:07:56.495 | WARNING (151978, stable_pretraining.callbacks.cpu_offload) | First 10 skipped objects:
21:07:56.495 | WARNING (151978, stable_pretraining.callbacks.cpu_offload) |   - float at 'optimizer_states[0].param_groups[0].lr'
21:07:56.495 | WARNING (151978, stable_pretraining.callbacks.cpu_offload) |   - float at 'optimizer_states[0].param_groups[0].betas[0]'
21:07:56.495 | WARNING (151978, stable_pretraining.callbacks.cpu_offload) |   - float at 'optimizer_states[0].param_groups[0].betas[1]'
21:07:56.495 | WARNING (151978, stable_pretraining.callbacks.cpu_offload) |   - float at 'optimizer_states[0].param_groups[0].eps'
21:07:56.496 | WARNING (151978, stable_pretraining.callbacks.cpu_offload) |   - float at 'optimizer_states[0].param_groups[0].weight_decay'
21:07:56.496 | WARNING (151978, stable_pretraining.callbacks.cpu_offload) |   - bool at 'optimizer_states[0].param_groups[0].amsgrad'
21:07:56.496 | WARNING (151978, stable_pretraining.callbacks.cpu_offload) |   - bool at 'optimizer_states[0].param_groups[0].maximize'
21:07:56.496 | WARNING (151978, stable_pretraining.callbacks.cpu_offload) |   - NoneType at 'optimizer_states[0].param_groups[0].foreach'
21:07:56.497 | WARNING (151978, stable_pretraining.callbacks.cpu_offload) |   - bool at 'optimizer_states[0].param_groups[0].capturable'
21:07:56.497 | WARNING (151978, stable_pretraining.callbacks.cpu_offload) |   - bool at 'optimizer_states[0].param_groups[0].differentiable'
21:07:56.497 | WARNING (151978, stable_pretraining.callbacks.cpu_offload) | ... (301 more skipped) ...
21:07:56.497 | WARNING (151978, stable_pretraining.callbacks.cpu_offload) | Last 10 skipped objects:
21:07:56.497 | WARNING (151978, stable_pretraining.callbacks.cpu_offload) |   - int at 'optimizer_states[0].param_groups[0].params[298]'
21:07:56.498 | WARNING (151978, stable_pretraining.callbacks.cpu_offload) |   - int at 'lr_schedulers[0].warmup_steps'
21:07:56.498 | WARNING (151978, stable_pretraining.callbacks.cpu_offload) |   - int at 'lr_schedulers[0].max_steps'
21:07:56.498 | WARNING (151978, stable_pretraining.callbacks.cpu_offload) |   - float at 'lr_schedulers[0].warmup_start_lr'
21:07:56.499 | WARNING (151978, stable_pretraining.callbacks.cpu_offload) |   - float at 'lr_schedulers[0].eta_min'
21:07:56.499 | WARNING (151978, stable_pretraining.callbacks.cpu_offload) |   - float at 'lr_schedulers[0].base_lrs[0]'
21:07:56.499 | WARNING (151978, stable_pretraining.callbacks.cpu_offload) |   - int at 'lr_schedulers[0].last_epoch'
21:07:56.499 | WARNING (151978, stable_pretraining.callbacks.cpu_offload) |   - int at 'lr_schedulers[0]._step_count'
21:07:56.499 | WARNING (151978, stable_pretraining.callbacks.cpu_offload) |   - bool at 'lr_schedulers[0]._get_lr_called_within_step'
21:07:56.500 | WARNING (151978, stable_pretraining.callbacks.cpu_offload) |   - float at 'lr_schedulers[0]._last_lr[0]'
21:07:56.500 | INFO    (151978, stable_pretraining.callbacks.cpu_offload) | To see all 321 skipped objects, set log_skipped=True
21:07:56.500 | INFO    (151978, stable_pretraining.callbacks.cpu_offload) | GPU memory after offload:
21:07:56.501 | INFO    (151978, stable_pretraining.callbacks.cpu_offload) |   - Allocated: 0.24 GB
21:07:56.501 | INFO    (151978, stable_pretraining.callbacks.cpu_offload) |   - Reserved: 16.63 GB
21:07:56.501 | INFO    (151978, stable_pretraining.callbacks.cpu_offload) | GPU memory freed: 0.00 GB
21:07:56.501 | SUCCESS (151978, stable_pretraining.callbacks.cpu_offload) | CPUOffloadCallback: Checkpoint #17 completed in 0.78s
21:07:56.501 | INFO    (151978, stable_pretraining.callbacks.cpu_offload) | Successfully processed keys: ['state_dict', 'optimizer_states', 'lr_schedulers']
21:07:56.502 | INFO    (151978, stable_pretraining.callbacks.cpu_offload) | Cumulative stats:
21:07:56.502 | INFO    (151978, stable_pretraining.callbacks.cpu_offload) |   - Total checkpoints saved: 17
21:07:56.502 | INFO    (151978, stable_pretraining.callbacks.cpu_offload) |   - Total time in offload: 12.42s
21:07:56.502 | INFO    (151978, stable_pretraining.callbacks.cpu_offload) |   - Total memory freed: 0.00 GB
21:07:56.502 | INFO    (151978, stable_pretraining.callbacks.cpu_offload) |   - Average time per checkpoint: 0.73s
21:07:56.502 | INFO    (151978, stable_pretraining.callbacks.cpu_offload) | ============================================================
21:07:58.210 | INFO    (151978, stable_pretraining.callbacks.checkpoint_sklearn) | Checking for non PyTorch modules to save... 🔧
21:07:58.210 | INFO    (151978, stable_pretraining.callbacks.checkpoint_sklearn) | Checking for Wandb params to save... 🔧
21:07:58.210 | INFO    (151978, stable_pretraining.callbacks.checkpoint_sklearn) | Saving Wandb params {'id': 'lewm_lp_pusht_expert_mu-4'}
21:07:58.211 | INFO    (151978, stable_pretraining.callbacks.checkpoint_sklearn) | Checking for Wandb params to save... Done!
21:07:58.211 | INFO    (151978, stable_pretraining.callbacks.cpu_offload) | ============================================================
21:07:58.211 | INFO    (151978, stable_pretraining.callbacks.cpu_offload) | CPUOffloadCallback: Starting checkpoint CPU offload (#18)
21:07:58.211 | INFO    (151978, stable_pretraining.callbacks.cpu_offload) |   - Global step: 31347
21:07:58.211 | INFO    (151978, stable_pretraining.callbacks.cpu_offload) |   - Epoch: 8
21:07:58.211 | INFO    (151978, stable_pretraining.callbacks.cpu_offload) | Checkpoint contains 11 keys: ['callbacks', 'epoch', 'global_step', 'hparams_name', 'hyper_parameters', 'loops', 'lr_schedulers', 'optimizer_states', 'pytorch-lightning_version', 'state_dict', 'wandb']
21:07:58.212 | INFO    (151978, stable_pretraining.callbacks.cpu_offload) | GPU memory before offload:
21:07:58.212 | INFO    (151978, stable_pretraining.callbacks.cpu_offload) |   - Allocated: 0.24 GB
21:07:58.212 | INFO    (151978, stable_pretraining.callbacks.cpu_offload) |   - Reserved: 16.63 GB
21:07:58.212 | INFO    (151978, stable_pretraining.callbacks.cpu_offload) | Processing checkpoint key: 'state_dict'
21:07:58.333 | SUCCESS (151978, stable_pretraining.callbacks.cpu_offload) | ✓ Completed 'state_dict' in 0.12s
21:07:58.333 | INFO    (151978, stable_pretraining.callbacks.cpu_offload) | Processing checkpoint key: 'optimizer_states'
21:07:58.683 | SUCCESS (151978, stable_pretraining.callbacks.cpu_offload) | ✓ Completed 'optimizer_states' in 0.35s
21:07:58.684 | INFO    (151978, stable_pretraining.callbacks.cpu_offload) | Processing checkpoint key: 'lr_schedulers'
21:07:58.684 | SUCCESS (151978, stable_pretraining.callbacks.cpu_offload) | ✓ Completed 'lr_schedulers' in 0.00s
21:07:58.685 | WARNING (151978, stable_pretraining.callbacks.cpu_offload) | Skipped 321 custom object(s)
21:07:58.685 | WARNING (151978, stable_pretraining.callbacks.cpu_offload) | First 10 skipped objects:
21:07:58.685 | WARNING (151978, stable_pretraining.callbacks.cpu_offload) |   - float at 'optimizer_states[0].param_groups[0].lr'
21:07:58.685 | WARNING (151978, stable_pretraining.callbacks.cpu_offload) |   - float at 'optimizer_states[0].param_groups[0].betas[0]'
21:07:58.686 | WARNING (151978, stable_pretraining.callbacks.cpu_offload) |   - float at 'optimizer_states[0].param_groups[0].betas[1]'
21:07:58.686 | WARNING (151978, stable_pretraining.callbacks.cpu_offload) |   - float at 'optimizer_states[0].param_groups[0].eps'
21:07:58.686 | WARNING (151978, stable_pretraining.callbacks.cpu_offload) |   - float at 'optimizer_states[0].param_groups[0].weight_decay'
21:07:58.686 | WARNING (151978, stable_pretraining.callbacks.cpu_offload) |   - bool at 'optimizer_states[0].param_groups[0].amsgrad'
21:07:58.687 | WARNING (151978, stable_pretraining.callbacks.cpu_offload) |   - bool at 'optimizer_states[0].param_groups[0].maximize'
21:07:58.687 | WARNING (151978, stable_pretraining.callbacks.cpu_offload) |   - NoneType at 'optimizer_states[0].param_groups[0].foreach'
21:07:58.687 | WARNING (151978, stable_pretraining.callbacks.cpu_offload) |   - bool at 'optimizer_states[0].param_groups[0].capturable'
21:07:58.687 | WARNING (151978, stable_pretraining.callbacks.cpu_offload) |   - bool at 'optimizer_states[0].param_groups[0].differentiable'
21:07:58.688 | WARNING (151978, stable_pretraining.callbacks.cpu_offload) | ... (301 more skipped) ...
21:07:58.688 | WARNING (151978, stable_pretraining.callbacks.cpu_offload) | Last 10 skipped objects:
21:07:58.688 | WARNING (151978, stable_pretraining.callbacks.cpu_offload) |   - int at 'optimizer_states[0].param_groups[0].params[298]'
21:07:58.688 | WARNING (151978, stable_pretraining.callbacks.cpu_offload) |   - int at 'lr_schedulers[0].warmup_steps'
21:07:58.688 | WARNING (151978, stable_pretraining.callbacks.cpu_offload) |   - int at 'lr_schedulers[0].max_steps'
21:07:58.688 | WARNING (151978, stable_pretraining.callbacks.cpu_offload) |   - float at 'lr_schedulers[0].warmup_start_lr'
21:07:58.689 | WARNING (151978, stable_pretraining.callbacks.cpu_offload) |   - float at 'lr_schedulers[0].eta_min'
21:07:58.689 | WARNING (151978, stable_pretraining.callbacks.cpu_offload) |   - float at 'lr_schedulers[0].base_lrs[0]'
21:07:58.689 | WARNING (151978, stable_pretraining.callbacks.cpu_offload) |   - int at 'lr_schedulers[0].last_epoch'
21:07:58.689 | WARNING (151978, stable_pretraining.callbacks.cpu_offload) |   - int at 'lr_schedulers[0]._step_count'
21:07:58.690 | WARNING (151978, stable_pretraining.callbacks.cpu_offload) |   - bool at 'lr_schedulers[0]._get_lr_called_within_step'
21:07:58.690 | WARNING (151978, stable_pretraining.callbacks.cpu_offload) |   - float at 'lr_schedulers[0]._last_lr[0]'
21:07:58.690 | INFO    (151978, stable_pretraining.callbacks.cpu_offload) | To see all 321 skipped objects, set log_skipped=True
21:07:58.691 | INFO    (151978, stable_pretraining.callbacks.cpu_offload) | GPU memory after offload:
21:07:58.691 | INFO    (151978, stable_pretraining.callbacks.cpu_offload) |   - Allocated: 0.24 GB
21:07:58.691 | INFO    (151978, stable_pretraining.callbacks.cpu_offload) |   - Reserved: 16.63 GB
21:07:58.692 | INFO    (151978, stable_pretraining.callbacks.cpu_offload) | GPU memory freed: 0.00 GB
21:07:58.692 | SUCCESS (151978, stable_pretraining.callbacks.cpu_offload) | CPUOffloadCallback: Checkpoint #18 completed in 0.48s
21:07:58.692 | INFO    (151978, stable_pretraining.callbacks.cpu_offload) | Successfully processed keys: ['state_dict', 'optimizer_states', 'lr_schedulers']
21:07:58.692 | INFO    (151978, stable_pretraining.callbacks.cpu_offload) | Cumulative stats:
21:07:58.693 | INFO    (151978, stable_pretraining.callbacks.cpu_offload) |   - Total checkpoints saved: 18
21:07:58.693 | INFO    (151978, stable_pretraining.callbacks.cpu_offload) |   - Total time in offload: 12.90s
21:07:58.693 | INFO    (151978, stable_pretraining.callbacks.cpu_offload) |   - Total memory freed: 0.00 GB
21:07:58.693 | INFO    (151978, stable_pretraining.callbacks.cpu_offload) |   - Average time per checkpoint: 0.72s
21:07:58.694 | INFO    (151978, stable_pretraining.callbacks.cpu_offload) | ============================================================
21:49:56.920 | WARNING (151978, stable_pretraining.module) | You are calling self.parameters which also gives callbacks parameters, to remove then, pass `with_callbacks=False`
21:54:34.581 | INFO    (151978, stable_pretraining.callbacks.trainer_info) | \n+----------------------------+------------------------+
|           Metric           |         Value          |
+----------------------------+------------------------+
|          [0;34;40mfit/loss[0m          | [0;32;40m0.00023389191483147442[0m |
|       [0;34;40mfit/pred_loss[0m        | [0;32;40m3.6205055948812515e-05[0m |
|      [0;34;40mfit/rdmreg_loss[0m       | [0;32;40m0.0001976868516067043[0m  |
|       [0;34;40mvalidate/loss[0m        | [0;32;40m0.0002729871484916657[0m  |
|    [0;34;40mvalidate/loss_epoch[0m     | [0;32;40m0.0002729871484916657[0m  |
|     [0;34;40mvalidate/pred_loss[0m     | [0;32;40m3.310162719571963e-05[0m  |
|  [0;34;40mvalidate/pred_loss_epoch[0m  | [0;32;40m3.310162719571963e-05[0m  |
|    [0;34;40mvalidate/rdmreg_loss[0m    | [0;32;40m0.00023988544126041234[0m |
| [0;34;40mvalidate/rdmreg_loss_epoch[0m | [0;32;40m0.00023988544126041234[0m |
+----------------------------+------------------------+
21:54:35.420 | INFO    (151978, stable_pretraining.callbacks.checkpoint_sklearn) | Checking for non PyTorch modules to save... 🔧
21:54:35.421 | INFO    (151978, stable_pretraining.callbacks.checkpoint_sklearn) | Checking for Wandb params to save... 🔧
21:54:35.421 | INFO    (151978, stable_pretraining.callbacks.checkpoint_sklearn) | Saving Wandb params {'id': 'lewm_lp_pusht_expert_mu-4'}
21:54:35.421 | INFO    (151978, stable_pretraining.callbacks.checkpoint_sklearn) | Checking for Wandb params to save... Done!
21:54:35.421 | INFO    (151978, stable_pretraining.callbacks.cpu_offload) | ============================================================
21:54:35.422 | INFO    (151978, stable_pretraining.callbacks.cpu_offload) | CPUOffloadCallback: Starting checkpoint CPU offload (#19)
21:54:35.422 | INFO    (151978, stable_pretraining.callbacks.cpu_offload) |   - Global step: 34830
21:54:35.422 | INFO    (151978, stable_pretraining.callbacks.cpu_offload) |   - Epoch: 9
21:54:35.422 | INFO    (151978, stable_pretraining.callbacks.cpu_offload) | Checkpoint contains 11 keys: ['callbacks', 'epoch', 'global_step', 'hparams_name', 'hyper_parameters', 'loops', 'lr_schedulers', 'optimizer_states', 'pytorch-lightning_version', 'state_dict', 'wandb']
21:54:35.423 | INFO    (151978, stable_pretraining.callbacks.cpu_offload) | GPU memory before offload:
21:54:35.423 | INFO    (151978, stable_pretraining.callbacks.cpu_offload) |   - Allocated: 0.24 GB
21:54:35.423 | INFO    (151978, stable_pretraining.callbacks.cpu_offload) |   - Reserved: 16.63 GB
21:54:35.423 | INFO    (151978, stable_pretraining.callbacks.cpu_offload) | Processing checkpoint key: 'state_dict'
21:54:35.598 | SUCCESS (151978, stable_pretraining.callbacks.cpu_offload) | ✓ Completed 'state_dict' in 0.17s
21:54:35.598 | INFO    (151978, stable_pretraining.callbacks.cpu_offload) | Processing checkpoint key: 'optimizer_states'
21:54:36.047 | SUCCESS (151978, stable_pretraining.callbacks.cpu_offload) | ✓ Completed 'optimizer_states' in 0.45s
21:54:36.048 | INFO    (151978, stable_pretraining.callbacks.cpu_offload) | Processing checkpoint key: 'lr_schedulers'
21:54:36.048 | SUCCESS (151978, stable_pretraining.callbacks.cpu_offload) | ✓ Completed 'lr_schedulers' in 0.00s
21:54:36.048 | WARNING (151978, stable_pretraining.callbacks.cpu_offload) | Skipped 321 custom object(s)
21:54:36.048 | WARNING (151978, stable_pretraining.callbacks.cpu_offload) | First 10 skipped objects:
21:54:36.048 | WARNING (151978, stable_pretraining.callbacks.cpu_offload) |   - float at 'optimizer_states[0].param_groups[0].lr'
21:54:36.048 | WARNING (151978, stable_pretraining.callbacks.cpu_offload) |   - float at 'optimizer_states[0].param_groups[0].betas[0]'
21:54:36.048 | WARNING (151978, stable_pretraining.callbacks.cpu_offload) |   - float at 'optimizer_states[0].param_groups[0].betas[1]'
21:54:36.049 | WARNING (151978, stable_pretraining.callbacks.cpu_offload) |   - float at 'optimizer_states[0].param_groups[0].eps'
21:54:36.049 | WARNING (151978, stable_pretraining.callbacks.cpu_offload) |   - float at 'optimizer_states[0].param_groups[0].weight_decay'
21:54:36.049 | WARNING (151978, stable_pretraining.callbacks.cpu_offload) |   - bool at 'optimizer_states[0].param_groups[0].amsgrad'
21:54:36.049 | WARNING (151978, stable_pretraining.callbacks.cpu_offload) |   - bool at 'optimizer_states[0].param_groups[0].maximize'
21:54:36.049 | WARNING (151978, stable_pretraining.callbacks.cpu_offload) |   - NoneType at 'optimizer_states[0].param_groups[0].foreach'
21:54:36.049 | WARNING (151978, stable_pretraining.callbacks.cpu_offload) |   - bool at 'optimizer_states[0].param_groups[0].capturable'
21:54:36.050 | WARNING (151978, stable_pretraining.callbacks.cpu_offload) |   - bool at 'optimizer_states[0].param_groups[0].differentiable'
21:54:36.050 | WARNING (151978, stable_pretraining.callbacks.cpu_offload) | ... (301 more skipped) ...
21:54:36.050 | WARNING (151978, stable_pretraining.callbacks.cpu_offload) | Last 10 skipped objects:
21:54:36.050 | WARNING (151978, stable_pretraining.callbacks.cpu_offload) |   - int at 'optimizer_states[0].param_groups[0].params[298]'
21:54:36.050 | WARNING (151978, stable_pretraining.callbacks.cpu_offload) |   - int at 'lr_schedulers[0].warmup_steps'
21:54:36.050 | WARNING (151978, stable_pretraining.callbacks.cpu_offload) |   - int at 'lr_schedulers[0].max_steps'
21:54:36.050 | WARNING (151978, stable_pretraining.callbacks.cpu_offload) |   - float at 'lr_schedulers[0].warmup_start_lr'
21:54:36.050 | WARNING (151978, stable_pretraining.callbacks.cpu_offload) |   - float at 'lr_schedulers[0].eta_min'
21:54:36.051 | WARNING (151978, stable_pretraining.callbacks.cpu_offload) |   - float at 'lr_schedulers[0].base_lrs[0]'
21:54:36.051 | WARNING (151978, stable_pretraining.callbacks.cpu_offload) |   - int at 'lr_schedulers[0].last_epoch'
21:54:36.051 | WARNING (151978, stable_pretraining.callbacks.cpu_offload) |   - int at 'lr_schedulers[0]._step_count'
21:54:36.051 | WARNING (151978, stable_pretraining.callbacks.cpu_offload) |   - bool at 'lr_schedulers[0]._get_lr_called_within_step'
21:54:36.051 | WARNING (151978, stable_pretraining.callbacks.cpu_offload) |   - float at 'lr_schedulers[0]._last_lr[0]'
21:54:36.051 | INFO    (151978, stable_pretraining.callbacks.cpu_offload) | To see all 321 skipped objects, set log_skipped=True
21:54:36.052 | INFO    (151978, stable_pretraining.callbacks.cpu_offload) | GPU memory after offload:
21:54:36.052 | INFO    (151978, stable_pretraining.callbacks.cpu_offload) |   - Allocated: 0.24 GB
21:54:36.052 | INFO    (151978, stable_pretraining.callbacks.cpu_offload) |   - Reserved: 16.63 GB
21:54:36.052 | INFO    (151978, stable_pretraining.callbacks.cpu_offload) | GPU memory freed: 0.00 GB
21:54:36.052 | SUCCESS (151978, stable_pretraining.callbacks.cpu_offload) | CPUOffloadCallback: Checkpoint #19 completed in 0.63s
21:54:36.052 | INFO    (151978, stable_pretraining.callbacks.cpu_offload) | Successfully processed keys: ['state_dict', 'optimizer_states', 'lr_schedulers']
21:54:36.052 | INFO    (151978, stable_pretraining.callbacks.cpu_offload) | Cumulative stats:
21:54:36.053 | INFO    (151978, stable_pretraining.callbacks.cpu_offload) |   - Total checkpoints saved: 19
21:54:36.053 | INFO    (151978, stable_pretraining.callbacks.cpu_offload) |   - Total time in offload: 13.53s
21:54:36.053 | INFO    (151978, stable_pretraining.callbacks.cpu_offload) |   - Total memory freed: 0.00 GB
21:54:36.053 | INFO    (151978, stable_pretraining.callbacks.cpu_offload) |   - Average time per checkpoint: 0.71s
21:54:36.053 | INFO    (151978, stable_pretraining.callbacks.cpu_offload) | ============================================================
21:54:37.894 | INFO    (151978, stable_pretraining.callbacks.checkpoint_sklearn) | Checking for non PyTorch modules to save... 🔧
21:54:37.895 | INFO    (151978, stable_pretraining.callbacks.checkpoint_sklearn) | Checking for Wandb params to save... 🔧
21:54:37.895 | INFO    (151978, stable_pretraining.callbacks.checkpoint_sklearn) | Saving Wandb params {'id': 'lewm_lp_pusht_expert_mu-4'}
21:54:37.895 | INFO    (151978, stable_pretraining.callbacks.checkpoint_sklearn) | Checking for Wandb params to save... Done!
21:54:37.895 | INFO    (151978, stable_pretraining.callbacks.cpu_offload) | ============================================================
21:54:37.896 | INFO    (151978, stable_pretraining.callbacks.cpu_offload) | CPUOffloadCallback: Starting checkpoint CPU offload (#20)
21:54:37.896 | INFO    (151978, stable_pretraining.callbacks.cpu_offload) |   - Global step: 34830
21:54:37.896 | INFO    (151978, stable_pretraining.callbacks.cpu_offload) |   - Epoch: 9
21:54:37.896 | INFO    (151978, stable_pretraining.callbacks.cpu_offload) | Checkpoint contains 11 keys: ['callbacks', 'epoch', 'global_step', 'hparams_name', 'hyper_parameters', 'loops', 'lr_schedulers', 'optimizer_states', 'pytorch-lightning_version', 'state_dict', 'wandb']
21:54:37.897 | INFO    (151978, stable_pretraining.callbacks.cpu_offload) | GPU memory before offload:
21:54:37.897 | INFO    (151978, stable_pretraining.callbacks.cpu_offload) |   - Allocated: 0.24 GB
21:54:37.897 | INFO    (151978, stable_pretraining.callbacks.cpu_offload) |   - Reserved: 16.63 GB
21:54:37.897 | INFO    (151978, stable_pretraining.callbacks.cpu_offload) | Processing checkpoint key: 'state_dict'
21:54:38.049 | SUCCESS (151978, stable_pretraining.callbacks.cpu_offload) | ✓ Completed 'state_dict' in 0.15s
21:54:38.050 | INFO    (151978, stable_pretraining.callbacks.cpu_offload) | Processing checkpoint key: 'optimizer_states'
21:54:38.346 | SUCCESS (151978, stable_pretraining.callbacks.cpu_offload) | ✓ Completed 'optimizer_states' in 0.30s
21:54:38.347 | INFO    (151978, stable_pretraining.callbacks.cpu_offload) | Processing checkpoint key: 'lr_schedulers'
21:54:38.347 | SUCCESS (151978, stable_pretraining.callbacks.cpu_offload) | ✓ Completed 'lr_schedulers' in 0.00s
21:54:38.347 | WARNING (151978, stable_pretraining.callbacks.cpu_offload) | Skipped 321 custom object(s)
21:54:38.347 | WARNING (151978, stable_pretraining.callbacks.cpu_offload) | First 10 skipped objects:
21:54:38.348 | WARNING (151978, stable_pretraining.callbacks.cpu_offload) |   - float at 'optimizer_states[0].param_groups[0].lr'
21:54:38.348 | WARNING (151978, stable_pretraining.callbacks.cpu_offload) |   - float at 'optimizer_states[0].param_groups[0].betas[0]'
21:54:38.348 | WARNING (151978, stable_pretraining.callbacks.cpu_offload) |   - float at 'optimizer_states[0].param_groups[0].betas[1]'
21:54:38.348 | WARNING (151978, stable_pretraining.callbacks.cpu_offload) |   - float at 'optimizer_states[0].param_groups[0].eps'
21:54:38.348 | WARNING (151978, stable_pretraining.callbacks.cpu_offload) |   - float at 'optimizer_states[0].param_groups[0].weight_decay'
21:54:38.349 | WARNING (151978, stable_pretraining.callbacks.cpu_offload) |   - bool at 'optimizer_states[0].param_groups[0].amsgrad'
21:54:38.349 | WARNING (151978, stable_pretraining.callbacks.cpu_offload) |   - bool at 'optimizer_states[0].param_groups[0].maximize'
21:54:38.349 | WARNING (151978, stable_pretraining.callbacks.cpu_offload) |   - NoneType at 'optimizer_states[0].param_groups[0].foreach'
21:54:38.349 | WARNING (151978, stable_pretraining.callbacks.cpu_offload) |   - bool at 'optimizer_states[0].param_groups[0].capturable'
21:54:38.349 | WARNING (151978, stable_pretraining.callbacks.cpu_offload) |   - bool at 'optimizer_states[0].param_groups[0].differentiable'
21:54:38.349 | WARNING (151978, stable_pretraining.callbacks.cpu_offload) | ... (301 more skipped) ...
21:54:38.350 | WARNING (151978, stable_pretraining.callbacks.cpu_offload) | Last 10 skipped objects:
21:54:38.350 | WARNING (151978, stable_pretraining.callbacks.cpu_offload) |   - int at 'optimizer_states[0].param_groups[0].params[298]'
21:54:38.350 | WARNING (151978, stable_pretraining.callbacks.cpu_offload) |   - int at 'lr_schedulers[0].warmup_steps'
21:54:38.350 | WARNING (151978, stable_pretraining.callbacks.cpu_offload) |   - int at 'lr_schedulers[0].max_steps'
21:54:38.350 | WARNING (151978, stable_pretraining.callbacks.cpu_offload) |   - float at 'lr_schedulers[0].warmup_start_lr'
21:54:38.351 | WARNING (151978, stable_pretraining.callbacks.cpu_offload) |   - float at 'lr_schedulers[0].eta_min'
21:54:38.351 | WARNING (151978, stable_pretraining.callbacks.cpu_offload) |   - float at 'lr_schedulers[0].base_lrs[0]'
21:54:38.351 | WARNING (151978, stable_pretraining.callbacks.cpu_offload) |   - int at 'lr_schedulers[0].last_epoch'
21:54:38.351 | WARNING (151978, stable_pretraining.callbacks.cpu_offload) |   - int at 'lr_schedulers[0]._step_count'
21:54:38.351 | WARNING (151978, stable_pretraining.callbacks.cpu_offload) |   - bool at 'lr_schedulers[0]._get_lr_called_within_step'
21:54:38.352 | WARNING (151978, stable_pretraining.callbacks.cpu_offload) |   - float at 'lr_schedulers[0]._last_lr[0]'
21:54:38.352 | INFO    (151978, stable_pretraining.callbacks.cpu_offload) | To see all 321 skipped objects, set log_skipped=True
21:54:38.352 | INFO    (151978, stable_pretraining.callbacks.cpu_offload) | GPU memory after offload:
21:54:38.353 | INFO    (151978, stable_pretraining.callbacks.cpu_offload) |   - Allocated: 0.24 GB
21:54:38.353 | INFO    (151978, stable_pretraining.callbacks.cpu_offload) |   - Reserved: 16.63 GB
21:54:38.353 | INFO    (151978, stable_pretraining.callbacks.cpu_offload) | GPU memory freed: 0.00 GB
21:54:38.353 | SUCCESS (151978, stable_pretraining.callbacks.cpu_offload) | CPUOffloadCallback: Checkpoint #20 completed in 0.46s
21:54:38.353 | INFO    (151978, stable_pretraining.callbacks.cpu_offload) | Successfully processed keys: ['state_dict', 'optimizer_states', 'lr_schedulers']
21:54:38.354 | INFO    (151978, stable_pretraining.callbacks.cpu_offload) | Cumulative stats:
21:54:38.354 | INFO    (151978, stable_pretraining.callbacks.cpu_offload) |   - Total checkpoints saved: 20
21:54:38.354 | INFO    (151978, stable_pretraining.callbacks.cpu_offload) |   - Total time in offload: 13.99s
21:54:38.354 | INFO    (151978, stable_pretraining.callbacks.cpu_offload) |   - Total memory freed: 0.00 GB
21:54:38.354 | INFO    (151978, stable_pretraining.callbacks.cpu_offload) |   - Average time per checkpoint: 0.70s
21:54:38.354 | INFO    (151978, stable_pretraining.callbacks.cpu_offload) | ============================================================
`Trainer.fit` stopped: `max_epochs=10` reached.
21:54:39.673 | INFO    (151978, stable_pretraining.callbacks.cpu_offload) | ============================================================
21:54:39.673 | INFO    (151978, stable_pretraining.callbacks.cpu_offload) | CPUOffloadCallback: Training completed
21:54:39.673 | INFO    (151978, stable_pretraining.callbacks.cpu_offload) | Final statistics:
21:54:39.673 | INFO    (151978, stable_pretraining.callbacks.cpu_offload) |   - Total checkpoints saved: 20
21:54:39.673 | INFO    (151978, stable_pretraining.callbacks.cpu_offload) |   - Total time in offload: 13.99s
21:54:39.673 | INFO    (151978, stable_pretraining.callbacks.cpu_offload) |   - Total GPU memory freed: 0.00 GB
21:54:39.674 | INFO    (151978, stable_pretraining.callbacks.cpu_offload) |   - Average time per checkpoint: 0.70s
21:54:39.674 | INFO    (151978, stable_pretraining.callbacks.cpu_offload) |   - Average memory freed per checkpoint: 0.00 GB
21:54:39.674 | SUCCESS (151978, stable_pretraining.callbacks.cpu_offload) | CPUOffloadCallback: All checkpoints saved successfully
21:54:39.674 | INFO    (151978, stable_pretraining.callbacks.cpu_offload) | ============================================================
Epoch 9/9  ━━━━━━━━━━━━━━━━━━━━ 3483/3483 0:41:57 • 0:00:00 1.42it/s v_num: mu-4
21:54:40.628 | INFO    (151978, stable_pretraining.callbacks.cpu_offload) | CPUOffloadCallback: Teardown called for stage 'fit'
[1;34mwandb[0m: 
[1;34mwandb[0m: 🚀 View run [33mlewm_lp_p1.0_mu-4_pusht_expert[0m at: [34mhttps://wandb.ai/wms_at_iitb/le-wm/runs/lewm_lp_pusht_expert_mu-4[0m
TRAINING_EXITED_0
