[2026-04-21 21:55:08,569][root][INFO] - Cached 'action' from '/home/ubuntu/le-wm-palash/dataset/pusht_expert_train.h5'
[2026-04-21 21:55:10,127][root][INFO] - Cached 'proprio' from '/home/ubuntu/le-wm-palash/dataset/pusht_expert_train.h5'
[2026-04-21 21:55:11,142][root][INFO] - Cached 'state' from '/home/ubuntu/le-wm-palash/dataset/pusht_expert_train.h5'
21:55:11.765 | INFO    (308307, stable_pretraining.backbone.utils) | Created ViT-tiny from scratch with config: {'hidden_size': 192, 'num_hidden_layers': 12, 'num_attention_heads': 3, 'intermediate_size': 768, 'image_size': 112, 'patch_size': 14}
21:55:13.554 | INFO    (308307, stable_pretraining.data.module) | Setting up DataModule
21:55:13.555 | INFO    (308307, stable_pretraining.module) | Initializing Module configuration...
21:55:13.555 | WARNING (308307, stable_pretraining.module) | No hyperparameters provided - hyperparameter logging is disabled.
21:55:13.555 | INFO    (308307, stable_pretraining.module) | Setting custom forward method.
21:55:13.555 | INFO    (308307, stable_pretraining.module) | Setting attribute: self.model = <class 'torch._dynamo.eval_frame.OptimizedModule'>
21:55:13.555 | INFO    (308307, stable_pretraining.module) | Setting attribute: self.rdmreg = <class 'rdmreg.RDMReg'>
21:55:13.556 | INFO    (308307, stable_pretraining.module) | Setting attribute: self.optim = <class 'dict'>
21:55:13.556 | INFO    (308307, stable_pretraining.module) | No metrics configuration provided - automatic metric tracking is disabled.
wandb: WARNING The anonymous setting has no effect and will be removed in a future version.
wandb: [wandb.login()] Loaded credentials for https://api.wandb.ai from /home/ubuntu/.netrc.
wandb: Currently logged in as: narendraaironi (wms_at_iitb) to https://api.wandb.ai. Use `wandb login --relogin` to force relogin
wandb: setting up run lewm_lp_pusht_expert_mu-3
wandb: Tracking run with wandb version 0.26.0
wandb: Run data is saved locally in wandb/run-20260421_215513-lewm_lp_pusht_expert_mu-3
wandb: Run `wandb offline` to turn off syncing.
wandb: Resuming run lewm_lp_p1.0_mu-3_pusht_expert
wandb: ⭐️ View project at https://wandb.ai/wms_at_iitb/le-wm
wandb: 🚀 View run at https://wandb.ai/wms_at_iitb/le-wm/runs/lewm_lp_pusht_expert_mu-3
/home/ubuntu/miniconda3/envs/jepa-wms/lib/python3.10/site-packages/lightning/fabric/connector.py:571: `precision=bf16` is supported for historical reasons but its usage is discouraged. Please set your precision to bf16-mixed instead!
Using bfloat16 Automatic Mixed Precision (AMP)
21:55:15.816 | INFO    (308307, stable_pretraining.callbacks.env_info) | EnvironmentDumpCallback initialized (filename=environment.json, async=True)
21:55:15.816 | INFO    (308307, stable_pretraining.callbacks.cpu_offload) | ============================================================
21:55:15.817 | INFO    (308307, stable_pretraining.callbacks.cpu_offload) | Initializing CPUOffloadCallback
21:55:15.817 | INFO    (308307, stable_pretraining.callbacks.cpu_offload) | Configuration:
21:55:15.817 | INFO    (308307, stable_pretraining.callbacks.cpu_offload) |   - Offload keys: ['state_dict', 'optimizer_states', 'lr_schedulers']
21:55:15.817 | INFO    (308307, stable_pretraining.callbacks.cpu_offload) |   - Log all skipped objects: False
21:55:15.817 | INFO    (308307, stable_pretraining.callbacks.cpu_offload) |   - Will show first/last 10 skipped objects only
21:55:15.820 | SUCCESS (308307, stable_pretraining.callbacks.cpu_offload) | ✓ CUDA available: 1 GPU(s) detected
21:55:17.274 | INFO    (308307, stable_pretraining.callbacks.cpu_offload) |   - GPU 0: NVIDIA A100-SXM4-80GB (85.1 GB)
21:55:17.275 | SUCCESS (308307, stable_pretraining.callbacks.cpu_offload) | CPUOffloadCallback initialized successfully
21:55:17.275 | INFO    (308307, stable_pretraining.callbacks.cpu_offload) | ============================================================
Adding 10 callbacks from entry point 'stablepretraining_callbacks': ModuleRegistryCallback, LoggingCallback, EnvironmentDumpCallback, TrainerInfo, SklearnCheckpoint, WandbCheckpoint, ModuleSummary, SLURMInfo, LogUnusedParametersOnce, CPUOffloadCallback
GPU available: True (cuda), used: True
TPU available: False, using: 0 TPU cores
💡 Tip: For seamless cloud logging and experiment tracking, try installing [litlogger](https://pypi.org/project/litlogger/) to enable LitLogger, which logs metrics and artifacts automatically to the Lightning Experiments platform.
21:55:17.279 | WARNING (308307, stable_pretraining.manager) | User didn't specify seed, runs won't be exactly reproducible!
21:55:17.279 | INFO    (308307, stable_pretraining.manager) | 📁📁📁 CURRENT WORKING DIR: /home/ubuntu/le-wm-palash 📁📁📁
21:55:17.280 | INFO    (308307, stable_pretraining.manager) | 🌱🌱🌱 SEEDING EVERYTHING with self.seed=None 🌱🌱🌱
/home/ubuntu/miniconda3/envs/jepa-wms/lib/python3.10/site-packages/lightning/fabric/utilities/seed.py:44: No seed found, seed set to 0
Seed set to 0
21:55:17.298 | INFO    (308307, stable_pretraining.manager) | 📈📈📈 Using Wandb 📈📈📈
21:55:17.299 | INFO    (308307, stable_pretraining.manager) | 		a Wandb™ config is provided, not uploading Hydra's:
21:55:17.299 | INFO    (308307, stable_pretraining.manager) | 📈📈📈 WandbLogger setup 📈📈📈
21:55:17.299 | INFO    (308307, stable_pretraining.manager) | 📈📈📈 init={'name': 'lewm_lp_p1.0_mu-3_pusht_expert', 'project': 'le-wm', 'dir': '.', 'id': 'lewm_lp_pusht_expert_mu-3', 'resume': 'allow', 'anonymous': None, 'entity': 'wms_at_iitb'} 📈📈📈
21:55:17.299 | INFO    (308307, stable_pretraining.manager) | 	● 👂👂👂 SIGNALS HANDLERS 👂👂👂
21:55:17.299 | INFO    (308307, stable_pretraining.manager) | 		- SIGUSR1: `0`
21:55:17.300 | INFO    (308307, stable_pretraining.manager) | 		- SIGUSR2: `0`
21:55:17.300 | INFO    (308307, stable_pretraining.manager) | 		- SIGCONT: `0`
21:55:17.300 | INFO    (308307, stable_pretraining.manager) | 		- SIGTERM: `0`
21:55:17.300 | INFO    (308307, stable_pretraining.manager) | 	● 📞📞📞 CALLBACKS 📞📞📞
21:55:17.300 | INFO    (308307, stable_pretraining.manager) | 		 - we found 14 callbacks
21:55:17.301 | INFO    (308307, stable_pretraining.manager) | 	● 📞📞📞 CHECKPOINTING SETUP 📞📞📞
21:55:17.301 | WARNING (308307, stable_pretraining.manager) | 		 Checkpoint mismatch: `manager.ckpt_path` (/home/ubuntu/le-wm-palash/lewm-pusht/lewm_lp_p1.0_mu-3_pusht_expert_weights.ckpt) was provided, but no matching `ModelCheckpoint` callback was found.
21:55:17.301 | WARNING (308307, stable_pretraining.manager) | 		 Automatically creating a `ModelCheckpoint` to save to the specified path to prevent data loss.
21:55:17.302 | WARNING (308307, stable_pretraining.manager) | 		 - Automatic `ModelCheckpoint` callback has been added to the trainer.
21:55:17.302 | WARNING (308307, stable_pretraining.manager) | /home/ubuntu/le-wm-palash/lewm-pusht/lewm_lp_p1.0_mu-3_pusht_expert_weights.ckpt specified, but does not exist, using None for now!
21:55:17.303 | INFO    (308307, stable_pretraining.manager) | 📣📣📣 CALLING trainer.fit with ckpt_path=None 📣📣📣
💡 Tip: For seamless cloud uploads and versioning, try installing [litmodels](https://pypi.org/project/litmodels/) to enable LitModelCheckpoint, which syncs automatically with the Lightning model registry.
You are using a CUDA device ('NVIDIA A100-SXM4-80GB') that has Tensor Cores. To properly utilize them, you should set `torch.set_float32_matmul_precision('medium' | 'high')` which will trade-off precision for performance. For more details, read https://pytorch.org/docs/stable/generated/torch.set_float32_matmul_precision.html#torch.set_float32_matmul_precision
21:55:17.305 | INFO    (308307, stable_pretraining.data.module) | dataset for fit loaded!  ✅
21:55:17.305 | INFO    (308307, stable_pretraining.data.module) | 	● setup was done by user
21:55:17.305 | INFO    (308307, stable_pretraining.callbacks.env_info) | ======================================================================
21:55:17.305 | INFO    (308307, stable_pretraining.callbacks.env_info) | 🔍 Starting environment configuration dump...
21:55:17.305 | INFO    (308307, stable_pretraining.callbacks.env_info) | ======================================================================
21:55:17.306 | INFO    (308307, stable_pretraining.callbacks.env_info) | EnvironmentDumpCallback  log_dir=PosixPath('/home/ubuntu/le-wm-palash')
21:55:17.306 | INFO    (308307, stable_pretraining.callbacks.env_info) | ⚡ Running environment dump in background thread (non-blocking)
21:55:17.306 | INFO    (308307, stable_pretraining.callbacks.env_info) | 📁 Log directory: /home/ubuntu/le-wm-palash
21:55:17.307 | INFO    (308307, stable_pretraining.callbacks.env_info) | 📊 Collecting environment information...
21:55:17.307 | SUCCESS (308307, stable_pretraining.callbacks.env_info) | ✓ Background thread started successfully
21:55:17.308 | SUCCESS (308307, stable_pretraining.callbacks.env_info) |   ✓ Python 3.10.20
21:55:17.308 | INFO    (308307, stable_pretraining.callbacks.trainer_info) | 	 linking trainer to DataModule! 🔧
21:55:17.309 | SUCCESS (308307, stable_pretraining.callbacks.env_info) |   ✓ System: Linux 6.17.0-20-generic (x86_64)
21:55:17.309 | INFO    (308307, stable_pretraining.callbacks.checkpoint_sklearn) | Setting up SklearnCheckpoint callback!
21:55:17.310 | INFO    (308307, stable_pretraining.callbacks.env_info) |      Hostname: instance-0wzqq7mi-main
21:55:17.310 | INFO    (308307, stable_pretraining.callbacks.checkpoint_sklearn) | Sklearn Modules:
21:55:17.313 | INFO    (308307, stable_pretraining.callbacks.checkpoint_sklearn) | 
┏━━━━━━━━━━┳━━━━━━━━┳━━━━━━━━┓
┃ Module   ┃ Name   ┃ Type   ┃
┣━━━━━━━━━━╋━━━━━━━━╋━━━━━━━━┫
┗━━━━━━━━━━┻━━━━━━━━┻━━━━━━━━┛
21:55:17.313 | INFO    (308307, stable_pretraining.callbacks.checkpoint_sklearn) | Setting up WandbCheckpoint callback!
21:55:17.313 | INFO    (308307, stable_pretraining.callbacks.trainer_info) | PyTorch Modules:
21:55:17.314 | WARNING (308307, stable_pretraining.module) | You are calling self.parameters which also gives callbacks parameters, to remove then, pass `with_callbacks=False`
21:55:17.337 | INFO    (308307, stable_pretraining.callbacks.trainer_info) | \n+---------------------------------------------------------------------------+----------------------+--------------------------+--------------------------+---------+
| Module                                                                    | Trainable parameters | Non Trainable parameters | Uninitialized parameters | Buffers |
+---------------------------------------------------------------------------+----------------------+--------------------------+--------------------------+---------+
|                                                                           |             18588206 |                        0 |                        0 |    8194 |
| callbacks_modules                                                         |                    0 |                        0 |                        0 |       0 |
| callbacks_metrics                                                         |                    0 |                        0 |                        0 |       0 |
| model                                                                     |             18588206 |                        0 |                        0 |    8194 |
| model._orig_mod                                                           |             18588206 |                        0 |                        0 |    8194 |
| model._orig_mod.encoder                                                   |              5464512 |                        0 |                        0 |       0 |
| model._orig_mod.encoder.embeddings                                        |               125760 |                        0 |                        0 |       0 |
| model._orig_mod.encoder.embeddings.patch_embeddings                       |               113088 |                        0 |                        0 |       0 |
| model._orig_mod.encoder.embeddings.patch_embeddings.projection            |               113088 |                        0 |                        0 |       0 |
| model._orig_mod.encoder.embeddings.dropout                                |                    0 |                        0 |                        0 |       0 |
| model._orig_mod.encoder.encoder                                           |              5338368 |                        0 |                        0 |       0 |
| model._orig_mod.encoder.encoder.layer                                     |              5338368 |                        0 |                        0 |       0 |
| model._orig_mod.encoder.encoder.layer.0                                   |               444864 |                        0 |                        0 |       0 |
| model._orig_mod.encoder.encoder.layer.0.attention                         |               148224 |                        0 |                        0 |       0 |
| model._orig_mod.encoder.encoder.layer.0.attention.attention               |               111168 |                        0 |                        0 |       0 |
| model._orig_mod.encoder.encoder.layer.0.attention.attention.query         |                37056 |                        0 |                        0 |       0 |
| model._orig_mod.encoder.encoder.layer.0.attention.attention.key           |                37056 |                        0 |                        0 |       0 |
| model._orig_mod.encoder.encoder.layer.0.attention.attention.value         |                37056 |                        0 |                        0 |       0 |
| model._orig_mod.encoder.encoder.layer.0.attention.output                  |                37056 |                        0 |                        0 |       0 |
| model._orig_mod.encoder.encoder.layer.0.attention.output.dense            |                37056 |                        0 |                        0 |       0 |
| model._orig_mod.encoder.encoder.layer.0.attention.output.dropout          |                    0 |                        0 |                        0 |       0 |
| model._orig_mod.encoder.encoder.layer.0.intermediate                      |               148224 |                        0 |                        0 |       0 |
| model._orig_mod.encoder.encoder.layer.0.intermediate.dense                |               148224 |                        0 |                        0 |       0 |
| model._orig_mod.encoder.encoder.layer.0.intermediate.intermediate_act_fn  |                    0 |                        0 |                        0 |       0 |
| model._orig_mod.encoder.encoder.layer.0.output                            |               147648 |                        0 |                        0 |       0 |
| model._orig_mod.encoder.encoder.layer.0.output.dense                      |               147648 |                        0 |                        0 |       0 |
| model._orig_mod.encoder.encoder.layer.0.output.dropout                    |                    0 |                        0 |                        0 |       0 |
| model._orig_mod.encoder.encoder.layer.0.layernorm_before                  |                  384 |                        0 |                        0 |       0 |
| model._orig_mod.encoder.encoder.layer.0.layernorm_after                   |                  384 |                        0 |                        0 |       0 |
| model._orig_mod.encoder.encoder.layer.1                                   |               444864 |                        0 |                        0 |       0 |
| model._orig_mod.encoder.encoder.layer.1.attention                         |               148224 |                        0 |                        0 |       0 |
| model._orig_mod.encoder.encoder.layer.1.attention.attention               |               111168 |                        0 |                        0 |       0 |
| model._orig_mod.encoder.encoder.layer.1.attention.attention.query         |                37056 |                        0 |                        0 |       0 |
| model._orig_mod.encoder.encoder.layer.1.attention.attention.key           |                37056 |                        0 |                        0 |       0 |
| model._orig_mod.encoder.encoder.layer.1.attention.attention.value         |                37056 |                        0 |                        0 |       0 |
| model._orig_mod.encoder.encoder.layer.1.attention.output                  |                37056 |                        0 |                        0 |       0 |
| model._orig_mod.encoder.encoder.layer.1.attention.output.dense            |                37056 |                        0 |                        0 |       0 |
| model._orig_mod.encoder.encoder.layer.1.attention.output.dropout          |                    0 |                        0 |                        0 |       0 |
| model._orig_mod.encoder.encoder.layer.1.intermediate                      |               148224 |                        0 |                        0 |       0 |
| model._orig_mod.encoder.encoder.layer.1.intermediate.dense                |               148224 |                        0 |                        0 |       0 |
| model._orig_mod.encoder.encoder.layer.1.intermediate.intermediate_act_fn  |                    0 |                        0 |                        0 |       0 |
| model._orig_mod.encoder.encoder.layer.1.output                            |               147648 |                        0 |                        0 |       0 |
| model._orig_mod.encoder.encoder.layer.1.output.dense                      |               147648 |                        0 |                        0 |       0 |
| model._orig_mod.encoder.encoder.layer.1.output.dropout                    |                    0 |                        0 |                        0 |       0 |
| model._orig_mod.encoder.encoder.layer.1.layernorm_before                  |                  384 |                        0 |                        0 |       0 |
| model._orig_mod.encoder.encoder.layer.1.layernorm_after                   |                  384 |                        0 |                        0 |       0 |
| model._orig_mod.encoder.encoder.layer.2                                   |               444864 |                        0 |                        0 |       0 |
| model._orig_mod.encoder.encoder.layer.2.attention                         |               148224 |                        0 |                        0 |       0 |
| model._orig_mod.encoder.encoder.layer.2.attention.attention               |               111168 |                        0 |                        0 |       0 |
| model._orig_mod.encoder.encoder.layer.2.attention.attention.query         |                37056 |                        0 |                        0 |       0 |
| model._orig_mod.encoder.encoder.layer.2.attention.attention.key           |                37056 |                        0 |                        0 |       0 |
| model._orig_mod.encoder.encoder.layer.2.attention.attention.value         |                37056 |                        0 |                        0 |       0 |
| model._orig_mod.encoder.encoder.layer.2.attention.output                  |                37056 |                        0 |                        0 |       0 |
| model._orig_mod.encoder.encoder.layer.2.attention.output.dense            |                37056 |                        0 |                        0 |       0 |
| model._orig_mod.encoder.encoder.layer.2.attention.output.dropout          |                    0 |                        0 |                        0 |       0 |
| model._orig_mod.encoder.encoder.layer.2.intermediate                      |               148224 |                        0 |                        0 |       0 |
| model._orig_mod.encoder.encoder.layer.2.intermediate.dense                |               148224 |                        0 |                        0 |       0 |
| model._orig_mod.encoder.encoder.layer.2.intermediate.intermediate_act_fn  |                    0 |                        0 |                        0 |       0 |
| model._orig_mod.encoder.encoder.layer.2.output                            |               147648 |                        0 |                        0 |       0 |
| model._orig_mod.encoder.encoder.layer.2.output.dense                      |               147648 |                        0 |                        0 |       0 |
| model._orig_mod.encoder.encoder.layer.2.output.dropout                    |                    0 |                        0 |                        0 |       0 |
| model._orig_mod.encoder.encoder.layer.2.layernorm_before                  |                  384 |                        0 |                        0 |       0 |
| model._orig_mod.encoder.encoder.layer.2.layernorm_after                   |                  384 |                        0 |                        0 |       0 |
| model._orig_mod.encoder.encoder.layer.3                                   |               444864 |                        0 |                        0 |       0 |
| model._orig_mod.encoder.encoder.layer.3.attention                         |               148224 |                        0 |                        0 |       0 |
| model._orig_mod.encoder.encoder.layer.3.attention.attention               |               111168 |                        0 |                        0 |       0 |
| model._orig_mod.encoder.encoder.layer.3.attention.attention.query         |                37056 |                        0 |                        0 |       0 |
| model._orig_mod.encoder.encoder.layer.3.attention.attention.key           |                37056 |                        0 |                        0 |       0 |
| model._orig_mod.encoder.encoder.layer.3.attention.attention.value         |                37056 |                        0 |                        0 |       0 |
| model._orig_mod.encoder.encoder.layer.3.attention.output                  |                37056 |                        0 |                        0 |       0 |
| model._orig_mod.encoder.encoder.layer.3.attention.output.dense            |                37056 |                        0 |                        0 |       0 |
| model._orig_mod.encoder.encoder.layer.3.attention.output.dropout          |                    0 |                        0 |                        0 |       0 |
| model._orig_mod.encoder.encoder.layer.3.intermediate                      |               148224 |                        0 |                        0 |       0 |
| model._orig_mod.encoder.encoder.layer.3.intermediate.dense                |               148224 |                        0 |                        0 |       0 |
| model._orig_mod.encoder.encoder.layer.3.intermediate.intermediate_act_fn  |                    0 |                        0 |                        0 |       0 |
| model._orig_mod.encoder.encoder.layer.3.output                            |               147648 |                        0 |                        0 |       0 |
| model._orig_mod.encoder.encoder.layer.3.output.dense                      |               147648 |                        0 |                        0 |       0 |
| model._orig_mod.encoder.encoder.layer.3.output.dropout                    |                    0 |                        0 |                        0 |       0 |
| model._orig_mod.encoder.encoder.layer.3.layernorm_before                  |                  384 |                        0 |                        0 |       0 |
| model._orig_mod.encoder.encoder.layer.3.layernorm_after                   |                  384 |                        0 |                        0 |       0 |
| model._orig_mod.encoder.encoder.layer.4                                   |               444864 |                        0 |                        0 |       0 |
| model._orig_mod.encoder.encoder.layer.4.attention                         |               148224 |                        0 |                        0 |       0 |
| model._orig_mod.encoder.encoder.layer.4.attention.attention               |               111168 |                        0 |                        0 |       0 |
| model._orig_mod.encoder.encoder.layer.4.attention.attention.query         |                37056 |                        0 |                        0 |       0 |
| model._orig_mod.encoder.encoder.layer.4.attention.attention.key           |                37056 |                        0 |                        0 |       0 |
| model._orig_mod.encoder.encoder.layer.4.attention.attention.value         |                37056 |                        0 |                        0 |       0 |
| model._orig_mod.encoder.encoder.layer.4.attention.output                  |                37056 |                        0 |                        0 |       0 |
| model._orig_mod.encoder.encoder.layer.4.attention.output.dense            |                37056 |                        0 |                        0 |       0 |
| model._orig_mod.encoder.encoder.layer.4.attention.output.dropout          |                    0 |                        0 |                        0 |       0 |
| model._orig_mod.encoder.encoder.layer.4.intermediate                      |               148224 |                        0 |                        0 |       0 |
| model._orig_mod.encoder.encoder.layer.4.intermediate.dense                |               148224 |                        0 |                        0 |       0 |
| model._orig_mod.encoder.encoder.layer.4.intermediate.intermediate_act_fn  |                    0 |                        0 |                        0 |       0 |
| model._orig_mod.encoder.encoder.layer.4.output                            |               147648 |                        0 |                        0 |       0 |
| model._orig_mod.encoder.encoder.layer.4.output.dense                      |               147648 |                        0 |                        0 |       0 |
| model._orig_mod.encoder.encoder.layer.4.output.dropout                    |                    0 |                        0 |                        0 |       0 |
| model._orig_mod.encoder.encoder.layer.4.layernorm_before                  |                  384 |                        0 |                        0 |       0 |
| model._orig_mod.encoder.encoder.layer.4.layernorm_after                   |                  384 |                        0 |                        0 |       0 |
| model._orig_mod.encoder.encoder.layer.5                                   |               444864 |                        0 |                        0 |       0 |
| model._orig_mod.encoder.encoder.layer.5.attention                         |               148224 |                        0 |                        0 |       0 |
| model._orig_mod.encoder.encoder.layer.5.attention.attention               |               111168 |                        0 |                        0 |       0 |
| model._orig_mod.encoder.encoder.layer.5.attention.attention.query         |                37056 |                        0 |                        0 |       0 |
| model._orig_mod.encoder.encoder.layer.5.attention.attention.key           |                37056 |                        0 |                        0 |       0 |
| model._orig_mod.encoder.encoder.layer.5.attention.attention.value         |                37056 |                        0 |                        0 |       0 |
| model._orig_mod.encoder.encoder.layer.5.attention.output                  |                37056 |                        0 |                        0 |       0 |
| model._orig_mod.encoder.encoder.layer.5.attention.output.dense            |                37056 |                        0 |                        0 |       0 |
| model._orig_mod.encoder.encoder.layer.5.attention.output.dropout          |                    0 |                        0 |                        0 |       0 |
| model._orig_mod.encoder.encoder.layer.5.intermediate                      |               148224 |                        0 |                        0 |       0 |
| model._orig_mod.encoder.encoder.layer.5.intermediate.dense                |               148224 |                        0 |                        0 |       0 |
| model._orig_mod.encoder.encoder.layer.5.intermediate.intermediate_act_fn  |                    0 |                        0 |                        0 |       0 |
| model._orig_mod.encoder.encoder.layer.5.output                            |               147648 |                        0 |                        0 |       0 |
| model._orig_mod.encoder.encoder.layer.5.output.dense                      |               147648 |                        0 |                        0 |       0 |
| model._orig_mod.encoder.encoder.layer.5.output.dropout                    |                    0 |                        0 |                        0 |       0 |
| model._orig_mod.encoder.encoder.layer.5.layernorm_before                  |                  384 |                        0 |                        0 |       0 |
| model._orig_mod.encoder.encoder.layer.5.layernorm_after                   |                  384 |                        0 |                        0 |       0 |
| model._orig_mod.encoder.encoder.layer.6                                   |               444864 |                        0 |                        0 |       0 |
| model._orig_mod.encoder.encoder.layer.6.attention                         |               148224 |                        0 |                        0 |       0 |
| model._orig_mod.encoder.encoder.layer.6.attention.attention               |               111168 |                        0 |                        0 |       0 |
| model._orig_mod.encoder.encoder.layer.6.attention.attention.query         |                37056 |                        0 |                        0 |       0 |
| model._orig_mod.encoder.encoder.layer.6.attention.attention.key           |                37056 |                        0 |                        0 |       0 |
| model._orig_mod.encoder.encoder.layer.6.attention.attention.value         |                37056 |                        0 |                        0 |       0 |
| model._orig_mod.encoder.encoder.layer.6.attention.output                  |                37056 |                        0 |                        0 |       0 |
| model._orig_mod.encoder.encoder.layer.6.attention.output.dense            |                37056 |                        0 |                        0 |       0 |
| model._orig_mod.encoder.encoder.layer.6.attention.output.dropout          |                    0 |                        0 |                        0 |       0 |
| model._orig_mod.encoder.encoder.layer.6.intermediate                      |               148224 |                        0 |                        0 |       0 |
| model._orig_mod.encoder.encoder.layer.6.intermediate.dense                |               148224 |                        0 |                        0 |       0 |
| model._orig_mod.encoder.encoder.layer.6.intermediate.intermediate_act_fn  |                    0 |                        0 |                        0 |       0 |
| model._orig_mod.encoder.encoder.layer.6.output                            |               147648 |                        0 |                        0 |       0 |
| model._orig_mod.encoder.encoder.layer.6.output.dense                      |               147648 |                        0 |                        0 |       0 |
| model._orig_mod.encoder.encoder.layer.6.output.dropout                    |                    0 |                        0 |                        0 |       0 |
| model._orig_mod.encoder.encoder.layer.6.layernorm_before                  |                  384 |                        0 |                        0 |       0 |
| model._orig_mod.encoder.encoder.layer.6.layernorm_after                   |                  384 |                        0 |                        0 |       0 |
| model._orig_mod.encoder.encoder.layer.7                                   |               444864 |                        0 |                        0 |       0 |
| model._orig_mod.encoder.encoder.layer.7.attention                         |               148224 |                        0 |                        0 |       0 |
| model._orig_mod.encoder.encoder.layer.7.attention.attention               |               111168 |                        0 |                        0 |       0 |
| model._orig_mod.encoder.encoder.layer.7.attention.attention.query         |                37056 |                        0 |                        0 |       0 |
| model._orig_mod.encoder.encoder.layer.7.attention.attention.key           |                37056 |                        0 |                        0 |       0 |
| model._orig_mod.encoder.encoder.layer.7.attention.attention.value         |                37056 |                        0 |                        0 |       0 |
| model._orig_mod.encoder.encoder.layer.7.attention.output                  |                37056 |                        0 |                        0 |       0 |
| model._orig_mod.encoder.encoder.layer.7.attention.output.dense            |                37056 |                        0 |                        0 |       0 |
| model._orig_mod.encoder.encoder.layer.7.attention.output.dropout          |                    0 |                        0 |                        0 |       0 |
| model._orig_mod.encoder.encoder.layer.7.intermediate                      |               148224 |                        0 |                        0 |       0 |
| model._orig_mod.encoder.encoder.layer.7.intermediate.dense                |               148224 |                        0 |                        0 |       0 |
| model._orig_mod.encoder.encoder.layer.7.intermediate.intermediate_act_fn  |                    0 |                        0 |                        0 |       0 |
| model._orig_mod.encoder.encoder.layer.7.output                            |               147648 |                        0 |                        0 |       0 |
| model._orig_mod.encoder.encoder.layer.7.output.dense                      |               147648 |                        0 |                        0 |       0 |
| model._orig_mod.encoder.encoder.layer.7.output.dropout                    |                    0 |                        0 |                        0 |       0 |
| model._orig_mod.encoder.encoder.layer.7.layernorm_before                  |                  384 |                        0 |                        0 |       0 |
| model._orig_mod.encoder.encoder.layer.7.layernorm_after                   |                  384 |                        0 |                        0 |       0 |
| model._orig_mod.encoder.encoder.layer.8                                   |               444864 |                        0 |                        0 |       0 |
| model._orig_mod.encoder.encoder.layer.8.attention                         |               148224 |                        0 |                        0 |       0 |
| model._orig_mod.encoder.encoder.layer.8.attention.attention               |               111168 |                        0 |                        0 |       0 |
| model._orig_mod.encoder.encoder.layer.8.attention.attention.query         |                37056 |                        0 |                        0 |       0 |
| model._orig_mod.encoder.encoder.layer.8.attention.attention.key           |                37056 |                        0 |                        0 |       0 |
| model._orig_mod.encoder.encoder.layer.8.attention.attention.value         |                37056 |                        0 |                        0 |       0 |
| model._orig_mod.encoder.encoder.layer.8.attention.output                  |                37056 |                        0 |                        0 |       0 |
| model._orig_mod.encoder.encoder.layer.8.attention.output.dense            |                37056 |                        0 |                        0 |       0 |
| model._orig_mod.encoder.encoder.layer.8.attention.output.dropout          |                    0 |                        0 |                        0 |       0 |
| model._orig_mod.encoder.encoder.layer.8.intermediate                      |               148224 |                        0 |                        0 |       0 |
| model._orig_mod.encoder.encoder.layer.8.intermediate.dense                |               148224 |                        0 |                        0 |       0 |
| model._orig_mod.encoder.encoder.layer.8.intermediate.intermediate_act_fn  |                    0 |                        0 |                        0 |       0 |
| model._orig_mod.encoder.encoder.layer.8.output                            |               147648 |                        0 |                        0 |       0 |
| model._orig_mod.encoder.encoder.layer.8.output.dense                      |               147648 |                        0 |                        0 |       0 |
| model._orig_mod.encoder.encoder.layer.8.output.dropout                    |                    0 |                        0 |                        0 |       0 |
| model._orig_mod.encoder.encoder.layer.8.layernorm_before                  |                  384 |                        0 |                        0 |       0 |
| model._orig_mod.encoder.encoder.layer.8.layernorm_after                   |                  384 |                        0 |                        0 |       0 |
| model._orig_mod.encoder.encoder.layer.9                                   |               444864 |                        0 |                        0 |       0 |
| model._orig_mod.encoder.encoder.layer.9.attention                         |               148224 |                        0 |                        0 |       0 |
| model._orig_mod.encoder.encoder.layer.9.attention.attention               |               111168 |                        0 |                        0 |       0 |
| model._orig_mod.encoder.encoder.layer.9.attention.attention.query         |                37056 |                        0 |                        0 |       0 |
| model._orig_mod.encoder.encoder.layer.9.attention.attention.key           |                37056 |                        0 |                        0 |       0 |
| model._orig_mod.encoder.encoder.layer.9.attention.attention.value         |                37056 |                        0 |                        0 |       0 |
| model._orig_mod.encoder.encoder.layer.9.attention.output                  |                37056 |                        0 |                        0 |       0 |
| model._orig_mod.encoder.encoder.layer.9.attention.output.dense            |                37056 |                        0 |                        0 |       0 |
| model._orig_mod.encoder.encoder.layer.9.attention.output.dropout          |                    0 |                        0 |                        0 |       0 |
| model._orig_mod.encoder.encoder.layer.9.intermediate                      |               148224 |                        0 |                        0 |       0 |
| model._orig_mod.encoder.encoder.layer.9.intermediate.dense                |               148224 |                        0 |                        0 |       0 |
| model._orig_mod.encoder.encoder.layer.9.intermediate.intermediate_act_fn  |                    0 |                        0 |                        0 |       0 |
| model._orig_mod.encoder.encoder.layer.9.output                            |               147648 |                        0 |                        0 |       0 |
| model._orig_mod.encoder.encoder.layer.9.output.dense                      |               147648 |                        0 |                        0 |       0 |
| model._orig_mod.encoder.encoder.layer.9.output.dropout                    |                    0 |                        0 |                        0 |       0 |
| model._orig_mod.encoder.encoder.layer.9.layernorm_before                  |                  384 |                        0 |                        0 |       0 |
| model._orig_mod.encoder.encoder.layer.9.layernorm_after                   |                  384 |                        0 |                        0 |       0 |
| model._orig_mod.encoder.encoder.layer.10                                  |               444864 |                        0 |                        0 |       0 |
| model._orig_mod.encoder.encoder.layer.10.attention                        |               148224 |                        0 |                        0 |       0 |
| model._orig_mod.encoder.encoder.layer.10.attention.attention              |               111168 |                        0 |                        0 |       0 |
| model._orig_mod.encoder.encoder.layer.10.attention.attention.query        |                37056 |                        0 |                        0 |       0 |
| model._orig_mod.encoder.encoder.layer.10.attention.attention.key          |                37056 |                        0 |                        0 |       0 |
| model._orig_mod.encoder.encoder.layer.10.attention.attention.value        |                37056 |                        0 |                        0 |       0 |
| model._orig_mod.encoder.encoder.layer.10.attention.output                 |                37056 |                        0 |                        0 |       0 |
| model._orig_mod.encoder.encoder.layer.10.attention.output.dense           |                37056 |                        0 |                        0 |       0 |
| model._orig_mod.encoder.encoder.layer.10.attention.output.dropout         |                    0 |                        0 |                        0 |       0 |
| model._orig_mod.encoder.encoder.layer.10.intermediate                     |               148224 |                        0 |                        0 |       0 |
| model._orig_mod.encoder.encoder.layer.10.intermediate.dense               |               148224 |                        0 |                        0 |       0 |
| model._orig_mod.encoder.encoder.layer.10.intermediate.intermediate_act_fn |                    0 |                        0 |                        0 |       0 |
| model._orig_mod.encoder.encoder.layer.10.output                           |               147648 |                        0 |                        0 |       0 |
| model._orig_mod.encoder.encoder.layer.10.output.dense                     |               147648 |                        0 |                        0 |       0 |
| model._orig_mod.encoder.encoder.layer.10.output.dropout                   |                    0 |                        0 |                        0 |       0 |
| model._orig_mod.encoder.encoder.layer.10.layernorm_before                 |                  384 |                        0 |                        0 |       0 |
| model._orig_mod.encoder.encoder.layer.10.layernorm_after                  |                  384 |                        0 |                        0 |       0 |
| model._orig_mod.encoder.encoder.layer.11                                  |               444864 |                        0 |                        0 |       0 |
| model._orig_mod.encoder.encoder.layer.11.attention                        |               148224 |                        0 |                        0 |       0 |
| model._orig_mod.encoder.encoder.layer.11.attention.attention              |               111168 |                        0 |                        0 |       0 |
| model._orig_mod.encoder.encoder.layer.11.attention.attention.query        |                37056 |                        0 |                        0 |       0 |
| model._orig_mod.encoder.encoder.layer.11.attention.attention.key          |                37056 |                        0 |                        0 |       0 |
| model._orig_mod.encoder.encoder.layer.11.attention.attention.value        |                37056 |                        0 |                        0 |       0 |
| model._orig_mod.encoder.encoder.layer.11.attention.output                 |                37056 |                        0 |                        0 |       0 |
| model._orig_mod.encoder.encoder.layer.11.attention.output.dense           |                37056 |                        0 |                        0 |       0 |
| model._orig_mod.encoder.encoder.layer.11.attention.output.dropout         |                    0 |                        0 |                        0 |       0 |
| model._orig_mod.encoder.encoder.layer.11.intermediate                     |               148224 |                        0 |                        0 |       0 |
| model._orig_mod.encoder.encoder.layer.11.intermediate.dense               |               148224 |                        0 |                        0 |       0 |
| model._orig_mod.encoder.encoder.layer.11.intermediate.intermediate_act_fn |                    0 |                        0 |                        0 |       0 |
| model._orig_mod.encoder.encoder.layer.11.output                           |               147648 |                        0 |                        0 |       0 |
| model._orig_mod.encoder.encoder.layer.11.output.dense                     |               147648 |                        0 |                        0 |       0 |
| model._orig_mod.encoder.encoder.layer.11.output.dropout                   |                    0 |                        0 |                        0 |       0 |
| model._orig_mod.encoder.encoder.layer.11.layernorm_before                 |                  384 |                        0 |                        0 |       0 |
| model._orig_mod.encoder.encoder.layer.11.layernorm_after                  |                  384 |                        0 |                        0 |       0 |
| model._orig_mod.encoder.layernorm                                         |                  384 |                        0 |                        0 |       0 |
| model._orig_mod.predictor                                                 |             10791360 |                        0 |                        0 |       0 |
| model._orig_mod.predictor.dropout                                         |                    0 |                        0 |                        0 |       0 |
| model._orig_mod.predictor.transformer                                     |             10790784 |                        0 |                        0 |       0 |
| model._orig_mod.predictor.transformer.norm                                |                  384 |                        0 |                        0 |       0 |
| model._orig_mod.predictor.transformer.layers                              |             10790400 |                        0 |                        0 |       0 |
| model._orig_mod.predictor.transformer.layers.0                            |              1798400 |                        0 |                        0 |       0 |
| model._orig_mod.predictor.transformer.layers.0.attn                       |               787008 |                        0 |                        0 |       0 |
| model._orig_mod.predictor.transformer.layers.0.attn.norm                  |                  384 |                        0 |                        0 |       0 |
| model._orig_mod.predictor.transformer.layers.0.attn.attend                |                    0 |                        0 |                        0 |       0 |
| model._orig_mod.predictor.transformer.layers.0.attn.to_qkv                |               589824 |                        0 |                        0 |       0 |
| model._orig_mod.predictor.transformer.layers.0.attn.to_out                |               196800 |                        0 |                        0 |       0 |
| model._orig_mod.predictor.transformer.layers.0.attn.to_out.0              |               196800 |                        0 |                        0 |       0 |
| model._orig_mod.predictor.transformer.layers.0.attn.to_out.1              |                    0 |                        0 |                        0 |       0 |
| model._orig_mod.predictor.transformer.layers.0.mlp                        |               789056 |                        0 |                        0 |       0 |
| model._orig_mod.predictor.transformer.layers.0.mlp.net                    |               789056 |                        0 |                        0 |       0 |
| model._orig_mod.predictor.transformer.layers.0.mlp.net.0                  |                  384 |                        0 |                        0 |       0 |
| model._orig_mod.predictor.transformer.layers.0.mlp.net.1                  |               395264 |                        0 |                        0 |       0 |
| model._orig_mod.predictor.transformer.layers.0.mlp.net.2                  |                    0 |                        0 |                        0 |       0 |
| model._orig_mod.predictor.transformer.layers.0.mlp.net.3                  |                    0 |                        0 |                        0 |       0 |
| model._orig_mod.predictor.transformer.layers.0.mlp.net.4                  |               393408 |                        0 |                        0 |       0 |
| model._orig_mod.predictor.transformer.layers.0.mlp.net.5                  |                    0 |                        0 |                        0 |       0 |
| model._orig_mod.predictor.transformer.layers.0.norm1                      |                    0 |                        0 |                        0 |       0 |
| model._orig_mod.predictor.transformer.layers.0.norm2                      |                    0 |                        0 |                        0 |       0 |
| model._orig_mod.predictor.transformer.layers.0.adaLN_modulation           |               222336 |                        0 |                        0 |       0 |
| model._orig_mod.predictor.transformer.layers.0.adaLN_modulation.0         |                    0 |                        0 |                        0 |       0 |
| model._orig_mod.predictor.transformer.layers.0.adaLN_modulation.1         |               222336 |                        0 |                        0 |       0 |
| model._orig_mod.predictor.transformer.layers.1                            |              1798400 |                        0 |                        0 |       0 |
| model._orig_mod.predictor.transformer.layers.1.attn                       |               787008 |                        0 |                        0 |       0 |
| model._orig_mod.predictor.transformer.layers.1.attn.norm                  |                  384 |                        0 |                        0 |       0 |
| model._orig_mod.predictor.transformer.layers.1.attn.attend                |                    0 |                        0 |                        0 |       0 |
| model._orig_mod.predictor.transformer.layers.1.attn.to_qkv                |               589824 |                        0 |                        0 |       0 |
| model._orig_mod.predictor.transformer.layers.1.attn.to_out                |               196800 |                        0 |                        0 |       0 |
| model._orig_mod.predictor.transformer.layers.1.attn.to_out.0              |               196800 |                        0 |                        0 |       0 |
| model._orig_mod.predictor.transformer.layers.1.attn.to_out.1              |                    0 |                        0 |                        0 |       0 |
| model._orig_mod.predictor.transformer.layers.1.mlp                        |               789056 |                        0 |                        0 |       0 |
| model._orig_mod.predictor.transformer.layers.1.mlp.net                    |               789056 |                        0 |                        0 |       0 |
| model._orig_mod.predictor.transformer.layers.1.mlp.net.0                  |                  384 |                        0 |                        0 |       0 |
| model._orig_mod.predictor.transformer.layers.1.mlp.net.1                  |               395264 |                        0 |                        0 |       0 |
| model._orig_mod.predictor.transformer.layers.1.mlp.net.2                  |                    0 |                        0 |                        0 |       0 |
| model._orig_mod.predictor.transformer.layers.1.mlp.net.3                  |                    0 |                        0 |                        0 |       0 |
| model._orig_mod.predictor.transformer.layers.1.mlp.net.4                  |               393408 |                        0 |                        0 |       0 |
| model._orig_mod.predictor.transformer.layers.1.mlp.net.5                  |                    0 |                        0 |                        0 |       0 |
| model._orig_mod.predictor.transformer.layers.1.norm1                      |                    0 |                        0 |                        0 |       0 |
| model._orig_mod.predictor.transformer.layers.1.norm2                      |                    0 |                        0 |                        0 |       0 |
| model._orig_mod.predictor.transformer.layers.1.adaLN_modulation           |               222336 |                        0 |                        0 |       0 |
| model._orig_mod.predictor.transformer.layers.1.adaLN_modulation.0         |                    0 |                        0 |                        0 |       0 |
| model._orig_mod.predictor.transformer.layers.1.adaLN_modulation.1         |               222336 |                        0 |                        0 |       0 |
| model._orig_mod.predictor.transformer.layers.2                            |              1798400 |                        0 |                        0 |       0 |
| model._orig_mod.predictor.transformer.layers.2.attn                       |               787008 |                        0 |                        0 |       0 |
| model._orig_mod.predictor.transformer.layers.2.attn.norm                  |                  384 |                        0 |                        0 |       0 |
| model._orig_mod.predictor.transformer.layers.2.attn.attend                |                    0 |                        0 |                        0 |       0 |
| model._orig_mod.predictor.transformer.layers.2.attn.to_qkv                |               589824 |                        0 |                        0 |       0 |
| model._orig_mod.predictor.transformer.layers.2.attn.to_out                |               196800 |                        0 |                        0 |       0 |
| model._orig_mod.predictor.transformer.layers.2.attn.to_out.0              |               196800 |                        0 |                        0 |       0 |
| model._orig_mod.predictor.transformer.layers.2.attn.to_out.1              |                    0 |                        0 |                        0 |       0 |
| model._orig_mod.predictor.transformer.layers.2.mlp                        |               789056 |                        0 |                        0 |       0 |
| model._orig_mod.predictor.transformer.layers.2.mlp.net                    |               789056 |                        0 |                        0 |       0 |
| model._orig_mod.predictor.transformer.layers.2.mlp.net.0                  |                  384 |                        0 |                        0 |       0 |
| model._orig_mod.predictor.transformer.layers.2.mlp.net.1                  |               395264 |                        0 |                        0 |       0 |
| model._orig_mod.predictor.transformer.layers.2.mlp.net.2                  |                    0 |                        0 |                        0 |       0 |
| model._orig_mod.predictor.transformer.layers.2.mlp.net.3                  |                    0 |                        0 |                        0 |       0 |
| model._orig_mod.predictor.transformer.layers.2.mlp.net.4                  |               393408 |                        0 |                        0 |       0 |
| model._orig_mod.predictor.transformer.layers.2.mlp.net.5                  |                    0 |                        0 |                        0 |       0 |
| model._orig_mod.predictor.transformer.layers.2.norm1                      |                    0 |                        0 |                        0 |       0 |
| model._orig_mod.predictor.transformer.layers.2.norm2                      |                    0 |                        0 |                        0 |       0 |
| model._orig_mod.predictor.transformer.layers.2.adaLN_modulation           |               222336 |                        0 |                        0 |       0 |
| model._orig_mod.predictor.transformer.layers.2.adaLN_modulation.0         |                    0 |                        0 |                        0 |       0 |
| model._orig_mod.predictor.transformer.layers.2.adaLN_modulation.1         |               222336 |                        0 |                        0 |       0 |
| model._orig_mod.predictor.transformer.layers.3                            |              1798400 |                        0 |                        0 |       0 |
| model._orig_mod.predictor.transformer.layers.3.attn                       |               787008 |                        0 |                        0 |       0 |
| model._orig_mod.predictor.transformer.layers.3.attn.norm                  |                  384 |                        0 |                        0 |       0 |
| model._orig_mod.predictor.transformer.layers.3.attn.attend                |                    0 |                        0 |                        0 |       0 |
| model._orig_mod.predictor.transformer.layers.3.attn.to_qkv                |               589824 |                        0 |                        0 |       0 |
| model._orig_mod.predictor.transformer.layers.3.attn.to_out                |               196800 |                        0 |                        0 |       0 |
| model._orig_mod.predictor.transformer.layers.3.attn.to_out.0              |               196800 |                        0 |                        0 |       0 |
| model._orig_mod.predictor.transformer.layers.3.attn.to_out.1              |                    0 |                        0 |                        0 |       0 |
| model._orig_mod.predictor.transformer.layers.3.mlp                        |               789056 |                        0 |                        0 |       0 |
| model._orig_mod.predictor.transformer.layers.3.mlp.net                    |               789056 |                        0 |                        0 |       0 |
| model._orig_mod.predictor.transformer.layers.3.mlp.net.0                  |                  384 |                        0 |                        0 |       0 |
| model._orig_mod.predictor.transformer.layers.3.mlp.net.1                  |               395264 |                        0 |                        0 |       0 |
| model._orig_mod.predictor.transformer.layers.3.mlp.net.2                  |                    0 |                        0 |                        0 |       0 |
| model._orig_mod.predictor.transformer.layers.3.mlp.net.3                  |                    0 |                        0 |                        0 |       0 |
| model._orig_mod.predictor.transformer.layers.3.mlp.net.4                  |               393408 |                        0 |                        0 |       0 |
| model._orig_mod.predictor.transformer.layers.3.mlp.net.5                  |                    0 |                        0 |                        0 |       0 |
| model._orig_mod.predictor.transformer.layers.3.norm1                      |                    0 |                        0 |                        0 |       0 |
| model._orig_mod.predictor.transformer.layers.3.norm2                      |                    0 |                        0 |                        0 |       0 |
| model._orig_mod.predictor.transformer.layers.3.adaLN_modulation           |               222336 |                        0 |                        0 |       0 |
| model._orig_mod.predictor.transformer.layers.3.adaLN_modulation.0         |                    0 |                        0 |                        0 |       0 |
| model._orig_mod.predictor.transformer.layers.3.adaLN_modulation.1         |               222336 |                        0 |                        0 |       0 |
| model._orig_mod.predictor.transformer.layers.4                            |              1798400 |                        0 |                        0 |       0 |
| model._orig_mod.predictor.transformer.layers.4.attn                       |               787008 |                        0 |                        0 |       0 |
| model._orig_mod.predictor.transformer.layers.4.attn.norm                  |                  384 |                        0 |                        0 |       0 |
| model._orig_mod.predictor.transformer.layers.4.attn.attend                |                    0 |                        0 |                        0 |       0 |
| model._orig_mod.predictor.transformer.layers.4.attn.to_qkv                |               589824 |                        0 |                        0 |       0 |
| model._orig_mod.predictor.transformer.layers.4.attn.to_out                |               196800 |                        0 |                        0 |       0 |
| model._orig_mod.predictor.transformer.layers.4.attn.to_out.0              |               196800 |                        0 |                        0 |       0 |
| model._orig_mod.predictor.transformer.layers.4.attn.to_out.1              |                    0 |                        0 |                        0 |       0 |
| model._orig_mod.predictor.transformer.layers.4.mlp                        |               789056 |                        0 |                        0 |       0 |
| model._orig_mod.predictor.transformer.layers.4.mlp.net                    |               789056 |                        0 |                        0 |       0 |
| model._orig_mod.predictor.transformer.layers.4.mlp.net.0                  |                  384 |                        0 |                        0 |       0 |
| model._orig_mod.predictor.transformer.layers.4.mlp.net.1                  |               395264 |                        0 |                        0 |       0 |
| model._orig_mod.predictor.transformer.layers.4.mlp.net.2                  |                    0 |                        0 |                        0 |       0 |
| model._orig_mod.predictor.transformer.layers.4.mlp.net.3                  |                    0 |                        0 |                        0 |       0 |
| model._orig_mod.predictor.transformer.layers.4.mlp.net.4                  |               393408 |                        0 |                        0 |       0 |
| model._orig_mod.predictor.transformer.layers.4.mlp.net.5                  |                    0 |                        0 |                        0 |       0 |
| model._orig_mod.predictor.transformer.layers.4.norm1                      |                    0 |                        0 |                        0 |       0 |
| model._orig_mod.predictor.transformer.layers.4.norm2                      |                    0 |                        0 |                        0 |       0 |
| model._orig_mod.predictor.transformer.layers.4.adaLN_modulation           |               222336 |                        0 |                        0 |       0 |
| model._orig_mod.predictor.transformer.layers.4.adaLN_modulation.0         |                    0 |                        0 |                        0 |       0 |
| model._orig_mod.predictor.transformer.layers.4.adaLN_modulation.1         |               222336 |                        0 |                        0 |       0 |
| model._orig_mod.predictor.transformer.layers.5                            |              1798400 |                        0 |                        0 |       0 |
| model._orig_mod.predictor.transformer.layers.5.attn                       |               787008 |                        0 |                        0 |       0 |
| model._orig_mod.predictor.transformer.layers.5.attn.norm                  |                  384 |                        0 |                        0 |       0 |
| model._orig_mod.predictor.transformer.layers.5.attn.attend                |                    0 |                        0 |                        0 |       0 |
| model._orig_mod.predictor.transformer.layers.5.attn.to_qkv                |               589824 |                        0 |                        0 |       0 |
| model._orig_mod.predictor.transformer.layers.5.attn.to_out                |               196800 |                        0 |                        0 |       0 |
| model._orig_mod.predictor.transformer.layers.5.attn.to_out.0              |               196800 |                        0 |                        0 |       0 |
| model._orig_mod.predictor.transformer.layers.5.attn.to_out.1              |                    0 |                        0 |                        0 |       0 |
| model._orig_mod.predictor.transformer.layers.5.mlp                        |               789056 |                        0 |                        0 |       0 |
| model._orig_mod.predictor.transformer.layers.5.mlp.net                    |               789056 |                        0 |                        0 |       0 |
| model._orig_mod.predictor.transformer.layers.5.mlp.net.0                  |                  384 |                        0 |                        0 |       0 |
| model._orig_mod.predictor.transformer.layers.5.mlp.net.1                  |               395264 |                        0 |                        0 |       0 |
| model._orig_mod.predictor.transformer.layers.5.mlp.net.2                  |                    0 |                        0 |                        0 |       0 |
| model._orig_mod.predictor.transformer.layers.5.mlp.net.3                  |                    0 |                        0 |                        0 |       0 |
| model._orig_mod.predictor.transformer.layers.5.mlp.net.4                  |               393408 |                        0 |                        0 |       0 |
| model._orig_mod.predictor.transformer.layers.5.mlp.net.5                  |                    0 |                        0 |                        0 |       0 |
| model._orig_mod.predictor.transformer.layers.5.norm1                      |                    0 |                        0 |                        0 |       0 |
| model._orig_mod.predictor.transformer.layers.5.norm2                      |                    0 |                        0 |                        0 |       0 |
| model._orig_mod.predictor.transformer.layers.5.adaLN_modulation           |               222336 |                        0 |                        0 |       0 |
| model._orig_mod.predictor.transformer.layers.5.adaLN_modulation.0         |                    0 |                        0 |                        0 |       0 |
| model._orig_mod.predictor.transformer.layers.5.adaLN_modulation.1         |               222336 |                        0 |                        0 |       0 |
| model._orig_mod.predictor.transformer.input_proj                          |                    0 |                        0 |                        0 |       0 |
| model._orig_mod.predictor.transformer.cond_proj                           |                    0 |                        0 |                        0 |       0 |
| model._orig_mod.predictor.transformer.output_proj                         |                    0 |                        0 |                        0 |       0 |
| model._orig_mod.action_encoder                                            |               746798 |                        0 |                        0 |       0 |
| model._orig_mod.action_encoder.patch_embed                                |                  110 |                        0 |                        0 |       0 |
| model._orig_mod.action_encoder.embed                                      |               746688 |                        0 |                        0 |       0 |
| model._orig_mod.action_encoder.embed.0                                    |                 8448 |                        0 |                        0 |       0 |
| model._orig_mod.action_encoder.embed.1                                    |                    0 |                        0 |                        0 |       0 |
| model._orig_mod.action_encoder.embed.2                                    |               590592 |                        0 |                        0 |       0 |
| model._orig_mod.action_encoder.embed.3                                    |                    0 |                        0 |                        0 |       0 |
| model._orig_mod.action_encoder.embed.4                                    |               147648 |                        0 |                        0 |       0 |
| model._orig_mod.projector                                                 |               792768 |                        0 |                        0 |    4097 |
| model._orig_mod.projector.net                                             |               792768 |                        0 |                        0 |    4097 |
| model._orig_mod.projector.net.0                                           |               395264 |                        0 |                        0 |       0 |
| model._orig_mod.projector.net.1                                           |                 4096 |                        0 |                        0 |    4097 |
| model._orig_mod.projector.net.2                                           |                    0 |                        0 |                        0 |       0 |
| model._orig_mod.projector.net.3                                           |               393408 |                        0 |                        0 |       0 |
| model._orig_mod.pred_proj                                                 |               792768 |                        0 |                        0 |    4097 |
| model._orig_mod.pred_proj.net                                             |               792768 |                        0 |                        0 |    4097 |
| model._orig_mod.pred_proj.net.0                                           |               395264 |                        0 |                        0 |       0 |
| model._orig_mod.pred_proj.net.1                                           |                 4096 |                        0 |                        0 |    4097 |
| model._orig_mod.pred_proj.net.2                                           |                    0 |                        0 |                        0 |       0 |
| model._orig_mod.pred_proj.net.3                                           |               393408 |                        0 |                        0 |       0 |
| rdmreg                                                                    |                    0 |                        0 |                        0 |       0 |
+---------------------------------------------------------------------------+----------------------+--------------------------+--------------------------+---------+
21:55:17.337 | INFO    (308307, stable_pretraining.callbacks.trainer_info) | ---- SLURM INFO ---- 🔧
21:55:17.337 | INFO    (308307, stable_pretraining.callbacks.trainer_info) | Job ID: N/A
21:55:17.338 | INFO    (308307, stable_pretraining.callbacks.trainer_info) | Task ID: N/A
21:55:17.338 | INFO    (308307, stable_pretraining.callbacks.trainer_info) | Job Name: N/A
21:55:17.338 | INFO    (308307, stable_pretraining.callbacks.trainer_info) | Nodes: N/A
21:55:17.338 | INFO    (308307, stable_pretraining.callbacks.trainer_info) | Tasks: N/A
21:55:17.338 | INFO    (308307, stable_pretraining.callbacks.trainer_info) | CPUs per node: N/A
21:55:17.338 | INFO    (308307, stable_pretraining.callbacks.trainer_info) | CPUs per task: N/A
21:55:17.338 | INFO    (308307, stable_pretraining.callbacks.trainer_info) | Memory per node: N/A
21:55:17.338 | INFO    (308307, stable_pretraining.callbacks.trainer_info) | Memory per CPU: N/A
21:55:17.338 | INFO    (308307, stable_pretraining.callbacks.trainer_info) | Time limit: N/A
21:55:17.339 | INFO    (308307, stable_pretraining.callbacks.trainer_info) | Partition: N/A
21:55:17.339 | INFO    (308307, stable_pretraining.callbacks.trainer_info) | Node List: N/A
21:55:17.339 | INFO    (308307, stable_pretraining.callbacks.trainer_info) | Submit Directory: N/A
21:55:17.339 | INFO    (308307, stable_pretraining.callbacks.cpu_offload) | CPUOffloadCallback: Setup called for stage 'fit'
21:55:17.339 | INFO    (308307, stable_pretraining.callbacks.cpu_offload) |   - Trainer rank: 0/1
21:55:17.339 | INFO    (308307, stable_pretraining.callbacks.cpu_offload) |   - Strategy: SingleDeviceStrategy
21:55:17.339 | SUCCESS (308307, stable_pretraining.callbacks.cpu_offload) | ✓ Strategy 'SingleDeviceStrategy' is compatible with CPU offload
21:55:17.340 | SUCCESS (308307, stable_pretraining.callbacks.cpu_offload) | ✓ CPUOffloadCallback ENABLED for strategy 'SingleDeviceStrategy'
21:55:17.340 | INFO    (308307, stable_pretraining.callbacks.cpu_offload) |   - This rank will handle checkpoint saving and CPU offload
/home/ubuntu/miniconda3/envs/jepa-wms/lib/python3.10/site-packages/lightning/pytorch/callbacks/model_checkpoint.py:881: Checkpoint directory /home/ubuntu/le-wm-palash/lewm-pusht exists and is not empty.
LOCAL_RANK: 0 - CUDA_VISIBLE_DEVICES: [0]
21:55:17.399 | INFO    (308307, stable_pretraining.module) | Configuring optimizers and learning rate schedulers...
21:55:17.400 | INFO    (308307, stable_pretraining.module) | 	Optimizer specified by Dict with keys ['model_opt']... 🔧
21:55:17.404 | INFO    (308307, stable_pretraining.module) | 
┏━━━━━━━━━━━━━┳━━━━━━━━━━━┳━━━━━━━━━━━━━━━━━━━┳━━━━━━━━━━━━━━━━━┳━━━━━━━━━━━━━━━━┳━━━━━━━━━━━━━━━━━━━━━━━━┓
┃ Optimizer   ┃ Pattern   ┃   Matched Modules ┃   Param Tensors ┃   Total Params ┃   RequiresGrad Tensors ┃
┣━━━━━━━━━━━━━╋━━━━━━━━━━━╋━━━━━━━━━━━━━━━━━━━╋━━━━━━━━━━━━━━━━━╋━━━━━━━━━━━━━━━━╋━━━━━━━━━━━━━━━━━━━━━━━━┫
┃ model_opt   ┃ model     ┃               368 ┃             299 ┃       18588206 ┃                    299 ┃
┗━━━━━━━━━━━━━┻━━━━━━━━━━━┻━━━━━━━━━━━━━━━━━━━┻━━━━━━━━━━━━━━━━━┻━━━━━━━━━━━━━━━━┻━━━━━━━━━━━━━━━━━━━━━━━━┛
21:55:17.404 | INFO    (308307, stable_pretraining.optim.lr_scheduler) | 	User provided a dict
Loading `train_dataloader` to estimate number of stepping batches.
21:55:18.162 | INFO    (308307, stable_pretraining.module) | Configured optimizer 'model_opt' (modules=368, param_tensors=299, total_params=18588206) with LinearWarmupCosineAnnealingLR scheduler.
/home/ubuntu/miniconda3/envs/jepa-wms/lib/python3.10/site-packages/lightning/pytorch/utilities/model_summary/model_summary.py:242: Precision bf16-mixed is not supported by the model summary.  Estimated model size in MB will not be accurate. Using 32 bits instead.
21:55:18.183 | WARNING (308307, stable_pretraining.module) | You are calling self.parameters which also gives callbacks parameters, to remove then, pass `with_callbacks=False`
21:55:18.186 | WARNING (308307, stable_pretraining.module) | You are calling self.parameters which also gives callbacks parameters, to remove then, pass `with_callbacks=False`
21:55:18.188 | WARNING (308307, stable_pretraining.module) | You are calling self.parameters which also gives callbacks parameters, to remove then, pass `with_callbacks=False`
21:55:18.191 | WARNING (308307, stable_pretraining.module) | You are calling self.parameters which also gives callbacks parameters, to remove then, pass `with_callbacks=False`
┏━━━┳━━━━━━━━━━━━━━━━━━━┳━━━━━━━━━━━━━━━━━┳━━━━━━━━┳━━━━━━━┳━━━━━━━┓
┃   ┃ Name              ┃ Type            ┃ Params ┃ Mode  ┃ FLOPs ┃
┡━━━╇━━━━━━━━━━━━━━━━━━━╇━━━━━━━━━━━━━━━━━╇━━━━━━━━╇━━━━━━━╇━━━━━━━┩
│ 0 │ callbacks_modules │ ModuleDict      │      0 │ train │     0 │
│ 1 │ callbacks_metrics │ ModuleDict      │      0 │ train │     0 │
│ 2 │ model             │ OptimizedModule │ 18.6 M │ train │     0 │
│ 3 │ rdmreg            │ RDMReg          │      0 │ train │     0 │
└───┴───────────────────┴─────────────────┴────────┴───────┴───────┘
Trainable params: 18.6 M                                                        
Non-trainable params: 0                                                         
Total params: 18.6 M                                                            
Total estimated model params size (MB): 74                                      
Modules in train mode: 371                                                      
Modules in eval mode: 0                                                         
Total FLOPs: 0                                                                  
21:55:18.217 | WARNING (308307, stable_pretraining.module) | You are calling self.parameters which also gives callbacks parameters, to remove then, pass `with_callbacks=False`
21:55:18.408 | SUCCESS (308307, stable_pretraining.callbacks.env_info) |   ✓ Packages: 260 packages collected in 1.10s
21:55:28.497 | WARNING (308307, stable_pretraining.callbacks.env_info) |      ⚠️  nvidia-smi timed out
21:55:28.610 | SUCCESS (308307, stable_pretraining.callbacks.env_info) |   ✓ Git: Palash @ 6b33c8d9
21:55:28.611 | INFO    (308307, stable_pretraining.callbacks.env_info) |      Remote: https://github.com/Planning-for-WMs/le-wm.git
21:55:28.611 | WARNING (308307, stable_pretraining.callbacks.env_info) |      ⚠️  Working directory has uncommitted changes!
21:55:28.612 | SUCCESS (308307, stable_pretraining.callbacks.env_info) |   ✓ Environment: 4 relevant variables captured
21:55:28.612 | INFO    (308307, stable_pretraining.callbacks.env_info) | 🔄 Serializing environment data...
21:55:28.615 | INFO    (308307, stable_pretraining.callbacks.env_info) | 📋 File exists, using version 12: environment_v12.json
21:55:28.615 | INFO    (308307, stable_pretraining.callbacks.env_info) | 📋 File exists, using version 12: requirements_frozen_v12.txt
21:55:28.615 | INFO    (308307, stable_pretraining.callbacks.env_info) | 📁 Save directory: /home/ubuntu/le-wm-palash
21:55:28.617 | INFO    (308307, stable_pretraining.callbacks.env_info) | 💾 Writing environment to temp file...
21:55:28.619 | INFO    (308307, stable_pretraining.callbacks.env_info) | 💾 Moving to: environment_v12.json
21:55:28.619 | SUCCESS (308307, stable_pretraining.callbacks.env_info) | ✓ Environment file saved (15.1 KB)
21:55:28.620 | SUCCESS (308307, stable_pretraining.callbacks.env_info) | ✓ Requirements file saved (5.2 KB)
/home/ubuntu/miniconda3/envs/jepa-wms/lib/python3.10/site-packages/lightning/pytorch/utilities/data.py:79: Trying to infer the `batch_size` from an ambiguous collection. The batch size we found is 512. To avoid any miscalculations, use `self.log(..., batch_size=batch_size)`.
21:55:35.622 | INFO    (308307, stable_pretraining.callbacks.trainer_info) | \n+----------------------------+----------------------+
|           Metric           |        Value         |
+----------------------------+----------------------+
|       [0;34;40mvalidate/loss[0m        |  [0;32;40m0.1433897465467453[0m  |
|    [0;34;40mvalidate/loss_epoch[0m     |  [0;32;40m0.1433897465467453[0m  |
|     [0;34;40mvalidate/pred_loss[0m     | [0;32;40m0.08827372640371323[0m  |
|  [0;34;40mvalidate/pred_loss_epoch[0m  | [0;32;40m0.08827372640371323[0m  |
|    [0;34;40mvalidate/rdmreg_loss[0m    | [0;32;40m0.055116016417741776[0m |
| [0;34;40mvalidate/rdmreg_loss_epoch[0m | [0;32;40m0.055116016417741776[0m |
+----------------------------+----------------------+
21:55:35.820 | INFO    (308307, stable_pretraining.callbacks.cpu_offload) | CPUOffloadCallback: Training started
21:55:35.821 | WARNING (308307, stable_pretraining.module) | You are calling self.parameters which also gives callbacks parameters, to remove then, pass `with_callbacks=False`
21:55:35.823 | WARNING (308307, stable_pretraining.module) | You are calling self.parameters which also gives callbacks parameters, to remove then, pass `with_callbacks=False`
21:55:35.824 | INFO    (308307, stable_pretraining.callbacks.cpu_offload) | Model statistics:
21:55:35.824 | INFO    (308307, stable_pretraining.callbacks.cpu_offload) |   - Total parameters: 18,588,206
21:55:35.825 | INFO    (308307, stable_pretraining.callbacks.cpu_offload) |   - Trainable parameters: 18,588,206
21:55:35.825 | INFO    (308307, stable_pretraining.callbacks.cpu_offload) |   - Model size (bf16): ~0.04 GB
21:55:35.825 | INFO    (308307, stable_pretraining.callbacks.cpu_offload) |   - Estimated checkpoint size (with optimizer): ~0.11 GB
21:55:35.826 | INFO    (308307, stable_pretraining.module) | Double checking optimizers!
21:55:35.826 | INFO    (308307, stable_pretraining.module) | `self.optimizers() gave us 1 optimizers
21:55:35.826 | WARNING (308307, stable_pretraining.module) | No clip val found for optimizer default_0
21:55:35.827 | WARNING (308307, stable_pretraining.module) | -> we will use the Trainer's value of 1.0
21:55:35.827 | WARNING (308307, stable_pretraining.module) | No clip algorithm found for optimizer default_0
21:55:35.827 | WARNING (308307, stable_pretraining.module) | -> we will use the Trainer's value of None
21:55:35.827 | SUCCESS (308307, stable_pretraining.module) | We are done checking your optimizers! Here is the summary:
+------------+-----------+----------------+-----------+-----------+
| Opt. Index | Opt. name |      opt       | clip val. | clip alg. |
+------------+-----------+----------------+-----------+-----------+
|     0      | default_0 | LightningAdamW |    1.0    |    None   |
+------------+-----------+----------------+-----------+-----------+
21:55:36.600 | WARNING (308307, stable_pretraining.module) | You are calling self.parameters which also gives callbacks parameters, to remove then, pass `with_callbacks=False`
21:55:36.607 | INFO    (308307, stable_pretraining.callbacks.unused_parameters) | [LogUnusedParametersOnce] Registered hooks on 299 leaf parameters.
21:55:38.112 | WARNING (308307, stable_pretraining.module) | You are calling self.parameters which also gives callbacks parameters, to remove then, pass `with_callbacks=False`
21:55:38.116 | INFO    (308307, stable_pretraining.callbacks.unused_parameters) | [LogUnusedParametersOnce] All tracked parameters received gradients on the first backward pass.
21:55:38.117 | INFO    (308307, stable_pretraining.callbacks.unused_parameters) | [LogUnusedParametersOnce] Hooks removed, callback disabled.
22:33:48.672 | WARNING (308307, stable_pretraining.module) | You are calling self.parameters which also gives callbacks parameters, to remove then, pass `with_callbacks=False`
/home/ubuntu/miniconda3/envs/jepa-wms/lib/python3.10/site-packages/lightning/pytorch/utilities/data.py:79: Trying to infer the `batch_size` from an ambiguous collection. The batch size we found is 28. To avoid any miscalculations, use `self.log(..., batch_size=batch_size)`.
22:38:32.395 | INFO    (308307, stable_pretraining.callbacks.trainer_info) | \n+----------------------------+-----------------------+
|           Metric           |         Value         |
+----------------------------+-----------------------+
|          [0;34;40mfit/loss[0m          | [0;32;40m0.0010413043200969696[0m |
|       [0;34;40mfit/pred_loss[0m        |  [0;32;40m0.000259592809015885[0m |
|      [0;34;40mfit/rdmreg_loss[0m       | [0;32;40m0.0007817114819772542[0m |
|       [0;34;40mvalidate/loss[0m        | [0;32;40m0.0019276182865723968[0m |
|    [0;34;40mvalidate/loss_epoch[0m     | [0;32;40m0.0019276182865723968[0m |
|     [0;34;40mvalidate/pred_loss[0m     | [0;32;40m0.0005672726547345519[0m |
|  [0;34;40mvalidate/pred_loss_epoch[0m  | [0;32;40m0.0005672726547345519[0m |
|    [0;34;40mvalidate/rdmreg_loss[0m    | [0;32;40m0.0013603453990072012[0m |
| [0;34;40mvalidate/rdmreg_loss_epoch[0m | [0;32;40m0.0013603453990072012[0m |
+----------------------------+-----------------------+
22:38:33.446 | INFO    (308307, stable_pretraining.callbacks.checkpoint_sklearn) | Checking for non PyTorch modules to save... 🔧
22:38:33.447 | INFO    (308307, stable_pretraining.callbacks.checkpoint_sklearn) | Checking for Wandb params to save... 🔧
22:38:33.447 | INFO    (308307, stable_pretraining.callbacks.checkpoint_sklearn) | Saving Wandb params {'id': 'lewm_lp_pusht_expert_mu-3'}
22:38:33.448 | INFO    (308307, stable_pretraining.callbacks.checkpoint_sklearn) | Checking for Wandb params to save... Done!
22:38:33.448 | INFO    (308307, stable_pretraining.callbacks.cpu_offload) | ============================================================
22:38:33.448 | INFO    (308307, stable_pretraining.callbacks.cpu_offload) | CPUOffloadCallback: Starting checkpoint CPU offload (#1)
22:38:33.448 | INFO    (308307, stable_pretraining.callbacks.cpu_offload) |   - Global step: 3483
22:38:33.449 | INFO    (308307, stable_pretraining.callbacks.cpu_offload) |   - Epoch: 0
22:38:33.449 | INFO    (308307, stable_pretraining.callbacks.cpu_offload) | Checkpoint contains 11 keys: ['callbacks', 'epoch', 'global_step', 'hparams_name', 'hyper_parameters', 'loops', 'lr_schedulers', 'optimizer_states', 'pytorch-lightning_version', 'state_dict', 'wandb']
22:38:33.449 | INFO    (308307, stable_pretraining.callbacks.cpu_offload) | GPU memory before offload:
22:38:33.450 | INFO    (308307, stable_pretraining.callbacks.cpu_offload) |   - Allocated: 0.24 GB
22:38:33.450 | INFO    (308307, stable_pretraining.callbacks.cpu_offload) |   - Reserved: 16.63 GB
22:38:33.450 | INFO    (308307, stable_pretraining.callbacks.cpu_offload) | Processing checkpoint key: 'state_dict'
22:38:34.495 | SUCCESS (308307, stable_pretraining.callbacks.cpu_offload) | ✓ Completed 'state_dict' in 1.04s
22:38:34.496 | INFO    (308307, stable_pretraining.callbacks.cpu_offload) | Processing checkpoint key: 'optimizer_states'
22:38:36.955 | SUCCESS (308307, stable_pretraining.callbacks.cpu_offload) | ✓ Completed 'optimizer_states' in 2.46s
22:38:36.956 | INFO    (308307, stable_pretraining.callbacks.cpu_offload) | Processing checkpoint key: 'lr_schedulers'
22:38:36.956 | SUCCESS (308307, stable_pretraining.callbacks.cpu_offload) | ✓ Completed 'lr_schedulers' in 0.00s
22:38:36.956 | WARNING (308307, stable_pretraining.callbacks.cpu_offload) | Skipped 321 custom object(s)
22:38:36.956 | WARNING (308307, stable_pretraining.callbacks.cpu_offload) | First 10 skipped objects:
22:38:36.957 | WARNING (308307, stable_pretraining.callbacks.cpu_offload) |   - float at 'optimizer_states[0].param_groups[0].lr'
22:38:36.957 | WARNING (308307, stable_pretraining.callbacks.cpu_offload) |   - float at 'optimizer_states[0].param_groups[0].betas[0]'
22:38:36.957 | WARNING (308307, stable_pretraining.callbacks.cpu_offload) |   - float at 'optimizer_states[0].param_groups[0].betas[1]'
22:38:36.957 | WARNING (308307, stable_pretraining.callbacks.cpu_offload) |   - float at 'optimizer_states[0].param_groups[0].eps'
22:38:36.958 | WARNING (308307, stable_pretraining.callbacks.cpu_offload) |   - float at 'optimizer_states[0].param_groups[0].weight_decay'
22:38:36.958 | WARNING (308307, stable_pretraining.callbacks.cpu_offload) |   - bool at 'optimizer_states[0].param_groups[0].amsgrad'
22:38:36.958 | WARNING (308307, stable_pretraining.callbacks.cpu_offload) |   - bool at 'optimizer_states[0].param_groups[0].maximize'
22:38:36.958 | WARNING (308307, stable_pretraining.callbacks.cpu_offload) |   - NoneType at 'optimizer_states[0].param_groups[0].foreach'
22:38:36.958 | WARNING (308307, stable_pretraining.callbacks.cpu_offload) |   - bool at 'optimizer_states[0].param_groups[0].capturable'
22:38:36.958 | WARNING (308307, stable_pretraining.callbacks.cpu_offload) |   - bool at 'optimizer_states[0].param_groups[0].differentiable'
22:38:36.958 | WARNING (308307, stable_pretraining.callbacks.cpu_offload) | ... (301 more skipped) ...
22:38:36.959 | WARNING (308307, stable_pretraining.callbacks.cpu_offload) | Last 10 skipped objects:
22:38:36.959 | WARNING (308307, stable_pretraining.callbacks.cpu_offload) |   - int at 'optimizer_states[0].param_groups[0].params[298]'
22:38:36.959 | WARNING (308307, stable_pretraining.callbacks.cpu_offload) |   - int at 'lr_schedulers[0].warmup_steps'
22:38:36.959 | WARNING (308307, stable_pretraining.callbacks.cpu_offload) |   - int at 'lr_schedulers[0].max_steps'
22:38:36.959 | WARNING (308307, stable_pretraining.callbacks.cpu_offload) |   - float at 'lr_schedulers[0].warmup_start_lr'
22:38:36.960 | WARNING (308307, stable_pretraining.callbacks.cpu_offload) |   - float at 'lr_schedulers[0].eta_min'
22:38:36.960 | WARNING (308307, stable_pretraining.callbacks.cpu_offload) |   - float at 'lr_schedulers[0].base_lrs[0]'
22:38:36.960 | WARNING (308307, stable_pretraining.callbacks.cpu_offload) |   - int at 'lr_schedulers[0].last_epoch'
22:38:36.960 | WARNING (308307, stable_pretraining.callbacks.cpu_offload) |   - int at 'lr_schedulers[0]._step_count'
22:38:36.960 | WARNING (308307, stable_pretraining.callbacks.cpu_offload) |   - bool at 'lr_schedulers[0]._get_lr_called_within_step'
22:38:36.960 | WARNING (308307, stable_pretraining.callbacks.cpu_offload) |   - float at 'lr_schedulers[0]._last_lr[0]'
22:38:36.961 | INFO    (308307, stable_pretraining.callbacks.cpu_offload) | To see all 321 skipped objects, set log_skipped=True
22:38:36.961 | INFO    (308307, stable_pretraining.callbacks.cpu_offload) | GPU memory after offload:
22:38:36.961 | INFO    (308307, stable_pretraining.callbacks.cpu_offload) |   - Allocated: 0.24 GB
22:38:36.962 | INFO    (308307, stable_pretraining.callbacks.cpu_offload) |   - Reserved: 16.63 GB
22:38:36.962 | INFO    (308307, stable_pretraining.callbacks.cpu_offload) | GPU memory freed: 0.00 GB
22:38:36.962 | SUCCESS (308307, stable_pretraining.callbacks.cpu_offload) | CPUOffloadCallback: Checkpoint #1 completed in 3.51s
22:38:36.962 | INFO    (308307, stable_pretraining.callbacks.cpu_offload) | Successfully processed keys: ['state_dict', 'optimizer_states', 'lr_schedulers']
22:38:36.962 | INFO    (308307, stable_pretraining.callbacks.cpu_offload) | Cumulative stats:
22:38:36.962 | INFO    (308307, stable_pretraining.callbacks.cpu_offload) |   - Total checkpoints saved: 1
22:38:36.963 | INFO    (308307, stable_pretraining.callbacks.cpu_offload) |   - Total time in offload: 3.51s
22:38:36.963 | INFO    (308307, stable_pretraining.callbacks.cpu_offload) |   - Total memory freed: 0.00 GB
22:38:36.963 | INFO    (308307, stable_pretraining.callbacks.cpu_offload) |   - Average time per checkpoint: 3.51s
22:38:36.963 | INFO    (308307, stable_pretraining.callbacks.cpu_offload) | ============================================================
22:38:38.310 | INFO    (308307, stable_pretraining.callbacks.checkpoint_sklearn) | Checking for non PyTorch modules to save... 🔧
22:38:38.311 | INFO    (308307, stable_pretraining.callbacks.checkpoint_sklearn) | Checking for Wandb params to save... 🔧
22:38:38.311 | INFO    (308307, stable_pretraining.callbacks.checkpoint_sklearn) | Saving Wandb params {'id': 'lewm_lp_pusht_expert_mu-3'}
22:38:38.311 | INFO    (308307, stable_pretraining.callbacks.checkpoint_sklearn) | Checking for Wandb params to save... Done!
22:38:38.311 | INFO    (308307, stable_pretraining.callbacks.cpu_offload) | ============================================================
22:38:38.312 | INFO    (308307, stable_pretraining.callbacks.cpu_offload) | CPUOffloadCallback: Starting checkpoint CPU offload (#2)
22:38:38.312 | INFO    (308307, stable_pretraining.callbacks.cpu_offload) |   - Global step: 3483
22:38:38.312 | INFO    (308307, stable_pretraining.callbacks.cpu_offload) |   - Epoch: 0
22:38:38.312 | INFO    (308307, stable_pretraining.callbacks.cpu_offload) | Checkpoint contains 11 keys: ['callbacks', 'epoch', 'global_step', 'hparams_name', 'hyper_parameters', 'loops', 'lr_schedulers', 'optimizer_states', 'pytorch-lightning_version', 'state_dict', 'wandb']
22:38:38.313 | INFO    (308307, stable_pretraining.callbacks.cpu_offload) | GPU memory before offload:
22:38:38.313 | INFO    (308307, stable_pretraining.callbacks.cpu_offload) |   - Allocated: 0.24 GB
22:38:38.314 | INFO    (308307, stable_pretraining.callbacks.cpu_offload) |   - Reserved: 16.63 GB
22:38:38.314 | INFO    (308307, stable_pretraining.callbacks.cpu_offload) | Processing checkpoint key: 'state_dict'
22:38:39.280 | SUCCESS (308307, stable_pretraining.callbacks.cpu_offload) | ✓ Completed 'state_dict' in 0.97s
22:38:39.280 | INFO    (308307, stable_pretraining.callbacks.cpu_offload) | Processing checkpoint key: 'optimizer_states'
22:38:41.189 | SUCCESS (308307, stable_pretraining.callbacks.cpu_offload) | ✓ Completed 'optimizer_states' in 1.91s
22:38:41.190 | INFO    (308307, stable_pretraining.callbacks.cpu_offload) | Processing checkpoint key: 'lr_schedulers'
22:38:41.190 | SUCCESS (308307, stable_pretraining.callbacks.cpu_offload) | ✓ Completed 'lr_schedulers' in 0.00s
22:38:41.190 | WARNING (308307, stable_pretraining.callbacks.cpu_offload) | Skipped 321 custom object(s)
22:38:41.190 | WARNING (308307, stable_pretraining.callbacks.cpu_offload) | First 10 skipped objects:
22:38:41.191 | WARNING (308307, stable_pretraining.callbacks.cpu_offload) |   - float at 'optimizer_states[0].param_groups[0].lr'
22:38:41.191 | WARNING (308307, stable_pretraining.callbacks.cpu_offload) |   - float at 'optimizer_states[0].param_groups[0].betas[0]'
22:38:41.191 | WARNING (308307, stable_pretraining.callbacks.cpu_offload) |   - float at 'optimizer_states[0].param_groups[0].betas[1]'
22:38:41.191 | WARNING (308307, stable_pretraining.callbacks.cpu_offload) |   - float at 'optimizer_states[0].param_groups[0].eps'
22:38:41.191 | WARNING (308307, stable_pretraining.callbacks.cpu_offload) |   - float at 'optimizer_states[0].param_groups[0].weight_decay'
22:38:41.192 | WARNING (308307, stable_pretraining.callbacks.cpu_offload) |   - bool at 'optimizer_states[0].param_groups[0].amsgrad'
22:38:41.192 | WARNING (308307, stable_pretraining.callbacks.cpu_offload) |   - bool at 'optimizer_states[0].param_groups[0].maximize'
22:38:41.192 | WARNING (308307, stable_pretraining.callbacks.cpu_offload) |   - NoneType at 'optimizer_states[0].param_groups[0].foreach'
22:38:41.192 | WARNING (308307, stable_pretraining.callbacks.cpu_offload) |   - bool at 'optimizer_states[0].param_groups[0].capturable'
22:38:41.192 | WARNING (308307, stable_pretraining.callbacks.cpu_offload) |   - bool at 'optimizer_states[0].param_groups[0].differentiable'
22:38:41.193 | WARNING (308307, stable_pretraining.callbacks.cpu_offload) | ... (301 more skipped) ...
22:38:41.193 | WARNING (308307, stable_pretraining.callbacks.cpu_offload) | Last 10 skipped objects:
22:38:41.193 | WARNING (308307, stable_pretraining.callbacks.cpu_offload) |   - int at 'optimizer_states[0].param_groups[0].params[298]'
22:38:41.193 | WARNING (308307, stable_pretraining.callbacks.cpu_offload) |   - int at 'lr_schedulers[0].warmup_steps'
22:38:41.193 | WARNING (308307, stable_pretraining.callbacks.cpu_offload) |   - int at 'lr_schedulers[0].max_steps'
22:38:41.193 | WARNING (308307, stable_pretraining.callbacks.cpu_offload) |   - float at 'lr_schedulers[0].warmup_start_lr'
22:38:41.194 | WARNING (308307, stable_pretraining.callbacks.cpu_offload) |   - float at 'lr_schedulers[0].eta_min'
22:38:41.194 | WARNING (308307, stable_pretraining.callbacks.cpu_offload) |   - float at 'lr_schedulers[0].base_lrs[0]'
22:38:41.194 | WARNING (308307, stable_pretraining.callbacks.cpu_offload) |   - int at 'lr_schedulers[0].last_epoch'
22:38:41.195 | WARNING (308307, stable_pretraining.callbacks.cpu_offload) |   - int at 'lr_schedulers[0]._step_count'
22:38:41.195 | WARNING (308307, stable_pretraining.callbacks.cpu_offload) |   - bool at 'lr_schedulers[0]._get_lr_called_within_step'
22:38:41.195 | WARNING (308307, stable_pretraining.callbacks.cpu_offload) |   - float at 'lr_schedulers[0]._last_lr[0]'
22:38:41.195 | INFO    (308307, stable_pretraining.callbacks.cpu_offload) | To see all 321 skipped objects, set log_skipped=True
22:38:41.196 | INFO    (308307, stable_pretraining.callbacks.cpu_offload) | GPU memory after offload:
22:38:41.196 | INFO    (308307, stable_pretraining.callbacks.cpu_offload) |   - Allocated: 0.24 GB
22:38:41.196 | INFO    (308307, stable_pretraining.callbacks.cpu_offload) |   - Reserved: 16.63 GB
22:38:41.196 | INFO    (308307, stable_pretraining.callbacks.cpu_offload) | GPU memory freed: 0.00 GB
22:38:41.197 | SUCCESS (308307, stable_pretraining.callbacks.cpu_offload) | CPUOffloadCallback: Checkpoint #2 completed in 2.89s
22:38:41.197 | INFO    (308307, stable_pretraining.callbacks.cpu_offload) | Successfully processed keys: ['state_dict', 'optimizer_states', 'lr_schedulers']
22:38:41.197 | INFO    (308307, stable_pretraining.callbacks.cpu_offload) | Cumulative stats:
22:38:41.197 | INFO    (308307, stable_pretraining.callbacks.cpu_offload) |   - Total checkpoints saved: 2
22:38:41.197 | INFO    (308307, stable_pretraining.callbacks.cpu_offload) |   - Total time in offload: 6.40s
22:38:41.198 | INFO    (308307, stable_pretraining.callbacks.cpu_offload) |   - Total memory freed: 0.00 GB
22:38:41.198 | INFO    (308307, stable_pretraining.callbacks.cpu_offload) |   - Average time per checkpoint: 3.20s
22:38:41.198 | INFO    (308307, stable_pretraining.callbacks.cpu_offload) | ============================================================
23:10:35.878 | WARNING (308307, stable_pretraining.module) | You are calling self.parameters which also gives callbacks parameters, to remove then, pass `with_callbacks=False`
23:15:31.974 | INFO    (308307, stable_pretraining.callbacks.trainer_info) | \n+----------------------------+------------------------+
|           Metric           |         Value          |
+----------------------------+------------------------+
|          [0;34;40mfit/loss[0m          | [0;32;40m0.0007733775419183075[0m  |
|       [0;34;40mfit/pred_loss[0m        | [0;32;40m0.00015752395847812295[0m |
|      [0;34;40mfit/rdmreg_loss[0m       | [0;32;40m0.0006158535834401846[0m  |
|       [0;34;40mvalidate/loss[0m        | [0;32;40m0.0013989984290674329[0m  |
|    [0;34;40mvalidate/loss_epoch[0m     | [0;32;40m0.0013989984290674329[0m  |
|     [0;34;40mvalidate/pred_loss[0m     | [0;32;40m0.00033226757659576833[0m |
|  [0;34;40mvalidate/pred_loss_epoch[0m  | [0;32;40m0.00033226757659576833[0m |
|    [0;34;40mvalidate/rdmreg_loss[0m    |  [0;32;40m0.001066730823367834[0m  |
| [0;34;40mvalidate/rdmreg_loss_epoch[0m |  [0;32;40m0.001066730823367834[0m  |
+----------------------------+------------------------+
23:15:32.735 | INFO    (308307, stable_pretraining.callbacks.checkpoint_sklearn) | Checking for non PyTorch modules to save... 🔧
23:15:32.735 | INFO    (308307, stable_pretraining.callbacks.checkpoint_sklearn) | Checking for Wandb params to save... 🔧
23:15:32.736 | INFO    (308307, stable_pretraining.callbacks.checkpoint_sklearn) | Saving Wandb params {'id': 'lewm_lp_pusht_expert_mu-3'}
23:15:32.736 | INFO    (308307, stable_pretraining.callbacks.checkpoint_sklearn) | Checking for Wandb params to save... Done!
23:15:32.736 | INFO    (308307, stable_pretraining.callbacks.cpu_offload) | ============================================================
23:15:32.736 | INFO    (308307, stable_pretraining.callbacks.cpu_offload) | CPUOffloadCallback: Starting checkpoint CPU offload (#3)
23:15:32.736 | INFO    (308307, stable_pretraining.callbacks.cpu_offload) |   - Global step: 6966
23:15:32.737 | INFO    (308307, stable_pretraining.callbacks.cpu_offload) |   - Epoch: 1
23:15:32.737 | INFO    (308307, stable_pretraining.callbacks.cpu_offload) | Checkpoint contains 11 keys: ['callbacks', 'epoch', 'global_step', 'hparams_name', 'hyper_parameters', 'loops', 'lr_schedulers', 'optimizer_states', 'pytorch-lightning_version', 'state_dict', 'wandb']
23:15:32.737 | INFO    (308307, stable_pretraining.callbacks.cpu_offload) | GPU memory before offload:
23:15:32.738 | INFO    (308307, stable_pretraining.callbacks.cpu_offload) |   - Allocated: 0.24 GB
23:15:32.738 | INFO    (308307, stable_pretraining.callbacks.cpu_offload) |   - Reserved: 16.63 GB
23:15:32.739 | INFO    (308307, stable_pretraining.callbacks.cpu_offload) | Processing checkpoint key: 'state_dict'
23:15:33.451 | SUCCESS (308307, stable_pretraining.callbacks.cpu_offload) | ✓ Completed 'state_dict' in 0.71s
23:15:33.452 | INFO    (308307, stable_pretraining.callbacks.cpu_offload) | Processing checkpoint key: 'optimizer_states'
23:15:34.966 | SUCCESS (308307, stable_pretraining.callbacks.cpu_offload) | ✓ Completed 'optimizer_states' in 1.51s
23:15:34.967 | INFO    (308307, stable_pretraining.callbacks.cpu_offload) | Processing checkpoint key: 'lr_schedulers'
23:15:34.967 | SUCCESS (308307, stable_pretraining.callbacks.cpu_offload) | ✓ Completed 'lr_schedulers' in 0.00s
23:15:34.967 | WARNING (308307, stable_pretraining.callbacks.cpu_offload) | Skipped 321 custom object(s)
23:15:34.967 | WARNING (308307, stable_pretraining.callbacks.cpu_offload) | First 10 skipped objects:
23:15:34.967 | WARNING (308307, stable_pretraining.callbacks.cpu_offload) |   - float at 'optimizer_states[0].param_groups[0].lr'
23:15:34.968 | WARNING (308307, stable_pretraining.callbacks.cpu_offload) |   - float at 'optimizer_states[0].param_groups[0].betas[0]'
23:15:34.968 | WARNING (308307, stable_pretraining.callbacks.cpu_offload) |   - float at 'optimizer_states[0].param_groups[0].betas[1]'
23:15:34.968 | WARNING (308307, stable_pretraining.callbacks.cpu_offload) |   - float at 'optimizer_states[0].param_groups[0].eps'
23:15:34.969 | WARNING (308307, stable_pretraining.callbacks.cpu_offload) |   - float at 'optimizer_states[0].param_groups[0].weight_decay'
23:15:34.969 | WARNING (308307, stable_pretraining.callbacks.cpu_offload) |   - bool at 'optimizer_states[0].param_groups[0].amsgrad'
23:15:34.969 | WARNING (308307, stable_pretraining.callbacks.cpu_offload) |   - bool at 'optimizer_states[0].param_groups[0].maximize'
23:15:34.969 | WARNING (308307, stable_pretraining.callbacks.cpu_offload) |   - NoneType at 'optimizer_states[0].param_groups[0].foreach'
23:15:34.970 | WARNING (308307, stable_pretraining.callbacks.cpu_offload) |   - bool at 'optimizer_states[0].param_groups[0].capturable'
23:15:34.970 | WARNING (308307, stable_pretraining.callbacks.cpu_offload) |   - bool at 'optimizer_states[0].param_groups[0].differentiable'
23:15:34.970 | WARNING (308307, stable_pretraining.callbacks.cpu_offload) | ... (301 more skipped) ...
23:15:34.970 | WARNING (308307, stable_pretraining.callbacks.cpu_offload) | Last 10 skipped objects:
23:15:34.970 | WARNING (308307, stable_pretraining.callbacks.cpu_offload) |   - int at 'optimizer_states[0].param_groups[0].params[298]'
23:15:34.971 | WARNING (308307, stable_pretraining.callbacks.cpu_offload) |   - int at 'lr_schedulers[0].warmup_steps'
23:15:34.971 | WARNING (308307, stable_pretraining.callbacks.cpu_offload) |   - int at 'lr_schedulers[0].max_steps'
23:15:34.971 | WARNING (308307, stable_pretraining.callbacks.cpu_offload) |   - float at 'lr_schedulers[0].warmup_start_lr'
23:15:34.971 | WARNING (308307, stable_pretraining.callbacks.cpu_offload) |   - float at 'lr_schedulers[0].eta_min'
23:15:34.972 | WARNING (308307, stable_pretraining.callbacks.cpu_offload) |   - float at 'lr_schedulers[0].base_lrs[0]'
23:15:34.972 | WARNING (308307, stable_pretraining.callbacks.cpu_offload) |   - int at 'lr_schedulers[0].last_epoch'
23:15:34.972 | WARNING (308307, stable_pretraining.callbacks.cpu_offload) |   - int at 'lr_schedulers[0]._step_count'
23:15:34.972 | WARNING (308307, stable_pretraining.callbacks.cpu_offload) |   - bool at 'lr_schedulers[0]._get_lr_called_within_step'
23:15:34.972 | WARNING (308307, stable_pretraining.callbacks.cpu_offload) |   - float at 'lr_schedulers[0]._last_lr[0]'
23:15:34.973 | INFO    (308307, stable_pretraining.callbacks.cpu_offload) | To see all 321 skipped objects, set log_skipped=True
23:15:34.973 | INFO    (308307, stable_pretraining.callbacks.cpu_offload) | GPU memory after offload:
23:15:34.973 | INFO    (308307, stable_pretraining.callbacks.cpu_offload) |   - Allocated: 0.24 GB
23:15:34.974 | INFO    (308307, stable_pretraining.callbacks.cpu_offload) |   - Reserved: 16.63 GB
23:15:34.974 | INFO    (308307, stable_pretraining.callbacks.cpu_offload) | GPU memory freed: 0.00 GB
23:15:34.974 | SUCCESS (308307, stable_pretraining.callbacks.cpu_offload) | CPUOffloadCallback: Checkpoint #3 completed in 2.24s
23:15:34.974 | INFO    (308307, stable_pretraining.callbacks.cpu_offload) | Successfully processed keys: ['state_dict', 'optimizer_states', 'lr_schedulers']
23:15:34.974 | INFO    (308307, stable_pretraining.callbacks.cpu_offload) | Cumulative stats:
23:15:34.975 | INFO    (308307, stable_pretraining.callbacks.cpu_offload) |   - Total checkpoints saved: 3
23:15:34.975 | INFO    (308307, stable_pretraining.callbacks.cpu_offload) |   - Total time in offload: 8.64s
23:15:34.975 | INFO    (308307, stable_pretraining.callbacks.cpu_offload) |   - Total memory freed: 0.00 GB
23:15:34.975 | INFO    (308307, stable_pretraining.callbacks.cpu_offload) |   - Average time per checkpoint: 2.88s
23:15:34.975 | INFO    (308307, stable_pretraining.callbacks.cpu_offload) | ============================================================
23:15:36.206 | INFO    (308307, stable_pretraining.callbacks.checkpoint_sklearn) | Checking for non PyTorch modules to save... 🔧
23:15:36.206 | INFO    (308307, stable_pretraining.callbacks.checkpoint_sklearn) | Checking for Wandb params to save... 🔧
23:15:36.207 | INFO    (308307, stable_pretraining.callbacks.checkpoint_sklearn) | Saving Wandb params {'id': 'lewm_lp_pusht_expert_mu-3'}
23:15:36.207 | INFO    (308307, stable_pretraining.callbacks.checkpoint_sklearn) | Checking for Wandb params to save... Done!
23:15:36.207 | INFO    (308307, stable_pretraining.callbacks.cpu_offload) | ============================================================
23:15:36.207 | INFO    (308307, stable_pretraining.callbacks.cpu_offload) | CPUOffloadCallback: Starting checkpoint CPU offload (#4)
23:15:36.208 | INFO    (308307, stable_pretraining.callbacks.cpu_offload) |   - Global step: 6966
23:15:36.209 | INFO    (308307, stable_pretraining.callbacks.cpu_offload) |   - Epoch: 1
23:15:36.209 | INFO    (308307, stable_pretraining.callbacks.cpu_offload) | Checkpoint contains 11 keys: ['callbacks', 'epoch', 'global_step', 'hparams_name', 'hyper_parameters', 'loops', 'lr_schedulers', 'optimizer_states', 'pytorch-lightning_version', 'state_dict', 'wandb']
23:15:36.210 | INFO    (308307, stable_pretraining.callbacks.cpu_offload) | GPU memory before offload:
23:15:36.210 | INFO    (308307, stable_pretraining.callbacks.cpu_offload) |   - Allocated: 0.24 GB
23:15:36.210 | INFO    (308307, stable_pretraining.callbacks.cpu_offload) |   - Reserved: 16.63 GB
23:15:36.210 | INFO    (308307, stable_pretraining.callbacks.cpu_offload) | Processing checkpoint key: 'state_dict'
23:15:37.044 | SUCCESS (308307, stable_pretraining.callbacks.cpu_offload) | ✓ Completed 'state_dict' in 0.83s
23:15:37.044 | INFO    (308307, stable_pretraining.callbacks.cpu_offload) | Processing checkpoint key: 'optimizer_states'
23:15:38.800 | SUCCESS (308307, stable_pretraining.callbacks.cpu_offload) | ✓ Completed 'optimizer_states' in 1.76s
23:15:38.800 | INFO    (308307, stable_pretraining.callbacks.cpu_offload) | Processing checkpoint key: 'lr_schedulers'
23:15:38.801 | SUCCESS (308307, stable_pretraining.callbacks.cpu_offload) | ✓ Completed 'lr_schedulers' in 0.00s
23:15:38.801 | WARNING (308307, stable_pretraining.callbacks.cpu_offload) | Skipped 321 custom object(s)
23:15:38.801 | WARNING (308307, stable_pretraining.callbacks.cpu_offload) | First 10 skipped objects:
23:15:38.801 | WARNING (308307, stable_pretraining.callbacks.cpu_offload) |   - float at 'optimizer_states[0].param_groups[0].lr'
23:15:38.802 | WARNING (308307, stable_pretraining.callbacks.cpu_offload) |   - float at 'optimizer_states[0].param_groups[0].betas[0]'
23:15:38.802 | WARNING (308307, stable_pretraining.callbacks.cpu_offload) |   - float at 'optimizer_states[0].param_groups[0].betas[1]'
23:15:38.802 | WARNING (308307, stable_pretraining.callbacks.cpu_offload) |   - float at 'optimizer_states[0].param_groups[0].eps'
23:15:38.802 | WARNING (308307, stable_pretraining.callbacks.cpu_offload) |   - float at 'optimizer_states[0].param_groups[0].weight_decay'
23:15:38.802 | WARNING (308307, stable_pretraining.callbacks.cpu_offload) |   - bool at 'optimizer_states[0].param_groups[0].amsgrad'
23:15:38.803 | WARNING (308307, stable_pretraining.callbacks.cpu_offload) |   - bool at 'optimizer_states[0].param_groups[0].maximize'
23:15:38.803 | WARNING (308307, stable_pretraining.callbacks.cpu_offload) |   - NoneType at 'optimizer_states[0].param_groups[0].foreach'
23:15:38.803 | WARNING (308307, stable_pretraining.callbacks.cpu_offload) |   - bool at 'optimizer_states[0].param_groups[0].capturable'
23:15:38.803 | WARNING (308307, stable_pretraining.callbacks.cpu_offload) |   - bool at 'optimizer_states[0].param_groups[0].differentiable'
23:15:38.803 | WARNING (308307, stable_pretraining.callbacks.cpu_offload) | ... (301 more skipped) ...
23:15:38.804 | WARNING (308307, stable_pretraining.callbacks.cpu_offload) | Last 10 skipped objects:
23:15:38.804 | WARNING (308307, stable_pretraining.callbacks.cpu_offload) |   - int at 'optimizer_states[0].param_groups[0].params[298]'
23:15:38.804 | WARNING (308307, stable_pretraining.callbacks.cpu_offload) |   - int at 'lr_schedulers[0].warmup_steps'
23:15:38.805 | WARNING (308307, stable_pretraining.callbacks.cpu_offload) |   - int at 'lr_schedulers[0].max_steps'
23:15:38.805 | WARNING (308307, stable_pretraining.callbacks.cpu_offload) |   - float at 'lr_schedulers[0].warmup_start_lr'
23:15:38.805 | WARNING (308307, stable_pretraining.callbacks.cpu_offload) |   - float at 'lr_schedulers[0].eta_min'
23:15:38.805 | WARNING (308307, stable_pretraining.callbacks.cpu_offload) |   - float at 'lr_schedulers[0].base_lrs[0]'
23:15:38.806 | WARNING (308307, stable_pretraining.callbacks.cpu_offload) |   - int at 'lr_schedulers[0].last_epoch'
23:15:38.806 | WARNING (308307, stable_pretraining.callbacks.cpu_offload) |   - int at 'lr_schedulers[0]._step_count'
23:15:38.806 | WARNING (308307, stable_pretraining.callbacks.cpu_offload) |   - bool at 'lr_schedulers[0]._get_lr_called_within_step'
23:15:38.806 | WARNING (308307, stable_pretraining.callbacks.cpu_offload) |   - float at 'lr_schedulers[0]._last_lr[0]'
23:15:38.806 | INFO    (308307, stable_pretraining.callbacks.cpu_offload) | To see all 321 skipped objects, set log_skipped=True
23:15:38.807 | INFO    (308307, stable_pretraining.callbacks.cpu_offload) | GPU memory after offload:
23:15:38.807 | INFO    (308307, stable_pretraining.callbacks.cpu_offload) |   - Allocated: 0.24 GB
23:15:38.808 | INFO    (308307, stable_pretraining.callbacks.cpu_offload) |   - Reserved: 16.63 GB
23:15:38.808 | INFO    (308307, stable_pretraining.callbacks.cpu_offload) | GPU memory freed: 0.00 GB
23:15:38.808 | SUCCESS (308307, stable_pretraining.callbacks.cpu_offload) | CPUOffloadCallback: Checkpoint #4 completed in 2.60s
23:15:38.808 | INFO    (308307, stable_pretraining.callbacks.cpu_offload) | Successfully processed keys: ['state_dict', 'optimizer_states', 'lr_schedulers']
23:15:38.808 | INFO    (308307, stable_pretraining.callbacks.cpu_offload) | Cumulative stats:
23:15:38.809 | INFO    (308307, stable_pretraining.callbacks.cpu_offload) |   - Total checkpoints saved: 4
23:15:38.809 | INFO    (308307, stable_pretraining.callbacks.cpu_offload) |   - Total time in offload: 11.24s
23:15:38.809 | INFO    (308307, stable_pretraining.callbacks.cpu_offload) |   - Total memory freed: 0.00 GB
23:15:38.810 | INFO    (308307, stable_pretraining.callbacks.cpu_offload) |   - Average time per checkpoint: 2.81s
23:15:38.810 | INFO    (308307, stable_pretraining.callbacks.cpu_offload) | ============================================================
23:48:13.304 | WARNING (308307, stable_pretraining.module) | You are calling self.parameters which also gives callbacks parameters, to remove then, pass `with_callbacks=False`
23:52:06.168 | INFO    (308307, stable_pretraining.callbacks.trainer_info) | \n+----------------------------+------------------------+
|           Metric           |         Value          |
+----------------------------+------------------------+
|          [0;34;40mfit/loss[0m          | [0;32;40m0.0006124924402683973[0m  |
|       [0;34;40mfit/pred_loss[0m        | [0;32;40m0.0001491496223025024[0m  |
|      [0;34;40mfit/rdmreg_loss[0m       | [0;32;40m0.00046334281796589494[0m |
|       [0;34;40mvalidate/loss[0m        | [0;32;40m0.0008783285156823695[0m  |
|    [0;34;40mvalidate/loss_epoch[0m     | [0;32;40m0.0008783285156823695[0m  |
|     [0;34;40mvalidate/pred_loss[0m     | [0;32;40m0.00019657034135889262[0m |
|  [0;34;40mvalidate/pred_loss_epoch[0m  | [0;32;40m0.00019657034135889262[0m |
|    [0;34;40mvalidate/rdmreg_loss[0m    | [0;32;40m0.0006817582179792225[0m  |
| [0;34;40mvalidate/rdmreg_loss_epoch[0m | [0;32;40m0.0006817582179792225[0m  |
+----------------------------+------------------------+
23:52:06.760 | INFO    (308307, stable_pretraining.callbacks.checkpoint_sklearn) | Checking for non PyTorch modules to save... 🔧
23:52:06.760 | INFO    (308307, stable_pretraining.callbacks.checkpoint_sklearn) | Checking for Wandb params to save... 🔧
23:52:06.761 | INFO    (308307, stable_pretraining.callbacks.checkpoint_sklearn) | Saving Wandb params {'id': 'lewm_lp_pusht_expert_mu-3'}
23:52:06.761 | INFO    (308307, stable_pretraining.callbacks.checkpoint_sklearn) | Checking for Wandb params to save... Done!
23:52:06.761 | INFO    (308307, stable_pretraining.callbacks.cpu_offload) | ============================================================
23:52:06.761 | INFO    (308307, stable_pretraining.callbacks.cpu_offload) | CPUOffloadCallback: Starting checkpoint CPU offload (#5)
23:52:06.761 | INFO    (308307, stable_pretraining.callbacks.cpu_offload) |   - Global step: 10449
23:52:06.762 | INFO    (308307, stable_pretraining.callbacks.cpu_offload) |   - Epoch: 2
23:52:06.762 | INFO    (308307, stable_pretraining.callbacks.cpu_offload) | Checkpoint contains 11 keys: ['callbacks', 'epoch', 'global_step', 'hparams_name', 'hyper_parameters', 'loops', 'lr_schedulers', 'optimizer_states', 'pytorch-lightning_version', 'state_dict', 'wandb']
23:52:06.762 | INFO    (308307, stable_pretraining.callbacks.cpu_offload) | GPU memory before offload:
23:52:06.763 | INFO    (308307, stable_pretraining.callbacks.cpu_offload) |   - Allocated: 0.24 GB
23:52:06.763 | INFO    (308307, stable_pretraining.callbacks.cpu_offload) |   - Reserved: 16.63 GB
23:52:06.763 | INFO    (308307, stable_pretraining.callbacks.cpu_offload) | Processing checkpoint key: 'state_dict'
23:52:07.263 | SUCCESS (308307, stable_pretraining.callbacks.cpu_offload) | ✓ Completed 'state_dict' in 0.50s
23:52:07.263 | INFO    (308307, stable_pretraining.callbacks.cpu_offload) | Processing checkpoint key: 'optimizer_states'
23:52:08.428 | SUCCESS (308307, stable_pretraining.callbacks.cpu_offload) | ✓ Completed 'optimizer_states' in 1.16s
23:52:08.429 | INFO    (308307, stable_pretraining.callbacks.cpu_offload) | Processing checkpoint key: 'lr_schedulers'
23:52:08.429 | SUCCESS (308307, stable_pretraining.callbacks.cpu_offload) | ✓ Completed 'lr_schedulers' in 0.00s
23:52:08.429 | WARNING (308307, stable_pretraining.callbacks.cpu_offload) | Skipped 321 custom object(s)
23:52:08.429 | WARNING (308307, stable_pretraining.callbacks.cpu_offload) | First 10 skipped objects:
23:52:08.430 | WARNING (308307, stable_pretraining.callbacks.cpu_offload) |   - float at 'optimizer_states[0].param_groups[0].lr'
23:52:08.430 | WARNING (308307, stable_pretraining.callbacks.cpu_offload) |   - float at 'optimizer_states[0].param_groups[0].betas[0]'
23:52:08.430 | WARNING (308307, stable_pretraining.callbacks.cpu_offload) |   - float at 'optimizer_states[0].param_groups[0].betas[1]'
23:52:08.430 | WARNING (308307, stable_pretraining.callbacks.cpu_offload) |   - float at 'optimizer_states[0].param_groups[0].eps'
23:52:08.430 | WARNING (308307, stable_pretraining.callbacks.cpu_offload) |   - float at 'optimizer_states[0].param_groups[0].weight_decay'
23:52:08.431 | WARNING (308307, stable_pretraining.callbacks.cpu_offload) |   - bool at 'optimizer_states[0].param_groups[0].amsgrad'
23:52:08.431 | WARNING (308307, stable_pretraining.callbacks.cpu_offload) |   - bool at 'optimizer_states[0].param_groups[0].maximize'
23:52:08.431 | WARNING (308307, stable_pretraining.callbacks.cpu_offload) |   - NoneType at 'optimizer_states[0].param_groups[0].foreach'
23:52:08.431 | WARNING (308307, stable_pretraining.callbacks.cpu_offload) |   - bool at 'optimizer_states[0].param_groups[0].capturable'
23:52:08.431 | WARNING (308307, stable_pretraining.callbacks.cpu_offload) |   - bool at 'optimizer_states[0].param_groups[0].differentiable'
23:52:08.432 | WARNING (308307, stable_pretraining.callbacks.cpu_offload) | ... (301 more skipped) ...
23:52:08.432 | WARNING (308307, stable_pretraining.callbacks.cpu_offload) | Last 10 skipped objects:
23:52:08.432 | WARNING (308307, stable_pretraining.callbacks.cpu_offload) |   - int at 'optimizer_states[0].param_groups[0].params[298]'
23:52:08.432 | WARNING (308307, stable_pretraining.callbacks.cpu_offload) |   - int at 'lr_schedulers[0].warmup_steps'
23:52:08.432 | WARNING (308307, stable_pretraining.callbacks.cpu_offload) |   - int at 'lr_schedulers[0].max_steps'
23:52:08.433 | WARNING (308307, stable_pretraining.callbacks.cpu_offload) |   - float at 'lr_schedulers[0].warmup_start_lr'
23:52:08.433 | WARNING (308307, stable_pretraining.callbacks.cpu_offload) |   - float at 'lr_schedulers[0].eta_min'
23:52:08.433 | WARNING (308307, stable_pretraining.callbacks.cpu_offload) |   - float at 'lr_schedulers[0].base_lrs[0]'
23:52:08.433 | WARNING (308307, stable_pretraining.callbacks.cpu_offload) |   - int at 'lr_schedulers[0].last_epoch'
23:52:08.433 | WARNING (308307, stable_pretraining.callbacks.cpu_offload) |   - int at 'lr_schedulers[0]._step_count'
23:52:08.433 | WARNING (308307, stable_pretraining.callbacks.cpu_offload) |   - bool at 'lr_schedulers[0]._get_lr_called_within_step'
23:52:08.434 | WARNING (308307, stable_pretraining.callbacks.cpu_offload) |   - float at 'lr_schedulers[0]._last_lr[0]'
23:52:08.434 | INFO    (308307, stable_pretraining.callbacks.cpu_offload) | To see all 321 skipped objects, set log_skipped=True
23:52:08.435 | INFO    (308307, stable_pretraining.callbacks.cpu_offload) | GPU memory after offload:
23:52:08.435 | INFO    (308307, stable_pretraining.callbacks.cpu_offload) |   - Allocated: 0.24 GB
23:52:08.435 | INFO    (308307, stable_pretraining.callbacks.cpu_offload) |   - Reserved: 16.63 GB
23:52:08.435 | INFO    (308307, stable_pretraining.callbacks.cpu_offload) | GPU memory freed: 0.00 GB
23:52:08.436 | SUCCESS (308307, stable_pretraining.callbacks.cpu_offload) | CPUOffloadCallback: Checkpoint #5 completed in 1.67s
23:52:08.436 | INFO    (308307, stable_pretraining.callbacks.cpu_offload) | Successfully processed keys: ['state_dict', 'optimizer_states', 'lr_schedulers']
23:52:08.436 | INFO    (308307, stable_pretraining.callbacks.cpu_offload) | Cumulative stats:
23:52:08.436 | INFO    (308307, stable_pretraining.callbacks.cpu_offload) |   - Total checkpoints saved: 5
23:52:08.436 | INFO    (308307, stable_pretraining.callbacks.cpu_offload) |   - Total time in offload: 12.91s
23:52:08.436 | INFO    (308307, stable_pretraining.callbacks.cpu_offload) |   - Total memory freed: 0.00 GB
23:52:08.437 | INFO    (308307, stable_pretraining.callbacks.cpu_offload) |   - Average time per checkpoint: 2.58s
23:52:08.437 | INFO    (308307, stable_pretraining.callbacks.cpu_offload) | ============================================================
23:52:09.804 | INFO    (308307, stable_pretraining.callbacks.checkpoint_sklearn) | Checking for non PyTorch modules to save... 🔧
23:52:09.804 | INFO    (308307, stable_pretraining.callbacks.checkpoint_sklearn) | Checking for Wandb params to save... 🔧
23:52:09.805 | INFO    (308307, stable_pretraining.callbacks.checkpoint_sklearn) | Saving Wandb params {'id': 'lewm_lp_pusht_expert_mu-3'}
23:52:09.805 | INFO    (308307, stable_pretraining.callbacks.checkpoint_sklearn) | Checking for Wandb params to save... Done!
23:52:09.805 | INFO    (308307, stable_pretraining.callbacks.cpu_offload) | ============================================================
23:52:09.805 | INFO    (308307, stable_pretraining.callbacks.cpu_offload) | CPUOffloadCallback: Starting checkpoint CPU offload (#6)
23:52:09.805 | INFO    (308307, stable_pretraining.callbacks.cpu_offload) |   - Global step: 10449
23:52:09.805 | INFO    (308307, stable_pretraining.callbacks.cpu_offload) |   - Epoch: 2
23:52:09.805 | INFO    (308307, stable_pretraining.callbacks.cpu_offload) | Checkpoint contains 11 keys: ['callbacks', 'epoch', 'global_step', 'hparams_name', 'hyper_parameters', 'loops', 'lr_schedulers', 'optimizer_states', 'pytorch-lightning_version', 'state_dict', 'wandb']
23:52:09.806 | INFO    (308307, stable_pretraining.callbacks.cpu_offload) | GPU memory before offload:
23:52:09.806 | INFO    (308307, stable_pretraining.callbacks.cpu_offload) |   - Allocated: 0.24 GB
23:52:09.806 | INFO    (308307, stable_pretraining.callbacks.cpu_offload) |   - Reserved: 16.63 GB
23:52:09.806 | INFO    (308307, stable_pretraining.callbacks.cpu_offload) | Processing checkpoint key: 'state_dict'
23:52:10.413 | SUCCESS (308307, stable_pretraining.callbacks.cpu_offload) | ✓ Completed 'state_dict' in 0.61s
23:52:10.414 | INFO    (308307, stable_pretraining.callbacks.cpu_offload) | Processing checkpoint key: 'optimizer_states'
23:52:11.635 | SUCCESS (308307, stable_pretraining.callbacks.cpu_offload) | ✓ Completed 'optimizer_states' in 1.22s
23:52:11.635 | INFO    (308307, stable_pretraining.callbacks.cpu_offload) | Processing checkpoint key: 'lr_schedulers'
23:52:11.635 | SUCCESS (308307, stable_pretraining.callbacks.cpu_offload) | ✓ Completed 'lr_schedulers' in 0.00s
23:52:11.635 | WARNING (308307, stable_pretraining.callbacks.cpu_offload) | Skipped 321 custom object(s)
23:52:11.636 | WARNING (308307, stable_pretraining.callbacks.cpu_offload) | First 10 skipped objects:
23:52:11.636 | WARNING (308307, stable_pretraining.callbacks.cpu_offload) |   - float at 'optimizer_states[0].param_groups[0].lr'
23:52:11.636 | WARNING (308307, stable_pretraining.callbacks.cpu_offload) |   - float at 'optimizer_states[0].param_groups[0].betas[0]'
23:52:11.636 | WARNING (308307, stable_pretraining.callbacks.cpu_offload) |   - float at 'optimizer_states[0].param_groups[0].betas[1]'
23:52:11.637 | WARNING (308307, stable_pretraining.callbacks.cpu_offload) |   - float at 'optimizer_states[0].param_groups[0].eps'
23:52:11.637 | WARNING (308307, stable_pretraining.callbacks.cpu_offload) |   - float at 'optimizer_states[0].param_groups[0].weight_decay'
23:52:11.637 | WARNING (308307, stable_pretraining.callbacks.cpu_offload) |   - bool at 'optimizer_states[0].param_groups[0].amsgrad'
23:52:11.637 | WARNING (308307, stable_pretraining.callbacks.cpu_offload) |   - bool at 'optimizer_states[0].param_groups[0].maximize'
23:52:11.637 | WARNING (308307, stable_pretraining.callbacks.cpu_offload) |   - NoneType at 'optimizer_states[0].param_groups[0].foreach'
23:52:11.637 | WARNING (308307, stable_pretraining.callbacks.cpu_offload) |   - bool at 'optimizer_states[0].param_groups[0].capturable'
23:52:11.638 | WARNING (308307, stable_pretraining.callbacks.cpu_offload) |   - bool at 'optimizer_states[0].param_groups[0].differentiable'
23:52:11.638 | WARNING (308307, stable_pretraining.callbacks.cpu_offload) | ... (301 more skipped) ...
23:52:11.638 | WARNING (308307, stable_pretraining.callbacks.cpu_offload) | Last 10 skipped objects:
23:52:11.638 | WARNING (308307, stable_pretraining.callbacks.cpu_offload) |   - int at 'optimizer_states[0].param_groups[0].params[298]'
23:52:11.638 | WARNING (308307, stable_pretraining.callbacks.cpu_offload) |   - int at 'lr_schedulers[0].warmup_steps'
23:52:11.639 | WARNING (308307, stable_pretraining.callbacks.cpu_offload) |   - int at 'lr_schedulers[0].max_steps'
23:52:11.639 | WARNING (308307, stable_pretraining.callbacks.cpu_offload) |   - float at 'lr_schedulers[0].warmup_start_lr'
23:52:11.639 | WARNING (308307, stable_pretraining.callbacks.cpu_offload) |   - float at 'lr_schedulers[0].eta_min'
23:52:11.639 | WARNING (308307, stable_pretraining.callbacks.cpu_offload) |   - float at 'lr_schedulers[0].base_lrs[0]'
23:52:11.639 | WARNING (308307, stable_pretraining.callbacks.cpu_offload) |   - int at 'lr_schedulers[0].last_epoch'
23:52:11.639 | WARNING (308307, stable_pretraining.callbacks.cpu_offload) |   - int at 'lr_schedulers[0]._step_count'
23:52:11.640 | WARNING (308307, stable_pretraining.callbacks.cpu_offload) |   - bool at 'lr_schedulers[0]._get_lr_called_within_step'
23:52:11.640 | WARNING (308307, stable_pretraining.callbacks.cpu_offload) |   - float at 'lr_schedulers[0]._last_lr[0]'
23:52:11.640 | INFO    (308307, stable_pretraining.callbacks.cpu_offload) | To see all 321 skipped objects, set log_skipped=True
23:52:11.641 | INFO    (308307, stable_pretraining.callbacks.cpu_offload) | GPU memory after offload:
23:52:11.641 | INFO    (308307, stable_pretraining.callbacks.cpu_offload) |   - Allocated: 0.24 GB
23:52:11.641 | INFO    (308307, stable_pretraining.callbacks.cpu_offload) |   - Reserved: 16.63 GB
23:52:11.641 | INFO    (308307, stable_pretraining.callbacks.cpu_offload) | GPU memory freed: 0.00 GB
23:52:11.641 | SUCCESS (308307, stable_pretraining.callbacks.cpu_offload) | CPUOffloadCallback: Checkpoint #6 completed in 1.84s
23:52:11.642 | INFO    (308307, stable_pretraining.callbacks.cpu_offload) | Successfully processed keys: ['state_dict', 'optimizer_states', 'lr_schedulers']
23:52:11.642 | INFO    (308307, stable_pretraining.callbacks.cpu_offload) | Cumulative stats:
23:52:11.642 | INFO    (308307, stable_pretraining.callbacks.cpu_offload) |   - Total checkpoints saved: 6
23:52:11.642 | INFO    (308307, stable_pretraining.callbacks.cpu_offload) |   - Total time in offload: 14.75s
23:52:11.642 | INFO    (308307, stable_pretraining.callbacks.cpu_offload) |   - Total memory freed: 0.00 GB
23:52:11.642 | INFO    (308307, stable_pretraining.callbacks.cpu_offload) |   - Average time per checkpoint: 2.46s
23:52:11.642 | INFO    (308307, stable_pretraining.callbacks.cpu_offload) | ============================================================
00:27:34.223 | WARNING (308307, stable_pretraining.module) | You are calling self.parameters which also gives callbacks parameters, to remove then, pass `with_callbacks=False`
00:32:17.058 | INFO    (308307, stable_pretraining.callbacks.trainer_info) | \n+----------------------------+------------------------+
|           Metric           |         Value          |
+----------------------------+------------------------+
|          [0;34;40mfit/loss[0m          | [0;32;40m0.0006081935134716332[0m  |
|       [0;34;40mfit/pred_loss[0m        | [0;32;40m0.00011624324542935938[0m |
|      [0;34;40mfit/rdmreg_loss[0m       | [0;32;40m0.0004919502534903586[0m  |
|       [0;34;40mvalidate/loss[0m        | [0;32;40m0.0007233960786834359[0m  |
|    [0;34;40mvalidate/loss_epoch[0m     | [0;32;40m0.0007233960786834359[0m  |
|     [0;34;40mvalidate/pred_loss[0m     | [0;32;40m0.0001184204375022091[0m  |
|  [0;34;40mvalidate/pred_loss_epoch[0m  | [0;32;40m0.0001184204375022091[0m  |
|    [0;34;40mvalidate/rdmreg_loss[0m    | [0;32;40m0.0006049760268069804[0m  |
| [0;34;40mvalidate/rdmreg_loss_epoch[0m | [0;32;40m0.0006049760268069804[0m  |
+----------------------------+------------------------+
00:32:17.604 | INFO    (308307, stable_pretraining.callbacks.checkpoint_sklearn) | Checking for non PyTorch modules to save... 🔧
00:32:17.604 | INFO    (308307, stable_pretraining.callbacks.checkpoint_sklearn) | Checking for Wandb params to save... 🔧
00:32:17.604 | INFO    (308307, stable_pretraining.callbacks.checkpoint_sklearn) | Saving Wandb params {'id': 'lewm_lp_pusht_expert_mu-3'}
00:32:17.605 | INFO    (308307, stable_pretraining.callbacks.checkpoint_sklearn) | Checking for Wandb params to save... Done!
00:32:17.605 | INFO    (308307, stable_pretraining.callbacks.cpu_offload) | ============================================================
00:32:17.605 | INFO    (308307, stable_pretraining.callbacks.cpu_offload) | CPUOffloadCallback: Starting checkpoint CPU offload (#7)
00:32:17.605 | INFO    (308307, stable_pretraining.callbacks.cpu_offload) |   - Global step: 13932
00:32:17.605 | INFO    (308307, stable_pretraining.callbacks.cpu_offload) |   - Epoch: 3
00:32:17.606 | INFO    (308307, stable_pretraining.callbacks.cpu_offload) | Checkpoint contains 11 keys: ['callbacks', 'epoch', 'global_step', 'hparams_name', 'hyper_parameters', 'loops', 'lr_schedulers', 'optimizer_states', 'pytorch-lightning_version', 'state_dict', 'wandb']
00:32:17.606 | INFO    (308307, stable_pretraining.callbacks.cpu_offload) | GPU memory before offload:
00:32:17.606 | INFO    (308307, stable_pretraining.callbacks.cpu_offload) |   - Allocated: 0.24 GB
00:32:17.607 | INFO    (308307, stable_pretraining.callbacks.cpu_offload) |   - Reserved: 16.63 GB
00:32:17.607 | INFO    (308307, stable_pretraining.callbacks.cpu_offload) | Processing checkpoint key: 'state_dict'
00:32:18.060 | SUCCESS (308307, stable_pretraining.callbacks.cpu_offload) | ✓ Completed 'state_dict' in 0.45s
00:32:18.060 | INFO    (308307, stable_pretraining.callbacks.cpu_offload) | Processing checkpoint key: 'optimizer_states'
00:32:19.025 | SUCCESS (308307, stable_pretraining.callbacks.cpu_offload) | ✓ Completed 'optimizer_states' in 0.96s
00:32:19.025 | INFO    (308307, stable_pretraining.callbacks.cpu_offload) | Processing checkpoint key: 'lr_schedulers'
00:32:19.026 | SUCCESS (308307, stable_pretraining.callbacks.cpu_offload) | ✓ Completed 'lr_schedulers' in 0.00s
00:32:19.026 | WARNING (308307, stable_pretraining.callbacks.cpu_offload) | Skipped 321 custom object(s)
00:32:19.026 | WARNING (308307, stable_pretraining.callbacks.cpu_offload) | First 10 skipped objects:
00:32:19.026 | WARNING (308307, stable_pretraining.callbacks.cpu_offload) |   - float at 'optimizer_states[0].param_groups[0].lr'
00:32:19.026 | WARNING (308307, stable_pretraining.callbacks.cpu_offload) |   - float at 'optimizer_states[0].param_groups[0].betas[0]'
00:32:19.027 | WARNING (308307, stable_pretraining.callbacks.cpu_offload) |   - float at 'optimizer_states[0].param_groups[0].betas[1]'
00:32:19.027 | WARNING (308307, stable_pretraining.callbacks.cpu_offload) |   - float at 'optimizer_states[0].param_groups[0].eps'
00:32:19.027 | WARNING (308307, stable_pretraining.callbacks.cpu_offload) |   - float at 'optimizer_states[0].param_groups[0].weight_decay'
00:32:19.027 | WARNING (308307, stable_pretraining.callbacks.cpu_offload) |   - bool at 'optimizer_states[0].param_groups[0].amsgrad'
00:32:19.027 | WARNING (308307, stable_pretraining.callbacks.cpu_offload) |   - bool at 'optimizer_states[0].param_groups[0].maximize'
00:32:19.027 | WARNING (308307, stable_pretraining.callbacks.cpu_offload) |   - NoneType at 'optimizer_states[0].param_groups[0].foreach'
00:32:19.028 | WARNING (308307, stable_pretraining.callbacks.cpu_offload) |   - bool at 'optimizer_states[0].param_groups[0].capturable'
00:32:19.028 | WARNING (308307, stable_pretraining.callbacks.cpu_offload) |   - bool at 'optimizer_states[0].param_groups[0].differentiable'
00:32:19.028 | WARNING (308307, stable_pretraining.callbacks.cpu_offload) | ... (301 more skipped) ...
00:32:19.028 | WARNING (308307, stable_pretraining.callbacks.cpu_offload) | Last 10 skipped objects:
00:32:19.028 | WARNING (308307, stable_pretraining.callbacks.cpu_offload) |   - int at 'optimizer_states[0].param_groups[0].params[298]'
00:32:19.029 | WARNING (308307, stable_pretraining.callbacks.cpu_offload) |   - int at 'lr_schedulers[0].warmup_steps'
00:32:19.029 | WARNING (308307, stable_pretraining.callbacks.cpu_offload) |   - int at 'lr_schedulers[0].max_steps'
00:32:19.029 | WARNING (308307, stable_pretraining.callbacks.cpu_offload) |   - float at 'lr_schedulers[0].warmup_start_lr'
00:32:19.029 | WARNING (308307, stable_pretraining.callbacks.cpu_offload) |   - float at 'lr_schedulers[0].eta_min'
00:32:19.030 | WARNING (308307, stable_pretraining.callbacks.cpu_offload) |   - float at 'lr_schedulers[0].base_lrs[0]'
00:32:19.030 | WARNING (308307, stable_pretraining.callbacks.cpu_offload) |   - int at 'lr_schedulers[0].last_epoch'
00:32:19.030 | WARNING (308307, stable_pretraining.callbacks.cpu_offload) |   - int at 'lr_schedulers[0]._step_count'
00:32:19.030 | WARNING (308307, stable_pretraining.callbacks.cpu_offload) |   - bool at 'lr_schedulers[0]._get_lr_called_within_step'
00:32:19.030 | WARNING (308307, stable_pretraining.callbacks.cpu_offload) |   - float at 'lr_schedulers[0]._last_lr[0]'
00:32:19.031 | INFO    (308307, stable_pretraining.callbacks.cpu_offload) | To see all 321 skipped objects, set log_skipped=True
00:32:19.031 | INFO    (308307, stable_pretraining.callbacks.cpu_offload) | GPU memory after offload:
00:32:19.031 | INFO    (308307, stable_pretraining.callbacks.cpu_offload) |   - Allocated: 0.24 GB
00:32:19.031 | INFO    (308307, stable_pretraining.callbacks.cpu_offload) |   - Reserved: 16.63 GB
00:32:19.032 | INFO    (308307, stable_pretraining.callbacks.cpu_offload) | GPU memory freed: 0.00 GB
00:32:19.032 | SUCCESS (308307, stable_pretraining.callbacks.cpu_offload) | CPUOffloadCallback: Checkpoint #7 completed in 1.43s
00:32:19.032 | INFO    (308307, stable_pretraining.callbacks.cpu_offload) | Successfully processed keys: ['state_dict', 'optimizer_states', 'lr_schedulers']
00:32:19.032 | INFO    (308307, stable_pretraining.callbacks.cpu_offload) | Cumulative stats:
00:32:19.032 | INFO    (308307, stable_pretraining.callbacks.cpu_offload) |   - Total checkpoints saved: 7
00:32:19.032 | INFO    (308307, stable_pretraining.callbacks.cpu_offload) |   - Total time in offload: 16.18s
00:32:19.032 | INFO    (308307, stable_pretraining.callbacks.cpu_offload) |   - Total memory freed: 0.00 GB
00:32:19.033 | INFO    (308307, stable_pretraining.callbacks.cpu_offload) |   - Average time per checkpoint: 2.31s
00:32:19.033 | INFO    (308307, stable_pretraining.callbacks.cpu_offload) | ============================================================
00:32:20.086 | INFO    (308307, stable_pretraining.callbacks.checkpoint_sklearn) | Checking for non PyTorch modules to save... 🔧
00:32:20.086 | INFO    (308307, stable_pretraining.callbacks.checkpoint_sklearn) | Checking for Wandb params to save... 🔧
00:32:20.086 | INFO    (308307, stable_pretraining.callbacks.checkpoint_sklearn) | Saving Wandb params {'id': 'lewm_lp_pusht_expert_mu-3'}
00:32:20.087 | INFO    (308307, stable_pretraining.callbacks.checkpoint_sklearn) | Checking for Wandb params to save... Done!
00:32:20.087 | INFO    (308307, stable_pretraining.callbacks.cpu_offload) | ============================================================
00:32:20.087 | INFO    (308307, stable_pretraining.callbacks.cpu_offload) | CPUOffloadCallback: Starting checkpoint CPU offload (#8)
00:32:20.087 | INFO    (308307, stable_pretraining.callbacks.cpu_offload) |   - Global step: 13932
00:32:20.087 | INFO    (308307, stable_pretraining.callbacks.cpu_offload) |   - Epoch: 3
00:32:20.088 | INFO    (308307, stable_pretraining.callbacks.cpu_offload) | Checkpoint contains 11 keys: ['callbacks', 'epoch', 'global_step', 'hparams_name', 'hyper_parameters', 'loops', 'lr_schedulers', 'optimizer_states', 'pytorch-lightning_version', 'state_dict', 'wandb']
00:32:20.088 | INFO    (308307, stable_pretraining.callbacks.cpu_offload) | GPU memory before offload:
00:32:20.088 | INFO    (308307, stable_pretraining.callbacks.cpu_offload) |   - Allocated: 0.24 GB
00:32:20.089 | INFO    (308307, stable_pretraining.callbacks.cpu_offload) |   - Reserved: 16.63 GB
00:32:20.089 | INFO    (308307, stable_pretraining.callbacks.cpu_offload) | Processing checkpoint key: 'state_dict'
00:32:20.612 | SUCCESS (308307, stable_pretraining.callbacks.cpu_offload) | ✓ Completed 'state_dict' in 0.52s
00:32:20.613 | INFO    (308307, stable_pretraining.callbacks.cpu_offload) | Processing checkpoint key: 'optimizer_states'
00:32:21.636 | SUCCESS (308307, stable_pretraining.callbacks.cpu_offload) | ✓ Completed 'optimizer_states' in 1.02s
00:32:21.714 | INFO    (308307, stable_pretraining.callbacks.cpu_offload) | Processing checkpoint key: 'lr_schedulers'
00:32:21.714 | SUCCESS (308307, stable_pretraining.callbacks.cpu_offload) | ✓ Completed 'lr_schedulers' in 0.00s
00:32:21.714 | WARNING (308307, stable_pretraining.callbacks.cpu_offload) | Skipped 321 custom object(s)
00:32:21.714 | WARNING (308307, stable_pretraining.callbacks.cpu_offload) | First 10 skipped objects:
00:32:21.715 | WARNING (308307, stable_pretraining.callbacks.cpu_offload) |   - float at 'optimizer_states[0].param_groups[0].lr'
00:32:21.715 | WARNING (308307, stable_pretraining.callbacks.cpu_offload) |   - float at 'optimizer_states[0].param_groups[0].betas[0]'
00:32:21.715 | WARNING (308307, stable_pretraining.callbacks.cpu_offload) |   - float at 'optimizer_states[0].param_groups[0].betas[1]'
00:32:21.715 | WARNING (308307, stable_pretraining.callbacks.cpu_offload) |   - float at 'optimizer_states[0].param_groups[0].eps'
00:32:21.715 | WARNING (308307, stable_pretraining.callbacks.cpu_offload) |   - float at 'optimizer_states[0].param_groups[0].weight_decay'
00:32:21.715 | WARNING (308307, stable_pretraining.callbacks.cpu_offload) |   - bool at 'optimizer_states[0].param_groups[0].amsgrad'
00:32:21.715 | WARNING (308307, stable_pretraining.callbacks.cpu_offload) |   - bool at 'optimizer_states[0].param_groups[0].maximize'
00:32:21.716 | WARNING (308307, stable_pretraining.callbacks.cpu_offload) |   - NoneType at 'optimizer_states[0].param_groups[0].foreach'
00:32:21.716 | WARNING (308307, stable_pretraining.callbacks.cpu_offload) |   - bool at 'optimizer_states[0].param_groups[0].capturable'
00:32:21.716 | WARNING (308307, stable_pretraining.callbacks.cpu_offload) |   - bool at 'optimizer_states[0].param_groups[0].differentiable'
00:32:21.716 | WARNING (308307, stable_pretraining.callbacks.cpu_offload) | ... (301 more skipped) ...
00:32:21.716 | WARNING (308307, stable_pretraining.callbacks.cpu_offload) | Last 10 skipped objects:
00:32:21.716 | WARNING (308307, stable_pretraining.callbacks.cpu_offload) |   - int at 'optimizer_states[0].param_groups[0].params[298]'
00:32:21.716 | WARNING (308307, stable_pretraining.callbacks.cpu_offload) |   - int at 'lr_schedulers[0].warmup_steps'
00:32:21.716 | WARNING (308307, stable_pretraining.callbacks.cpu_offload) |   - int at 'lr_schedulers[0].max_steps'
00:32:21.717 | WARNING (308307, stable_pretraining.callbacks.cpu_offload) |   - float at 'lr_schedulers[0].warmup_start_lr'
00:32:21.717 | WARNING (308307, stable_pretraining.callbacks.cpu_offload) |   - float at 'lr_schedulers[0].eta_min'
00:32:21.717 | WARNING (308307, stable_pretraining.callbacks.cpu_offload) |   - float at 'lr_schedulers[0].base_lrs[0]'
00:32:21.717 | WARNING (308307, stable_pretraining.callbacks.cpu_offload) |   - int at 'lr_schedulers[0].last_epoch'
00:32:21.717 | WARNING (308307, stable_pretraining.callbacks.cpu_offload) |   - int at 'lr_schedulers[0]._step_count'
00:32:21.717 | WARNING (308307, stable_pretraining.callbacks.cpu_offload) |   - bool at 'lr_schedulers[0]._get_lr_called_within_step'
00:32:21.717 | WARNING (308307, stable_pretraining.callbacks.cpu_offload) |   - float at 'lr_schedulers[0]._last_lr[0]'
00:32:21.718 | INFO    (308307, stable_pretraining.callbacks.cpu_offload) | To see all 321 skipped objects, set log_skipped=True
00:32:21.718 | INFO    (308307, stable_pretraining.callbacks.cpu_offload) | GPU memory after offload:
00:32:21.718 | INFO    (308307, stable_pretraining.callbacks.cpu_offload) |   - Allocated: 0.24 GB
00:32:21.718 | INFO    (308307, stable_pretraining.callbacks.cpu_offload) |   - Reserved: 16.63 GB
00:32:21.719 | INFO    (308307, stable_pretraining.callbacks.cpu_offload) | GPU memory freed: 0.00 GB
00:32:21.719 | SUCCESS (308307, stable_pretraining.callbacks.cpu_offload) | CPUOffloadCallback: Checkpoint #8 completed in 1.63s
00:32:21.719 | INFO    (308307, stable_pretraining.callbacks.cpu_offload) | Successfully processed keys: ['state_dict', 'optimizer_states', 'lr_schedulers']
00:32:21.719 | INFO    (308307, stable_pretraining.callbacks.cpu_offload) | Cumulative stats:
00:32:21.719 | INFO    (308307, stable_pretraining.callbacks.cpu_offload) |   - Total checkpoints saved: 8
00:32:21.720 | INFO    (308307, stable_pretraining.callbacks.cpu_offload) |   - Total time in offload: 17.81s
00:32:21.720 | INFO    (308307, stable_pretraining.callbacks.cpu_offload) |   - Total memory freed: 0.00 GB
00:32:21.720 | INFO    (308307, stable_pretraining.callbacks.cpu_offload) |   - Average time per checkpoint: 2.23s
00:32:21.720 | INFO    (308307, stable_pretraining.callbacks.cpu_offload) | ============================================================
01:10:41.153 | WARNING (308307, stable_pretraining.module) | You are calling self.parameters which also gives callbacks parameters, to remove then, pass `with_callbacks=False`
01:15:25.458 | INFO    (308307, stable_pretraining.callbacks.trainer_info) | \n+----------------------------+------------------------+
|           Metric           |         Value          |
+----------------------------+------------------------+
|          [0;34;40mfit/loss[0m          | [0;32;40m0.0005345497629605234[0m  |
|       [0;34;40mfit/pred_loss[0m        |  [0;32;40m8.95855700946413e-05[0m  |
|      [0;34;40mfit/rdmreg_loss[0m       | [0;32;40m0.00044496418558992445[0m |
|       [0;34;40mvalidate/loss[0m        | [0;32;40m0.0006301090470515192[0m  |
|    [0;34;40mvalidate/loss_epoch[0m     | [0;32;40m0.0006301090470515192[0m  |
|     [0;34;40mvalidate/pred_loss[0m     | [0;32;40m9.225067333318293e-05[0m  |
|  [0;34;40mvalidate/pred_loss_epoch[0m  | [0;32;40m9.225067333318293e-05[0m  |
|    [0;34;40mvalidate/rdmreg_loss[0m    | [0;32;40m0.0005378584610298276[0m  |
| [0;34;40mvalidate/rdmreg_loss_epoch[0m | [0;32;40m0.0005378584610298276[0m  |
+----------------------------+------------------------+
01:15:26.003 | INFO    (308307, stable_pretraining.callbacks.checkpoint_sklearn) | Checking for non PyTorch modules to save... 🔧
01:15:26.004 | INFO    (308307, stable_pretraining.callbacks.checkpoint_sklearn) | Checking for Wandb params to save... 🔧
01:15:26.004 | INFO    (308307, stable_pretraining.callbacks.checkpoint_sklearn) | Saving Wandb params {'id': 'lewm_lp_pusht_expert_mu-3'}
01:15:26.004 | INFO    (308307, stable_pretraining.callbacks.checkpoint_sklearn) | Checking for Wandb params to save... Done!
01:15:26.005 | INFO    (308307, stable_pretraining.callbacks.cpu_offload) | ============================================================
01:15:26.005 | INFO    (308307, stable_pretraining.callbacks.cpu_offload) | CPUOffloadCallback: Starting checkpoint CPU offload (#9)
01:15:26.005 | INFO    (308307, stable_pretraining.callbacks.cpu_offload) |   - Global step: 17415
01:15:26.005 | INFO    (308307, stable_pretraining.callbacks.cpu_offload) |   - Epoch: 4
01:15:26.006 | INFO    (308307, stable_pretraining.callbacks.cpu_offload) | Checkpoint contains 11 keys: ['callbacks', 'epoch', 'global_step', 'hparams_name', 'hyper_parameters', 'loops', 'lr_schedulers', 'optimizer_states', 'pytorch-lightning_version', 'state_dict', 'wandb']
01:15:26.006 | INFO    (308307, stable_pretraining.callbacks.cpu_offload) | GPU memory before offload:
01:15:26.006 | INFO    (308307, stable_pretraining.callbacks.cpu_offload) |   - Allocated: 0.24 GB
01:15:26.007 | INFO    (308307, stable_pretraining.callbacks.cpu_offload) |   - Reserved: 16.63 GB
01:15:26.007 | INFO    (308307, stable_pretraining.callbacks.cpu_offload) | Processing checkpoint key: 'state_dict'
01:15:26.467 | SUCCESS (308307, stable_pretraining.callbacks.cpu_offload) | ✓ Completed 'state_dict' in 0.46s
01:15:26.468 | INFO    (308307, stable_pretraining.callbacks.cpu_offload) | Processing checkpoint key: 'optimizer_states'
01:15:27.394 | SUCCESS (308307, stable_pretraining.callbacks.cpu_offload) | ✓ Completed 'optimizer_states' in 0.93s
01:15:27.394 | INFO    (308307, stable_pretraining.callbacks.cpu_offload) | Processing checkpoint key: 'lr_schedulers'
01:15:27.394 | SUCCESS (308307, stable_pretraining.callbacks.cpu_offload) | ✓ Completed 'lr_schedulers' in 0.00s
01:15:27.395 | WARNING (308307, stable_pretraining.callbacks.cpu_offload) | Skipped 321 custom object(s)
01:15:27.395 | WARNING (308307, stable_pretraining.callbacks.cpu_offload) | First 10 skipped objects:
01:15:27.395 | WARNING (308307, stable_pretraining.callbacks.cpu_offload) |   - float at 'optimizer_states[0].param_groups[0].lr'
01:15:27.395 | WARNING (308307, stable_pretraining.callbacks.cpu_offload) |   - float at 'optimizer_states[0].param_groups[0].betas[0]'
01:15:27.395 | WARNING (308307, stable_pretraining.callbacks.cpu_offload) |   - float at 'optimizer_states[0].param_groups[0].betas[1]'
01:15:27.395 | WARNING (308307, stable_pretraining.callbacks.cpu_offload) |   - float at 'optimizer_states[0].param_groups[0].eps'
01:15:27.395 | WARNING (308307, stable_pretraining.callbacks.cpu_offload) |   - float at 'optimizer_states[0].param_groups[0].weight_decay'
01:15:27.396 | WARNING (308307, stable_pretraining.callbacks.cpu_offload) |   - bool at 'optimizer_states[0].param_groups[0].amsgrad'
01:15:27.396 | WARNING (308307, stable_pretraining.callbacks.cpu_offload) |   - bool at 'optimizer_states[0].param_groups[0].maximize'
01:15:27.396 | WARNING (308307, stable_pretraining.callbacks.cpu_offload) |   - NoneType at 'optimizer_states[0].param_groups[0].foreach'
01:15:27.396 | WARNING (308307, stable_pretraining.callbacks.cpu_offload) |   - bool at 'optimizer_states[0].param_groups[0].capturable'
01:15:27.396 | WARNING (308307, stable_pretraining.callbacks.cpu_offload) |   - bool at 'optimizer_states[0].param_groups[0].differentiable'
01:15:27.397 | WARNING (308307, stable_pretraining.callbacks.cpu_offload) | ... (301 more skipped) ...
01:15:27.397 | WARNING (308307, stable_pretraining.callbacks.cpu_offload) | Last 10 skipped objects:
01:15:27.397 | WARNING (308307, stable_pretraining.callbacks.cpu_offload) |   - int at 'optimizer_states[0].param_groups[0].params[298]'
01:15:27.397 | WARNING (308307, stable_pretraining.callbacks.cpu_offload) |   - int at 'lr_schedulers[0].warmup_steps'
01:15:27.397 | WARNING (308307, stable_pretraining.callbacks.cpu_offload) |   - int at 'lr_schedulers[0].max_steps'
01:15:27.398 | WARNING (308307, stable_pretraining.callbacks.cpu_offload) |   - float at 'lr_schedulers[0].warmup_start_lr'
01:15:27.398 | WARNING (308307, stable_pretraining.callbacks.cpu_offload) |   - float at 'lr_schedulers[0].eta_min'
01:15:27.398 | WARNING (308307, stable_pretraining.callbacks.cpu_offload) |   - float at 'lr_schedulers[0].base_lrs[0]'
01:15:27.398 | WARNING (308307, stable_pretraining.callbacks.cpu_offload) |   - int at 'lr_schedulers[0].last_epoch'
01:15:27.399 | WARNING (308307, stable_pretraining.callbacks.cpu_offload) |   - int at 'lr_schedulers[0]._step_count'
01:15:27.399 | WARNING (308307, stable_pretraining.callbacks.cpu_offload) |   - bool at 'lr_schedulers[0]._get_lr_called_within_step'
01:15:27.399 | WARNING (308307, stable_pretraining.callbacks.cpu_offload) |   - float at 'lr_schedulers[0]._last_lr[0]'
01:15:27.399 | INFO    (308307, stable_pretraining.callbacks.cpu_offload) | To see all 321 skipped objects, set log_skipped=True
01:15:27.400 | INFO    (308307, stable_pretraining.callbacks.cpu_offload) | GPU memory after offload:
01:15:27.400 | INFO    (308307, stable_pretraining.callbacks.cpu_offload) |   - Allocated: 0.24 GB
01:15:27.400 | INFO    (308307, stable_pretraining.callbacks.cpu_offload) |   - Reserved: 16.63 GB
01:15:27.400 | INFO    (308307, stable_pretraining.callbacks.cpu_offload) | GPU memory freed: 0.00 GB
01:15:27.400 | SUCCESS (308307, stable_pretraining.callbacks.cpu_offload) | CPUOffloadCallback: Checkpoint #9 completed in 1.40s
01:15:27.401 | INFO    (308307, stable_pretraining.callbacks.cpu_offload) | Successfully processed keys: ['state_dict', 'optimizer_states', 'lr_schedulers']
01:15:27.401 | INFO    (308307, stable_pretraining.callbacks.cpu_offload) | Cumulative stats:
01:15:27.401 | INFO    (308307, stable_pretraining.callbacks.cpu_offload) |   - Total checkpoints saved: 9
01:15:27.401 | INFO    (308307, stable_pretraining.callbacks.cpu_offload) |   - Total time in offload: 19.20s
01:15:27.401 | INFO    (308307, stable_pretraining.callbacks.cpu_offload) |   - Total memory freed: 0.00 GB
01:15:27.401 | INFO    (308307, stable_pretraining.callbacks.cpu_offload) |   - Average time per checkpoint: 2.13s
01:15:27.402 | INFO    (308307, stable_pretraining.callbacks.cpu_offload) | ============================================================
01:15:28.826 | INFO    (308307, stable_pretraining.callbacks.checkpoint_sklearn) | Checking for non PyTorch modules to save... 🔧
01:15:28.827 | INFO    (308307, stable_pretraining.callbacks.checkpoint_sklearn) | Checking for Wandb params to save... 🔧
01:15:28.827 | INFO    (308307, stable_pretraining.callbacks.checkpoint_sklearn) | Saving Wandb params {'id': 'lewm_lp_pusht_expert_mu-3'}
01:15:28.827 | INFO    (308307, stable_pretraining.callbacks.checkpoint_sklearn) | Checking for Wandb params to save... Done!
01:15:28.827 | INFO    (308307, stable_pretraining.callbacks.cpu_offload) | ============================================================
01:15:28.828 | INFO    (308307, stable_pretraining.callbacks.cpu_offload) | CPUOffloadCallback: Starting checkpoint CPU offload (#10)
01:15:28.828 | INFO    (308307, stable_pretraining.callbacks.cpu_offload) |   - Global step: 17415
01:15:28.828 | INFO    (308307, stable_pretraining.callbacks.cpu_offload) |   - Epoch: 4
01:15:28.853 | INFO    (308307, stable_pretraining.callbacks.cpu_offload) | Checkpoint contains 11 keys: ['callbacks', 'epoch', 'global_step', 'hparams_name', 'hyper_parameters', 'loops', 'lr_schedulers', 'optimizer_states', 'pytorch-lightning_version', 'state_dict', 'wandb']
01:15:28.854 | INFO    (308307, stable_pretraining.callbacks.cpu_offload) | GPU memory before offload:
01:15:28.854 | INFO    (308307, stable_pretraining.callbacks.cpu_offload) |   - Allocated: 0.24 GB
01:15:28.854 | INFO    (308307, stable_pretraining.callbacks.cpu_offload) |   - Reserved: 16.63 GB
01:15:28.854 | INFO    (308307, stable_pretraining.callbacks.cpu_offload) | Processing checkpoint key: 'state_dict'
01:15:29.437 | SUCCESS (308307, stable_pretraining.callbacks.cpu_offload) | ✓ Completed 'state_dict' in 0.58s
01:15:29.438 | INFO    (308307, stable_pretraining.callbacks.cpu_offload) | Processing checkpoint key: 'optimizer_states'
01:15:30.465 | SUCCESS (308307, stable_pretraining.callbacks.cpu_offload) | ✓ Completed 'optimizer_states' in 1.03s
01:15:30.465 | INFO    (308307, stable_pretraining.callbacks.cpu_offload) | Processing checkpoint key: 'lr_schedulers'
01:15:30.466 | SUCCESS (308307, stable_pretraining.callbacks.cpu_offload) | ✓ Completed 'lr_schedulers' in 0.00s
01:15:30.466 | WARNING (308307, stable_pretraining.callbacks.cpu_offload) | Skipped 321 custom object(s)
01:15:30.466 | WARNING (308307, stable_pretraining.callbacks.cpu_offload) | First 10 skipped objects:
01:15:30.466 | WARNING (308307, stable_pretraining.callbacks.cpu_offload) |   - float at 'optimizer_states[0].param_groups[0].lr'
01:15:30.466 | WARNING (308307, stable_pretraining.callbacks.cpu_offload) |   - float at 'optimizer_states[0].param_groups[0].betas[0]'
01:15:30.467 | WARNING (308307, stable_pretraining.callbacks.cpu_offload) |   - float at 'optimizer_states[0].param_groups[0].betas[1]'
01:15:30.467 | WARNING (308307, stable_pretraining.callbacks.cpu_offload) |   - float at 'optimizer_states[0].param_groups[0].eps'
01:15:30.467 | WARNING (308307, stable_pretraining.callbacks.cpu_offload) |   - float at 'optimizer_states[0].param_groups[0].weight_decay'
01:15:30.467 | WARNING (308307, stable_pretraining.callbacks.cpu_offload) |   - bool at 'optimizer_states[0].param_groups[0].amsgrad'
01:15:30.467 | WARNING (308307, stable_pretraining.callbacks.cpu_offload) |   - bool at 'optimizer_states[0].param_groups[0].maximize'
01:15:30.467 | WARNING (308307, stable_pretraining.callbacks.cpu_offload) |   - NoneType at 'optimizer_states[0].param_groups[0].foreach'
01:15:30.467 | WARNING (308307, stable_pretraining.callbacks.cpu_offload) |   - bool at 'optimizer_states[0].param_groups[0].capturable'
01:15:30.468 | WARNING (308307, stable_pretraining.callbacks.cpu_offload) |   - bool at 'optimizer_states[0].param_groups[0].differentiable'
01:15:30.468 | WARNING (308307, stable_pretraining.callbacks.cpu_offload) | ... (301 more skipped) ...
01:15:30.468 | WARNING (308307, stable_pretraining.callbacks.cpu_offload) | Last 10 skipped objects:
01:15:30.468 | WARNING (308307, stable_pretraining.callbacks.cpu_offload) |   - int at 'optimizer_states[0].param_groups[0].params[298]'
01:15:30.468 | WARNING (308307, stable_pretraining.callbacks.cpu_offload) |   - int at 'lr_schedulers[0].warmup_steps'
01:15:30.468 | WARNING (308307, stable_pretraining.callbacks.cpu_offload) |   - int at 'lr_schedulers[0].max_steps'
01:15:30.468 | WARNING (308307, stable_pretraining.callbacks.cpu_offload) |   - float at 'lr_schedulers[0].warmup_start_lr'
01:15:30.469 | WARNING (308307, stable_pretraining.callbacks.cpu_offload) |   - float at 'lr_schedulers[0].eta_min'
01:15:30.469 | WARNING (308307, stable_pretraining.callbacks.cpu_offload) |   - float at 'lr_schedulers[0].base_lrs[0]'
01:15:30.469 | WARNING (308307, stable_pretraining.callbacks.cpu_offload) |   - int at 'lr_schedulers[0].last_epoch'
01:15:30.469 | WARNING (308307, stable_pretraining.callbacks.cpu_offload) |   - int at 'lr_schedulers[0]._step_count'
01:15:30.469 | WARNING (308307, stable_pretraining.callbacks.cpu_offload) |   - bool at 'lr_schedulers[0]._get_lr_called_within_step'
01:15:30.469 | WARNING (308307, stable_pretraining.callbacks.cpu_offload) |   - float at 'lr_schedulers[0]._last_lr[0]'
01:15:30.470 | INFO    (308307, stable_pretraining.callbacks.cpu_offload) | To see all 321 skipped objects, set log_skipped=True
01:15:30.470 | INFO    (308307, stable_pretraining.callbacks.cpu_offload) | GPU memory after offload:
01:15:30.470 | INFO    (308307, stable_pretraining.callbacks.cpu_offload) |   - Allocated: 0.24 GB
01:15:30.471 | INFO    (308307, stable_pretraining.callbacks.cpu_offload) |   - Reserved: 16.63 GB
01:15:30.471 | INFO    (308307, stable_pretraining.callbacks.cpu_offload) | GPU memory freed: 0.00 GB
01:15:30.471 | SUCCESS (308307, stable_pretraining.callbacks.cpu_offload) | CPUOffloadCallback: Checkpoint #10 completed in 1.64s
01:15:30.471 | INFO    (308307, stable_pretraining.callbacks.cpu_offload) | Successfully processed keys: ['state_dict', 'optimizer_states', 'lr_schedulers']
01:15:30.471 | INFO    (308307, stable_pretraining.callbacks.cpu_offload) | Cumulative stats:
01:15:30.471 | INFO    (308307, stable_pretraining.callbacks.cpu_offload) |   - Total checkpoints saved: 10
01:15:30.471 | INFO    (308307, stable_pretraining.callbacks.cpu_offload) |   - Total time in offload: 20.85s
01:15:30.472 | INFO    (308307, stable_pretraining.callbacks.cpu_offload) |   - Total memory freed: 0.00 GB
01:15:30.472 | INFO    (308307, stable_pretraining.callbacks.cpu_offload) |   - Average time per checkpoint: 2.08s
01:15:30.472 | INFO    (308307, stable_pretraining.callbacks.cpu_offload) | ============================================================
01:53:27.180 | WARNING (308307, stable_pretraining.module) | You are calling self.parameters which also gives callbacks parameters, to remove then, pass `with_callbacks=False`
01:57:51.807 | INFO    (308307, stable_pretraining.callbacks.trainer_info) | \n+----------------------------+------------------------+
|           Metric           |         Value          |
+----------------------------+------------------------+
|          [0;34;40mfit/loss[0m          | [0;32;40m0.00044334662379696965[0m |
|       [0;34;40mfit/pred_loss[0m        | [0;32;40m7.914035086287186e-05[0m  |
|      [0;34;40mfit/rdmreg_loss[0m       | [0;32;40m0.0003642062656581402[0m  |
|       [0;34;40mvalidate/loss[0m        | [0;32;40m0.0005992844235152006[0m  |
|    [0;34;40mvalidate/loss_epoch[0m     | [0;32;40m0.0005992844235152006[0m  |
|     [0;34;40mvalidate/pred_loss[0m     |  [0;32;40m8.64189860294573e-05[0m  |
|  [0;34;40mvalidate/pred_loss_epoch[0m  |  [0;32;40m8.64189860294573e-05[0m  |
|    [0;34;40mvalidate/rdmreg_loss[0m    | [0;32;40m0.0005128653137944639[0m  |
| [0;34;40mvalidate/rdmreg_loss_epoch[0m | [0;32;40m0.0005128653137944639[0m  |
+----------------------------+------------------------+
01:57:52.364 | INFO    (308307, stable_pretraining.callbacks.checkpoint_sklearn) | Checking for non PyTorch modules to save... 🔧
01:57:52.365 | INFO    (308307, stable_pretraining.callbacks.checkpoint_sklearn) | Checking for Wandb params to save... 🔧
01:57:52.365 | INFO    (308307, stable_pretraining.callbacks.checkpoint_sklearn) | Saving Wandb params {'id': 'lewm_lp_pusht_expert_mu-3'}
01:57:52.365 | INFO    (308307, stable_pretraining.callbacks.checkpoint_sklearn) | Checking for Wandb params to save... Done!
01:57:52.365 | INFO    (308307, stable_pretraining.callbacks.cpu_offload) | ============================================================
01:57:52.366 | INFO    (308307, stable_pretraining.callbacks.cpu_offload) | CPUOffloadCallback: Starting checkpoint CPU offload (#11)
01:57:52.366 | INFO    (308307, stable_pretraining.callbacks.cpu_offload) |   - Global step: 20898
01:57:52.366 | INFO    (308307, stable_pretraining.callbacks.cpu_offload) |   - Epoch: 5
01:57:52.366 | INFO    (308307, stable_pretraining.callbacks.cpu_offload) | Checkpoint contains 11 keys: ['callbacks', 'epoch', 'global_step', 'hparams_name', 'hyper_parameters', 'loops', 'lr_schedulers', 'optimizer_states', 'pytorch-lightning_version', 'state_dict', 'wandb']
01:57:52.367 | INFO    (308307, stable_pretraining.callbacks.cpu_offload) | GPU memory before offload:
01:57:52.367 | INFO    (308307, stable_pretraining.callbacks.cpu_offload) |   - Allocated: 0.24 GB
01:57:52.368 | INFO    (308307, stable_pretraining.callbacks.cpu_offload) |   - Reserved: 16.63 GB
01:57:52.368 | INFO    (308307, stable_pretraining.callbacks.cpu_offload) | Processing checkpoint key: 'state_dict'
01:57:52.786 | SUCCESS (308307, stable_pretraining.callbacks.cpu_offload) | ✓ Completed 'state_dict' in 0.42s
01:57:52.786 | INFO    (308307, stable_pretraining.callbacks.cpu_offload) | Processing checkpoint key: 'optimizer_states'
01:57:53.689 | SUCCESS (308307, stable_pretraining.callbacks.cpu_offload) | ✓ Completed 'optimizer_states' in 0.90s
01:57:53.690 | INFO    (308307, stable_pretraining.callbacks.cpu_offload) | Processing checkpoint key: 'lr_schedulers'
01:57:53.690 | SUCCESS (308307, stable_pretraining.callbacks.cpu_offload) | ✓ Completed 'lr_schedulers' in 0.00s
01:57:53.690 | WARNING (308307, stable_pretraining.callbacks.cpu_offload) | Skipped 321 custom object(s)
01:57:53.690 | WARNING (308307, stable_pretraining.callbacks.cpu_offload) | First 10 skipped objects:
01:57:53.691 | WARNING (308307, stable_pretraining.callbacks.cpu_offload) |   - float at 'optimizer_states[0].param_groups[0].lr'
01:57:53.691 | WARNING (308307, stable_pretraining.callbacks.cpu_offload) |   - float at 'optimizer_states[0].param_groups[0].betas[0]'
01:57:53.691 | WARNING (308307, stable_pretraining.callbacks.cpu_offload) |   - float at 'optimizer_states[0].param_groups[0].betas[1]'
01:57:53.691 | WARNING (308307, stable_pretraining.callbacks.cpu_offload) |   - float at 'optimizer_states[0].param_groups[0].eps'
01:57:53.691 | WARNING (308307, stable_pretraining.callbacks.cpu_offload) |   - float at 'optimizer_states[0].param_groups[0].weight_decay'
01:57:53.692 | WARNING (308307, stable_pretraining.callbacks.cpu_offload) |   - bool at 'optimizer_states[0].param_groups[0].amsgrad'
01:57:53.692 | WARNING (308307, stable_pretraining.callbacks.cpu_offload) |   - bool at 'optimizer_states[0].param_groups[0].maximize'
01:57:53.692 | WARNING (308307, stable_pretraining.callbacks.cpu_offload) |   - NoneType at 'optimizer_states[0].param_groups[0].foreach'
01:57:53.692 | WARNING (308307, stable_pretraining.callbacks.cpu_offload) |   - bool at 'optimizer_states[0].param_groups[0].capturable'
01:57:53.692 | WARNING (308307, stable_pretraining.callbacks.cpu_offload) |   - bool at 'optimizer_states[0].param_groups[0].differentiable'
01:57:53.692 | WARNING (308307, stable_pretraining.callbacks.cpu_offload) | ... (301 more skipped) ...
01:57:53.692 | WARNING (308307, stable_pretraining.callbacks.cpu_offload) | Last 10 skipped objects:
01:57:53.693 | WARNING (308307, stable_pretraining.callbacks.cpu_offload) |   - int at 'optimizer_states[0].param_groups[0].params[298]'
01:57:53.693 | WARNING (308307, stable_pretraining.callbacks.cpu_offload) |   - int at 'lr_schedulers[0].warmup_steps'
01:57:53.693 | WARNING (308307, stable_pretraining.callbacks.cpu_offload) |   - int at 'lr_schedulers[0].max_steps'
01:57:53.693 | WARNING (308307, stable_pretraining.callbacks.cpu_offload) |   - float at 'lr_schedulers[0].warmup_start_lr'
01:57:53.693 | WARNING (308307, stable_pretraining.callbacks.cpu_offload) |   - float at 'lr_schedulers[0].eta_min'
01:57:53.694 | WARNING (308307, stable_pretraining.callbacks.cpu_offload) |   - float at 'lr_schedulers[0].base_lrs[0]'
01:57:53.694 | WARNING (308307, stable_pretraining.callbacks.cpu_offload) |   - int at 'lr_schedulers[0].last_epoch'
01:57:53.694 | WARNING (308307, stable_pretraining.callbacks.cpu_offload) |   - int at 'lr_schedulers[0]._step_count'
01:57:53.694 | WARNING (308307, stable_pretraining.callbacks.cpu_offload) |   - bool at 'lr_schedulers[0]._get_lr_called_within_step'
01:57:53.695 | WARNING (308307, stable_pretraining.callbacks.cpu_offload) |   - float at 'lr_schedulers[0]._last_lr[0]'
01:57:53.695 | INFO    (308307, stable_pretraining.callbacks.cpu_offload) | To see all 321 skipped objects, set log_skipped=True
01:57:53.696 | INFO    (308307, stable_pretraining.callbacks.cpu_offload) | GPU memory after offload:
01:57:53.696 | INFO    (308307, stable_pretraining.callbacks.cpu_offload) |   - Allocated: 0.24 GB
01:57:53.696 | INFO    (308307, stable_pretraining.callbacks.cpu_offload) |   - Reserved: 16.63 GB
01:57:53.696 | INFO    (308307, stable_pretraining.callbacks.cpu_offload) | GPU memory freed: 0.00 GB
01:57:53.696 | SUCCESS (308307, stable_pretraining.callbacks.cpu_offload) | CPUOffloadCallback: Checkpoint #11 completed in 1.33s
01:57:53.696 | INFO    (308307, stable_pretraining.callbacks.cpu_offload) | Successfully processed keys: ['state_dict', 'optimizer_states', 'lr_schedulers']
01:57:53.696 | INFO    (308307, stable_pretraining.callbacks.cpu_offload) | Cumulative stats:
01:57:53.697 | INFO    (308307, stable_pretraining.callbacks.cpu_offload) |   - Total checkpoints saved: 11
01:57:53.697 | INFO    (308307, stable_pretraining.callbacks.cpu_offload) |   - Total time in offload: 22.18s
01:57:53.697 | INFO    (308307, stable_pretraining.callbacks.cpu_offload) |   - Total memory freed: 0.00 GB
01:57:53.697 | INFO    (308307, stable_pretraining.callbacks.cpu_offload) |   - Average time per checkpoint: 2.02s
01:57:53.697 | INFO    (308307, stable_pretraining.callbacks.cpu_offload) | ============================================================
01:57:54.916 | INFO    (308307, stable_pretraining.callbacks.checkpoint_sklearn) | Checking for non PyTorch modules to save... 🔧
01:57:54.917 | INFO    (308307, stable_pretraining.callbacks.checkpoint_sklearn) | Checking for Wandb params to save... 🔧
01:57:54.917 | INFO    (308307, stable_pretraining.callbacks.checkpoint_sklearn) | Saving Wandb params {'id': 'lewm_lp_pusht_expert_mu-3'}
01:57:54.917 | INFO    (308307, stable_pretraining.callbacks.checkpoint_sklearn) | Checking for Wandb params to save... Done!
01:57:54.917 | INFO    (308307, stable_pretraining.callbacks.cpu_offload) | ============================================================
01:57:54.918 | INFO    (308307, stable_pretraining.callbacks.cpu_offload) | CPUOffloadCallback: Starting checkpoint CPU offload (#12)
01:57:55.023 | INFO    (308307, stable_pretraining.callbacks.cpu_offload) |   - Global step: 20898
01:57:55.023 | INFO    (308307, stable_pretraining.callbacks.cpu_offload) |   - Epoch: 5
01:57:55.024 | INFO    (308307, stable_pretraining.callbacks.cpu_offload) | Checkpoint contains 11 keys: ['callbacks', 'epoch', 'global_step', 'hparams_name', 'hyper_parameters', 'loops', 'lr_schedulers', 'optimizer_states', 'pytorch-lightning_version', 'state_dict', 'wandb']
01:57:55.024 | INFO    (308307, stable_pretraining.callbacks.cpu_offload) | GPU memory before offload:
01:57:55.025 | INFO    (308307, stable_pretraining.callbacks.cpu_offload) |   - Allocated: 0.24 GB
01:57:55.025 | INFO    (308307, stable_pretraining.callbacks.cpu_offload) |   - Reserved: 16.63 GB
01:57:55.025 | INFO    (308307, stable_pretraining.callbacks.cpu_offload) | Processing checkpoint key: 'state_dict'
01:57:55.572 | SUCCESS (308307, stable_pretraining.callbacks.cpu_offload) | ✓ Completed 'state_dict' in 0.55s
01:57:55.573 | INFO    (308307, stable_pretraining.callbacks.cpu_offload) | Processing checkpoint key: 'optimizer_states'
01:57:56.645 | SUCCESS (308307, stable_pretraining.callbacks.cpu_offload) | ✓ Completed 'optimizer_states' in 1.07s
01:57:56.646 | INFO    (308307, stable_pretraining.callbacks.cpu_offload) | Processing checkpoint key: 'lr_schedulers'
01:57:56.646 | SUCCESS (308307, stable_pretraining.callbacks.cpu_offload) | ✓ Completed 'lr_schedulers' in 0.00s
01:57:56.646 | WARNING (308307, stable_pretraining.callbacks.cpu_offload) | Skipped 321 custom object(s)
01:57:56.647 | WARNING (308307, stable_pretraining.callbacks.cpu_offload) | First 10 skipped objects:
01:57:56.647 | WARNING (308307, stable_pretraining.callbacks.cpu_offload) |   - float at 'optimizer_states[0].param_groups[0].lr'
01:57:56.647 | WARNING (308307, stable_pretraining.callbacks.cpu_offload) |   - float at 'optimizer_states[0].param_groups[0].betas[0]'
01:57:56.648 | WARNING (308307, stable_pretraining.callbacks.cpu_offload) |   - float at 'optimizer_states[0].param_groups[0].betas[1]'
01:57:56.648 | WARNING (308307, stable_pretraining.callbacks.cpu_offload) |   - float at 'optimizer_states[0].param_groups[0].eps'
01:57:56.648 | WARNING (308307, stable_pretraining.callbacks.cpu_offload) |   - float at 'optimizer_states[0].param_groups[0].weight_decay'
01:57:56.648 | WARNING (308307, stable_pretraining.callbacks.cpu_offload) |   - bool at 'optimizer_states[0].param_groups[0].amsgrad'
01:57:56.649 | WARNING (308307, stable_pretraining.callbacks.cpu_offload) |   - bool at 'optimizer_states[0].param_groups[0].maximize'
01:57:56.649 | WARNING (308307, stable_pretraining.callbacks.cpu_offload) |   - NoneType at 'optimizer_states[0].param_groups[0].foreach'
01:57:56.649 | WARNING (308307, stable_pretraining.callbacks.cpu_offload) |   - bool at 'optimizer_states[0].param_groups[0].capturable'
01:57:56.649 | WARNING (308307, stable_pretraining.callbacks.cpu_offload) |   - bool at 'optimizer_states[0].param_groups[0].differentiable'
01:57:56.649 | WARNING (308307, stable_pretraining.callbacks.cpu_offload) | ... (301 more skipped) ...
01:57:56.650 | WARNING (308307, stable_pretraining.callbacks.cpu_offload) | Last 10 skipped objects:
01:57:56.650 | WARNING (308307, stable_pretraining.callbacks.cpu_offload) |   - int at 'optimizer_states[0].param_groups[0].params[298]'
01:57:56.650 | WARNING (308307, stable_pretraining.callbacks.cpu_offload) |   - int at 'lr_schedulers[0].warmup_steps'
01:57:56.651 | WARNING (308307, stable_pretraining.callbacks.cpu_offload) |   - int at 'lr_schedulers[0].max_steps'
01:57:56.651 | WARNING (308307, stable_pretraining.callbacks.cpu_offload) |   - float at 'lr_schedulers[0].warmup_start_lr'
01:57:56.651 | WARNING (308307, stable_pretraining.callbacks.cpu_offload) |   - float at 'lr_schedulers[0].eta_min'
01:57:56.651 | WARNING (308307, stable_pretraining.callbacks.cpu_offload) |   - float at 'lr_schedulers[0].base_lrs[0]'
01:57:56.652 | WARNING (308307, stable_pretraining.callbacks.cpu_offload) |   - int at 'lr_schedulers[0].last_epoch'
01:57:56.652 | WARNING (308307, stable_pretraining.callbacks.cpu_offload) |   - int at 'lr_schedulers[0]._step_count'
01:57:56.652 | WARNING (308307, stable_pretraining.callbacks.cpu_offload) |   - bool at 'lr_schedulers[0]._get_lr_called_within_step'
01:57:56.652 | WARNING (308307, stable_pretraining.callbacks.cpu_offload) |   - float at 'lr_schedulers[0]._last_lr[0]'
01:57:56.653 | INFO    (308307, stable_pretraining.callbacks.cpu_offload) | To see all 321 skipped objects, set log_skipped=True
01:57:56.653 | INFO    (308307, stable_pretraining.callbacks.cpu_offload) | GPU memory after offload:
01:57:56.654 | INFO    (308307, stable_pretraining.callbacks.cpu_offload) |   - Allocated: 0.24 GB
01:57:56.654 | INFO    (308307, stable_pretraining.callbacks.cpu_offload) |   - Reserved: 16.63 GB
01:57:56.654 | INFO    (308307, stable_pretraining.callbacks.cpu_offload) | GPU memory freed: 0.00 GB
01:57:56.654 | SUCCESS (308307, stable_pretraining.callbacks.cpu_offload) | CPUOffloadCallback: Checkpoint #12 completed in 1.74s
01:57:56.655 | INFO    (308307, stable_pretraining.callbacks.cpu_offload) | Successfully processed keys: ['state_dict', 'optimizer_states', 'lr_schedulers']
01:57:56.655 | INFO    (308307, stable_pretraining.callbacks.cpu_offload) | Cumulative stats:
01:57:56.655 | INFO    (308307, stable_pretraining.callbacks.cpu_offload) |   - Total checkpoints saved: 12
01:57:56.656 | INFO    (308307, stable_pretraining.callbacks.cpu_offload) |   - Total time in offload: 23.92s
01:57:56.656 | INFO    (308307, stable_pretraining.callbacks.cpu_offload) |   - Total memory freed: 0.00 GB
01:57:56.656 | INFO    (308307, stable_pretraining.callbacks.cpu_offload) |   - Average time per checkpoint: 1.99s
01:57:56.656 | INFO    (308307, stable_pretraining.callbacks.cpu_offload) | ============================================================
02:39:07.643 | WARNING (308307, stable_pretraining.module) | You are calling self.parameters which also gives callbacks parameters, to remove then, pass `with_callbacks=False`
02:43:43.780 | INFO    (308307, stable_pretraining.callbacks.trainer_info) | \n+----------------------------+------------------------+
|           Metric           |         Value          |
+----------------------------+------------------------+
|          [0;34;40mfit/loss[0m          | [0;32;40m0.0004858215106651187[0m  |
|       [0;34;40mfit/pred_loss[0m        | [0;32;40m7.792598626110703e-05[0m  |
|      [0;34;40mfit/rdmreg_loss[0m       | [0;32;40m0.00040789550985209644[0m |
|       [0;34;40mvalidate/loss[0m        | [0;32;40m0.0005027633742429316[0m  |
|    [0;34;40mvalidate/loss_epoch[0m     | [0;32;40m0.0005027633742429316[0m  |
|     [0;34;40mvalidate/pred_loss[0m     | [0;32;40m6.218776979949325e-05[0m  |
|  [0;34;40mvalidate/pred_loss_epoch[0m  | [0;32;40m6.218776979949325e-05[0m  |
|    [0;34;40mvalidate/rdmreg_loss[0m    | [0;32;40m0.0004405756772030145[0m  |
| [0;34;40mvalidate/rdmreg_loss_epoch[0m | [0;32;40m0.0004405756772030145[0m  |
+----------------------------+------------------------+
02:43:44.329 | INFO    (308307, stable_pretraining.callbacks.checkpoint_sklearn) | Checking for non PyTorch modules to save... 🔧
02:43:44.329 | INFO    (308307, stable_pretraining.callbacks.checkpoint_sklearn) | Checking for Wandb params to save... 🔧
02:43:44.330 | INFO    (308307, stable_pretraining.callbacks.checkpoint_sklearn) | Saving Wandb params {'id': 'lewm_lp_pusht_expert_mu-3'}
02:43:44.330 | INFO    (308307, stable_pretraining.callbacks.checkpoint_sklearn) | Checking for Wandb params to save... Done!
02:43:44.330 | INFO    (308307, stable_pretraining.callbacks.cpu_offload) | ============================================================
02:43:44.330 | INFO    (308307, stable_pretraining.callbacks.cpu_offload) | CPUOffloadCallback: Starting checkpoint CPU offload (#13)
02:43:44.330 | INFO    (308307, stable_pretraining.callbacks.cpu_offload) |   - Global step: 24381
02:43:44.331 | INFO    (308307, stable_pretraining.callbacks.cpu_offload) |   - Epoch: 6
02:43:44.331 | INFO    (308307, stable_pretraining.callbacks.cpu_offload) | Checkpoint contains 11 keys: ['callbacks', 'epoch', 'global_step', 'hparams_name', 'hyper_parameters', 'loops', 'lr_schedulers', 'optimizer_states', 'pytorch-lightning_version', 'state_dict', 'wandb']
02:43:44.331 | INFO    (308307, stable_pretraining.callbacks.cpu_offload) | GPU memory before offload:
02:43:44.332 | INFO    (308307, stable_pretraining.callbacks.cpu_offload) |   - Allocated: 0.24 GB
02:43:44.332 | INFO    (308307, stable_pretraining.callbacks.cpu_offload) |   - Reserved: 16.63 GB
02:43:44.332 | INFO    (308307, stable_pretraining.callbacks.cpu_offload) | Processing checkpoint key: 'state_dict'
02:43:44.797 | SUCCESS (308307, stable_pretraining.callbacks.cpu_offload) | ✓ Completed 'state_dict' in 0.46s
02:43:44.798 | INFO    (308307, stable_pretraining.callbacks.cpu_offload) | Processing checkpoint key: 'optimizer_states'
02:43:45.688 | SUCCESS (308307, stable_pretraining.callbacks.cpu_offload) | ✓ Completed 'optimizer_states' in 0.89s
02:43:45.731 | INFO    (308307, stable_pretraining.callbacks.cpu_offload) | Processing checkpoint key: 'lr_schedulers'
02:43:45.731 | SUCCESS (308307, stable_pretraining.callbacks.cpu_offload) | ✓ Completed 'lr_schedulers' in 0.00s
02:43:45.732 | WARNING (308307, stable_pretraining.callbacks.cpu_offload) | Skipped 321 custom object(s)
02:43:45.732 | WARNING (308307, stable_pretraining.callbacks.cpu_offload) | First 10 skipped objects:
02:43:45.732 | WARNING (308307, stable_pretraining.callbacks.cpu_offload) |   - float at 'optimizer_states[0].param_groups[0].lr'
02:43:45.732 | WARNING (308307, stable_pretraining.callbacks.cpu_offload) |   - float at 'optimizer_states[0].param_groups[0].betas[0]'
02:43:45.732 | WARNING (308307, stable_pretraining.callbacks.cpu_offload) |   - float at 'optimizer_states[0].param_groups[0].betas[1]'
02:43:45.732 | WARNING (308307, stable_pretraining.callbacks.cpu_offload) |   - float at 'optimizer_states[0].param_groups[0].eps'
02:43:45.732 | WARNING (308307, stable_pretraining.callbacks.cpu_offload) |   - float at 'optimizer_states[0].param_groups[0].weight_decay'
02:43:45.733 | WARNING (308307, stable_pretraining.callbacks.cpu_offload) |   - bool at 'optimizer_states[0].param_groups[0].amsgrad'
02:43:45.733 | WARNING (308307, stable_pretraining.callbacks.cpu_offload) |   - bool at 'optimizer_states[0].param_groups[0].maximize'
02:43:45.733 | WARNING (308307, stable_pretraining.callbacks.cpu_offload) |   - NoneType at 'optimizer_states[0].param_groups[0].foreach'
02:43:45.733 | WARNING (308307, stable_pretraining.callbacks.cpu_offload) |   - bool at 'optimizer_states[0].param_groups[0].capturable'
02:43:45.733 | WARNING (308307, stable_pretraining.callbacks.cpu_offload) |   - bool at 'optimizer_states[0].param_groups[0].differentiable'
02:43:45.733 | WARNING (308307, stable_pretraining.callbacks.cpu_offload) | ... (301 more skipped) ...
02:43:45.733 | WARNING (308307, stable_pretraining.callbacks.cpu_offload) | Last 10 skipped objects:
02:43:45.733 | WARNING (308307, stable_pretraining.callbacks.cpu_offload) |   - int at 'optimizer_states[0].param_groups[0].params[298]'
02:43:45.734 | WARNING (308307, stable_pretraining.callbacks.cpu_offload) |   - int at 'lr_schedulers[0].warmup_steps'
02:43:45.734 | WARNING (308307, stable_pretraining.callbacks.cpu_offload) |   - int at 'lr_schedulers[0].max_steps'
02:43:45.734 | WARNING (308307, stable_pretraining.callbacks.cpu_offload) |   - float at 'lr_schedulers[0].warmup_start_lr'
02:43:45.734 | WARNING (308307, stable_pretraining.callbacks.cpu_offload) |   - float at 'lr_schedulers[0].eta_min'
02:43:45.734 | WARNING (308307, stable_pretraining.callbacks.cpu_offload) |   - float at 'lr_schedulers[0].base_lrs[0]'
02:43:45.734 | WARNING (308307, stable_pretraining.callbacks.cpu_offload) |   - int at 'lr_schedulers[0].last_epoch'
02:43:45.734 | WARNING (308307, stable_pretraining.callbacks.cpu_offload) |   - int at 'lr_schedulers[0]._step_count'
02:43:45.734 | WARNING (308307, stable_pretraining.callbacks.cpu_offload) |   - bool at 'lr_schedulers[0]._get_lr_called_within_step'
02:43:45.735 | WARNING (308307, stable_pretraining.callbacks.cpu_offload) |   - float at 'lr_schedulers[0]._last_lr[0]'
02:43:45.735 | INFO    (308307, stable_pretraining.callbacks.cpu_offload) | To see all 321 skipped objects, set log_skipped=True
02:43:45.735 | INFO    (308307, stable_pretraining.callbacks.cpu_offload) | GPU memory after offload:
02:43:45.735 | INFO    (308307, stable_pretraining.callbacks.cpu_offload) |   - Allocated: 0.24 GB
02:43:45.736 | INFO    (308307, stable_pretraining.callbacks.cpu_offload) |   - Reserved: 16.63 GB
02:43:45.736 | INFO    (308307, stable_pretraining.callbacks.cpu_offload) | GPU memory freed: 0.00 GB
02:43:45.736 | SUCCESS (308307, stable_pretraining.callbacks.cpu_offload) | CPUOffloadCallback: Checkpoint #13 completed in 1.41s
02:43:45.736 | INFO    (308307, stable_pretraining.callbacks.cpu_offload) | Successfully processed keys: ['state_dict', 'optimizer_states', 'lr_schedulers']
02:43:45.736 | INFO    (308307, stable_pretraining.callbacks.cpu_offload) | Cumulative stats:
02:43:45.736 | INFO    (308307, stable_pretraining.callbacks.cpu_offload) |   - Total checkpoints saved: 13
02:43:45.736 | INFO    (308307, stable_pretraining.callbacks.cpu_offload) |   - Total time in offload: 25.32s
02:43:45.736 | INFO    (308307, stable_pretraining.callbacks.cpu_offload) |   - Total memory freed: 0.00 GB
02:43:45.737 | INFO    (308307, stable_pretraining.callbacks.cpu_offload) |   - Average time per checkpoint: 1.95s
02:43:45.737 | INFO    (308307, stable_pretraining.callbacks.cpu_offload) | ============================================================
02:43:47.081 | INFO    (308307, stable_pretraining.callbacks.checkpoint_sklearn) | Checking for non PyTorch modules to save... 🔧
02:43:47.082 | INFO    (308307, stable_pretraining.callbacks.checkpoint_sklearn) | Checking for Wandb params to save... 🔧
02:43:47.082 | INFO    (308307, stable_pretraining.callbacks.checkpoint_sklearn) | Saving Wandb params {'id': 'lewm_lp_pusht_expert_mu-3'}
02:43:47.082 | INFO    (308307, stable_pretraining.callbacks.checkpoint_sklearn) | Checking for Wandb params to save... Done!
02:43:47.083 | INFO    (308307, stable_pretraining.callbacks.cpu_offload) | ============================================================
02:43:47.083 | INFO    (308307, stable_pretraining.callbacks.cpu_offload) | CPUOffloadCallback: Starting checkpoint CPU offload (#14)
02:43:47.083 | INFO    (308307, stable_pretraining.callbacks.cpu_offload) |   - Global step: 24381
02:43:47.083 | INFO    (308307, stable_pretraining.callbacks.cpu_offload) |   - Epoch: 6
02:43:47.083 | INFO    (308307, stable_pretraining.callbacks.cpu_offload) | Checkpoint contains 11 keys: ['callbacks', 'epoch', 'global_step', 'hparams_name', 'hyper_parameters', 'loops', 'lr_schedulers', 'optimizer_states', 'pytorch-lightning_version', 'state_dict', 'wandb']
02:43:47.084 | INFO    (308307, stable_pretraining.callbacks.cpu_offload) | GPU memory before offload:
02:43:47.084 | INFO    (308307, stable_pretraining.callbacks.cpu_offload) |   - Allocated: 0.24 GB
02:43:47.084 | INFO    (308307, stable_pretraining.callbacks.cpu_offload) |   - Reserved: 16.63 GB
02:43:47.084 | INFO    (308307, stable_pretraining.callbacks.cpu_offload) | Processing checkpoint key: 'state_dict'
02:43:47.501 | SUCCESS (308307, stable_pretraining.callbacks.cpu_offload) | ✓ Completed 'state_dict' in 0.42s
02:43:47.501 | INFO    (308307, stable_pretraining.callbacks.cpu_offload) | Processing checkpoint key: 'optimizer_states'
02:43:48.343 | SUCCESS (308307, stable_pretraining.callbacks.cpu_offload) | ✓ Completed 'optimizer_states' in 0.84s
02:43:48.344 | INFO    (308307, stable_pretraining.callbacks.cpu_offload) | Processing checkpoint key: 'lr_schedulers'
02:43:48.344 | SUCCESS (308307, stable_pretraining.callbacks.cpu_offload) | ✓ Completed 'lr_schedulers' in 0.00s
02:43:48.344 | WARNING (308307, stable_pretraining.callbacks.cpu_offload) | Skipped 321 custom object(s)
02:43:48.344 | WARNING (308307, stable_pretraining.callbacks.cpu_offload) | First 10 skipped objects:
02:43:48.344 | WARNING (308307, stable_pretraining.callbacks.cpu_offload) |   - float at 'optimizer_states[0].param_groups[0].lr'
02:43:48.345 | WARNING (308307, stable_pretraining.callbacks.cpu_offload) |   - float at 'optimizer_states[0].param_groups[0].betas[0]'
02:43:48.345 | WARNING (308307, stable_pretraining.callbacks.cpu_offload) |   - float at 'optimizer_states[0].param_groups[0].betas[1]'
02:43:48.345 | WARNING (308307, stable_pretraining.callbacks.cpu_offload) |   - float at 'optimizer_states[0].param_groups[0].eps'
02:43:48.345 | WARNING (308307, stable_pretraining.callbacks.cpu_offload) |   - float at 'optimizer_states[0].param_groups[0].weight_decay'
02:43:48.345 | WARNING (308307, stable_pretraining.callbacks.cpu_offload) |   - bool at 'optimizer_states[0].param_groups[0].amsgrad'
02:43:48.345 | WARNING (308307, stable_pretraining.callbacks.cpu_offload) |   - bool at 'optimizer_states[0].param_groups[0].maximize'
02:43:48.345 | WARNING (308307, stable_pretraining.callbacks.cpu_offload) |   - NoneType at 'optimizer_states[0].param_groups[0].foreach'
02:43:48.346 | WARNING (308307, stable_pretraining.callbacks.cpu_offload) |   - bool at 'optimizer_states[0].param_groups[0].capturable'
02:43:48.346 | WARNING (308307, stable_pretraining.callbacks.cpu_offload) |   - bool at 'optimizer_states[0].param_groups[0].differentiable'
02:43:48.346 | WARNING (308307, stable_pretraining.callbacks.cpu_offload) | ... (301 more skipped) ...
02:43:48.346 | WARNING (308307, stable_pretraining.callbacks.cpu_offload) | Last 10 skipped objects:
02:43:48.346 | WARNING (308307, stable_pretraining.callbacks.cpu_offload) |   - int at 'optimizer_states[0].param_groups[0].params[298]'
02:43:48.346 | WARNING (308307, stable_pretraining.callbacks.cpu_offload) |   - int at 'lr_schedulers[0].warmup_steps'
02:43:48.346 | WARNING (308307, stable_pretraining.callbacks.cpu_offload) |   - int at 'lr_schedulers[0].max_steps'
02:43:48.346 | WARNING (308307, stable_pretraining.callbacks.cpu_offload) |   - float at 'lr_schedulers[0].warmup_start_lr'
02:43:48.347 | WARNING (308307, stable_pretraining.callbacks.cpu_offload) |   - float at 'lr_schedulers[0].eta_min'
02:43:48.347 | WARNING (308307, stable_pretraining.callbacks.cpu_offload) |   - float at 'lr_schedulers[0].base_lrs[0]'
02:43:48.347 | WARNING (308307, stable_pretraining.callbacks.cpu_offload) |   - int at 'lr_schedulers[0].last_epoch'
02:43:48.347 | WARNING (308307, stable_pretraining.callbacks.cpu_offload) |   - int at 'lr_schedulers[0]._step_count'
02:43:48.347 | WARNING (308307, stable_pretraining.callbacks.cpu_offload) |   - bool at 'lr_schedulers[0]._get_lr_called_within_step'
02:43:48.347 | WARNING (308307, stable_pretraining.callbacks.cpu_offload) |   - float at 'lr_schedulers[0]._last_lr[0]'
02:43:48.347 | INFO    (308307, stable_pretraining.callbacks.cpu_offload) | To see all 321 skipped objects, set log_skipped=True
02:43:48.348 | INFO    (308307, stable_pretraining.callbacks.cpu_offload) | GPU memory after offload:
02:43:48.348 | INFO    (308307, stable_pretraining.callbacks.cpu_offload) |   - Allocated: 0.24 GB
02:43:48.348 | INFO    (308307, stable_pretraining.callbacks.cpu_offload) |   - Reserved: 16.63 GB
02:43:48.348 | INFO    (308307, stable_pretraining.callbacks.cpu_offload) | GPU memory freed: 0.00 GB
02:43:48.348 | SUCCESS (308307, stable_pretraining.callbacks.cpu_offload) | CPUOffloadCallback: Checkpoint #14 completed in 1.27s
02:43:48.348 | INFO    (308307, stable_pretraining.callbacks.cpu_offload) | Successfully processed keys: ['state_dict', 'optimizer_states', 'lr_schedulers']
02:43:48.348 | INFO    (308307, stable_pretraining.callbacks.cpu_offload) | Cumulative stats:
02:43:48.348 | INFO    (308307, stable_pretraining.callbacks.cpu_offload) |   - Total checkpoints saved: 14
02:43:48.349 | INFO    (308307, stable_pretraining.callbacks.cpu_offload) |   - Total time in offload: 26.59s
02:43:48.349 | INFO    (308307, stable_pretraining.callbacks.cpu_offload) |   - Total memory freed: 0.00 GB
02:43:48.349 | INFO    (308307, stable_pretraining.callbacks.cpu_offload) |   - Average time per checkpoint: 1.90s
02:43:48.349 | INFO    (308307, stable_pretraining.callbacks.cpu_offload) | ============================================================
03:20:52.096 | WARNING (308307, stable_pretraining.module) | You are calling self.parameters which also gives callbacks parameters, to remove then, pass `with_callbacks=False`
03:25:04.893 | INFO    (308307, stable_pretraining.callbacks.trainer_info) | \n+----------------------------+------------------------+
|           Metric           |         Value          |
+----------------------------+------------------------+
|          [0;34;40mfit/loss[0m          | [0;32;40m0.00041214513476006687[0m |
|       [0;34;40mfit/pred_loss[0m        | [0;32;40m5.844949555466883e-05[0m  |
|      [0;34;40mfit/rdmreg_loss[0m       | [0;32;40m0.00035369565011933446[0m |
|       [0;34;40mvalidate/loss[0m        | [0;32;40m0.00047860422637313604[0m |
|    [0;34;40mvalidate/loss_epoch[0m     | [0;32;40m0.00047860422637313604[0m |
|     [0;34;40mvalidate/pred_loss[0m     | [0;32;40m4.8286532546626404e-05[0m |
|  [0;34;40mvalidate/pred_loss_epoch[0m  | [0;32;40m4.8286532546626404e-05[0m |
|    [0;34;40mvalidate/rdmreg_loss[0m    | [0;32;40m0.00043031753739342093[0m |
| [0;34;40mvalidate/rdmreg_loss_epoch[0m | [0;32;40m0.00043031753739342093[0m |
+----------------------------+------------------------+
03:25:05.426 | INFO    (308307, stable_pretraining.callbacks.checkpoint_sklearn) | Checking for non PyTorch modules to save... 🔧
03:25:05.427 | INFO    (308307, stable_pretraining.callbacks.checkpoint_sklearn) | Checking for Wandb params to save... 🔧
03:25:05.427 | INFO    (308307, stable_pretraining.callbacks.checkpoint_sklearn) | Saving Wandb params {'id': 'lewm_lp_pusht_expert_mu-3'}
03:25:05.427 | INFO    (308307, stable_pretraining.callbacks.checkpoint_sklearn) | Checking for Wandb params to save... Done!
03:25:05.428 | INFO    (308307, stable_pretraining.callbacks.cpu_offload) | ============================================================
03:25:05.428 | INFO    (308307, stable_pretraining.callbacks.cpu_offload) | CPUOffloadCallback: Starting checkpoint CPU offload (#15)
03:25:05.428 | INFO    (308307, stable_pretraining.callbacks.cpu_offload) |   - Global step: 27864
03:25:05.428 | INFO    (308307, stable_pretraining.callbacks.cpu_offload) |   - Epoch: 7
03:25:05.428 | INFO    (308307, stable_pretraining.callbacks.cpu_offload) | Checkpoint contains 11 keys: ['callbacks', 'epoch', 'global_step', 'hparams_name', 'hyper_parameters', 'loops', 'lr_schedulers', 'optimizer_states', 'pytorch-lightning_version', 'state_dict', 'wandb']
03:25:05.429 | INFO    (308307, stable_pretraining.callbacks.cpu_offload) | GPU memory before offload:
03:25:05.429 | INFO    (308307, stable_pretraining.callbacks.cpu_offload) |   - Allocated: 0.24 GB
03:25:05.429 | INFO    (308307, stable_pretraining.callbacks.cpu_offload) |   - Reserved: 16.63 GB
03:25:05.429 | INFO    (308307, stable_pretraining.callbacks.cpu_offload) | Processing checkpoint key: 'state_dict'
03:25:05.832 | SUCCESS (308307, stable_pretraining.callbacks.cpu_offload) | ✓ Completed 'state_dict' in 0.40s
03:25:05.833 | INFO    (308307, stable_pretraining.callbacks.cpu_offload) | Processing checkpoint key: 'optimizer_states'
03:25:06.663 | SUCCESS (308307, stable_pretraining.callbacks.cpu_offload) | ✓ Completed 'optimizer_states' in 0.83s
03:25:06.663 | INFO    (308307, stable_pretraining.callbacks.cpu_offload) | Processing checkpoint key: 'lr_schedulers'
03:25:06.664 | SUCCESS (308307, stable_pretraining.callbacks.cpu_offload) | ✓ Completed 'lr_schedulers' in 0.00s
03:25:06.664 | WARNING (308307, stable_pretraining.callbacks.cpu_offload) | Skipped 321 custom object(s)
03:25:06.664 | WARNING (308307, stable_pretraining.callbacks.cpu_offload) | First 10 skipped objects:
03:25:06.664 | WARNING (308307, stable_pretraining.callbacks.cpu_offload) |   - float at 'optimizer_states[0].param_groups[0].lr'
03:25:06.664 | WARNING (308307, stable_pretraining.callbacks.cpu_offload) |   - float at 'optimizer_states[0].param_groups[0].betas[0]'
03:25:06.665 | WARNING (308307, stable_pretraining.callbacks.cpu_offload) |   - float at 'optimizer_states[0].param_groups[0].betas[1]'
03:25:06.665 | WARNING (308307, stable_pretraining.callbacks.cpu_offload) |   - float at 'optimizer_states[0].param_groups[0].eps'
03:25:06.665 | WARNING (308307, stable_pretraining.callbacks.cpu_offload) |   - float at 'optimizer_states[0].param_groups[0].weight_decay'
03:25:06.665 | WARNING (308307, stable_pretraining.callbacks.cpu_offload) |   - bool at 'optimizer_states[0].param_groups[0].amsgrad'
03:25:06.665 | WARNING (308307, stable_pretraining.callbacks.cpu_offload) |   - bool at 'optimizer_states[0].param_groups[0].maximize'
03:25:06.665 | WARNING (308307, stable_pretraining.callbacks.cpu_offload) |   - NoneType at 'optimizer_states[0].param_groups[0].foreach'
03:25:06.665 | WARNING (308307, stable_pretraining.callbacks.cpu_offload) |   - bool at 'optimizer_states[0].param_groups[0].capturable'
03:25:06.666 | WARNING (308307, stable_pretraining.callbacks.cpu_offload) |   - bool at 'optimizer_states[0].param_groups[0].differentiable'
03:25:06.762 | WARNING (308307, stable_pretraining.callbacks.cpu_offload) | ... (301 more skipped) ...
03:25:06.762 | WARNING (308307, stable_pretraining.callbacks.cpu_offload) | Last 10 skipped objects:
03:25:06.763 | WARNING (308307, stable_pretraining.callbacks.cpu_offload) |   - int at 'optimizer_states[0].param_groups[0].params[298]'
03:25:06.763 | WARNING (308307, stable_pretraining.callbacks.cpu_offload) |   - int at 'lr_schedulers[0].warmup_steps'
03:25:06.763 | WARNING (308307, stable_pretraining.callbacks.cpu_offload) |   - int at 'lr_schedulers[0].max_steps'
03:25:06.763 | WARNING (308307, stable_pretraining.callbacks.cpu_offload) |   - float at 'lr_schedulers[0].warmup_start_lr'
03:25:06.764 | WARNING (308307, stable_pretraining.callbacks.cpu_offload) |   - float at 'lr_schedulers[0].eta_min'
03:25:06.764 | WARNING (308307, stable_pretraining.callbacks.cpu_offload) |   - float at 'lr_schedulers[0].base_lrs[0]'
03:25:06.764 | WARNING (308307, stable_pretraining.callbacks.cpu_offload) |   - int at 'lr_schedulers[0].last_epoch'
03:25:06.764 | WARNING (308307, stable_pretraining.callbacks.cpu_offload) |   - int at 'lr_schedulers[0]._step_count'
03:25:06.765 | WARNING (308307, stable_pretraining.callbacks.cpu_offload) |   - bool at 'lr_schedulers[0]._get_lr_called_within_step'
03:25:06.765 | WARNING (308307, stable_pretraining.callbacks.cpu_offload) |   - float at 'lr_schedulers[0]._last_lr[0]'
03:25:06.765 | INFO    (308307, stable_pretraining.callbacks.cpu_offload) | To see all 321 skipped objects, set log_skipped=True
03:25:06.765 | INFO    (308307, stable_pretraining.callbacks.cpu_offload) | GPU memory after offload:
03:25:06.766 | INFO    (308307, stable_pretraining.callbacks.cpu_offload) |   - Allocated: 0.24 GB
03:25:06.766 | INFO    (308307, stable_pretraining.callbacks.cpu_offload) |   - Reserved: 16.63 GB
03:25:06.766 | INFO    (308307, stable_pretraining.callbacks.cpu_offload) | GPU memory freed: 0.00 GB
03:25:06.766 | SUCCESS (308307, stable_pretraining.callbacks.cpu_offload) | CPUOffloadCallback: Checkpoint #15 completed in 1.34s
03:25:06.766 | INFO    (308307, stable_pretraining.callbacks.cpu_offload) | Successfully processed keys: ['state_dict', 'optimizer_states', 'lr_schedulers']
03:25:06.766 | INFO    (308307, stable_pretraining.callbacks.cpu_offload) | Cumulative stats:
03:25:06.767 | INFO    (308307, stable_pretraining.callbacks.cpu_offload) |   - Total checkpoints saved: 15
03:25:06.767 | INFO    (308307, stable_pretraining.callbacks.cpu_offload) |   - Total time in offload: 27.93s
03:25:06.767 | INFO    (308307, stable_pretraining.callbacks.cpu_offload) |   - Total memory freed: 0.00 GB
03:25:06.767 | INFO    (308307, stable_pretraining.callbacks.cpu_offload) |   - Average time per checkpoint: 1.86s
03:25:06.768 | INFO    (308307, stable_pretraining.callbacks.cpu_offload) | ============================================================
03:25:08.332 | INFO    (308307, stable_pretraining.callbacks.checkpoint_sklearn) | Checking for non PyTorch modules to save... 🔧
03:25:08.333 | INFO    (308307, stable_pretraining.callbacks.checkpoint_sklearn) | Checking for Wandb params to save... 🔧
03:25:08.333 | INFO    (308307, stable_pretraining.callbacks.checkpoint_sklearn) | Saving Wandb params {'id': 'lewm_lp_pusht_expert_mu-3'}
03:25:08.333 | INFO    (308307, stable_pretraining.callbacks.checkpoint_sklearn) | Checking for Wandb params to save... Done!
03:25:08.333 | INFO    (308307, stable_pretraining.callbacks.cpu_offload) | ============================================================
03:25:08.333 | INFO    (308307, stable_pretraining.callbacks.cpu_offload) | CPUOffloadCallback: Starting checkpoint CPU offload (#16)
03:25:08.334 | INFO    (308307, stable_pretraining.callbacks.cpu_offload) |   - Global step: 27864
03:25:08.334 | INFO    (308307, stable_pretraining.callbacks.cpu_offload) |   - Epoch: 7
03:25:08.334 | INFO    (308307, stable_pretraining.callbacks.cpu_offload) | Checkpoint contains 11 keys: ['callbacks', 'epoch', 'global_step', 'hparams_name', 'hyper_parameters', 'loops', 'lr_schedulers', 'optimizer_states', 'pytorch-lightning_version', 'state_dict', 'wandb']
03:25:08.334 | INFO    (308307, stable_pretraining.callbacks.cpu_offload) | GPU memory before offload:
03:25:08.335 | INFO    (308307, stable_pretraining.callbacks.cpu_offload) |   - Allocated: 0.24 GB
03:25:08.335 | INFO    (308307, stable_pretraining.callbacks.cpu_offload) |   - Reserved: 16.63 GB
03:25:08.335 | INFO    (308307, stable_pretraining.callbacks.cpu_offload) | Processing checkpoint key: 'state_dict'
03:25:08.837 | SUCCESS (308307, stable_pretraining.callbacks.cpu_offload) | ✓ Completed 'state_dict' in 0.50s
03:25:08.837 | INFO    (308307, stable_pretraining.callbacks.cpu_offload) | Processing checkpoint key: 'optimizer_states'
03:25:09.767 | SUCCESS (308307, stable_pretraining.callbacks.cpu_offload) | ✓ Completed 'optimizer_states' in 0.93s
03:25:09.768 | INFO    (308307, stable_pretraining.callbacks.cpu_offload) | Processing checkpoint key: 'lr_schedulers'
03:25:09.768 | SUCCESS (308307, stable_pretraining.callbacks.cpu_offload) | ✓ Completed 'lr_schedulers' in 0.00s
03:25:09.768 | WARNING (308307, stable_pretraining.callbacks.cpu_offload) | Skipped 321 custom object(s)
03:25:09.768 | WARNING (308307, stable_pretraining.callbacks.cpu_offload) | First 10 skipped objects:
03:25:09.769 | WARNING (308307, stable_pretraining.callbacks.cpu_offload) |   - float at 'optimizer_states[0].param_groups[0].lr'
03:25:09.769 | WARNING (308307, stable_pretraining.callbacks.cpu_offload) |   - float at 'optimizer_states[0].param_groups[0].betas[0]'
03:25:09.769 | WARNING (308307, stable_pretraining.callbacks.cpu_offload) |   - float at 'optimizer_states[0].param_groups[0].betas[1]'
03:25:09.769 | WARNING (308307, stable_pretraining.callbacks.cpu_offload) |   - float at 'optimizer_states[0].param_groups[0].eps'
03:25:09.769 | WARNING (308307, stable_pretraining.callbacks.cpu_offload) |   - float at 'optimizer_states[0].param_groups[0].weight_decay'
03:25:09.770 | WARNING (308307, stable_pretraining.callbacks.cpu_offload) |   - bool at 'optimizer_states[0].param_groups[0].amsgrad'
03:25:09.770 | WARNING (308307, stable_pretraining.callbacks.cpu_offload) |   - bool at 'optimizer_states[0].param_groups[0].maximize'
03:25:09.770 | WARNING (308307, stable_pretraining.callbacks.cpu_offload) |   - NoneType at 'optimizer_states[0].param_groups[0].foreach'
03:25:09.770 | WARNING (308307, stable_pretraining.callbacks.cpu_offload) |   - bool at 'optimizer_states[0].param_groups[0].capturable'
03:25:09.770 | WARNING (308307, stable_pretraining.callbacks.cpu_offload) |   - bool at 'optimizer_states[0].param_groups[0].differentiable'
03:25:09.771 | WARNING (308307, stable_pretraining.callbacks.cpu_offload) | ... (301 more skipped) ...
03:25:09.771 | WARNING (308307, stable_pretraining.callbacks.cpu_offload) | Last 10 skipped objects:
03:25:09.771 | WARNING (308307, stable_pretraining.callbacks.cpu_offload) |   - int at 'optimizer_states[0].param_groups[0].params[298]'
03:25:09.771 | WARNING (308307, stable_pretraining.callbacks.cpu_offload) |   - int at 'lr_schedulers[0].warmup_steps'
03:25:09.771 | WARNING (308307, stable_pretraining.callbacks.cpu_offload) |   - int at 'lr_schedulers[0].max_steps'
03:25:09.772 | WARNING (308307, stable_pretraining.callbacks.cpu_offload) |   - float at 'lr_schedulers[0].warmup_start_lr'
03:25:09.772 | WARNING (308307, stable_pretraining.callbacks.cpu_offload) |   - float at 'lr_schedulers[0].eta_min'
03:25:09.772 | WARNING (308307, stable_pretraining.callbacks.cpu_offload) |   - float at 'lr_schedulers[0].base_lrs[0]'
03:25:09.772 | WARNING (308307, stable_pretraining.callbacks.cpu_offload) |   - int at 'lr_schedulers[0].last_epoch'
03:25:09.772 | WARNING (308307, stable_pretraining.callbacks.cpu_offload) |   - int at 'lr_schedulers[0]._step_count'
03:25:09.773 | WARNING (308307, stable_pretraining.callbacks.cpu_offload) |   - bool at 'lr_schedulers[0]._get_lr_called_within_step'
03:25:09.773 | WARNING (308307, stable_pretraining.callbacks.cpu_offload) |   - float at 'lr_schedulers[0]._last_lr[0]'
03:25:09.773 | INFO    (308307, stable_pretraining.callbacks.cpu_offload) | To see all 321 skipped objects, set log_skipped=True
03:25:09.773 | INFO    (308307, stable_pretraining.callbacks.cpu_offload) | GPU memory after offload:
03:25:09.774 | INFO    (308307, stable_pretraining.callbacks.cpu_offload) |   - Allocated: 0.24 GB
03:25:09.774 | INFO    (308307, stable_pretraining.callbacks.cpu_offload) |   - Reserved: 16.63 GB
03:25:09.774 | INFO    (308307, stable_pretraining.callbacks.cpu_offload) | GPU memory freed: 0.00 GB
03:25:09.774 | SUCCESS (308307, stable_pretraining.callbacks.cpu_offload) | CPUOffloadCallback: Checkpoint #16 completed in 1.44s
03:25:09.774 | INFO    (308307, stable_pretraining.callbacks.cpu_offload) | Successfully processed keys: ['state_dict', 'optimizer_states', 'lr_schedulers']
03:25:09.774 | INFO    (308307, stable_pretraining.callbacks.cpu_offload) | Cumulative stats:
03:25:09.775 | INFO    (308307, stable_pretraining.callbacks.cpu_offload) |   - Total checkpoints saved: 16
03:25:09.775 | INFO    (308307, stable_pretraining.callbacks.cpu_offload) |   - Total time in offload: 29.37s
03:25:09.775 | INFO    (308307, stable_pretraining.callbacks.cpu_offload) |   - Total memory freed: 0.00 GB
03:25:09.775 | INFO    (308307, stable_pretraining.callbacks.cpu_offload) |   - Average time per checkpoint: 1.84s
03:25:09.775 | INFO    (308307, stable_pretraining.callbacks.cpu_offload) | ============================================================
04:01:18.830 | WARNING (308307, stable_pretraining.module) | You are calling self.parameters which also gives callbacks parameters, to remove then, pass `with_callbacks=False`
04:07:26.618 | INFO    (308307, stable_pretraining.callbacks.trainer_info) | \n+----------------------------+------------------------+
|           Metric           |         Value          |
+----------------------------+------------------------+
|          [0;34;40mfit/loss[0m          | [0;32;40m0.00041979397065006196[0m |
|       [0;34;40mfit/pred_loss[0m        | [0;32;40m4.4058950152248144e-05[0m |
|      [0;34;40mfit/rdmreg_loss[0m       | [0;32;40m0.0003757350204978138[0m  |
|       [0;34;40mvalidate/loss[0m        | [0;32;40m0.00046664365800097585[0m |
|    [0;34;40mvalidate/loss_epoch[0m     | [0;32;40m0.00046664365800097585[0m |
|     [0;34;40mvalidate/pred_loss[0m     | [0;32;40m4.187582089798525e-05[0m  |
|  [0;34;40mvalidate/pred_loss_epoch[0m  | [0;32;40m4.187582089798525e-05[0m  |
|    [0;34;40mvalidate/rdmreg_loss[0m    |  [0;32;40m0.000424767640652135[0m  |
| [0;34;40mvalidate/rdmreg_loss_epoch[0m |  [0;32;40m0.000424767640652135[0m  |
+----------------------------+------------------------+
04:07:27.204 | INFO    (308307, stable_pretraining.callbacks.checkpoint_sklearn) | Checking for non PyTorch modules to save... 🔧
04:07:27.206 | INFO    (308307, stable_pretraining.callbacks.checkpoint_sklearn) | Checking for Wandb params to save... 🔧
04:07:27.206 | INFO    (308307, stable_pretraining.callbacks.checkpoint_sklearn) | Saving Wandb params {'id': 'lewm_lp_pusht_expert_mu-3'}
04:07:27.207 | INFO    (308307, stable_pretraining.callbacks.checkpoint_sklearn) | Checking for Wandb params to save... Done!
04:07:27.207 | INFO    (308307, stable_pretraining.callbacks.cpu_offload) | ============================================================
04:07:27.207 | INFO    (308307, stable_pretraining.callbacks.cpu_offload) | CPUOffloadCallback: Starting checkpoint CPU offload (#17)
04:07:27.208 | INFO    (308307, stable_pretraining.callbacks.cpu_offload) |   - Global step: 31347
04:07:27.208 | INFO    (308307, stable_pretraining.callbacks.cpu_offload) |   - Epoch: 8
04:07:27.208 | INFO    (308307, stable_pretraining.callbacks.cpu_offload) | Checkpoint contains 11 keys: ['callbacks', 'epoch', 'global_step', 'hparams_name', 'hyper_parameters', 'loops', 'lr_schedulers', 'optimizer_states', 'pytorch-lightning_version', 'state_dict', 'wandb']
04:07:27.209 | INFO    (308307, stable_pretraining.callbacks.cpu_offload) | GPU memory before offload:
04:07:27.209 | INFO    (308307, stable_pretraining.callbacks.cpu_offload) |   - Allocated: 0.24 GB
04:07:27.210 | INFO    (308307, stable_pretraining.callbacks.cpu_offload) |   - Reserved: 16.63 GB
04:07:27.210 | INFO    (308307, stable_pretraining.callbacks.cpu_offload) | Processing checkpoint key: 'state_dict'
04:07:27.633 | SUCCESS (308307, stable_pretraining.callbacks.cpu_offload) | ✓ Completed 'state_dict' in 0.42s
04:07:27.634 | INFO    (308307, stable_pretraining.callbacks.cpu_offload) | Processing checkpoint key: 'optimizer_states'
04:07:28.537 | SUCCESS (308307, stable_pretraining.callbacks.cpu_offload) | ✓ Completed 'optimizer_states' in 0.90s
04:07:28.538 | INFO    (308307, stable_pretraining.callbacks.cpu_offload) | Processing checkpoint key: 'lr_schedulers'
04:07:28.538 | SUCCESS (308307, stable_pretraining.callbacks.cpu_offload) | ✓ Completed 'lr_schedulers' in 0.00s
04:07:28.538 | WARNING (308307, stable_pretraining.callbacks.cpu_offload) | Skipped 321 custom object(s)
04:07:28.538 | WARNING (308307, stable_pretraining.callbacks.cpu_offload) | First 10 skipped objects:
04:07:28.539 | WARNING (308307, stable_pretraining.callbacks.cpu_offload) |   - float at 'optimizer_states[0].param_groups[0].lr'
04:07:28.539 | WARNING (308307, stable_pretraining.callbacks.cpu_offload) |   - float at 'optimizer_states[0].param_groups[0].betas[0]'
04:07:28.539 | WARNING (308307, stable_pretraining.callbacks.cpu_offload) |   - float at 'optimizer_states[0].param_groups[0].betas[1]'
04:07:28.539 | WARNING (308307, stable_pretraining.callbacks.cpu_offload) |   - float at 'optimizer_states[0].param_groups[0].eps'
04:07:28.539 | WARNING (308307, stable_pretraining.callbacks.cpu_offload) |   - float at 'optimizer_states[0].param_groups[0].weight_decay'
04:07:28.540 | WARNING (308307, stable_pretraining.callbacks.cpu_offload) |   - bool at 'optimizer_states[0].param_groups[0].amsgrad'
04:07:28.540 | WARNING (308307, stable_pretraining.callbacks.cpu_offload) |   - bool at 'optimizer_states[0].param_groups[0].maximize'
04:07:28.540 | WARNING (308307, stable_pretraining.callbacks.cpu_offload) |   - NoneType at 'optimizer_states[0].param_groups[0].foreach'
04:07:28.594 | WARNING (308307, stable_pretraining.callbacks.cpu_offload) |   - bool at 'optimizer_states[0].param_groups[0].capturable'
04:07:28.594 | WARNING (308307, stable_pretraining.callbacks.cpu_offload) |   - bool at 'optimizer_states[0].param_groups[0].differentiable'
04:07:28.594 | WARNING (308307, stable_pretraining.callbacks.cpu_offload) | ... (301 more skipped) ...
04:07:28.594 | WARNING (308307, stable_pretraining.callbacks.cpu_offload) | Last 10 skipped objects:
04:07:28.594 | WARNING (308307, stable_pretraining.callbacks.cpu_offload) |   - int at 'optimizer_states[0].param_groups[0].params[298]'
04:07:28.595 | WARNING (308307, stable_pretraining.callbacks.cpu_offload) |   - int at 'lr_schedulers[0].warmup_steps'
04:07:28.595 | WARNING (308307, stable_pretraining.callbacks.cpu_offload) |   - int at 'lr_schedulers[0].max_steps'
04:07:28.595 | WARNING (308307, stable_pretraining.callbacks.cpu_offload) |   - float at 'lr_schedulers[0].warmup_start_lr'
04:07:28.595 | WARNING (308307, stable_pretraining.callbacks.cpu_offload) |   - float at 'lr_schedulers[0].eta_min'
04:07:28.595 | WARNING (308307, stable_pretraining.callbacks.cpu_offload) |   - float at 'lr_schedulers[0].base_lrs[0]'
04:07:28.595 | WARNING (308307, stable_pretraining.callbacks.cpu_offload) |   - int at 'lr_schedulers[0].last_epoch'
04:07:28.595 | WARNING (308307, stable_pretraining.callbacks.cpu_offload) |   - int at 'lr_schedulers[0]._step_count'
04:07:28.595 | WARNING (308307, stable_pretraining.callbacks.cpu_offload) |   - bool at 'lr_schedulers[0]._get_lr_called_within_step'
04:07:28.596 | WARNING (308307, stable_pretraining.callbacks.cpu_offload) |   - float at 'lr_schedulers[0]._last_lr[0]'
04:07:28.596 | INFO    (308307, stable_pretraining.callbacks.cpu_offload) | To see all 321 skipped objects, set log_skipped=True
04:07:28.596 | INFO    (308307, stable_pretraining.callbacks.cpu_offload) | GPU memory after offload:
04:07:28.596 | INFO    (308307, stable_pretraining.callbacks.cpu_offload) |   - Allocated: 0.24 GB
04:07:28.596 | INFO    (308307, stable_pretraining.callbacks.cpu_offload) |   - Reserved: 16.63 GB
04:07:28.597 | INFO    (308307, stable_pretraining.callbacks.cpu_offload) | GPU memory freed: 0.00 GB
04:07:28.597 | SUCCESS (308307, stable_pretraining.callbacks.cpu_offload) | CPUOffloadCallback: Checkpoint #17 completed in 1.39s
04:07:28.597 | INFO    (308307, stable_pretraining.callbacks.cpu_offload) | Successfully processed keys: ['state_dict', 'optimizer_states', 'lr_schedulers']
04:07:28.597 | INFO    (308307, stable_pretraining.callbacks.cpu_offload) | Cumulative stats:
04:07:28.597 | INFO    (308307, stable_pretraining.callbacks.cpu_offload) |   - Total checkpoints saved: 17
04:07:28.597 | INFO    (308307, stable_pretraining.callbacks.cpu_offload) |   - Total time in offload: 30.76s
04:07:28.597 | INFO    (308307, stable_pretraining.callbacks.cpu_offload) |   - Total memory freed: 0.00 GB
04:07:28.597 | INFO    (308307, stable_pretraining.callbacks.cpu_offload) |   - Average time per checkpoint: 1.81s
04:07:28.597 | INFO    (308307, stable_pretraining.callbacks.cpu_offload) | ============================================================
04:07:29.880 | INFO    (308307, stable_pretraining.callbacks.checkpoint_sklearn) | Checking for non PyTorch modules to save... 🔧
04:07:29.880 | INFO    (308307, stable_pretraining.callbacks.checkpoint_sklearn) | Checking for Wandb params to save... 🔧
04:07:29.880 | INFO    (308307, stable_pretraining.callbacks.checkpoint_sklearn) | Saving Wandb params {'id': 'lewm_lp_pusht_expert_mu-3'}
04:07:29.881 | INFO    (308307, stable_pretraining.callbacks.checkpoint_sklearn) | Checking for Wandb params to save... Done!
04:07:29.881 | INFO    (308307, stable_pretraining.callbacks.cpu_offload) | ============================================================
04:07:29.881 | INFO    (308307, stable_pretraining.callbacks.cpu_offload) | CPUOffloadCallback: Starting checkpoint CPU offload (#18)
04:07:29.881 | INFO    (308307, stable_pretraining.callbacks.cpu_offload) |   - Global step: 31347
04:07:29.881 | INFO    (308307, stable_pretraining.callbacks.cpu_offload) |   - Epoch: 8
04:07:29.882 | INFO    (308307, stable_pretraining.callbacks.cpu_offload) | Checkpoint contains 11 keys: ['callbacks', 'epoch', 'global_step', 'hparams_name', 'hyper_parameters', 'loops', 'lr_schedulers', 'optimizer_states', 'pytorch-lightning_version', 'state_dict', 'wandb']
04:07:29.882 | INFO    (308307, stable_pretraining.callbacks.cpu_offload) | GPU memory before offload:
04:07:29.882 | INFO    (308307, stable_pretraining.callbacks.cpu_offload) |   - Allocated: 0.24 GB
04:07:29.882 | INFO    (308307, stable_pretraining.callbacks.cpu_offload) |   - Reserved: 16.63 GB
04:07:29.883 | INFO    (308307, stable_pretraining.callbacks.cpu_offload) | Processing checkpoint key: 'state_dict'
04:07:30.308 | SUCCESS (308307, stable_pretraining.callbacks.cpu_offload) | ✓ Completed 'state_dict' in 0.43s
04:07:30.309 | INFO    (308307, stable_pretraining.callbacks.cpu_offload) | Processing checkpoint key: 'optimizer_states'
04:07:31.182 | SUCCESS (308307, stable_pretraining.callbacks.cpu_offload) | ✓ Completed 'optimizer_states' in 0.87s
04:07:31.183 | INFO    (308307, stable_pretraining.callbacks.cpu_offload) | Processing checkpoint key: 'lr_schedulers'
04:07:31.183 | SUCCESS (308307, stable_pretraining.callbacks.cpu_offload) | ✓ Completed 'lr_schedulers' in 0.00s
04:07:31.183 | WARNING (308307, stable_pretraining.callbacks.cpu_offload) | Skipped 321 custom object(s)
04:07:31.184 | WARNING (308307, stable_pretraining.callbacks.cpu_offload) | First 10 skipped objects:
04:07:31.184 | WARNING (308307, stable_pretraining.callbacks.cpu_offload) |   - float at 'optimizer_states[0].param_groups[0].lr'
04:07:31.184 | WARNING (308307, stable_pretraining.callbacks.cpu_offload) |   - float at 'optimizer_states[0].param_groups[0].betas[0]'
04:07:31.184 | WARNING (308307, stable_pretraining.callbacks.cpu_offload) |   - float at 'optimizer_states[0].param_groups[0].betas[1]'
04:07:31.185 | WARNING (308307, stable_pretraining.callbacks.cpu_offload) |   - float at 'optimizer_states[0].param_groups[0].eps'
04:07:31.185 | WARNING (308307, stable_pretraining.callbacks.cpu_offload) |   - float at 'optimizer_states[0].param_groups[0].weight_decay'
04:07:31.185 | WARNING (308307, stable_pretraining.callbacks.cpu_offload) |   - bool at 'optimizer_states[0].param_groups[0].amsgrad'
04:07:31.185 | WARNING (308307, stable_pretraining.callbacks.cpu_offload) |   - bool at 'optimizer_states[0].param_groups[0].maximize'
04:07:31.185 | WARNING (308307, stable_pretraining.callbacks.cpu_offload) |   - NoneType at 'optimizer_states[0].param_groups[0].foreach'
04:07:31.185 | WARNING (308307, stable_pretraining.callbacks.cpu_offload) |   - bool at 'optimizer_states[0].param_groups[0].capturable'
04:07:31.185 | WARNING (308307, stable_pretraining.callbacks.cpu_offload) |   - bool at 'optimizer_states[0].param_groups[0].differentiable'
04:07:31.186 | WARNING (308307, stable_pretraining.callbacks.cpu_offload) | ... (301 more skipped) ...
04:07:31.186 | WARNING (308307, stable_pretraining.callbacks.cpu_offload) | Last 10 skipped objects:
04:07:31.186 | WARNING (308307, stable_pretraining.callbacks.cpu_offload) |   - int at 'optimizer_states[0].param_groups[0].params[298]'
04:07:31.186 | WARNING (308307, stable_pretraining.callbacks.cpu_offload) |   - int at 'lr_schedulers[0].warmup_steps'
04:07:31.186 | WARNING (308307, stable_pretraining.callbacks.cpu_offload) |   - int at 'lr_schedulers[0].max_steps'
04:07:31.186 | WARNING (308307, stable_pretraining.callbacks.cpu_offload) |   - float at 'lr_schedulers[0].warmup_start_lr'
04:07:31.187 | WARNING (308307, stable_pretraining.callbacks.cpu_offload) |   - float at 'lr_schedulers[0].eta_min'
04:07:31.187 | WARNING (308307, stable_pretraining.callbacks.cpu_offload) |   - float at 'lr_schedulers[0].base_lrs[0]'
04:07:31.187 | WARNING (308307, stable_pretraining.callbacks.cpu_offload) |   - int at 'lr_schedulers[0].last_epoch'
04:07:31.187 | WARNING (308307, stable_pretraining.callbacks.cpu_offload) |   - int at 'lr_schedulers[0]._step_count'
04:07:31.187 | WARNING (308307, stable_pretraining.callbacks.cpu_offload) |   - bool at 'lr_schedulers[0]._get_lr_called_within_step'
04:07:31.187 | WARNING (308307, stable_pretraining.callbacks.cpu_offload) |   - float at 'lr_schedulers[0]._last_lr[0]'
04:07:31.187 | INFO    (308307, stable_pretraining.callbacks.cpu_offload) | To see all 321 skipped objects, set log_skipped=True
04:07:31.188 | INFO    (308307, stable_pretraining.callbacks.cpu_offload) | GPU memory after offload:
04:07:31.188 | INFO    (308307, stable_pretraining.callbacks.cpu_offload) |   - Allocated: 0.24 GB
04:07:31.188 | INFO    (308307, stable_pretraining.callbacks.cpu_offload) |   - Reserved: 16.63 GB
04:07:31.188 | INFO    (308307, stable_pretraining.callbacks.cpu_offload) | GPU memory freed: 0.00 GB
04:07:31.188 | SUCCESS (308307, stable_pretraining.callbacks.cpu_offload) | CPUOffloadCallback: Checkpoint #18 completed in 1.31s
04:07:31.189 | INFO    (308307, stable_pretraining.callbacks.cpu_offload) | Successfully processed keys: ['state_dict', 'optimizer_states', 'lr_schedulers']
04:07:31.189 | INFO    (308307, stable_pretraining.callbacks.cpu_offload) | Cumulative stats:
04:07:31.189 | INFO    (308307, stable_pretraining.callbacks.cpu_offload) |   - Total checkpoints saved: 18
04:07:31.189 | INFO    (308307, stable_pretraining.callbacks.cpu_offload) |   - Total time in offload: 32.06s
04:07:31.189 | INFO    (308307, stable_pretraining.callbacks.cpu_offload) |   - Total memory freed: 0.00 GB
04:07:31.189 | INFO    (308307, stable_pretraining.callbacks.cpu_offload) |   - Average time per checkpoint: 1.78s
04:07:31.189 | INFO    (308307, stable_pretraining.callbacks.cpu_offload) | ============================================================
04:45:58.198 | WARNING (308307, stable_pretraining.module) | You are calling self.parameters which also gives callbacks parameters, to remove then, pass `with_callbacks=False`
04:50:30.823 | INFO    (308307, stable_pretraining.callbacks.trainer_info) | \n+----------------------------+------------------------+
|           Metric           |         Value          |
+----------------------------+------------------------+
|          [0;34;40mfit/loss[0m          | [0;32;40m0.00039324944373220205[0m |
|       [0;34;40mfit/pred_loss[0m        | [0;32;40m4.410115798236802e-05[0m  |
|      [0;34;40mfit/rdmreg_loss[0m       | [0;32;40m0.00034914829302579165[0m |
|       [0;34;40mvalidate/loss[0m        | [0;32;40m0.0004614655626937747[0m  |
|    [0;34;40mvalidate/loss_epoch[0m     | [0;32;40m0.0004614655626937747[0m  |
|     [0;34;40mvalidate/pred_loss[0m     | [0;32;40m3.8612724893027917e-05[0m |
|  [0;34;40mvalidate/pred_loss_epoch[0m  | [0;32;40m3.8612724893027917e-05[0m |
|    [0;34;40mvalidate/rdmreg_loss[0m    | [0;32;40m0.00042285319068469107[0m |
| [0;34;40mvalidate/rdmreg_loss_epoch[0m | [0;32;40m0.00042285319068469107[0m |
+----------------------------+------------------------+
04:50:32.120 | INFO    (308307, stable_pretraining.callbacks.checkpoint_sklearn) | Checking for non PyTorch modules to save... 🔧
04:50:32.121 | INFO    (308307, stable_pretraining.callbacks.checkpoint_sklearn) | Checking for Wandb params to save... 🔧
04:50:32.121 | INFO    (308307, stable_pretraining.callbacks.checkpoint_sklearn) | Saving Wandb params {'id': 'lewm_lp_pusht_expert_mu-3'}
04:50:32.121 | INFO    (308307, stable_pretraining.callbacks.checkpoint_sklearn) | Checking for Wandb params to save... Done!
04:50:32.121 | INFO    (308307, stable_pretraining.callbacks.cpu_offload) | ============================================================
04:50:32.122 | INFO    (308307, stable_pretraining.callbacks.cpu_offload) | CPUOffloadCallback: Starting checkpoint CPU offload (#19)
04:50:32.122 | INFO    (308307, stable_pretraining.callbacks.cpu_offload) |   - Global step: 34830
04:50:32.122 | INFO    (308307, stable_pretraining.callbacks.cpu_offload) |   - Epoch: 9
04:50:32.122 | INFO    (308307, stable_pretraining.callbacks.cpu_offload) | Checkpoint contains 11 keys: ['callbacks', 'epoch', 'global_step', 'hparams_name', 'hyper_parameters', 'loops', 'lr_schedulers', 'optimizer_states', 'pytorch-lightning_version', 'state_dict', 'wandb']
04:50:32.123 | INFO    (308307, stable_pretraining.callbacks.cpu_offload) | GPU memory before offload:
04:50:32.124 | INFO    (308307, stable_pretraining.callbacks.cpu_offload) |   - Allocated: 0.24 GB
04:50:32.125 | INFO    (308307, stable_pretraining.callbacks.cpu_offload) |   - Reserved: 16.63 GB
04:50:32.125 | INFO    (308307, stable_pretraining.callbacks.cpu_offload) | Processing checkpoint key: 'state_dict'
04:50:32.594 | SUCCESS (308307, stable_pretraining.callbacks.cpu_offload) | ✓ Completed 'state_dict' in 0.47s
04:50:32.619 | INFO    (308307, stable_pretraining.callbacks.cpu_offload) | Processing checkpoint key: 'optimizer_states'
04:50:33.583 | SUCCESS (308307, stable_pretraining.callbacks.cpu_offload) | ✓ Completed 'optimizer_states' in 0.96s
04:50:33.584 | INFO    (308307, stable_pretraining.callbacks.cpu_offload) | Processing checkpoint key: 'lr_schedulers'
04:50:33.584 | SUCCESS (308307, stable_pretraining.callbacks.cpu_offload) | ✓ Completed 'lr_schedulers' in 0.00s
04:50:33.584 | WARNING (308307, stable_pretraining.callbacks.cpu_offload) | Skipped 321 custom object(s)
04:50:33.584 | WARNING (308307, stable_pretraining.callbacks.cpu_offload) | First 10 skipped objects:
04:50:33.584 | WARNING (308307, stable_pretraining.callbacks.cpu_offload) |   - float at 'optimizer_states[0].param_groups[0].lr'
04:50:33.585 | WARNING (308307, stable_pretraining.callbacks.cpu_offload) |   - float at 'optimizer_states[0].param_groups[0].betas[0]'
04:50:33.585 | WARNING (308307, stable_pretraining.callbacks.cpu_offload) |   - float at 'optimizer_states[0].param_groups[0].betas[1]'
04:50:33.585 | WARNING (308307, stable_pretraining.callbacks.cpu_offload) |   - float at 'optimizer_states[0].param_groups[0].eps'
04:50:33.585 | WARNING (308307, stable_pretraining.callbacks.cpu_offload) |   - float at 'optimizer_states[0].param_groups[0].weight_decay'
04:50:33.585 | WARNING (308307, stable_pretraining.callbacks.cpu_offload) |   - bool at 'optimizer_states[0].param_groups[0].amsgrad'
04:50:33.585 | WARNING (308307, stable_pretraining.callbacks.cpu_offload) |   - bool at 'optimizer_states[0].param_groups[0].maximize'
04:50:33.585 | WARNING (308307, stable_pretraining.callbacks.cpu_offload) |   - NoneType at 'optimizer_states[0].param_groups[0].foreach'
04:50:33.586 | WARNING (308307, stable_pretraining.callbacks.cpu_offload) |   - bool at 'optimizer_states[0].param_groups[0].capturable'
04:50:33.586 | WARNING (308307, stable_pretraining.callbacks.cpu_offload) |   - bool at 'optimizer_states[0].param_groups[0].differentiable'
04:50:33.587 | WARNING (308307, stable_pretraining.callbacks.cpu_offload) | ... (301 more skipped) ...
04:50:33.587 | WARNING (308307, stable_pretraining.callbacks.cpu_offload) | Last 10 skipped objects:
04:50:33.587 | WARNING (308307, stable_pretraining.callbacks.cpu_offload) |   - int at 'optimizer_states[0].param_groups[0].params[298]'
04:50:33.587 | WARNING (308307, stable_pretraining.callbacks.cpu_offload) |   - int at 'lr_schedulers[0].warmup_steps'
04:50:33.588 | WARNING (308307, stable_pretraining.callbacks.cpu_offload) |   - int at 'lr_schedulers[0].max_steps'
04:50:33.588 | WARNING (308307, stable_pretraining.callbacks.cpu_offload) |   - float at 'lr_schedulers[0].warmup_start_lr'
04:50:33.588 | WARNING (308307, stable_pretraining.callbacks.cpu_offload) |   - float at 'lr_schedulers[0].eta_min'
04:50:33.588 | WARNING (308307, stable_pretraining.callbacks.cpu_offload) |   - float at 'lr_schedulers[0].base_lrs[0]'
04:50:33.588 | WARNING (308307, stable_pretraining.callbacks.cpu_offload) |   - int at 'lr_schedulers[0].last_epoch'
04:50:33.588 | WARNING (308307, stable_pretraining.callbacks.cpu_offload) |   - int at 'lr_schedulers[0]._step_count'
04:50:33.589 | WARNING (308307, stable_pretraining.callbacks.cpu_offload) |   - bool at 'lr_schedulers[0]._get_lr_called_within_step'
04:50:33.589 | WARNING (308307, stable_pretraining.callbacks.cpu_offload) |   - float at 'lr_schedulers[0]._last_lr[0]'
04:50:33.589 | INFO    (308307, stable_pretraining.callbacks.cpu_offload) | To see all 321 skipped objects, set log_skipped=True
04:50:33.590 | INFO    (308307, stable_pretraining.callbacks.cpu_offload) | GPU memory after offload:
04:50:33.590 | INFO    (308307, stable_pretraining.callbacks.cpu_offload) |   - Allocated: 0.24 GB
04:50:33.590 | INFO    (308307, stable_pretraining.callbacks.cpu_offload) |   - Reserved: 16.63 GB
04:50:33.590 | INFO    (308307, stable_pretraining.callbacks.cpu_offload) | GPU memory freed: 0.00 GB
04:50:33.590 | SUCCESS (308307, stable_pretraining.callbacks.cpu_offload) | CPUOffloadCallback: Checkpoint #19 completed in 1.47s
04:50:33.591 | INFO    (308307, stable_pretraining.callbacks.cpu_offload) | Successfully processed keys: ['state_dict', 'optimizer_states', 'lr_schedulers']
04:50:33.591 | INFO    (308307, stable_pretraining.callbacks.cpu_offload) | Cumulative stats:
04:50:33.591 | INFO    (308307, stable_pretraining.callbacks.cpu_offload) |   - Total checkpoints saved: 19
04:50:33.591 | INFO    (308307, stable_pretraining.callbacks.cpu_offload) |   - Total time in offload: 33.53s
04:50:33.591 | INFO    (308307, stable_pretraining.callbacks.cpu_offload) |   - Total memory freed: 0.00 GB
04:50:33.591 | INFO    (308307, stable_pretraining.callbacks.cpu_offload) |   - Average time per checkpoint: 1.76s
04:50:33.591 | INFO    (308307, stable_pretraining.callbacks.cpu_offload) | ============================================================
04:50:34.933 | INFO    (308307, stable_pretraining.callbacks.checkpoint_sklearn) | Checking for non PyTorch modules to save... 🔧
04:50:34.933 | INFO    (308307, stable_pretraining.callbacks.checkpoint_sklearn) | Checking for Wandb params to save... 🔧
04:50:34.933 | INFO    (308307, stable_pretraining.callbacks.checkpoint_sklearn) | Saving Wandb params {'id': 'lewm_lp_pusht_expert_mu-3'}
04:50:34.934 | INFO    (308307, stable_pretraining.callbacks.checkpoint_sklearn) | Checking for Wandb params to save... Done!
04:50:34.934 | INFO    (308307, stable_pretraining.callbacks.cpu_offload) | ============================================================
04:50:34.934 | INFO    (308307, stable_pretraining.callbacks.cpu_offload) | CPUOffloadCallback: Starting checkpoint CPU offload (#20)
04:50:34.934 | INFO    (308307, stable_pretraining.callbacks.cpu_offload) |   - Global step: 34830
04:50:34.934 | INFO    (308307, stable_pretraining.callbacks.cpu_offload) |   - Epoch: 9
04:50:34.934 | INFO    (308307, stable_pretraining.callbacks.cpu_offload) | Checkpoint contains 11 keys: ['callbacks', 'epoch', 'global_step', 'hparams_name', 'hyper_parameters', 'loops', 'lr_schedulers', 'optimizer_states', 'pytorch-lightning_version', 'state_dict', 'wandb']
04:50:34.935 | INFO    (308307, stable_pretraining.callbacks.cpu_offload) | GPU memory before offload:
04:50:34.935 | INFO    (308307, stable_pretraining.callbacks.cpu_offload) |   - Allocated: 0.24 GB
04:50:34.935 | INFO    (308307, stable_pretraining.callbacks.cpu_offload) |   - Reserved: 16.63 GB
04:50:34.935 | INFO    (308307, stable_pretraining.callbacks.cpu_offload) | Processing checkpoint key: 'state_dict'
04:50:35.508 | SUCCESS (308307, stable_pretraining.callbacks.cpu_offload) | ✓ Completed 'state_dict' in 0.57s
04:50:35.509 | INFO    (308307, stable_pretraining.callbacks.cpu_offload) | Processing checkpoint key: 'optimizer_states'
04:50:36.807 | SUCCESS (308307, stable_pretraining.callbacks.cpu_offload) | ✓ Completed 'optimizer_states' in 1.30s
04:50:36.807 | INFO    (308307, stable_pretraining.callbacks.cpu_offload) | Processing checkpoint key: 'lr_schedulers'
04:50:36.808 | SUCCESS (308307, stable_pretraining.callbacks.cpu_offload) | ✓ Completed 'lr_schedulers' in 0.00s
04:50:36.808 | WARNING (308307, stable_pretraining.callbacks.cpu_offload) | Skipped 321 custom object(s)
04:50:36.808 | WARNING (308307, stable_pretraining.callbacks.cpu_offload) | First 10 skipped objects:
04:50:36.808 | WARNING (308307, stable_pretraining.callbacks.cpu_offload) |   - float at 'optimizer_states[0].param_groups[0].lr'
04:50:36.808 | WARNING (308307, stable_pretraining.callbacks.cpu_offload) |   - float at 'optimizer_states[0].param_groups[0].betas[0]'
04:50:36.809 | WARNING (308307, stable_pretraining.callbacks.cpu_offload) |   - float at 'optimizer_states[0].param_groups[0].betas[1]'
04:50:36.809 | WARNING (308307, stable_pretraining.callbacks.cpu_offload) |   - float at 'optimizer_states[0].param_groups[0].eps'
04:50:36.809 | WARNING (308307, stable_pretraining.callbacks.cpu_offload) |   - float at 'optimizer_states[0].param_groups[0].weight_decay'
04:50:36.809 | WARNING (308307, stable_pretraining.callbacks.cpu_offload) |   - bool at 'optimizer_states[0].param_groups[0].amsgrad'
04:50:36.810 | WARNING (308307, stable_pretraining.callbacks.cpu_offload) |   - bool at 'optimizer_states[0].param_groups[0].maximize'
04:50:36.810 | WARNING (308307, stable_pretraining.callbacks.cpu_offload) |   - NoneType at 'optimizer_states[0].param_groups[0].foreach'
04:50:36.810 | WARNING (308307, stable_pretraining.callbacks.cpu_offload) |   - bool at 'optimizer_states[0].param_groups[0].capturable'
04:50:36.810 | WARNING (308307, stable_pretraining.callbacks.cpu_offload) |   - bool at 'optimizer_states[0].param_groups[0].differentiable'
04:50:36.810 | WARNING (308307, stable_pretraining.callbacks.cpu_offload) | ... (301 more skipped) ...
04:50:36.811 | WARNING (308307, stable_pretraining.callbacks.cpu_offload) | Last 10 skipped objects:
04:50:36.811 | WARNING (308307, stable_pretraining.callbacks.cpu_offload) |   - int at 'optimizer_states[0].param_groups[0].params[298]'
04:50:36.811 | WARNING (308307, stable_pretraining.callbacks.cpu_offload) |   - int at 'lr_schedulers[0].warmup_steps'
04:50:36.811 | WARNING (308307, stable_pretraining.callbacks.cpu_offload) |   - int at 'lr_schedulers[0].max_steps'
04:50:36.811 | WARNING (308307, stable_pretraining.callbacks.cpu_offload) |   - float at 'lr_schedulers[0].warmup_start_lr'
04:50:36.812 | WARNING (308307, stable_pretraining.callbacks.cpu_offload) |   - float at 'lr_schedulers[0].eta_min'
04:50:36.812 | WARNING (308307, stable_pretraining.callbacks.cpu_offload) |   - float at 'lr_schedulers[0].base_lrs[0]'
04:50:36.812 | WARNING (308307, stable_pretraining.callbacks.cpu_offload) |   - int at 'lr_schedulers[0].last_epoch'
04:50:36.813 | WARNING (308307, stable_pretraining.callbacks.cpu_offload) |   - int at 'lr_schedulers[0]._step_count'
04:50:36.813 | WARNING (308307, stable_pretraining.callbacks.cpu_offload) |   - bool at 'lr_schedulers[0]._get_lr_called_within_step'
04:50:36.813 | WARNING (308307, stable_pretraining.callbacks.cpu_offload) |   - float at 'lr_schedulers[0]._last_lr[0]'
04:50:36.813 | INFO    (308307, stable_pretraining.callbacks.cpu_offload) | To see all 321 skipped objects, set log_skipped=True
04:50:36.814 | INFO    (308307, stable_pretraining.callbacks.cpu_offload) | GPU memory after offload:
04:50:36.814 | INFO    (308307, stable_pretraining.callbacks.cpu_offload) |   - Allocated: 0.24 GB
04:50:36.814 | INFO    (308307, stable_pretraining.callbacks.cpu_offload) |   - Reserved: 16.63 GB
04:50:36.815 | INFO    (308307, stable_pretraining.callbacks.cpu_offload) | GPU memory freed: 0.00 GB
04:50:36.815 | SUCCESS (308307, stable_pretraining.callbacks.cpu_offload) | CPUOffloadCallback: Checkpoint #20 completed in 1.88s
04:50:36.815 | INFO    (308307, stable_pretraining.callbacks.cpu_offload) | Successfully processed keys: ['state_dict', 'optimizer_states', 'lr_schedulers']
04:50:36.815 | INFO    (308307, stable_pretraining.callbacks.cpu_offload) | Cumulative stats:
04:50:36.815 | INFO    (308307, stable_pretraining.callbacks.cpu_offload) |   - Total checkpoints saved: 20
04:50:36.815 | INFO    (308307, stable_pretraining.callbacks.cpu_offload) |   - Total time in offload: 35.41s
04:50:36.816 | INFO    (308307, stable_pretraining.callbacks.cpu_offload) |   - Total memory freed: 0.00 GB
04:50:36.816 | INFO    (308307, stable_pretraining.callbacks.cpu_offload) |   - Average time per checkpoint: 1.77s
04:50:36.816 | INFO    (308307, stable_pretraining.callbacks.cpu_offload) | ============================================================
`Trainer.fit` stopped: `max_epochs=10` reached.
04:50:38.096 | INFO    (308307, stable_pretraining.callbacks.cpu_offload) | ============================================================
04:50:38.096 | INFO    (308307, stable_pretraining.callbacks.cpu_offload) | CPUOffloadCallback: Training completed
04:50:38.096 | INFO    (308307, stable_pretraining.callbacks.cpu_offload) | Final statistics:
04:50:38.096 | INFO    (308307, stable_pretraining.callbacks.cpu_offload) |   - Total checkpoints saved: 20
04:50:38.096 | INFO    (308307, stable_pretraining.callbacks.cpu_offload) |   - Total time in offload: 35.41s
04:50:38.096 | INFO    (308307, stable_pretraining.callbacks.cpu_offload) |   - Total GPU memory freed: 0.00 GB
04:50:38.096 | INFO    (308307, stable_pretraining.callbacks.cpu_offload) |   - Average time per checkpoint: 1.77s
04:50:38.097 | INFO    (308307, stable_pretraining.callbacks.cpu_offload) |   - Average memory freed per checkpoint: 0.00 GB
04:50:38.097 | SUCCESS (308307, stable_pretraining.callbacks.cpu_offload) | CPUOffloadCallback: All checkpoints saved successfully
04:50:38.097 | INFO    (308307, stable_pretraining.callbacks.cpu_offload) | ============================================================
Epoch 9/9  ━━━━━━━━━━━━━━━━━━━━ 3483/3483 0:38:25 • 0:00:00 1.62it/s v_num: mu-3
04:50:40.615 | INFO    (308307, stable_pretraining.callbacks.cpu_offload) | CPUOffloadCallback: Teardown called for stage 'fit'
[1;34mwandb[0m: 
[1;34mwandb[0m: 🚀 View run [33mlewm_lp_p1.0_mu-3_pusht_expert[0m at: [34mhttps://wandb.ai/wms_at_iitb/le-wm/runs/lewm_lp_pusht_expert_mu-3[0m
TRAINING_EXITED_0
