
[2026-04-22 04:51:35,188][root][INFO] - Cached 'action' from '/home/ubuntu/le-wm-palash/dataset/pusht_expert_train.h5'
[2026-04-22 04:51:35,235][root][INFO] - Cached 'proprio' from '/home/ubuntu/le-wm-palash/dataset/pusht_expert_train.h5'
[2026-04-22 04:51:35,302][root][INFO] - Cached 'state' from '/home/ubuntu/le-wm-palash/dataset/pusht_expert_train.h5'
04:51:35.931 | INFO    (310020, stable_pretraining.backbone.utils) | Created ViT-tiny from scratch with config: {'hidden_size': 192, 'num_hidden_layers': 12, 'num_attention_heads': 3, 'intermediate_size': 768, 'image_size': 112, 'patch_size': 14}
04:51:37.732 | INFO    (310020, stable_pretraining.data.module) | Setting up DataModule
04:51:37.732 | INFO    (310020, stable_pretraining.module) | Initializing Module configuration...
04:51:37.732 | WARNING (310020, stable_pretraining.module) | No hyperparameters provided - hyperparameter logging is disabled.
04:51:37.733 | INFO    (310020, stable_pretraining.module) | Setting custom forward method.
04:51:37.733 | INFO    (310020, stable_pretraining.module) | Setting attribute: self.model = <class 'torch._dynamo.eval_frame.OptimizedModule'>
04:51:37.733 | INFO    (310020, stable_pretraining.module) | Setting attribute: self.rdmreg = <class 'rdmreg.RDMReg'>
04:51:37.733 | INFO    (310020, stable_pretraining.module) | Setting attribute: self.optim = <class 'dict'>
04:51:37.733 | INFO    (310020, stable_pretraining.module) | No metrics configuration provided - automatic metric tracking is disabled.
wandb: WARNING The anonymous setting has no effect and will be removed in a future version.
wandb: [wandb.login()] Loaded credentials for https://api.wandb.ai from /home/ubuntu/.netrc.
wandb: Currently logged in as: narendraaironi (wms_at_iitb) to https://api.wandb.ai. Use `wandb login --relogin` to force relogin
wandb: setting up run lewm_lp_pusht_expert_mu-2
wandb: Tracking run with wandb version 0.26.0
wandb: Run data is saved locally in wandb/run-20260422_045138-lewm_lp_pusht_expert_mu-2
wandb: Run `wandb offline` to turn off syncing.
wandb: Resuming run lewm_lp_p1.0_mu-2_pusht_expert
wandb: ⭐️ View project at https://wandb.ai/wms_at_iitb/le-wm
wandb: 🚀 View run at https://wandb.ai/wms_at_iitb/le-wm/runs/lewm_lp_pusht_expert_mu-2
/home/ubuntu/miniconda3/envs/jepa-wms/lib/python3.10/site-packages/lightning/fabric/connector.py:571: `precision=bf16` is supported for historical reasons but its usage is discouraged. Please set your precision to bf16-mixed instead!
Using bfloat16 Automatic Mixed Precision (AMP)
04:51:41.760 | INFO    (310020, stable_pretraining.callbacks.env_info) | EnvironmentDumpCallback initialized (filename=environment.json, async=True)
04:51:41.760 | INFO    (310020, stable_pretraining.callbacks.cpu_offload) | ============================================================
04:51:41.760 | INFO    (310020, stable_pretraining.callbacks.cpu_offload) | Initializing CPUOffloadCallback
04:51:41.760 | INFO    (310020, stable_pretraining.callbacks.cpu_offload) | Configuration:
04:51:41.760 | INFO    (310020, stable_pretraining.callbacks.cpu_offload) |   - Offload keys: ['state_dict', 'optimizer_states', 'lr_schedulers']
04:51:41.761 | INFO    (310020, stable_pretraining.callbacks.cpu_offload) |   - Log all skipped objects: False
04:51:41.761 | INFO    (310020, stable_pretraining.callbacks.cpu_offload) |   - Will show first/last 10 skipped objects only
04:51:41.762 | SUCCESS (310020, stable_pretraining.callbacks.cpu_offload) | ✓ CUDA available: 1 GPU(s) detected
04:51:42.673 | INFO    (310020, stable_pretraining.callbacks.cpu_offload) |   - GPU 0: NVIDIA A100-SXM4-80GB (85.1 GB)
04:51:42.674 | SUCCESS (310020, stable_pretraining.callbacks.cpu_offload) | CPUOffloadCallback initialized successfully
04:51:42.674 | INFO    (310020, stable_pretraining.callbacks.cpu_offload) | ============================================================
Adding 10 callbacks from entry point 'stablepretraining_callbacks': ModuleRegistryCallback, LoggingCallback, EnvironmentDumpCallback, TrainerInfo, SklearnCheckpoint, WandbCheckpoint, ModuleSummary, SLURMInfo, LogUnusedParametersOnce, CPUOffloadCallback
GPU available: True (cuda), used: True
TPU available: False, using: 0 TPU cores
💡 Tip: For seamless cloud logging and experiment tracking, try installing [litlogger](https://pypi.org/project/litlogger/) to enable LitLogger, which logs metrics and artifacts automatically to the Lightning Experiments platform.
04:51:42.677 | WARNING (310020, stable_pretraining.manager) | User didn't specify seed, runs won't be exactly reproducible!
04:51:42.678 | INFO    (310020, stable_pretraining.manager) | 📁📁📁 CURRENT WORKING DIR: /home/ubuntu/le-wm-palash 📁📁📁
04:51:42.678 | INFO    (310020, stable_pretraining.manager) | 🌱🌱🌱 SEEDING EVERYTHING with self.seed=None 🌱🌱🌱
/home/ubuntu/miniconda3/envs/jepa-wms/lib/python3.10/site-packages/lightning/fabric/utilities/seed.py:44: No seed found, seed set to 0
Seed set to 0
04:51:42.682 | INFO    (310020, stable_pretraining.manager) | 📈📈📈 Using Wandb 📈📈📈
04:51:42.682 | INFO    (310020, stable_pretraining.manager) | 		a Wandb™ config is provided, not uploading Hydra's:
04:51:42.682 | INFO    (310020, stable_pretraining.manager) | 📈📈📈 WandbLogger setup 📈📈📈
04:51:42.682 | INFO    (310020, stable_pretraining.manager) | 📈📈📈 init={'name': 'lewm_lp_p1.0_mu-2_pusht_expert', 'project': 'le-wm', 'dir': '.', 'id': 'lewm_lp_pusht_expert_mu-2', 'resume': 'allow', 'anonymous': None, 'entity': 'wms_at_iitb'} 📈📈📈
04:51:42.683 | INFO    (310020, stable_pretraining.manager) | 	● 👂👂👂 SIGNALS HANDLERS 👂👂👂
04:51:42.683 | INFO    (310020, stable_pretraining.manager) | 		- SIGUSR1: `0`
04:51:42.683 | INFO    (310020, stable_pretraining.manager) | 		- SIGUSR2: `0`
04:51:42.683 | INFO    (310020, stable_pretraining.manager) | 		- SIGCONT: `0`
04:51:42.683 | INFO    (310020, stable_pretraining.manager) | 		- SIGTERM: `0`
04:51:42.684 | INFO    (310020, stable_pretraining.manager) | 	● 📞📞📞 CALLBACKS 📞📞📞
04:51:42.684 | INFO    (310020, stable_pretraining.manager) | 		 - we found 14 callbacks
04:51:42.684 | INFO    (310020, stable_pretraining.manager) | 	● 📞📞📞 CHECKPOINTING SETUP 📞📞📞
04:51:42.685 | WARNING (310020, stable_pretraining.manager) | 		 Checkpoint mismatch: `manager.ckpt_path` (/home/ubuntu/le-wm-palash/lewm-pusht/lewm_lp_p1.0_mu-2_pusht_expert_weights.ckpt) was provided, but no matching `ModelCheckpoint` callback was found.
04:51:42.685 | WARNING (310020, stable_pretraining.manager) | 		 Automatically creating a `ModelCheckpoint` to save to the specified path to prevent data loss.
04:51:42.686 | WARNING (310020, stable_pretraining.manager) | 		 - Automatic `ModelCheckpoint` callback has been added to the trainer.
04:51:42.686 | WARNING (310020, stable_pretraining.manager) | /home/ubuntu/le-wm-palash/lewm-pusht/lewm_lp_p1.0_mu-2_pusht_expert_weights.ckpt specified, but does not exist, using None for now!
04:51:42.686 | INFO    (310020, stable_pretraining.manager) | 📣📣📣 CALLING trainer.fit with ckpt_path=None 📣📣📣
💡 Tip: For seamless cloud uploads and versioning, try installing [litmodels](https://pypi.org/project/litmodels/) to enable LitModelCheckpoint, which syncs automatically with the Lightning model registry.
You are using a CUDA device ('NVIDIA A100-SXM4-80GB') that has Tensor Cores. To properly utilize them, you should set `torch.set_float32_matmul_precision('medium' | 'high')` which will trade-off precision for performance. For more details, read https://pytorch.org/docs/stable/generated/torch.set_float32_matmul_precision.html#torch.set_float32_matmul_precision
04:51:42.688 | INFO    (310020, stable_pretraining.data.module) | dataset for fit loaded!  ✅
04:51:42.689 | INFO    (310020, stable_pretraining.data.module) | 	● setup was done by user
04:51:42.689 | INFO    (310020, stable_pretraining.callbacks.env_info) | ======================================================================
04:51:42.689 | INFO    (310020, stable_pretraining.callbacks.env_info) | 🔍 Starting environment configuration dump...
04:51:42.689 | INFO    (310020, stable_pretraining.callbacks.env_info) | ======================================================================
04:51:42.690 | INFO    (310020, stable_pretraining.callbacks.env_info) | EnvironmentDumpCallback  log_dir=PosixPath('/home/ubuntu/le-wm-palash')
04:51:42.690 | INFO    (310020, stable_pretraining.callbacks.env_info) | ⚡ Running environment dump in background thread (non-blocking)
04:51:42.690 | INFO    (310020, stable_pretraining.callbacks.env_info) | 📁 Log directory: /home/ubuntu/le-wm-palash
04:51:42.691 | INFO    (310020, stable_pretraining.callbacks.env_info) | 📊 Collecting environment information...
04:51:42.691 | SUCCESS (310020, stable_pretraining.callbacks.env_info) | ✓ Background thread started successfully
04:51:42.691 | SUCCESS (310020, stable_pretraining.callbacks.env_info) |   ✓ Python 3.10.20
04:51:42.692 | INFO    (310020, stable_pretraining.callbacks.trainer_info) | 	 linking trainer to DataModule! 🔧
04:51:42.692 | SUCCESS (310020, stable_pretraining.callbacks.env_info) |   ✓ System: Linux 6.17.0-20-generic (x86_64)
04:51:42.693 | INFO    (310020, stable_pretraining.callbacks.checkpoint_sklearn) | Setting up SklearnCheckpoint callback!
04:51:42.693 | INFO    (310020, stable_pretraining.callbacks.env_info) |      Hostname: instance-0wzqq7mi-main
04:51:42.694 | INFO    (310020, stable_pretraining.callbacks.checkpoint_sklearn) | Sklearn Modules:
04:51:42.696 | INFO    (310020, stable_pretraining.callbacks.checkpoint_sklearn) | 
┏━━━━━━━━━━┳━━━━━━━━┳━━━━━━━━┓
┃ Module   ┃ Name   ┃ Type   ┃
┣━━━━━━━━━━╋━━━━━━━━╋━━━━━━━━┫
┗━━━━━━━━━━┻━━━━━━━━┻━━━━━━━━┛
04:51:42.697 | INFO    (310020, stable_pretraining.callbacks.checkpoint_sklearn) | Setting up WandbCheckpoint callback!
04:51:42.697 | INFO    (310020, stable_pretraining.callbacks.trainer_info) | PyTorch Modules:
04:51:42.697 | WARNING (310020, stable_pretraining.module) | You are calling self.parameters which also gives callbacks parameters, to remove then, pass `with_callbacks=False`
04:51:42.727 | INFO    (310020, stable_pretraining.callbacks.trainer_info) | \n+---------------------------------------------------------------------------+----------------------+--------------------------+--------------------------+---------+
| Module                                                                    | Trainable parameters | Non Trainable parameters | Uninitialized parameters | Buffers |
+---------------------------------------------------------------------------+----------------------+--------------------------+--------------------------+---------+
|                                                                           |             18588206 |                        0 |                        0 |    8194 |
| callbacks_modules                                                         |                    0 |                        0 |                        0 |       0 |
| callbacks_metrics                                                         |                    0 |                        0 |                        0 |       0 |
| model                                                                     |             18588206 |                        0 |                        0 |    8194 |
| model._orig_mod                                                           |             18588206 |                        0 |                        0 |    8194 |
| model._orig_mod.encoder                                                   |              5464512 |                        0 |                        0 |       0 |
| model._orig_mod.encoder.embeddings                                        |               125760 |                        0 |                        0 |       0 |
| model._orig_mod.encoder.embeddings.patch_embeddings                       |               113088 |                        0 |                        0 |       0 |
| model._orig_mod.encoder.embeddings.patch_embeddings.projection            |               113088 |                        0 |                        0 |       0 |
| model._orig_mod.encoder.embeddings.dropout                                |                    0 |                        0 |                        0 |       0 |
| model._orig_mod.encoder.encoder                                           |              5338368 |                        0 |                        0 |       0 |
| model._orig_mod.encoder.encoder.layer                                     |              5338368 |                        0 |                        0 |       0 |
| model._orig_mod.encoder.encoder.layer.0                                   |               444864 |                        0 |                        0 |       0 |
| model._orig_mod.encoder.encoder.layer.0.attention                         |               148224 |                        0 |                        0 |       0 |
| model._orig_mod.encoder.encoder.layer.0.attention.attention               |               111168 |                        0 |                        0 |       0 |
| model._orig_mod.encoder.encoder.layer.0.attention.attention.query         |                37056 |                        0 |                        0 |       0 |
| model._orig_mod.encoder.encoder.layer.0.attention.attention.key           |                37056 |                        0 |                        0 |       0 |
| model._orig_mod.encoder.encoder.layer.0.attention.attention.value         |                37056 |                        0 |                        0 |       0 |
| model._orig_mod.encoder.encoder.layer.0.attention.output                  |                37056 |                        0 |                        0 |       0 |
| model._orig_mod.encoder.encoder.layer.0.attention.output.dense            |                37056 |                        0 |                        0 |       0 |
| model._orig_mod.encoder.encoder.layer.0.attention.output.dropout          |                    0 |                        0 |                        0 |       0 |
| model._orig_mod.encoder.encoder.layer.0.intermediate                      |               148224 |                        0 |                        0 |       0 |
| model._orig_mod.encoder.encoder.layer.0.intermediate.dense                |               148224 |                        0 |                        0 |       0 |
| model._orig_mod.encoder.encoder.layer.0.intermediate.intermediate_act_fn  |                    0 |                        0 |                        0 |       0 |
| model._orig_mod.encoder.encoder.layer.0.output                            |               147648 |                        0 |                        0 |       0 |
| model._orig_mod.encoder.encoder.layer.0.output.dense                      |               147648 |                        0 |                        0 |       0 |
| model._orig_mod.encoder.encoder.layer.0.output.dropout                    |                    0 |                        0 |                        0 |       0 |
| model._orig_mod.encoder.encoder.layer.0.layernorm_before                  |                  384 |                        0 |                        0 |       0 |
| model._orig_mod.encoder.encoder.layer.0.layernorm_after                   |                  384 |                        0 |                        0 |       0 |
| model._orig_mod.encoder.encoder.layer.1                                   |               444864 |                        0 |                        0 |       0 |
| model._orig_mod.encoder.encoder.layer.1.attention                         |               148224 |                        0 |                        0 |       0 |
| model._orig_mod.encoder.encoder.layer.1.attention.attention               |               111168 |                        0 |                        0 |       0 |
| model._orig_mod.encoder.encoder.layer.1.attention.attention.query         |                37056 |                        0 |                        0 |       0 |
| model._orig_mod.encoder.encoder.layer.1.attention.attention.key           |                37056 |                        0 |                        0 |       0 |
| model._orig_mod.encoder.encoder.layer.1.attention.attention.value         |                37056 |                        0 |                        0 |       0 |
| model._orig_mod.encoder.encoder.layer.1.attention.output                  |                37056 |                        0 |                        0 |       0 |
| model._orig_mod.encoder.encoder.layer.1.attention.output.dense            |                37056 |                        0 |                        0 |       0 |
| model._orig_mod.encoder.encoder.layer.1.attention.output.dropout          |                    0 |                        0 |                        0 |       0 |
| model._orig_mod.encoder.encoder.layer.1.intermediate                      |               148224 |                        0 |                        0 |       0 |
| model._orig_mod.encoder.encoder.layer.1.intermediate.dense                |               148224 |                        0 |                        0 |       0 |
| model._orig_mod.encoder.encoder.layer.1.intermediate.intermediate_act_fn  |                    0 |                        0 |                        0 |       0 |
| model._orig_mod.encoder.encoder.layer.1.output                            |               147648 |                        0 |                        0 |       0 |
| model._orig_mod.encoder.encoder.layer.1.output.dense                      |               147648 |                        0 |                        0 |       0 |
| model._orig_mod.encoder.encoder.layer.1.output.dropout                    |                    0 |                        0 |                        0 |       0 |
| model._orig_mod.encoder.encoder.layer.1.layernorm_before                  |                  384 |                        0 |                        0 |       0 |
| model._orig_mod.encoder.encoder.layer.1.layernorm_after                   |                  384 |                        0 |                        0 |       0 |
| model._orig_mod.encoder.encoder.layer.2                                   |               444864 |                        0 |                        0 |       0 |
| model._orig_mod.encoder.encoder.layer.2.attention                         |               148224 |                        0 |                        0 |       0 |
| model._orig_mod.encoder.encoder.layer.2.attention.attention               |               111168 |                        0 |                        0 |       0 |
| model._orig_mod.encoder.encoder.layer.2.attention.attention.query         |                37056 |                        0 |                        0 |       0 |
| model._orig_mod.encoder.encoder.layer.2.attention.attention.key           |                37056 |                        0 |                        0 |       0 |
| model._orig_mod.encoder.encoder.layer.2.attention.attention.value         |                37056 |                        0 |                        0 |       0 |
| model._orig_mod.encoder.encoder.layer.2.attention.output                  |                37056 |                        0 |                        0 |       0 |
| model._orig_mod.encoder.encoder.layer.2.attention.output.dense            |                37056 |                        0 |                        0 |       0 |
| model._orig_mod.encoder.encoder.layer.2.attention.output.dropout          |                    0 |                        0 |                        0 |       0 |
| model._orig_mod.encoder.encoder.layer.2.intermediate                      |               148224 |                        0 |                        0 |       0 |
| model._orig_mod.encoder.encoder.layer.2.intermediate.dense                |               148224 |                        0 |                        0 |       0 |
| model._orig_mod.encoder.encoder.layer.2.intermediate.intermediate_act_fn  |                    0 |                        0 |                        0 |       0 |
| model._orig_mod.encoder.encoder.layer.2.output                            |               147648 |                        0 |                        0 |       0 |
| model._orig_mod.encoder.encoder.layer.2.output.dense                      |               147648 |                        0 |                        0 |       0 |
| model._orig_mod.encoder.encoder.layer.2.output.dropout                    |                    0 |                        0 |                        0 |       0 |
| model._orig_mod.encoder.encoder.layer.2.layernorm_before                  |                  384 |                        0 |                        0 |       0 |
| model._orig_mod.encoder.encoder.layer.2.layernorm_after                   |                  384 |                        0 |                        0 |       0 |
| model._orig_mod.encoder.encoder.layer.3                                   |               444864 |                        0 |                        0 |       0 |
| model._orig_mod.encoder.encoder.layer.3.attention                         |               148224 |                        0 |                        0 |       0 |
| model._orig_mod.encoder.encoder.layer.3.attention.attention               |               111168 |                        0 |                        0 |       0 |
| model._orig_mod.encoder.encoder.layer.3.attention.attention.query         |                37056 |                        0 |                        0 |       0 |
| model._orig_mod.encoder.encoder.layer.3.attention.attention.key           |                37056 |                        0 |                        0 |       0 |
| model._orig_mod.encoder.encoder.layer.3.attention.attention.value         |                37056 |                        0 |                        0 |       0 |
| model._orig_mod.encoder.encoder.layer.3.attention.output                  |                37056 |                        0 |                        0 |       0 |
| model._orig_mod.encoder.encoder.layer.3.attention.output.dense            |                37056 |                        0 |                        0 |       0 |
| model._orig_mod.encoder.encoder.layer.3.attention.output.dropout          |                    0 |                        0 |                        0 |       0 |
| model._orig_mod.encoder.encoder.layer.3.intermediate                      |               148224 |                        0 |                        0 |       0 |
| model._orig_mod.encoder.encoder.layer.3.intermediate.dense                |               148224 |                        0 |                        0 |       0 |
| model._orig_mod.encoder.encoder.layer.3.intermediate.intermediate_act_fn  |                    0 |                        0 |                        0 |       0 |
| model._orig_mod.encoder.encoder.layer.3.output                            |               147648 |                        0 |                        0 |       0 |
| model._orig_mod.encoder.encoder.layer.3.output.dense                      |               147648 |                        0 |                        0 |       0 |
| model._orig_mod.encoder.encoder.layer.3.output.dropout                    |                    0 |                        0 |                        0 |       0 |
| model._orig_mod.encoder.encoder.layer.3.layernorm_before                  |                  384 |                        0 |                        0 |       0 |
| model._orig_mod.encoder.encoder.layer.3.layernorm_after                   |                  384 |                        0 |                        0 |       0 |
| model._orig_mod.encoder.encoder.layer.4                                   |               444864 |                        0 |                        0 |       0 |
| model._orig_mod.encoder.encoder.layer.4.attention                         |               148224 |                        0 |                        0 |       0 |
| model._orig_mod.encoder.encoder.layer.4.attention.attention               |               111168 |                        0 |                        0 |       0 |
| model._orig_mod.encoder.encoder.layer.4.attention.attention.query         |                37056 |                        0 |                        0 |       0 |
| model._orig_mod.encoder.encoder.layer.4.attention.attention.key           |                37056 |                        0 |                        0 |       0 |
| model._orig_mod.encoder.encoder.layer.4.attention.attention.value         |                37056 |                        0 |                        0 |       0 |
| model._orig_mod.encoder.encoder.layer.4.attention.output                  |                37056 |                        0 |                        0 |       0 |
| model._orig_mod.encoder.encoder.layer.4.attention.output.dense            |                37056 |                        0 |                        0 |       0 |
| model._orig_mod.encoder.encoder.layer.4.attention.output.dropout          |                    0 |                        0 |                        0 |       0 |
| model._orig_mod.encoder.encoder.layer.4.intermediate                      |               148224 |                        0 |                        0 |       0 |
| model._orig_mod.encoder.encoder.layer.4.intermediate.dense                |               148224 |                        0 |                        0 |       0 |
| model._orig_mod.encoder.encoder.layer.4.intermediate.intermediate_act_fn  |                    0 |                        0 |                        0 |       0 |
| model._orig_mod.encoder.encoder.layer.4.output                            |               147648 |                        0 |                        0 |       0 |
| model._orig_mod.encoder.encoder.layer.4.output.dense                      |               147648 |                        0 |                        0 |       0 |
| model._orig_mod.encoder.encoder.layer.4.output.dropout                    |                    0 |                        0 |                        0 |       0 |
| model._orig_mod.encoder.encoder.layer.4.layernorm_before                  |                  384 |                        0 |                        0 |       0 |
| model._orig_mod.encoder.encoder.layer.4.layernorm_after                   |                  384 |                        0 |                        0 |       0 |
| model._orig_mod.encoder.encoder.layer.5                                   |               444864 |                        0 |                        0 |       0 |
| model._orig_mod.encoder.encoder.layer.5.attention                         |               148224 |                        0 |                        0 |       0 |
| model._orig_mod.encoder.encoder.layer.5.attention.attention               |               111168 |                        0 |                        0 |       0 |
| model._orig_mod.encoder.encoder.layer.5.attention.attention.query         |                37056 |                        0 |                        0 |       0 |
| model._orig_mod.encoder.encoder.layer.5.attention.attention.key           |                37056 |                        0 |                        0 |       0 |
| model._orig_mod.encoder.encoder.layer.5.attention.attention.value         |                37056 |                        0 |                        0 |       0 |
| model._orig_mod.encoder.encoder.layer.5.attention.output                  |                37056 |                        0 |                        0 |       0 |
| model._orig_mod.encoder.encoder.layer.5.attention.output.dense            |                37056 |                        0 |                        0 |       0 |
| model._orig_mod.encoder.encoder.layer.5.attention.output.dropout          |                    0 |                        0 |                        0 |       0 |
| model._orig_mod.encoder.encoder.layer.5.intermediate                      |               148224 |                        0 |                        0 |       0 |
| model._orig_mod.encoder.encoder.layer.5.intermediate.dense                |               148224 |                        0 |                        0 |       0 |
| model._orig_mod.encoder.encoder.layer.5.intermediate.intermediate_act_fn  |                    0 |                        0 |                        0 |       0 |
| model._orig_mod.encoder.encoder.layer.5.output                            |               147648 |                        0 |                        0 |       0 |
| model._orig_mod.encoder.encoder.layer.5.output.dense                      |               147648 |                        0 |                        0 |       0 |
| model._orig_mod.encoder.encoder.layer.5.output.dropout                    |                    0 |                        0 |                        0 |       0 |
| model._orig_mod.encoder.encoder.layer.5.layernorm_before                  |                  384 |                        0 |                        0 |       0 |
| model._orig_mod.encoder.encoder.layer.5.layernorm_after                   |                  384 |                        0 |                        0 |       0 |
| model._orig_mod.encoder.encoder.layer.6                                   |               444864 |                        0 |                        0 |       0 |
| model._orig_mod.encoder.encoder.layer.6.attention                         |               148224 |                        0 |                        0 |       0 |
| model._orig_mod.encoder.encoder.layer.6.attention.attention               |               111168 |                        0 |                        0 |       0 |
| model._orig_mod.encoder.encoder.layer.6.attention.attention.query         |                37056 |                        0 |                        0 |       0 |
| model._orig_mod.encoder.encoder.layer.6.attention.attention.key           |                37056 |                        0 |                        0 |       0 |
| model._orig_mod.encoder.encoder.layer.6.attention.attention.value         |                37056 |                        0 |                        0 |       0 |
| model._orig_mod.encoder.encoder.layer.6.attention.output                  |                37056 |                        0 |                        0 |       0 |
| model._orig_mod.encoder.encoder.layer.6.attention.output.dense            |                37056 |                        0 |                        0 |       0 |
| model._orig_mod.encoder.encoder.layer.6.attention.output.dropout          |                    0 |                        0 |                        0 |       0 |
| model._orig_mod.encoder.encoder.layer.6.intermediate                      |               148224 |                        0 |                        0 |       0 |
| model._orig_mod.encoder.encoder.layer.6.intermediate.dense                |               148224 |                        0 |                        0 |       0 |
| model._orig_mod.encoder.encoder.layer.6.intermediate.intermediate_act_fn  |                    0 |                        0 |                        0 |       0 |
| model._orig_mod.encoder.encoder.layer.6.output                            |               147648 |                        0 |                        0 |       0 |
| model._orig_mod.encoder.encoder.layer.6.output.dense                      |               147648 |                        0 |                        0 |       0 |
| model._orig_mod.encoder.encoder.layer.6.output.dropout                    |                    0 |                        0 |                        0 |       0 |
| model._orig_mod.encoder.encoder.layer.6.layernorm_before                  |                  384 |                        0 |                        0 |       0 |
| model._orig_mod.encoder.encoder.layer.6.layernorm_after                   |                  384 |                        0 |                        0 |       0 |
| model._orig_mod.encoder.encoder.layer.7                                   |               444864 |                        0 |                        0 |       0 |
| model._orig_mod.encoder.encoder.layer.7.attention                         |               148224 |                        0 |                        0 |       0 |
| model._orig_mod.encoder.encoder.layer.7.attention.attention               |               111168 |                        0 |                        0 |       0 |
| model._orig_mod.encoder.encoder.layer.7.attention.attention.query         |                37056 |                        0 |                        0 |       0 |
| model._orig_mod.encoder.encoder.layer.7.attention.attention.key           |                37056 |                        0 |                        0 |       0 |
| model._orig_mod.encoder.encoder.layer.7.attention.attention.value         |                37056 |                        0 |                        0 |       0 |
| model._orig_mod.encoder.encoder.layer.7.attention.output                  |                37056 |                        0 |                        0 |       0 |
| model._orig_mod.encoder.encoder.layer.7.attention.output.dense            |                37056 |                        0 |                        0 |       0 |
| model._orig_mod.encoder.encoder.layer.7.attention.output.dropout          |                    0 |                        0 |                        0 |       0 |
| model._orig_mod.encoder.encoder.layer.7.intermediate                      |               148224 |                        0 |                        0 |       0 |
| model._orig_mod.encoder.encoder.layer.7.intermediate.dense                |               148224 |                        0 |                        0 |       0 |
| model._orig_mod.encoder.encoder.layer.7.intermediate.intermediate_act_fn  |                    0 |                        0 |                        0 |       0 |
| model._orig_mod.encoder.encoder.layer.7.output                            |               147648 |                        0 |                        0 |       0 |
| model._orig_mod.encoder.encoder.layer.7.output.dense                      |               147648 |                        0 |                        0 |       0 |
| model._orig_mod.encoder.encoder.layer.7.output.dropout                    |                    0 |                        0 |                        0 |       0 |
| model._orig_mod.encoder.encoder.layer.7.layernorm_before                  |                  384 |                        0 |                        0 |       0 |
| model._orig_mod.encoder.encoder.layer.7.layernorm_after                   |                  384 |                        0 |                        0 |       0 |
| model._orig_mod.encoder.encoder.layer.8                                   |               444864 |                        0 |                        0 |       0 |
| model._orig_mod.encoder.encoder.layer.8.attention                         |               148224 |                        0 |                        0 |       0 |
| model._orig_mod.encoder.encoder.layer.8.attention.attention               |               111168 |                        0 |                        0 |       0 |
| model._orig_mod.encoder.encoder.layer.8.attention.attention.query         |                37056 |                        0 |                        0 |       0 |
| model._orig_mod.encoder.encoder.layer.8.attention.attention.key           |                37056 |                        0 |                        0 |       0 |
| model._orig_mod.encoder.encoder.layer.8.attention.attention.value         |                37056 |                        0 |                        0 |       0 |
| model._orig_mod.encoder.encoder.layer.8.attention.output                  |                37056 |                        0 |                        0 |       0 |
| model._orig_mod.encoder.encoder.layer.8.attention.output.dense            |                37056 |                        0 |                        0 |       0 |
| model._orig_mod.encoder.encoder.layer.8.attention.output.dropout          |                    0 |                        0 |                        0 |       0 |
| model._orig_mod.encoder.encoder.layer.8.intermediate                      |               148224 |                        0 |                        0 |       0 |
| model._orig_mod.encoder.encoder.layer.8.intermediate.dense                |               148224 |                        0 |                        0 |       0 |
| model._orig_mod.encoder.encoder.layer.8.intermediate.intermediate_act_fn  |                    0 |                        0 |                        0 |       0 |
| model._orig_mod.encoder.encoder.layer.8.output                            |               147648 |                        0 |                        0 |       0 |
| model._orig_mod.encoder.encoder.layer.8.output.dense                      |               147648 |                        0 |                        0 |       0 |
| model._orig_mod.encoder.encoder.layer.8.output.dropout                    |                    0 |                        0 |                        0 |       0 |
| model._orig_mod.encoder.encoder.layer.8.layernorm_before                  |                  384 |                        0 |                        0 |       0 |
| model._orig_mod.encoder.encoder.layer.8.layernorm_after                   |                  384 |                        0 |                        0 |       0 |
| model._orig_mod.encoder.encoder.layer.9                                   |               444864 |                        0 |                        0 |       0 |
| model._orig_mod.encoder.encoder.layer.9.attention                         |               148224 |                        0 |                        0 |       0 |
| model._orig_mod.encoder.encoder.layer.9.attention.attention               |               111168 |                        0 |                        0 |       0 |
| model._orig_mod.encoder.encoder.layer.9.attention.attention.query         |                37056 |                        0 |                        0 |       0 |
| model._orig_mod.encoder.encoder.layer.9.attention.attention.key           |                37056 |                        0 |                        0 |       0 |
| model._orig_mod.encoder.encoder.layer.9.attention.attention.value         |                37056 |                        0 |                        0 |       0 |
| model._orig_mod.encoder.encoder.layer.9.attention.output                  |                37056 |                        0 |                        0 |       0 |
| model._orig_mod.encoder.encoder.layer.9.attention.output.dense            |                37056 |                        0 |                        0 |       0 |
| model._orig_mod.encoder.encoder.layer.9.attention.output.dropout          |                    0 |                        0 |                        0 |       0 |
| model._orig_mod.encoder.encoder.layer.9.intermediate                      |               148224 |                        0 |                        0 |       0 |
| model._orig_mod.encoder.encoder.layer.9.intermediate.dense                |               148224 |                        0 |                        0 |       0 |
| model._orig_mod.encoder.encoder.layer.9.intermediate.intermediate_act_fn  |                    0 |                        0 |                        0 |       0 |
| model._orig_mod.encoder.encoder.layer.9.output                            |               147648 |                        0 |                        0 |       0 |
| model._orig_mod.encoder.encoder.layer.9.output.dense                      |               147648 |                        0 |                        0 |       0 |
| model._orig_mod.encoder.encoder.layer.9.output.dropout                    |                    0 |                        0 |                        0 |       0 |
| model._orig_mod.encoder.encoder.layer.9.layernorm_before                  |                  384 |                        0 |                        0 |       0 |
| model._orig_mod.encoder.encoder.layer.9.layernorm_after                   |                  384 |                        0 |                        0 |       0 |
| model._orig_mod.encoder.encoder.layer.10                                  |               444864 |                        0 |                        0 |       0 |
| model._orig_mod.encoder.encoder.layer.10.attention                        |               148224 |                        0 |                        0 |       0 |
| model._orig_mod.encoder.encoder.layer.10.attention.attention              |               111168 |                        0 |                        0 |       0 |
| model._orig_mod.encoder.encoder.layer.10.attention.attention.query        |                37056 |                        0 |                        0 |       0 |
| model._orig_mod.encoder.encoder.layer.10.attention.attention.key          |                37056 |                        0 |                        0 |       0 |
| model._orig_mod.encoder.encoder.layer.10.attention.attention.value        |                37056 |                        0 |                        0 |       0 |
| model._orig_mod.encoder.encoder.layer.10.attention.output                 |                37056 |                        0 |                        0 |       0 |
| model._orig_mod.encoder.encoder.layer.10.attention.output.dense           |                37056 |                        0 |                        0 |       0 |
| model._orig_mod.encoder.encoder.layer.10.attention.output.dropout         |                    0 |                        0 |                        0 |       0 |
| model._orig_mod.encoder.encoder.layer.10.intermediate                     |               148224 |                        0 |                        0 |       0 |
| model._orig_mod.encoder.encoder.layer.10.intermediate.dense               |               148224 |                        0 |                        0 |       0 |
| model._orig_mod.encoder.encoder.layer.10.intermediate.intermediate_act_fn |                    0 |                        0 |                        0 |       0 |
| model._orig_mod.encoder.encoder.layer.10.output                           |               147648 |                        0 |                        0 |       0 |
| model._orig_mod.encoder.encoder.layer.10.output.dense                     |               147648 |                        0 |                        0 |       0 |
| model._orig_mod.encoder.encoder.layer.10.output.dropout                   |                    0 |                        0 |                        0 |       0 |
| model._orig_mod.encoder.encoder.layer.10.layernorm_before                 |                  384 |                        0 |                        0 |       0 |
| model._orig_mod.encoder.encoder.layer.10.layernorm_after                  |                  384 |                        0 |                        0 |       0 |
| model._orig_mod.encoder.encoder.layer.11                                  |               444864 |                        0 |                        0 |       0 |
| model._orig_mod.encoder.encoder.layer.11.attention                        |               148224 |                        0 |                        0 |       0 |
| model._orig_mod.encoder.encoder.layer.11.attention.attention              |               111168 |                        0 |                        0 |       0 |
| model._orig_mod.encoder.encoder.layer.11.attention.attention.query        |                37056 |                        0 |                        0 |       0 |
| model._orig_mod.encoder.encoder.layer.11.attention.attention.key          |                37056 |                        0 |                        0 |       0 |
| model._orig_mod.encoder.encoder.layer.11.attention.attention.value        |                37056 |                        0 |                        0 |       0 |
| model._orig_mod.encoder.encoder.layer.11.attention.output                 |                37056 |                        0 |                        0 |       0 |
| model._orig_mod.encoder.encoder.layer.11.attention.output.dense           |                37056 |                        0 |                        0 |       0 |
| model._orig_mod.encoder.encoder.layer.11.attention.output.dropout         |                    0 |                        0 |                        0 |       0 |
| model._orig_mod.encoder.encoder.layer.11.intermediate                     |               148224 |                        0 |                        0 |       0 |
| model._orig_mod.encoder.encoder.layer.11.intermediate.dense               |               148224 |                        0 |                        0 |       0 |
| model._orig_mod.encoder.encoder.layer.11.intermediate.intermediate_act_fn |                    0 |                        0 |                        0 |       0 |
| model._orig_mod.encoder.encoder.layer.11.output                           |               147648 |                        0 |                        0 |       0 |
| model._orig_mod.encoder.encoder.layer.11.output.dense                     |               147648 |                        0 |                        0 |       0 |
| model._orig_mod.encoder.encoder.layer.11.output.dropout                   |                    0 |                        0 |                        0 |       0 |
| model._orig_mod.encoder.encoder.layer.11.layernorm_before                 |                  384 |                        0 |                        0 |       0 |
| model._orig_mod.encoder.encoder.layer.11.layernorm_after                  |                  384 |                        0 |                        0 |       0 |
| model._orig_mod.encoder.layernorm                                         |                  384 |                        0 |                        0 |       0 |
| model._orig_mod.predictor                                                 |             10791360 |                        0 |                        0 |       0 |
| model._orig_mod.predictor.dropout                                         |                    0 |                        0 |                        0 |       0 |
| model._orig_mod.predictor.transformer                                     |             10790784 |                        0 |                        0 |       0 |
| model._orig_mod.predictor.transformer.norm                                |                  384 |                        0 |                        0 |       0 |
| model._orig_mod.predictor.transformer.layers                              |             10790400 |                        0 |                        0 |       0 |
| model._orig_mod.predictor.transformer.layers.0                            |              1798400 |                        0 |                        0 |       0 |
| model._orig_mod.predictor.transformer.layers.0.attn                       |               787008 |                        0 |                        0 |       0 |
| model._orig_mod.predictor.transformer.layers.0.attn.norm                  |                  384 |                        0 |                        0 |       0 |
| model._orig_mod.predictor.transformer.layers.0.attn.attend                |                    0 |                        0 |                        0 |       0 |
| model._orig_mod.predictor.transformer.layers.0.attn.to_qkv                |               589824 |                        0 |                        0 |       0 |
| model._orig_mod.predictor.transformer.layers.0.attn.to_out                |               196800 |                        0 |                        0 |       0 |
| model._orig_mod.predictor.transformer.layers.0.attn.to_out.0              |               196800 |                        0 |                        0 |       0 |
| model._orig_mod.predictor.transformer.layers.0.attn.to_out.1              |                    0 |                        0 |                        0 |       0 |
| model._orig_mod.predictor.transformer.layers.0.mlp                        |               789056 |                        0 |                        0 |       0 |
| model._orig_mod.predictor.transformer.layers.0.mlp.net                    |               789056 |                        0 |                        0 |       0 |
| model._orig_mod.predictor.transformer.layers.0.mlp.net.0                  |                  384 |                        0 |                        0 |       0 |
| model._orig_mod.predictor.transformer.layers.0.mlp.net.1                  |               395264 |                        0 |                        0 |       0 |
| model._orig_mod.predictor.transformer.layers.0.mlp.net.2                  |                    0 |                        0 |                        0 |       0 |
| model._orig_mod.predictor.transformer.layers.0.mlp.net.3                  |                    0 |                        0 |                        0 |       0 |
| model._orig_mod.predictor.transformer.layers.0.mlp.net.4                  |               393408 |                        0 |                        0 |       0 |
| model._orig_mod.predictor.transformer.layers.0.mlp.net.5                  |                    0 |                        0 |                        0 |       0 |
| model._orig_mod.predictor.transformer.layers.0.norm1                      |                    0 |                        0 |                        0 |       0 |
| model._orig_mod.predictor.transformer.layers.0.norm2                      |                    0 |                        0 |                        0 |       0 |
| model._orig_mod.predictor.transformer.layers.0.adaLN_modulation           |               222336 |                        0 |                        0 |       0 |
| model._orig_mod.predictor.transformer.layers.0.adaLN_modulation.0         |                    0 |                        0 |                        0 |       0 |
| model._orig_mod.predictor.transformer.layers.0.adaLN_modulation.1         |               222336 |                        0 |                        0 |       0 |
| model._orig_mod.predictor.transformer.layers.1                            |              1798400 |                        0 |                        0 |       0 |
| model._orig_mod.predictor.transformer.layers.1.attn                       |               787008 |                        0 |                        0 |       0 |
| model._orig_mod.predictor.transformer.layers.1.attn.norm                  |                  384 |                        0 |                        0 |       0 |
| model._orig_mod.predictor.transformer.layers.1.attn.attend                |                    0 |                        0 |                        0 |       0 |
| model._orig_mod.predictor.transformer.layers.1.attn.to_qkv                |               589824 |                        0 |                        0 |       0 |
| model._orig_mod.predictor.transformer.layers.1.attn.to_out                |               196800 |                        0 |                        0 |       0 |
| model._orig_mod.predictor.transformer.layers.1.attn.to_out.0              |               196800 |                        0 |                        0 |       0 |
| model._orig_mod.predictor.transformer.layers.1.attn.to_out.1              |                    0 |                        0 |                        0 |       0 |
| model._orig_mod.predictor.transformer.layers.1.mlp                        |               789056 |                        0 |                        0 |       0 |
| model._orig_mod.predictor.transformer.layers.1.mlp.net                    |               789056 |                        0 |                        0 |       0 |
| model._orig_mod.predictor.transformer.layers.1.mlp.net.0                  |                  384 |                        0 |                        0 |       0 |
| model._orig_mod.predictor.transformer.layers.1.mlp.net.1                  |               395264 |                        0 |                        0 |       0 |
| model._orig_mod.predictor.transformer.layers.1.mlp.net.2                  |                    0 |                        0 |                        0 |       0 |
| model._orig_mod.predictor.transformer.layers.1.mlp.net.3                  |                    0 |                        0 |                        0 |       0 |
| model._orig_mod.predictor.transformer.layers.1.mlp.net.4                  |               393408 |                        0 |                        0 |       0 |
| model._orig_mod.predictor.transformer.layers.1.mlp.net.5                  |                    0 |                        0 |                        0 |       0 |
| model._orig_mod.predictor.transformer.layers.1.norm1                      |                    0 |                        0 |                        0 |       0 |
| model._orig_mod.predictor.transformer.layers.1.norm2                      |                    0 |                        0 |                        0 |       0 |
| model._orig_mod.predictor.transformer.layers.1.adaLN_modulation           |               222336 |                        0 |                        0 |       0 |
| model._orig_mod.predictor.transformer.layers.1.adaLN_modulation.0         |                    0 |                        0 |                        0 |       0 |
| model._orig_mod.predictor.transformer.layers.1.adaLN_modulation.1         |               222336 |                        0 |                        0 |       0 |
| model._orig_mod.predictor.transformer.layers.2                            |              1798400 |                        0 |                        0 |       0 |
| model._orig_mod.predictor.transformer.layers.2.attn                       |               787008 |                        0 |                        0 |       0 |
| model._orig_mod.predictor.transformer.layers.2.attn.norm                  |                  384 |                        0 |                        0 |       0 |
| model._orig_mod.predictor.transformer.layers.2.attn.attend                |                    0 |                        0 |                        0 |       0 |
| model._orig_mod.predictor.transformer.layers.2.attn.to_qkv                |               589824 |                        0 |                        0 |       0 |
| model._orig_mod.predictor.transformer.layers.2.attn.to_out                |               196800 |                        0 |                        0 |       0 |
| model._orig_mod.predictor.transformer.layers.2.attn.to_out.0              |               196800 |                        0 |                        0 |       0 |
| model._orig_mod.predictor.transformer.layers.2.attn.to_out.1              |                    0 |                        0 |                        0 |       0 |
| model._orig_mod.predictor.transformer.layers.2.mlp                        |               789056 |                        0 |                        0 |       0 |
| model._orig_mod.predictor.transformer.layers.2.mlp.net                    |               789056 |                        0 |                        0 |       0 |
| model._orig_mod.predictor.transformer.layers.2.mlp.net.0                  |                  384 |                        0 |                        0 |       0 |
| model._orig_mod.predictor.transformer.layers.2.mlp.net.1                  |               395264 |                        0 |                        0 |       0 |
| model._orig_mod.predictor.transformer.layers.2.mlp.net.2                  |                    0 |                        0 |                        0 |       0 |
| model._orig_mod.predictor.transformer.layers.2.mlp.net.3                  |                    0 |                        0 |                        0 |       0 |
| model._orig_mod.predictor.transformer.layers.2.mlp.net.4                  |               393408 |                        0 |                        0 |       0 |
| model._orig_mod.predictor.transformer.layers.2.mlp.net.5                  |                    0 |                        0 |                        0 |       0 |
| model._orig_mod.predictor.transformer.layers.2.norm1                      |                    0 |                        0 |                        0 |       0 |
| model._orig_mod.predictor.transformer.layers.2.norm2                      |                    0 |                        0 |                        0 |       0 |
| model._orig_mod.predictor.transformer.layers.2.adaLN_modulation           |               222336 |                        0 |                        0 |       0 |
| model._orig_mod.predictor.transformer.layers.2.adaLN_modulation.0         |                    0 |                        0 |                        0 |       0 |
| model._orig_mod.predictor.transformer.layers.2.adaLN_modulation.1         |               222336 |                        0 |                        0 |       0 |
| model._orig_mod.predictor.transformer.layers.3                            |              1798400 |                        0 |                        0 |       0 |
| model._orig_mod.predictor.transformer.layers.3.attn                       |               787008 |                        0 |                        0 |       0 |
| model._orig_mod.predictor.transformer.layers.3.attn.norm                  |                  384 |                        0 |                        0 |       0 |
| model._orig_mod.predictor.transformer.layers.3.attn.attend                |                    0 |                        0 |                        0 |       0 |
| model._orig_mod.predictor.transformer.layers.3.attn.to_qkv                |               589824 |                        0 |                        0 |       0 |
| model._orig_mod.predictor.transformer.layers.3.attn.to_out                |               196800 |                        0 |                        0 |       0 |
| model._orig_mod.predictor.transformer.layers.3.attn.to_out.0              |               196800 |                        0 |                        0 |       0 |
| model._orig_mod.predictor.transformer.layers.3.attn.to_out.1              |                    0 |                        0 |                        0 |       0 |
| model._orig_mod.predictor.transformer.layers.3.mlp                        |               789056 |                        0 |                        0 |       0 |
| model._orig_mod.predictor.transformer.layers.3.mlp.net                    |               789056 |                        0 |                        0 |       0 |
| model._orig_mod.predictor.transformer.layers.3.mlp.net.0                  |                  384 |                        0 |                        0 |       0 |
| model._orig_mod.predictor.transformer.layers.3.mlp.net.1                  |               395264 |                        0 |                        0 |       0 |
| model._orig_mod.predictor.transformer.layers.3.mlp.net.2                  |                    0 |                        0 |                        0 |       0 |
| model._orig_mod.predictor.transformer.layers.3.mlp.net.3                  |                    0 |                        0 |                        0 |       0 |
| model._orig_mod.predictor.transformer.layers.3.mlp.net.4                  |               393408 |                        0 |                        0 |       0 |
| model._orig_mod.predictor.transformer.layers.3.mlp.net.5                  |                    0 |                        0 |                        0 |       0 |
| model._orig_mod.predictor.transformer.layers.3.norm1                      |                    0 |                        0 |                        0 |       0 |
| model._orig_mod.predictor.transformer.layers.3.norm2                      |                    0 |                        0 |                        0 |       0 |
| model._orig_mod.predictor.transformer.layers.3.adaLN_modulation           |               222336 |                        0 |                        0 |       0 |
| model._orig_mod.predictor.transformer.layers.3.adaLN_modulation.0         |                    0 |                        0 |                        0 |       0 |
| model._orig_mod.predictor.transformer.layers.3.adaLN_modulation.1         |               222336 |                        0 |                        0 |       0 |
| model._orig_mod.predictor.transformer.layers.4                            |              1798400 |                        0 |                        0 |       0 |
| model._orig_mod.predictor.transformer.layers.4.attn                       |               787008 |                        0 |                        0 |       0 |
| model._orig_mod.predictor.transformer.layers.4.attn.norm                  |                  384 |                        0 |                        0 |       0 |
| model._orig_mod.predictor.transformer.layers.4.attn.attend                |                    0 |                        0 |                        0 |       0 |
| model._orig_mod.predictor.transformer.layers.4.attn.to_qkv                |               589824 |                        0 |                        0 |       0 |
| model._orig_mod.predictor.transformer.layers.4.attn.to_out                |               196800 |                        0 |                        0 |       0 |
| model._orig_mod.predictor.transformer.layers.4.attn.to_out.0              |               196800 |                        0 |                        0 |       0 |
| model._orig_mod.predictor.transformer.layers.4.attn.to_out.1              |                    0 |                        0 |                        0 |       0 |
| model._orig_mod.predictor.transformer.layers.4.mlp                        |               789056 |                        0 |                        0 |       0 |
| model._orig_mod.predictor.transformer.layers.4.mlp.net                    |               789056 |                        0 |                        0 |       0 |
| model._orig_mod.predictor.transformer.layers.4.mlp.net.0                  |                  384 |                        0 |                        0 |       0 |
| model._orig_mod.predictor.transformer.layers.4.mlp.net.1                  |               395264 |                        0 |                        0 |       0 |
| model._orig_mod.predictor.transformer.layers.4.mlp.net.2                  |                    0 |                        0 |                        0 |       0 |
| model._orig_mod.predictor.transformer.layers.4.mlp.net.3                  |                    0 |                        0 |                        0 |       0 |
| model._orig_mod.predictor.transformer.layers.4.mlp.net.4                  |               393408 |                        0 |                        0 |       0 |
| model._orig_mod.predictor.transformer.layers.4.mlp.net.5                  |                    0 |                        0 |                        0 |       0 |
| model._orig_mod.predictor.transformer.layers.4.norm1                      |                    0 |                        0 |                        0 |       0 |
| model._orig_mod.predictor.transformer.layers.4.norm2                      |                    0 |                        0 |                        0 |       0 |
| model._orig_mod.predictor.transformer.layers.4.adaLN_modulation           |               222336 |                        0 |                        0 |       0 |
| model._orig_mod.predictor.transformer.layers.4.adaLN_modulation.0         |                    0 |                        0 |                        0 |       0 |
| model._orig_mod.predictor.transformer.layers.4.adaLN_modulation.1         |               222336 |                        0 |                        0 |       0 |
| model._orig_mod.predictor.transformer.layers.5                            |              1798400 |                        0 |                        0 |       0 |
| model._orig_mod.predictor.transformer.layers.5.attn                       |               787008 |                        0 |                        0 |       0 |
| model._orig_mod.predictor.transformer.layers.5.attn.norm                  |                  384 |                        0 |                        0 |       0 |
| model._orig_mod.predictor.transformer.layers.5.attn.attend                |                    0 |                        0 |                        0 |       0 |
| model._orig_mod.predictor.transformer.layers.5.attn.to_qkv                |               589824 |                        0 |                        0 |       0 |
| model._orig_mod.predictor.transformer.layers.5.attn.to_out                |               196800 |                        0 |                        0 |       0 |
| model._orig_mod.predictor.transformer.layers.5.attn.to_out.0              |               196800 |                        0 |                        0 |       0 |
| model._orig_mod.predictor.transformer.layers.5.attn.to_out.1              |                    0 |                        0 |                        0 |       0 |
| model._orig_mod.predictor.transformer.layers.5.mlp                        |               789056 |                        0 |                        0 |       0 |
| model._orig_mod.predictor.transformer.layers.5.mlp.net                    |               789056 |                        0 |                        0 |       0 |
| model._orig_mod.predictor.transformer.layers.5.mlp.net.0                  |                  384 |                        0 |                        0 |       0 |
| model._orig_mod.predictor.transformer.layers.5.mlp.net.1                  |               395264 |                        0 |                        0 |       0 |
| model._orig_mod.predictor.transformer.layers.5.mlp.net.2                  |                    0 |                        0 |                        0 |       0 |
| model._orig_mod.predictor.transformer.layers.5.mlp.net.3                  |                    0 |                        0 |                        0 |       0 |
| model._orig_mod.predictor.transformer.layers.5.mlp.net.4                  |               393408 |                        0 |                        0 |       0 |
| model._orig_mod.predictor.transformer.layers.5.mlp.net.5                  |                    0 |                        0 |                        0 |       0 |
| model._orig_mod.predictor.transformer.layers.5.norm1                      |                    0 |                        0 |                        0 |       0 |
| model._orig_mod.predictor.transformer.layers.5.norm2                      |                    0 |                        0 |                        0 |       0 |
| model._orig_mod.predictor.transformer.layers.5.adaLN_modulation           |               222336 |                        0 |                        0 |       0 |
| model._orig_mod.predictor.transformer.layers.5.adaLN_modulation.0         |                    0 |                        0 |                        0 |       0 |
| model._orig_mod.predictor.transformer.layers.5.adaLN_modulation.1         |               222336 |                        0 |                        0 |       0 |
| model._orig_mod.predictor.transformer.input_proj                          |                    0 |                        0 |                        0 |       0 |
| model._orig_mod.predictor.transformer.cond_proj                           |                    0 |                        0 |                        0 |       0 |
| model._orig_mod.predictor.transformer.output_proj                         |                    0 |                        0 |                        0 |       0 |
| model._orig_mod.action_encoder                                            |               746798 |                        0 |                        0 |       0 |
| model._orig_mod.action_encoder.patch_embed                                |                  110 |                        0 |                        0 |       0 |
| model._orig_mod.action_encoder.embed                                      |               746688 |                        0 |                        0 |       0 |
| model._orig_mod.action_encoder.embed.0                                    |                 8448 |                        0 |                        0 |       0 |
| model._orig_mod.action_encoder.embed.1                                    |                    0 |                        0 |                        0 |       0 |
| model._orig_mod.action_encoder.embed.2                                    |               590592 |                        0 |                        0 |       0 |
| model._orig_mod.action_encoder.embed.3                                    |                    0 |                        0 |                        0 |       0 |
| model._orig_mod.action_encoder.embed.4                                    |               147648 |                        0 |                        0 |       0 |
| model._orig_mod.projector                                                 |               792768 |                        0 |                        0 |    4097 |
| model._orig_mod.projector.net                                             |               792768 |                        0 |                        0 |    4097 |
| model._orig_mod.projector.net.0                                           |               395264 |                        0 |                        0 |       0 |
| model._orig_mod.projector.net.1                                           |                 4096 |                        0 |                        0 |    4097 |
| model._orig_mod.projector.net.2                                           |                    0 |                        0 |                        0 |       0 |
| model._orig_mod.projector.net.3                                           |               393408 |                        0 |                        0 |       0 |
| model._orig_mod.pred_proj                                                 |               792768 |                        0 |                        0 |    4097 |
| model._orig_mod.pred_proj.net                                             |               792768 |                        0 |                        0 |    4097 |
| model._orig_mod.pred_proj.net.0                                           |               395264 |                        0 |                        0 |       0 |
| model._orig_mod.pred_proj.net.1                                           |                 4096 |                        0 |                        0 |    4097 |
| model._orig_mod.pred_proj.net.2                                           |                    0 |                        0 |                        0 |       0 |
| model._orig_mod.pred_proj.net.3                                           |               393408 |                        0 |                        0 |       0 |
| rdmreg                                                                    |                    0 |                        0 |                        0 |       0 |
+---------------------------------------------------------------------------+----------------------+--------------------------+--------------------------+---------+
04:51:42.727 | INFO    (310020, stable_pretraining.callbacks.trainer_info) | ---- SLURM INFO ---- 🔧
04:51:42.728 | INFO    (310020, stable_pretraining.callbacks.trainer_info) | Job ID: N/A
04:51:42.728 | INFO    (310020, stable_pretraining.callbacks.trainer_info) | Task ID: N/A
04:51:42.728 | INFO    (310020, stable_pretraining.callbacks.trainer_info) | Job Name: N/A
04:51:42.728 | INFO    (310020, stable_pretraining.callbacks.trainer_info) | Nodes: N/A
04:51:42.728 | INFO    (310020, stable_pretraining.callbacks.trainer_info) | Tasks: N/A
04:51:42.728 | INFO    (310020, stable_pretraining.callbacks.trainer_info) | CPUs per node: N/A
04:51:42.728 | INFO    (310020, stable_pretraining.callbacks.trainer_info) | CPUs per task: N/A
04:51:42.729 | INFO    (310020, stable_pretraining.callbacks.trainer_info) | Memory per node: N/A
04:51:42.729 | INFO    (310020, stable_pretraining.callbacks.trainer_info) | Memory per CPU: N/A
04:51:42.729 | INFO    (310020, stable_pretraining.callbacks.trainer_info) | Time limit: N/A
04:51:42.729 | INFO    (310020, stable_pretraining.callbacks.trainer_info) | Partition: N/A
04:51:42.729 | INFO    (310020, stable_pretraining.callbacks.trainer_info) | Node List: N/A
04:51:42.729 | INFO    (310020, stable_pretraining.callbacks.trainer_info) | Submit Directory: N/A
04:51:42.730 | INFO    (310020, stable_pretraining.callbacks.cpu_offload) | CPUOffloadCallback: Setup called for stage 'fit'
04:51:42.730 | INFO    (310020, stable_pretraining.callbacks.cpu_offload) |   - Trainer rank: 0/1
04:51:42.730 | INFO    (310020, stable_pretraining.callbacks.cpu_offload) |   - Strategy: SingleDeviceStrategy
04:51:42.730 | SUCCESS (310020, stable_pretraining.callbacks.cpu_offload) | ✓ Strategy 'SingleDeviceStrategy' is compatible with CPU offload
04:51:42.730 | SUCCESS (310020, stable_pretraining.callbacks.cpu_offload) | ✓ CPUOffloadCallback ENABLED for strategy 'SingleDeviceStrategy'
04:51:42.730 | INFO    (310020, stable_pretraining.callbacks.cpu_offload) |   - This rank will handle checkpoint saving and CPU offload
/home/ubuntu/miniconda3/envs/jepa-wms/lib/python3.10/site-packages/lightning/pytorch/callbacks/model_checkpoint.py:881: Checkpoint directory /home/ubuntu/le-wm-palash/lewm-pusht exists and is not empty.
LOCAL_RANK: 0 - CUDA_VISIBLE_DEVICES: [0]
04:51:42.785 | INFO    (310020, stable_pretraining.module) | Configuring optimizers and learning rate schedulers...
04:51:42.785 | INFO    (310020, stable_pretraining.module) | 	Optimizer specified by Dict with keys ['model_opt']... 🔧
04:51:42.788 | INFO    (310020, stable_pretraining.module) | 
┏━━━━━━━━━━━━━┳━━━━━━━━━━━┳━━━━━━━━━━━━━━━━━━━┳━━━━━━━━━━━━━━━━━┳━━━━━━━━━━━━━━━━┳━━━━━━━━━━━━━━━━━━━━━━━━┓
┃ Optimizer   ┃ Pattern   ┃   Matched Modules ┃   Param Tensors ┃   Total Params ┃   RequiresGrad Tensors ┃
┣━━━━━━━━━━━━━╋━━━━━━━━━━━╋━━━━━━━━━━━━━━━━━━━╋━━━━━━━━━━━━━━━━━╋━━━━━━━━━━━━━━━━╋━━━━━━━━━━━━━━━━━━━━━━━━┫
┃ model_opt   ┃ model     ┃               368 ┃             299 ┃       18588206 ┃                    299 ┃
┗━━━━━━━━━━━━━┻━━━━━━━━━━━┻━━━━━━━━━━━━━━━━━━━┻━━━━━━━━━━━━━━━━━┻━━━━━━━━━━━━━━━━┻━━━━━━━━━━━━━━━━━━━━━━━━┛
04:51:42.789 | INFO    (310020, stable_pretraining.optim.lr_scheduler) | 	User provided a dict
Loading `train_dataloader` to estimate number of stepping batches.
04:51:43.204 | SUCCESS (310020, stable_pretraining.callbacks.env_info) |   ✓ Packages: 260 packages collected in 0.51s
04:51:43.557 | INFO    (310020, stable_pretraining.module) | Configured optimizer 'model_opt' (modules=368, param_tensors=299, total_params=18588206) with LinearWarmupCosineAnnealingLR scheduler.
/home/ubuntu/miniconda3/envs/jepa-wms/lib/python3.10/site-packages/lightning/pytorch/utilities/model_summary/model_summary.py:242: Precision bf16-mixed is not supported by the model summary.  Estimated model size in MB will not be accurate. Using 32 bits instead.
04:51:43.564 | WARNING (310020, stable_pretraining.module) | You are calling self.parameters which also gives callbacks parameters, to remove then, pass `with_callbacks=False`
04:51:43.566 | WARNING (310020, stable_pretraining.module) | You are calling self.parameters which also gives callbacks parameters, to remove then, pass `with_callbacks=False`
04:51:43.567 | WARNING (310020, stable_pretraining.module) | You are calling self.parameters which also gives callbacks parameters, to remove then, pass `with_callbacks=False`
04:51:43.568 | WARNING (310020, stable_pretraining.module) | You are calling self.parameters which also gives callbacks parameters, to remove then, pass `with_callbacks=False`
┏━━━┳━━━━━━━━━━━━━━━━━━━┳━━━━━━━━━━━━━━━━━┳━━━━━━━━┳━━━━━━━┳━━━━━━━┓
┃   ┃ Name              ┃ Type            ┃ Params ┃ Mode  ┃ FLOPs ┃
┡━━━╇━━━━━━━━━━━━━━━━━━━╇━━━━━━━━━━━━━━━━━╇━━━━━━━━╇━━━━━━━╇━━━━━━━┩
│ 0 │ callbacks_modules │ ModuleDict      │      0 │ train │     0 │
│ 1 │ callbacks_metrics │ ModuleDict      │      0 │ train │     0 │
│ 2 │ model             │ OptimizedModule │ 18.6 M │ train │     0 │
│ 3 │ rdmreg            │ RDMReg          │      0 │ train │     0 │
└───┴───────────────────┴─────────────────┴────────┴───────┴───────┘
Trainable params: 18.6 M                                                        
Non-trainable params: 0                                                         
Total params: 18.6 M                                                            
Total estimated model params size (MB): 74                                      
Modules in train mode: 371                                                      
Modules in eval mode: 0                                                         
Total FLOPs: 0                                                                  
04:51:43.591 | WARNING (310020, stable_pretraining.module) | You are calling self.parameters which also gives callbacks parameters, to remove then, pass `with_callbacks=False`
04:51:44.573 | SUCCESS (310020, stable_pretraining.callbacks.env_info) |   ✓ NVIDIA Driver: 580.126.20
04:51:44.698 | SUCCESS (310020, stable_pretraining.callbacks.env_info) |   ✓ Git: Palash @ 6b33c8d9
04:51:44.699 | INFO    (310020, stable_pretraining.callbacks.env_info) |      Remote: https://github.com/Planning-for-WMs/le-wm.git
04:51:44.699 | WARNING (310020, stable_pretraining.callbacks.env_info) |      ⚠️  Working directory has uncommitted changes!
04:51:44.700 | SUCCESS (310020, stable_pretraining.callbacks.env_info) |   ✓ Environment: 4 relevant variables captured
04:51:44.701 | INFO    (310020, stable_pretraining.callbacks.env_info) | 🔄 Serializing environment data...
04:51:44.703 | INFO    (310020, stable_pretraining.callbacks.env_info) | 📋 File exists, using version 13: environment_v13.json
04:51:44.705 | INFO    (310020, stable_pretraining.callbacks.env_info) | 📋 File exists, using version 13: requirements_frozen_v13.txt
04:51:44.705 | INFO    (310020, stable_pretraining.callbacks.env_info) | 📁 Save directory: /home/ubuntu/le-wm-palash
04:51:44.707 | INFO    (310020, stable_pretraining.callbacks.env_info) | 💾 Writing environment to temp file...
04:51:44.709 | INFO    (310020, stable_pretraining.callbacks.env_info) | 💾 Moving to: environment_v13.json
04:51:44.709 | SUCCESS (310020, stable_pretraining.callbacks.env_info) | ✓ Environment file saved (15.2 KB)
04:51:44.710 | SUCCESS (310020, stable_pretraining.callbacks.env_info) | ✓ Requirements file saved (5.2 KB)
/home/ubuntu/miniconda3/envs/jepa-wms/lib/python3.10/site-packages/lightning/pytorch/utilities/data.py:79: Trying to infer the `batch_size` from an ambiguous collection. The batch size we found is 512. To avoid any miscalculations, use `self.log(..., batch_size=batch_size)`.
04:51:58.077 | INFO    (310020, stable_pretraining.callbacks.trainer_info) | \n+----------------------------+---------------------+
|           Metric           |        Value        |
+----------------------------+---------------------+
|       [0;34;40mvalidate/loss[0m        | [0;32;40m0.13245096802711487[0m |
|    [0;34;40mvalidate/loss_epoch[0m     | [0;32;40m0.13245096802711487[0m |
|     [0;34;40mvalidate/pred_loss[0m     | [0;32;40m0.06957592070102692[0m |
|  [0;34;40mvalidate/pred_loss_epoch[0m  | [0;32;40m0.06957592070102692[0m |
|    [0;34;40mvalidate/rdmreg_loss[0m    | [0;32;40m0.06287505477666855[0m |
| [0;34;40mvalidate/rdmreg_loss_epoch[0m | [0;32;40m0.06287505477666855[0m |
+----------------------------+---------------------+
04:51:58.228 | INFO    (310020, stable_pretraining.callbacks.cpu_offload) | CPUOffloadCallback: Training started
04:51:58.229 | WARNING (310020, stable_pretraining.module) | You are calling self.parameters which also gives callbacks parameters, to remove then, pass `with_callbacks=False`
04:51:58.230 | WARNING (310020, stable_pretraining.module) | You are calling self.parameters which also gives callbacks parameters, to remove then, pass `with_callbacks=False`
04:51:58.262 | INFO    (310020, stable_pretraining.callbacks.cpu_offload) | Model statistics:
04:51:58.262 | INFO    (310020, stable_pretraining.callbacks.cpu_offload) |   - Total parameters: 18,588,206
04:51:58.262 | INFO    (310020, stable_pretraining.callbacks.cpu_offload) |   - Trainable parameters: 18,588,206
04:51:58.262 | INFO    (310020, stable_pretraining.callbacks.cpu_offload) |   - Model size (bf16): ~0.04 GB
04:51:58.263 | INFO    (310020, stable_pretraining.callbacks.cpu_offload) |   - Estimated checkpoint size (with optimizer): ~0.11 GB
04:51:58.263 | INFO    (310020, stable_pretraining.module) | Double checking optimizers!
04:51:58.263 | INFO    (310020, stable_pretraining.module) | `self.optimizers() gave us 1 optimizers
04:51:58.263 | WARNING (310020, stable_pretraining.module) | No clip val found for optimizer default_0
04:51:58.263 | WARNING (310020, stable_pretraining.module) | -> we will use the Trainer's value of 1.0
04:51:58.263 | WARNING (310020, stable_pretraining.module) | No clip algorithm found for optimizer default_0
04:51:58.263 | WARNING (310020, stable_pretraining.module) | -> we will use the Trainer's value of None
04:51:58.264 | SUCCESS (310020, stable_pretraining.module) | We are done checking your optimizers! Here is the summary:
+------------+-----------+----------------+-----------+-----------+
| Opt. Index | Opt. name |      opt       | clip val. | clip alg. |
+------------+-----------+----------------+-----------+-----------+
|     0      | default_0 | LightningAdamW |    1.0    |    None   |
+------------+-----------+----------------+-----------+-----------+
04:51:58.964 | WARNING (310020, stable_pretraining.module) | You are calling self.parameters which also gives callbacks parameters, to remove then, pass `with_callbacks=False`
04:51:58.968 | INFO    (310020, stable_pretraining.callbacks.unused_parameters) | [LogUnusedParametersOnce] Registered hooks on 299 leaf parameters.
04:51:59.929 | WARNING (310020, stable_pretraining.module) | You are calling self.parameters which also gives callbacks parameters, to remove then, pass `with_callbacks=False`
04:51:59.932 | INFO    (310020, stable_pretraining.callbacks.unused_parameters) | [LogUnusedParametersOnce] All tracked parameters received gradients on the first backward pass.
04:51:59.932 | INFO    (310020, stable_pretraining.callbacks.unused_parameters) | [LogUnusedParametersOnce] Hooks removed, callback disabled.
05:19:36.886 | WARNING (310020, stable_pretraining.module) | You are calling self.parameters which also gives callbacks parameters, to remove then, pass `with_callbacks=False`
/home/ubuntu/miniconda3/envs/jepa-wms/lib/python3.10/site-packages/lightning/pytorch/utilities/data.py:79: Trying to infer the `batch_size` from an ambiguous collection. The batch size we found is 28. To avoid any miscalculations, use `self.log(..., batch_size=batch_size)`.
05:23:04.997 | INFO    (310020, stable_pretraining.callbacks.trainer_info) | \n+----------------------------+-----------------------+
|           Metric           |         Value         |
+----------------------------+-----------------------+
|          [0;34;40mfit/loss[0m          |  [0;32;40m0.002640671329572797[0m |
|       [0;34;40mfit/pred_loss[0m        | [0;32;40m0.0006091355462558568[0m |
|      [0;34;40mfit/rdmreg_loss[0m       |  [0;32;40m0.002031535841524601[0m |
|       [0;34;40mvalidate/loss[0m        | [0;32;40m0.0038320485036820173[0m |
|    [0;34;40mvalidate/loss_epoch[0m     | [0;32;40m0.0038320485036820173[0m |
|     [0;34;40mvalidate/pred_loss[0m     | [0;32;40m0.0011194683611392975[0m |
|  [0;34;40mvalidate/pred_loss_epoch[0m  | [0;32;40m0.0011194683611392975[0m |
|    [0;34;40mvalidate/rdmreg_loss[0m    | [0;32;40m0.0027125810738652945[0m |
| [0;34;40mvalidate/rdmreg_loss_epoch[0m | [0;32;40m0.0027125810738652945[0m |
+----------------------------+-----------------------+
05:23:05.276 | INFO    (310020, stable_pretraining.callbacks.checkpoint_sklearn) | Checking for non PyTorch modules to save... 🔧
05:23:05.277 | INFO    (310020, stable_pretraining.callbacks.checkpoint_sklearn) | Checking for Wandb params to save... 🔧
05:23:05.277 | INFO    (310020, stable_pretraining.callbacks.checkpoint_sklearn) | Saving Wandb params {'id': 'lewm_lp_pusht_expert_mu-2'}
05:23:05.277 | INFO    (310020, stable_pretraining.callbacks.checkpoint_sklearn) | Checking for Wandb params to save... Done!
05:23:05.277 | INFO    (310020, stable_pretraining.callbacks.cpu_offload) | ============================================================
05:23:05.277 | INFO    (310020, stable_pretraining.callbacks.cpu_offload) | CPUOffloadCallback: Starting checkpoint CPU offload (#1)
05:23:05.278 | INFO    (310020, stable_pretraining.callbacks.cpu_offload) |   - Global step: 3483
05:23:05.278 | INFO    (310020, stable_pretraining.callbacks.cpu_offload) |   - Epoch: 0
05:23:05.278 | INFO    (310020, stable_pretraining.callbacks.cpu_offload) | Checkpoint contains 11 keys: ['callbacks', 'epoch', 'global_step', 'hparams_name', 'hyper_parameters', 'loops', 'lr_schedulers', 'optimizer_states', 'pytorch-lightning_version', 'state_dict', 'wandb']
05:23:05.278 | INFO    (310020, stable_pretraining.callbacks.cpu_offload) | GPU memory before offload:
05:23:05.279 | INFO    (310020, stable_pretraining.callbacks.cpu_offload) |   - Allocated: 0.24 GB
05:23:05.279 | INFO    (310020, stable_pretraining.callbacks.cpu_offload) |   - Reserved: 16.63 GB
05:23:05.279 | INFO    (310020, stable_pretraining.callbacks.cpu_offload) | Processing checkpoint key: 'state_dict'
05:23:05.496 | SUCCESS (310020, stable_pretraining.callbacks.cpu_offload) | ✓ Completed 'state_dict' in 0.22s
05:23:05.497 | INFO    (310020, stable_pretraining.callbacks.cpu_offload) | Processing checkpoint key: 'optimizer_states'
05:23:06.044 | SUCCESS (310020, stable_pretraining.callbacks.cpu_offload) | ✓ Completed 'optimizer_states' in 0.55s
05:23:06.045 | INFO    (310020, stable_pretraining.callbacks.cpu_offload) | Processing checkpoint key: 'lr_schedulers'
05:23:06.045 | SUCCESS (310020, stable_pretraining.callbacks.cpu_offload) | ✓ Completed 'lr_schedulers' in 0.00s
05:23:06.045 | WARNING (310020, stable_pretraining.callbacks.cpu_offload) | Skipped 321 custom object(s)
05:23:06.046 | WARNING (310020, stable_pretraining.callbacks.cpu_offload) | First 10 skipped objects:
05:23:06.046 | WARNING (310020, stable_pretraining.callbacks.cpu_offload) |   - float at 'optimizer_states[0].param_groups[0].lr'
05:23:06.046 | WARNING (310020, stable_pretraining.callbacks.cpu_offload) |   - float at 'optimizer_states[0].param_groups[0].betas[0]'
05:23:06.046 | WARNING (310020, stable_pretraining.callbacks.cpu_offload) |   - float at 'optimizer_states[0].param_groups[0].betas[1]'
05:23:06.046 | WARNING (310020, stable_pretraining.callbacks.cpu_offload) |   - float at 'optimizer_states[0].param_groups[0].eps'
05:23:06.047 | WARNING (310020, stable_pretraining.callbacks.cpu_offload) |   - float at 'optimizer_states[0].param_groups[0].weight_decay'
05:23:06.047 | WARNING (310020, stable_pretraining.callbacks.cpu_offload) |   - bool at 'optimizer_states[0].param_groups[0].amsgrad'
05:23:06.047 | WARNING (310020, stable_pretraining.callbacks.cpu_offload) |   - bool at 'optimizer_states[0].param_groups[0].maximize'
05:23:06.047 | WARNING (310020, stable_pretraining.callbacks.cpu_offload) |   - NoneType at 'optimizer_states[0].param_groups[0].foreach'
05:23:06.047 | WARNING (310020, stable_pretraining.callbacks.cpu_offload) |   - bool at 'optimizer_states[0].param_groups[0].capturable'
05:23:06.047 | WARNING (310020, stable_pretraining.callbacks.cpu_offload) |   - bool at 'optimizer_states[0].param_groups[0].differentiable'
05:23:06.048 | WARNING (310020, stable_pretraining.callbacks.cpu_offload) | ... (301 more skipped) ...
05:23:06.048 | WARNING (310020, stable_pretraining.callbacks.cpu_offload) | Last 10 skipped objects:
05:23:06.048 | WARNING (310020, stable_pretraining.callbacks.cpu_offload) |   - int at 'optimizer_states[0].param_groups[0].params[298]'
05:23:06.048 | WARNING (310020, stable_pretraining.callbacks.cpu_offload) |   - int at 'lr_schedulers[0].warmup_steps'
05:23:06.048 | WARNING (310020, stable_pretraining.callbacks.cpu_offload) |   - int at 'lr_schedulers[0].max_steps'
05:23:06.048 | WARNING (310020, stable_pretraining.callbacks.cpu_offload) |   - float at 'lr_schedulers[0].warmup_start_lr'
05:23:06.049 | WARNING (310020, stable_pretraining.callbacks.cpu_offload) |   - float at 'lr_schedulers[0].eta_min'
05:23:06.049 | WARNING (310020, stable_pretraining.callbacks.cpu_offload) |   - float at 'lr_schedulers[0].base_lrs[0]'
05:23:06.049 | WARNING (310020, stable_pretraining.callbacks.cpu_offload) |   - int at 'lr_schedulers[0].last_epoch'
05:23:06.049 | WARNING (310020, stable_pretraining.callbacks.cpu_offload) |   - int at 'lr_schedulers[0]._step_count'
05:23:06.049 | WARNING (310020, stable_pretraining.callbacks.cpu_offload) |   - bool at 'lr_schedulers[0]._get_lr_called_within_step'
05:23:06.049 | WARNING (310020, stable_pretraining.callbacks.cpu_offload) |   - float at 'lr_schedulers[0]._last_lr[0]'
05:23:06.050 | INFO    (310020, stable_pretraining.callbacks.cpu_offload) | To see all 321 skipped objects, set log_skipped=True
05:23:06.050 | INFO    (310020, stable_pretraining.callbacks.cpu_offload) | GPU memory after offload:
05:23:06.050 | INFO    (310020, stable_pretraining.callbacks.cpu_offload) |   - Allocated: 0.24 GB
05:23:06.050 | INFO    (310020, stable_pretraining.callbacks.cpu_offload) |   - Reserved: 16.63 GB
05:23:06.051 | INFO    (310020, stable_pretraining.callbacks.cpu_offload) | GPU memory freed: 0.00 GB
05:23:06.051 | SUCCESS (310020, stable_pretraining.callbacks.cpu_offload) | CPUOffloadCallback: Checkpoint #1 completed in 0.77s
05:23:06.051 | INFO    (310020, stable_pretraining.callbacks.cpu_offload) | Successfully processed keys: ['state_dict', 'optimizer_states', 'lr_schedulers']
05:23:06.051 | INFO    (310020, stable_pretraining.callbacks.cpu_offload) | Cumulative stats:
05:23:06.051 | INFO    (310020, stable_pretraining.callbacks.cpu_offload) |   - Total checkpoints saved: 1
05:23:06.051 | INFO    (310020, stable_pretraining.callbacks.cpu_offload) |   - Total time in offload: 0.77s
05:23:06.051 | INFO    (310020, stable_pretraining.callbacks.cpu_offload) |   - Total memory freed: 0.00 GB
05:23:06.052 | INFO    (310020, stable_pretraining.callbacks.cpu_offload) |   - Average time per checkpoint: 0.77s
05:23:06.052 | INFO    (310020, stable_pretraining.callbacks.cpu_offload) | ============================================================
05:23:07.277 | INFO    (310020, stable_pretraining.callbacks.checkpoint_sklearn) | Checking for non PyTorch modules to save... 🔧
05:23:07.277 | INFO    (310020, stable_pretraining.callbacks.checkpoint_sklearn) | Checking for Wandb params to save... 🔧
05:23:07.278 | INFO    (310020, stable_pretraining.callbacks.checkpoint_sklearn) | Saving Wandb params {'id': 'lewm_lp_pusht_expert_mu-2'}
05:23:07.278 | INFO    (310020, stable_pretraining.callbacks.checkpoint_sklearn) | Checking for Wandb params to save... Done!
05:23:07.278 | INFO    (310020, stable_pretraining.callbacks.cpu_offload) | ============================================================
05:23:07.279 | INFO    (310020, stable_pretraining.callbacks.cpu_offload) | CPUOffloadCallback: Starting checkpoint CPU offload (#2)
05:23:07.279 | INFO    (310020, stable_pretraining.callbacks.cpu_offload) |   - Global step: 3483
05:23:07.279 | INFO    (310020, stable_pretraining.callbacks.cpu_offload) |   - Epoch: 0
05:23:07.279 | INFO    (310020, stable_pretraining.callbacks.cpu_offload) | Checkpoint contains 11 keys: ['callbacks', 'epoch', 'global_step', 'hparams_name', 'hyper_parameters', 'loops', 'lr_schedulers', 'optimizer_states', 'pytorch-lightning_version', 'state_dict', 'wandb']
05:23:07.280 | INFO    (310020, stable_pretraining.callbacks.cpu_offload) | GPU memory before offload:
05:23:07.280 | INFO    (310020, stable_pretraining.callbacks.cpu_offload) |   - Allocated: 0.24 GB
05:23:07.280 | INFO    (310020, stable_pretraining.callbacks.cpu_offload) |   - Reserved: 16.63 GB
05:23:07.280 | INFO    (310020, stable_pretraining.callbacks.cpu_offload) | Processing checkpoint key: 'state_dict'
05:23:07.533 | SUCCESS (310020, stable_pretraining.callbacks.cpu_offload) | ✓ Completed 'state_dict' in 0.25s
05:23:07.533 | INFO    (310020, stable_pretraining.callbacks.cpu_offload) | Processing checkpoint key: 'optimizer_states'
05:23:08.076 | SUCCESS (310020, stable_pretraining.callbacks.cpu_offload) | ✓ Completed 'optimizer_states' in 0.54s
05:23:08.076 | INFO    (310020, stable_pretraining.callbacks.cpu_offload) | Processing checkpoint key: 'lr_schedulers'
05:23:08.076 | SUCCESS (310020, stable_pretraining.callbacks.cpu_offload) | ✓ Completed 'lr_schedulers' in 0.00s
05:23:08.077 | WARNING (310020, stable_pretraining.callbacks.cpu_offload) | Skipped 321 custom object(s)
05:23:08.077 | WARNING (310020, stable_pretraining.callbacks.cpu_offload) | First 10 skipped objects:
05:23:08.077 | WARNING (310020, stable_pretraining.callbacks.cpu_offload) |   - float at 'optimizer_states[0].param_groups[0].lr'
05:23:08.077 | WARNING (310020, stable_pretraining.callbacks.cpu_offload) |   - float at 'optimizer_states[0].param_groups[0].betas[0]'
05:23:08.077 | WARNING (310020, stable_pretraining.callbacks.cpu_offload) |   - float at 'optimizer_states[0].param_groups[0].betas[1]'
05:23:08.078 | WARNING (310020, stable_pretraining.callbacks.cpu_offload) |   - float at 'optimizer_states[0].param_groups[0].eps'
05:23:08.078 | WARNING (310020, stable_pretraining.callbacks.cpu_offload) |   - float at 'optimizer_states[0].param_groups[0].weight_decay'
05:23:08.078 | WARNING (310020, stable_pretraining.callbacks.cpu_offload) |   - bool at 'optimizer_states[0].param_groups[0].amsgrad'
05:23:08.078 | WARNING (310020, stable_pretraining.callbacks.cpu_offload) |   - bool at 'optimizer_states[0].param_groups[0].maximize'
05:23:08.078 | WARNING (310020, stable_pretraining.callbacks.cpu_offload) |   - NoneType at 'optimizer_states[0].param_groups[0].foreach'
05:23:08.078 | WARNING (310020, stable_pretraining.callbacks.cpu_offload) |   - bool at 'optimizer_states[0].param_groups[0].capturable'
05:23:08.078 | WARNING (310020, stable_pretraining.callbacks.cpu_offload) |   - bool at 'optimizer_states[0].param_groups[0].differentiable'
05:23:08.079 | WARNING (310020, stable_pretraining.callbacks.cpu_offload) | ... (301 more skipped) ...
05:23:08.079 | WARNING (310020, stable_pretraining.callbacks.cpu_offload) | Last 10 skipped objects:
05:23:08.079 | WARNING (310020, stable_pretraining.callbacks.cpu_offload) |   - int at 'optimizer_states[0].param_groups[0].params[298]'
05:23:08.079 | WARNING (310020, stable_pretraining.callbacks.cpu_offload) |   - int at 'lr_schedulers[0].warmup_steps'
05:23:08.079 | WARNING (310020, stable_pretraining.callbacks.cpu_offload) |   - int at 'lr_schedulers[0].max_steps'
05:23:08.079 | WARNING (310020, stable_pretraining.callbacks.cpu_offload) |   - float at 'lr_schedulers[0].warmup_start_lr'
05:23:08.079 | WARNING (310020, stable_pretraining.callbacks.cpu_offload) |   - float at 'lr_schedulers[0].eta_min'
05:23:08.080 | WARNING (310020, stable_pretraining.callbacks.cpu_offload) |   - float at 'lr_schedulers[0].base_lrs[0]'
05:23:08.080 | WARNING (310020, stable_pretraining.callbacks.cpu_offload) |   - int at 'lr_schedulers[0].last_epoch'
05:23:08.080 | WARNING (310020, stable_pretraining.callbacks.cpu_offload) |   - int at 'lr_schedulers[0]._step_count'
05:23:08.080 | WARNING (310020, stable_pretraining.callbacks.cpu_offload) |   - bool at 'lr_schedulers[0]._get_lr_called_within_step'
05:23:08.080 | WARNING (310020, stable_pretraining.callbacks.cpu_offload) |   - float at 'lr_schedulers[0]._last_lr[0]'
05:23:08.080 | INFO    (310020, stable_pretraining.callbacks.cpu_offload) | To see all 321 skipped objects, set log_skipped=True
05:23:08.081 | INFO    (310020, stable_pretraining.callbacks.cpu_offload) | GPU memory after offload:
05:23:08.081 | INFO    (310020, stable_pretraining.callbacks.cpu_offload) |   - Allocated: 0.24 GB
05:23:08.081 | INFO    (310020, stable_pretraining.callbacks.cpu_offload) |   - Reserved: 16.63 GB
05:23:08.081 | INFO    (310020, stable_pretraining.callbacks.cpu_offload) | GPU memory freed: 0.00 GB
05:23:08.081 | SUCCESS (310020, stable_pretraining.callbacks.cpu_offload) | CPUOffloadCallback: Checkpoint #2 completed in 0.80s
05:23:08.081 | INFO    (310020, stable_pretraining.callbacks.cpu_offload) | Successfully processed keys: ['state_dict', 'optimizer_states', 'lr_schedulers']
05:23:08.081 | INFO    (310020, stable_pretraining.callbacks.cpu_offload) | Cumulative stats:
05:23:08.082 | INFO    (310020, stable_pretraining.callbacks.cpu_offload) |   - Total checkpoints saved: 2
05:23:08.082 | INFO    (310020, stable_pretraining.callbacks.cpu_offload) |   - Total time in offload: 1.58s
05:23:08.082 | INFO    (310020, stable_pretraining.callbacks.cpu_offload) |   - Total memory freed: 0.00 GB
05:23:08.082 | INFO    (310020, stable_pretraining.callbacks.cpu_offload) |   - Average time per checkpoint: 0.79s
05:23:08.082 | INFO    (310020, stable_pretraining.callbacks.cpu_offload) | ============================================================
05:50:40.797 | WARNING (310020, stable_pretraining.module) | You are calling self.parameters which also gives callbacks parameters, to remove then, pass `with_callbacks=False`
05:54:26.587 | INFO    (310020, stable_pretraining.callbacks.trainer_info) | \n+----------------------------+-----------------------+
|           Metric           |         Value         |
+----------------------------+-----------------------+
|          [0;34;40mfit/loss[0m          |  [0;32;40m0.001935727777890861[0m |
|       [0;34;40mfit/pred_loss[0m        | [0;32;40m0.0003568163374438882[0m |
|      [0;34;40mfit/rdmreg_loss[0m       | [0;32;40m0.0015789114404469728[0m |
|       [0;34;40mvalidate/loss[0m        |  [0;32;40m0.003299998352304101[0m |
|    [0;34;40mvalidate/loss_epoch[0m     |  [0;32;40m0.003299998352304101[0m |
|     [0;34;40mvalidate/pred_loss[0m     | [0;32;40m0.0006950537208467722[0m |
|  [0;34;40mvalidate/pred_loss_epoch[0m  | [0;32;40m0.0006950537208467722[0m |
|    [0;34;40mvalidate/rdmreg_loss[0m    | [0;32;40m0.0026049423031508923[0m |
| [0;34;40mvalidate/rdmreg_loss_epoch[0m | [0;32;40m0.0026049423031508923[0m |
+----------------------------+-----------------------+
05:54:26.861 | INFO    (310020, stable_pretraining.callbacks.checkpoint_sklearn) | Checking for non PyTorch modules to save... 🔧
05:54:26.861 | INFO    (310020, stable_pretraining.callbacks.checkpoint_sklearn) | Checking for Wandb params to save... 🔧
05:54:26.861 | INFO    (310020, stable_pretraining.callbacks.checkpoint_sklearn) | Saving Wandb params {'id': 'lewm_lp_pusht_expert_mu-2'}
05:54:26.862 | INFO    (310020, stable_pretraining.callbacks.checkpoint_sklearn) | Checking for Wandb params to save... Done!
05:54:26.862 | INFO    (310020, stable_pretraining.callbacks.cpu_offload) | ============================================================
05:54:26.862 | INFO    (310020, stable_pretraining.callbacks.cpu_offload) | CPUOffloadCallback: Starting checkpoint CPU offload (#3)
05:54:26.862 | INFO    (310020, stable_pretraining.callbacks.cpu_offload) |   - Global step: 6966
05:54:26.862 | INFO    (310020, stable_pretraining.callbacks.cpu_offload) |   - Epoch: 1
05:54:26.863 | INFO    (310020, stable_pretraining.callbacks.cpu_offload) | Checkpoint contains 11 keys: ['callbacks', 'epoch', 'global_step', 'hparams_name', 'hyper_parameters', 'loops', 'lr_schedulers', 'optimizer_states', 'pytorch-lightning_version', 'state_dict', 'wandb']
05:54:26.863 | INFO    (310020, stable_pretraining.callbacks.cpu_offload) | GPU memory before offload:
05:54:26.863 | INFO    (310020, stable_pretraining.callbacks.cpu_offload) |   - Allocated: 0.24 GB
05:54:26.864 | INFO    (310020, stable_pretraining.callbacks.cpu_offload) |   - Reserved: 16.63 GB
05:54:26.864 | INFO    (310020, stable_pretraining.callbacks.cpu_offload) | Processing checkpoint key: 'state_dict'
05:54:27.187 | SUCCESS (310020, stable_pretraining.callbacks.cpu_offload) | ✓ Completed 'state_dict' in 0.32s
05:54:27.188 | INFO    (310020, stable_pretraining.callbacks.cpu_offload) | Processing checkpoint key: 'optimizer_states'
05:54:27.809 | SUCCESS (310020, stable_pretraining.callbacks.cpu_offload) | ✓ Completed 'optimizer_states' in 0.62s
05:54:27.810 | INFO    (310020, stable_pretraining.callbacks.cpu_offload) | Processing checkpoint key: 'lr_schedulers'
05:54:27.810 | SUCCESS (310020, stable_pretraining.callbacks.cpu_offload) | ✓ Completed 'lr_schedulers' in 0.00s
05:54:27.810 | WARNING (310020, stable_pretraining.callbacks.cpu_offload) | Skipped 321 custom object(s)
05:54:27.811 | WARNING (310020, stable_pretraining.callbacks.cpu_offload) | First 10 skipped objects:
05:54:27.811 | WARNING (310020, stable_pretraining.callbacks.cpu_offload) |   - float at 'optimizer_states[0].param_groups[0].lr'
05:54:27.811 | WARNING (310020, stable_pretraining.callbacks.cpu_offload) |   - float at 'optimizer_states[0].param_groups[0].betas[0]'
05:54:27.811 | WARNING (310020, stable_pretraining.callbacks.cpu_offload) |   - float at 'optimizer_states[0].param_groups[0].betas[1]'
05:54:27.811 | WARNING (310020, stable_pretraining.callbacks.cpu_offload) |   - float at 'optimizer_states[0].param_groups[0].eps'
05:54:27.812 | WARNING (310020, stable_pretraining.callbacks.cpu_offload) |   - float at 'optimizer_states[0].param_groups[0].weight_decay'
05:54:27.812 | WARNING (310020, stable_pretraining.callbacks.cpu_offload) |   - bool at 'optimizer_states[0].param_groups[0].amsgrad'
05:54:27.812 | WARNING (310020, stable_pretraining.callbacks.cpu_offload) |   - bool at 'optimizer_states[0].param_groups[0].maximize'
05:54:27.812 | WARNING (310020, stable_pretraining.callbacks.cpu_offload) |   - NoneType at 'optimizer_states[0].param_groups[0].foreach'
05:54:27.812 | WARNING (310020, stable_pretraining.callbacks.cpu_offload) |   - bool at 'optimizer_states[0].param_groups[0].capturable'
05:54:27.812 | WARNING (310020, stable_pretraining.callbacks.cpu_offload) |   - bool at 'optimizer_states[0].param_groups[0].differentiable'
05:54:27.813 | WARNING (310020, stable_pretraining.callbacks.cpu_offload) | ... (301 more skipped) ...
05:54:27.813 | WARNING (310020, stable_pretraining.callbacks.cpu_offload) | Last 10 skipped objects:
05:54:27.813 | WARNING (310020, stable_pretraining.callbacks.cpu_offload) |   - int at 'optimizer_states[0].param_groups[0].params[298]'
05:54:27.813 | WARNING (310020, stable_pretraining.callbacks.cpu_offload) |   - int at 'lr_schedulers[0].warmup_steps'
05:54:27.813 | WARNING (310020, stable_pretraining.callbacks.cpu_offload) |   - int at 'lr_schedulers[0].max_steps'
05:54:27.814 | WARNING (310020, stable_pretraining.callbacks.cpu_offload) |   - float at 'lr_schedulers[0].warmup_start_lr'
05:54:27.814 | WARNING (310020, stable_pretraining.callbacks.cpu_offload) |   - float at 'lr_schedulers[0].eta_min'
05:54:27.814 | WARNING (310020, stable_pretraining.callbacks.cpu_offload) |   - float at 'lr_schedulers[0].base_lrs[0]'
05:54:27.814 | WARNING (310020, stable_pretraining.callbacks.cpu_offload) |   - int at 'lr_schedulers[0].last_epoch'
05:54:27.814 | WARNING (310020, stable_pretraining.callbacks.cpu_offload) |   - int at 'lr_schedulers[0]._step_count'
05:54:27.814 | WARNING (310020, stable_pretraining.callbacks.cpu_offload) |   - bool at 'lr_schedulers[0]._get_lr_called_within_step'
05:54:27.815 | WARNING (310020, stable_pretraining.callbacks.cpu_offload) |   - float at 'lr_schedulers[0]._last_lr[0]'
05:54:27.815 | INFO    (310020, stable_pretraining.callbacks.cpu_offload) | To see all 321 skipped objects, set log_skipped=True
05:54:27.815 | INFO    (310020, stable_pretraining.callbacks.cpu_offload) | GPU memory after offload:
05:54:27.816 | INFO    (310020, stable_pretraining.callbacks.cpu_offload) |   - Allocated: 0.24 GB
05:54:27.816 | INFO    (310020, stable_pretraining.callbacks.cpu_offload) |   - Reserved: 16.63 GB
05:54:27.816 | INFO    (310020, stable_pretraining.callbacks.cpu_offload) | GPU memory freed: 0.00 GB
05:54:27.816 | SUCCESS (310020, stable_pretraining.callbacks.cpu_offload) | CPUOffloadCallback: Checkpoint #3 completed in 0.95s
05:54:27.816 | INFO    (310020, stable_pretraining.callbacks.cpu_offload) | Successfully processed keys: ['state_dict', 'optimizer_states', 'lr_schedulers']
05:54:27.817 | INFO    (310020, stable_pretraining.callbacks.cpu_offload) | Cumulative stats:
05:54:27.817 | INFO    (310020, stable_pretraining.callbacks.cpu_offload) |   - Total checkpoints saved: 3
05:54:27.817 | INFO    (310020, stable_pretraining.callbacks.cpu_offload) |   - Total time in offload: 2.53s
05:54:27.817 | INFO    (310020, stable_pretraining.callbacks.cpu_offload) |   - Total memory freed: 0.00 GB
05:54:27.817 | INFO    (310020, stable_pretraining.callbacks.cpu_offload) |   - Average time per checkpoint: 0.84s
05:54:27.817 | INFO    (310020, stable_pretraining.callbacks.cpu_offload) | ============================================================
05:54:29.168 | INFO    (310020, stable_pretraining.callbacks.checkpoint_sklearn) | Checking for non PyTorch modules to save... 🔧
05:54:29.169 | INFO    (310020, stable_pretraining.callbacks.checkpoint_sklearn) | Checking for Wandb params to save... 🔧
05:54:29.169 | INFO    (310020, stable_pretraining.callbacks.checkpoint_sklearn) | Saving Wandb params {'id': 'lewm_lp_pusht_expert_mu-2'}
05:54:29.169 | INFO    (310020, stable_pretraining.callbacks.checkpoint_sklearn) | Checking for Wandb params to save... Done!
05:54:29.169 | INFO    (310020, stable_pretraining.callbacks.cpu_offload) | ============================================================
05:54:29.169 | INFO    (310020, stable_pretraining.callbacks.cpu_offload) | CPUOffloadCallback: Starting checkpoint CPU offload (#4)
05:54:29.169 | INFO    (310020, stable_pretraining.callbacks.cpu_offload) |   - Global step: 6966
05:54:29.170 | INFO    (310020, stable_pretraining.callbacks.cpu_offload) |   - Epoch: 1
05:54:29.170 | INFO    (310020, stable_pretraining.callbacks.cpu_offload) | Checkpoint contains 11 keys: ['callbacks', 'epoch', 'global_step', 'hparams_name', 'hyper_parameters', 'loops', 'lr_schedulers', 'optimizer_states', 'pytorch-lightning_version', 'state_dict', 'wandb']
05:54:29.170 | INFO    (310020, stable_pretraining.callbacks.cpu_offload) | GPU memory before offload:
05:54:29.170 | INFO    (310020, stable_pretraining.callbacks.cpu_offload) |   - Allocated: 0.24 GB
05:54:29.170 | INFO    (310020, stable_pretraining.callbacks.cpu_offload) |   - Reserved: 16.63 GB
05:54:29.171 | INFO    (310020, stable_pretraining.callbacks.cpu_offload) | Processing checkpoint key: 'state_dict'
05:54:29.423 | SUCCESS (310020, stable_pretraining.callbacks.cpu_offload) | ✓ Completed 'state_dict' in 0.25s
05:54:29.424 | INFO    (310020, stable_pretraining.callbacks.cpu_offload) | Processing checkpoint key: 'optimizer_states'
05:54:29.969 | SUCCESS (310020, stable_pretraining.callbacks.cpu_offload) | ✓ Completed 'optimizer_states' in 0.55s
05:54:29.969 | INFO    (310020, stable_pretraining.callbacks.cpu_offload) | Processing checkpoint key: 'lr_schedulers'
05:54:29.969 | SUCCESS (310020, stable_pretraining.callbacks.cpu_offload) | ✓ Completed 'lr_schedulers' in 0.00s
05:54:29.970 | WARNING (310020, stable_pretraining.callbacks.cpu_offload) | Skipped 321 custom object(s)
05:54:29.970 | WARNING (310020, stable_pretraining.callbacks.cpu_offload) | First 10 skipped objects:
05:54:29.970 | WARNING (310020, stable_pretraining.callbacks.cpu_offload) |   - float at 'optimizer_states[0].param_groups[0].lr'
05:54:29.970 | WARNING (310020, stable_pretraining.callbacks.cpu_offload) |   - float at 'optimizer_states[0].param_groups[0].betas[0]'
05:54:29.970 | WARNING (310020, stable_pretraining.callbacks.cpu_offload) |   - float at 'optimizer_states[0].param_groups[0].betas[1]'
05:54:29.970 | WARNING (310020, stable_pretraining.callbacks.cpu_offload) |   - float at 'optimizer_states[0].param_groups[0].eps'
05:54:29.970 | WARNING (310020, stable_pretraining.callbacks.cpu_offload) |   - float at 'optimizer_states[0].param_groups[0].weight_decay'
05:54:29.971 | WARNING (310020, stable_pretraining.callbacks.cpu_offload) |   - bool at 'optimizer_states[0].param_groups[0].amsgrad'
05:54:29.971 | WARNING (310020, stable_pretraining.callbacks.cpu_offload) |   - bool at 'optimizer_states[0].param_groups[0].maximize'
05:54:29.971 | WARNING (310020, stable_pretraining.callbacks.cpu_offload) |   - NoneType at 'optimizer_states[0].param_groups[0].foreach'
05:54:29.971 | WARNING (310020, stable_pretraining.callbacks.cpu_offload) |   - bool at 'optimizer_states[0].param_groups[0].capturable'
05:54:29.971 | WARNING (310020, stable_pretraining.callbacks.cpu_offload) |   - bool at 'optimizer_states[0].param_groups[0].differentiable'
05:54:29.971 | WARNING (310020, stable_pretraining.callbacks.cpu_offload) | ... (301 more skipped) ...
05:54:29.971 | WARNING (310020, stable_pretraining.callbacks.cpu_offload) | Last 10 skipped objects:
05:54:29.971 | WARNING (310020, stable_pretraining.callbacks.cpu_offload) |   - int at 'optimizer_states[0].param_groups[0].params[298]'
05:54:29.971 | WARNING (310020, stable_pretraining.callbacks.cpu_offload) |   - int at 'lr_schedulers[0].warmup_steps'
05:54:29.972 | WARNING (310020, stable_pretraining.callbacks.cpu_offload) |   - int at 'lr_schedulers[0].max_steps'
05:54:29.972 | WARNING (310020, stable_pretraining.callbacks.cpu_offload) |   - float at 'lr_schedulers[0].warmup_start_lr'
05:54:29.972 | WARNING (310020, stable_pretraining.callbacks.cpu_offload) |   - float at 'lr_schedulers[0].eta_min'
05:54:29.972 | WARNING (310020, stable_pretraining.callbacks.cpu_offload) |   - float at 'lr_schedulers[0].base_lrs[0]'
05:54:29.972 | WARNING (310020, stable_pretraining.callbacks.cpu_offload) |   - int at 'lr_schedulers[0].last_epoch'
05:54:29.972 | WARNING (310020, stable_pretraining.callbacks.cpu_offload) |   - int at 'lr_schedulers[0]._step_count'
05:54:29.972 | WARNING (310020, stable_pretraining.callbacks.cpu_offload) |   - bool at 'lr_schedulers[0]._get_lr_called_within_step'
05:54:29.973 | WARNING (310020, stable_pretraining.callbacks.cpu_offload) |   - float at 'lr_schedulers[0]._last_lr[0]'
05:54:29.973 | INFO    (310020, stable_pretraining.callbacks.cpu_offload) | To see all 321 skipped objects, set log_skipped=True
05:54:29.973 | INFO    (310020, stable_pretraining.callbacks.cpu_offload) | GPU memory after offload:
05:54:29.973 | INFO    (310020, stable_pretraining.callbacks.cpu_offload) |   - Allocated: 0.24 GB
05:54:29.973 | INFO    (310020, stable_pretraining.callbacks.cpu_offload) |   - Reserved: 16.63 GB
05:54:29.973 | INFO    (310020, stable_pretraining.callbacks.cpu_offload) | GPU memory freed: 0.00 GB
05:54:29.974 | SUCCESS (310020, stable_pretraining.callbacks.cpu_offload) | CPUOffloadCallback: Checkpoint #4 completed in 0.80s
05:54:29.974 | INFO    (310020, stable_pretraining.callbacks.cpu_offload) | Successfully processed keys: ['state_dict', 'optimizer_states', 'lr_schedulers']
05:54:29.974 | INFO    (310020, stable_pretraining.callbacks.cpu_offload) | Cumulative stats:
05:54:29.974 | INFO    (310020, stable_pretraining.callbacks.cpu_offload) |   - Total checkpoints saved: 4
05:54:29.974 | INFO    (310020, stable_pretraining.callbacks.cpu_offload) |   - Total time in offload: 3.34s
05:54:29.975 | INFO    (310020, stable_pretraining.callbacks.cpu_offload) |   - Total memory freed: 0.00 GB
05:54:29.975 | INFO    (310020, stable_pretraining.callbacks.cpu_offload) |   - Average time per checkpoint: 0.83s
05:54:29.975 | INFO    (310020, stable_pretraining.callbacks.cpu_offload) | ============================================================
06:25:10.418 | WARNING (310020, stable_pretraining.module) | You are calling self.parameters which also gives callbacks parameters, to remove then, pass `with_callbacks=False`
06:28:46.868 | INFO    (310020, stable_pretraining.callbacks.trainer_info) | \n+----------------------------+-----------------------+
|           Metric           |         Value         |
+----------------------------+-----------------------+
|          [0;34;40mfit/loss[0m          | [0;32;40m0.0016087957192212343[0m |
|       [0;34;40mfit/pred_loss[0m        | [0;32;40m0.0003205339307896793[0m |
|      [0;34;40mfit/rdmreg_loss[0m       | [0;32;40m0.0012882617302238941[0m |
|       [0;34;40mvalidate/loss[0m        | [0;32;40m0.0020235024858266115[0m |
|    [0;34;40mvalidate/loss_epoch[0m     | [0;32;40m0.0020235024858266115[0m |
|     [0;34;40mvalidate/pred_loss[0m     | [0;32;40m0.0003536465810611844[0m |
|  [0;34;40mvalidate/pred_loss_epoch[0m  | [0;32;40m0.0003536465810611844[0m |
|    [0;34;40mvalidate/rdmreg_loss[0m    |  [0;32;40m0.001669856603257358[0m |
| [0;34;40mvalidate/rdmreg_loss_epoch[0m |  [0;32;40m0.001669856603257358[0m |
+----------------------------+-----------------------+
06:28:47.141 | INFO    (310020, stable_pretraining.callbacks.checkpoint_sklearn) | Checking for non PyTorch modules to save... 🔧
06:28:47.142 | INFO    (310020, stable_pretraining.callbacks.checkpoint_sklearn) | Checking for Wandb params to save... 🔧
06:28:47.142 | INFO    (310020, stable_pretraining.callbacks.checkpoint_sklearn) | Saving Wandb params {'id': 'lewm_lp_pusht_expert_mu-2'}
06:28:47.142 | INFO    (310020, stable_pretraining.callbacks.checkpoint_sklearn) | Checking for Wandb params to save... Done!
06:28:47.142 | INFO    (310020, stable_pretraining.callbacks.cpu_offload) | ============================================================
06:28:47.143 | INFO    (310020, stable_pretraining.callbacks.cpu_offload) | CPUOffloadCallback: Starting checkpoint CPU offload (#5)
06:28:47.143 | INFO    (310020, stable_pretraining.callbacks.cpu_offload) |   - Global step: 10449
06:28:47.143 | INFO    (310020, stable_pretraining.callbacks.cpu_offload) |   - Epoch: 2
06:28:47.143 | INFO    (310020, stable_pretraining.callbacks.cpu_offload) | Checkpoint contains 11 keys: ['callbacks', 'epoch', 'global_step', 'hparams_name', 'hyper_parameters', 'loops', 'lr_schedulers', 'optimizer_states', 'pytorch-lightning_version', 'state_dict', 'wandb']
06:28:47.144 | INFO    (310020, stable_pretraining.callbacks.cpu_offload) | GPU memory before offload:
06:28:47.144 | INFO    (310020, stable_pretraining.callbacks.cpu_offload) |   - Allocated: 0.24 GB
06:28:47.144 | INFO    (310020, stable_pretraining.callbacks.cpu_offload) |   - Reserved: 16.63 GB
06:28:47.144 | INFO    (310020, stable_pretraining.callbacks.cpu_offload) | Processing checkpoint key: 'state_dict'
06:28:47.310 | SUCCESS (310020, stable_pretraining.callbacks.cpu_offload) | ✓ Completed 'state_dict' in 0.17s
06:28:47.310 | INFO    (310020, stable_pretraining.callbacks.cpu_offload) | Processing checkpoint key: 'optimizer_states'
06:28:47.652 | SUCCESS (310020, stable_pretraining.callbacks.cpu_offload) | ✓ Completed 'optimizer_states' in 0.34s
06:28:47.653 | INFO    (310020, stable_pretraining.callbacks.cpu_offload) | Processing checkpoint key: 'lr_schedulers'
06:28:47.653 | SUCCESS (310020, stable_pretraining.callbacks.cpu_offload) | ✓ Completed 'lr_schedulers' in 0.00s
06:28:47.653 | WARNING (310020, stable_pretraining.callbacks.cpu_offload) | Skipped 321 custom object(s)
06:28:47.654 | WARNING (310020, stable_pretraining.callbacks.cpu_offload) | First 10 skipped objects:
06:28:47.654 | WARNING (310020, stable_pretraining.callbacks.cpu_offload) |   - float at 'optimizer_states[0].param_groups[0].lr'
06:28:47.654 | WARNING (310020, stable_pretraining.callbacks.cpu_offload) |   - float at 'optimizer_states[0].param_groups[0].betas[0]'
06:28:47.654 | WARNING (310020, stable_pretraining.callbacks.cpu_offload) |   - float at 'optimizer_states[0].param_groups[0].betas[1]'
06:28:47.654 | WARNING (310020, stable_pretraining.callbacks.cpu_offload) |   - float at 'optimizer_states[0].param_groups[0].eps'
06:28:47.655 | WARNING (310020, stable_pretraining.callbacks.cpu_offload) |   - float at 'optimizer_states[0].param_groups[0].weight_decay'
06:28:47.655 | WARNING (310020, stable_pretraining.callbacks.cpu_offload) |   - bool at 'optimizer_states[0].param_groups[0].amsgrad'
06:28:47.655 | WARNING (310020, stable_pretraining.callbacks.cpu_offload) |   - bool at 'optimizer_states[0].param_groups[0].maximize'
06:28:47.655 | WARNING (310020, stable_pretraining.callbacks.cpu_offload) |   - NoneType at 'optimizer_states[0].param_groups[0].foreach'
06:28:47.655 | WARNING (310020, stable_pretraining.callbacks.cpu_offload) |   - bool at 'optimizer_states[0].param_groups[0].capturable'
06:28:47.656 | WARNING (310020, stable_pretraining.callbacks.cpu_offload) |   - bool at 'optimizer_states[0].param_groups[0].differentiable'
06:28:47.656 | WARNING (310020, stable_pretraining.callbacks.cpu_offload) | ... (301 more skipped) ...
06:28:47.656 | WARNING (310020, stable_pretraining.callbacks.cpu_offload) | Last 10 skipped objects:
06:28:47.656 | WARNING (310020, stable_pretraining.callbacks.cpu_offload) |   - int at 'optimizer_states[0].param_groups[0].params[298]'
06:28:47.656 | WARNING (310020, stable_pretraining.callbacks.cpu_offload) |   - int at 'lr_schedulers[0].warmup_steps'
06:28:47.656 | WARNING (310020, stable_pretraining.callbacks.cpu_offload) |   - int at 'lr_schedulers[0].max_steps'
06:28:47.657 | WARNING (310020, stable_pretraining.callbacks.cpu_offload) |   - float at 'lr_schedulers[0].warmup_start_lr'
06:28:47.657 | WARNING (310020, stable_pretraining.callbacks.cpu_offload) |   - float at 'lr_schedulers[0].eta_min'
06:28:47.657 | WARNING (310020, stable_pretraining.callbacks.cpu_offload) |   - float at 'lr_schedulers[0].base_lrs[0]'
06:28:47.657 | WARNING (310020, stable_pretraining.callbacks.cpu_offload) |   - int at 'lr_schedulers[0].last_epoch'
06:28:47.657 | WARNING (310020, stable_pretraining.callbacks.cpu_offload) |   - int at 'lr_schedulers[0]._step_count'
06:28:47.657 | WARNING (310020, stable_pretraining.callbacks.cpu_offload) |   - bool at 'lr_schedulers[0]._get_lr_called_within_step'
06:28:47.658 | WARNING (310020, stable_pretraining.callbacks.cpu_offload) |   - float at 'lr_schedulers[0]._last_lr[0]'
06:28:47.658 | INFO    (310020, stable_pretraining.callbacks.cpu_offload) | To see all 321 skipped objects, set log_skipped=True
06:28:47.658 | INFO    (310020, stable_pretraining.callbacks.cpu_offload) | GPU memory after offload:
06:28:47.659 | INFO    (310020, stable_pretraining.callbacks.cpu_offload) |   - Allocated: 0.24 GB
06:28:47.659 | INFO    (310020, stable_pretraining.callbacks.cpu_offload) |   - Reserved: 16.63 GB
06:28:47.659 | INFO    (310020, stable_pretraining.callbacks.cpu_offload) | GPU memory freed: 0.00 GB
06:28:47.659 | SUCCESS (310020, stable_pretraining.callbacks.cpu_offload) | CPUOffloadCallback: Checkpoint #5 completed in 0.52s
06:28:47.660 | INFO    (310020, stable_pretraining.callbacks.cpu_offload) | Successfully processed keys: ['state_dict', 'optimizer_states', 'lr_schedulers']
06:28:47.660 | INFO    (310020, stable_pretraining.callbacks.cpu_offload) | Cumulative stats:
06:28:47.660 | INFO    (310020, stable_pretraining.callbacks.cpu_offload) |   - Total checkpoints saved: 5
06:28:47.660 | INFO    (310020, stable_pretraining.callbacks.cpu_offload) |   - Total time in offload: 3.85s
06:28:47.660 | INFO    (310020, stable_pretraining.callbacks.cpu_offload) |   - Total memory freed: 0.00 GB
06:28:47.660 | INFO    (310020, stable_pretraining.callbacks.cpu_offload) |   - Average time per checkpoint: 0.77s
06:28:47.661 | INFO    (310020, stable_pretraining.callbacks.cpu_offload) | ============================================================
06:28:48.905 | INFO    (310020, stable_pretraining.callbacks.checkpoint_sklearn) | Checking for non PyTorch modules to save... 🔧
06:28:48.905 | INFO    (310020, stable_pretraining.callbacks.checkpoint_sklearn) | Checking for Wandb params to save... 🔧
06:28:48.906 | INFO    (310020, stable_pretraining.callbacks.checkpoint_sklearn) | Saving Wandb params {'id': 'lewm_lp_pusht_expert_mu-2'}
06:28:48.906 | INFO    (310020, stable_pretraining.callbacks.checkpoint_sklearn) | Checking for Wandb params to save... Done!
06:28:48.906 | INFO    (310020, stable_pretraining.callbacks.cpu_offload) | ============================================================
06:28:48.906 | INFO    (310020, stable_pretraining.callbacks.cpu_offload) | CPUOffloadCallback: Starting checkpoint CPU offload (#6)
06:28:48.907 | INFO    (310020, stable_pretraining.callbacks.cpu_offload) |   - Global step: 10449
06:28:48.907 | INFO    (310020, stable_pretraining.callbacks.cpu_offload) |   - Epoch: 2
06:28:48.907 | INFO    (310020, stable_pretraining.callbacks.cpu_offload) | Checkpoint contains 11 keys: ['callbacks', 'epoch', 'global_step', 'hparams_name', 'hyper_parameters', 'loops', 'lr_schedulers', 'optimizer_states', 'pytorch-lightning_version', 'state_dict', 'wandb']
06:28:48.908 | INFO    (310020, stable_pretraining.callbacks.cpu_offload) | GPU memory before offload:
06:28:48.908 | INFO    (310020, stable_pretraining.callbacks.cpu_offload) |   - Allocated: 0.24 GB
06:28:48.908 | INFO    (310020, stable_pretraining.callbacks.cpu_offload) |   - Reserved: 16.63 GB
06:28:48.908 | INFO    (310020, stable_pretraining.callbacks.cpu_offload) | Processing checkpoint key: 'state_dict'
06:28:49.104 | SUCCESS (310020, stable_pretraining.callbacks.cpu_offload) | ✓ Completed 'state_dict' in 0.20s
06:28:49.105 | INFO    (310020, stable_pretraining.callbacks.cpu_offload) | Processing checkpoint key: 'optimizer_states'
06:28:49.485 | SUCCESS (310020, stable_pretraining.callbacks.cpu_offload) | ✓ Completed 'optimizer_states' in 0.38s
06:28:49.485 | INFO    (310020, stable_pretraining.callbacks.cpu_offload) | Processing checkpoint key: 'lr_schedulers'
06:28:49.486 | SUCCESS (310020, stable_pretraining.callbacks.cpu_offload) | ✓ Completed 'lr_schedulers' in 0.00s
06:28:49.486 | WARNING (310020, stable_pretraining.callbacks.cpu_offload) | Skipped 321 custom object(s)
06:28:49.486 | WARNING (310020, stable_pretraining.callbacks.cpu_offload) | First 10 skipped objects:
06:28:49.487 | WARNING (310020, stable_pretraining.callbacks.cpu_offload) |   - float at 'optimizer_states[0].param_groups[0].lr'
06:28:49.487 | WARNING (310020, stable_pretraining.callbacks.cpu_offload) |   - float at 'optimizer_states[0].param_groups[0].betas[0]'
06:28:49.487 | WARNING (310020, stable_pretraining.callbacks.cpu_offload) |   - float at 'optimizer_states[0].param_groups[0].betas[1]'
06:28:49.487 | WARNING (310020, stable_pretraining.callbacks.cpu_offload) |   - float at 'optimizer_states[0].param_groups[0].eps'
06:28:49.488 | WARNING (310020, stable_pretraining.callbacks.cpu_offload) |   - float at 'optimizer_states[0].param_groups[0].weight_decay'
06:28:49.488 | WARNING (310020, stable_pretraining.callbacks.cpu_offload) |   - bool at 'optimizer_states[0].param_groups[0].amsgrad'
06:28:49.488 | WARNING (310020, stable_pretraining.callbacks.cpu_offload) |   - bool at 'optimizer_states[0].param_groups[0].maximize'
06:28:49.488 | WARNING (310020, stable_pretraining.callbacks.cpu_offload) |   - NoneType at 'optimizer_states[0].param_groups[0].foreach'
06:28:49.488 | WARNING (310020, stable_pretraining.callbacks.cpu_offload) |   - bool at 'optimizer_states[0].param_groups[0].capturable'
06:28:49.489 | WARNING (310020, stable_pretraining.callbacks.cpu_offload) |   - bool at 'optimizer_states[0].param_groups[0].differentiable'
06:28:49.489 | WARNING (310020, stable_pretraining.callbacks.cpu_offload) | ... (301 more skipped) ...
06:28:49.489 | WARNING (310020, stable_pretraining.callbacks.cpu_offload) | Last 10 skipped objects:
06:28:49.489 | WARNING (310020, stable_pretraining.callbacks.cpu_offload) |   - int at 'optimizer_states[0].param_groups[0].params[298]'
06:28:49.490 | WARNING (310020, stable_pretraining.callbacks.cpu_offload) |   - int at 'lr_schedulers[0].warmup_steps'
06:28:49.490 | WARNING (310020, stable_pretraining.callbacks.cpu_offload) |   - int at 'lr_schedulers[0].max_steps'
06:28:49.490 | WARNING (310020, stable_pretraining.callbacks.cpu_offload) |   - float at 'lr_schedulers[0].warmup_start_lr'
06:28:49.490 | WARNING (310020, stable_pretraining.callbacks.cpu_offload) |   - float at 'lr_schedulers[0].eta_min'
06:28:49.491 | WARNING (310020, stable_pretraining.callbacks.cpu_offload) |   - float at 'lr_schedulers[0].base_lrs[0]'
06:28:49.491 | WARNING (310020, stable_pretraining.callbacks.cpu_offload) |   - int at 'lr_schedulers[0].last_epoch'
06:28:49.491 | WARNING (310020, stable_pretraining.callbacks.cpu_offload) |   - int at 'lr_schedulers[0]._step_count'
06:28:49.491 | WARNING (310020, stable_pretraining.callbacks.cpu_offload) |   - bool at 'lr_schedulers[0]._get_lr_called_within_step'
06:28:49.491 | WARNING (310020, stable_pretraining.callbacks.cpu_offload) |   - float at 'lr_schedulers[0]._last_lr[0]'
06:28:49.491 | INFO    (310020, stable_pretraining.callbacks.cpu_offload) | To see all 321 skipped objects, set log_skipped=True
06:28:49.492 | INFO    (310020, stable_pretraining.callbacks.cpu_offload) | GPU memory after offload:
06:28:49.492 | INFO    (310020, stable_pretraining.callbacks.cpu_offload) |   - Allocated: 0.24 GB
06:28:49.492 | INFO    (310020, stable_pretraining.callbacks.cpu_offload) |   - Reserved: 16.63 GB
06:28:49.492 | INFO    (310020, stable_pretraining.callbacks.cpu_offload) | GPU memory freed: 0.00 GB
06:28:49.493 | SUCCESS (310020, stable_pretraining.callbacks.cpu_offload) | CPUOffloadCallback: Checkpoint #6 completed in 0.59s
06:28:49.493 | INFO    (310020, stable_pretraining.callbacks.cpu_offload) | Successfully processed keys: ['state_dict', 'optimizer_states', 'lr_schedulers']
06:28:49.493 | INFO    (310020, stable_pretraining.callbacks.cpu_offload) | Cumulative stats:
06:28:49.493 | INFO    (310020, stable_pretraining.callbacks.cpu_offload) |   - Total checkpoints saved: 6
06:28:49.493 | INFO    (310020, stable_pretraining.callbacks.cpu_offload) |   - Total time in offload: 4.44s
06:28:49.493 | INFO    (310020, stable_pretraining.callbacks.cpu_offload) |   - Total memory freed: 0.00 GB
06:28:49.493 | INFO    (310020, stable_pretraining.callbacks.cpu_offload) |   - Average time per checkpoint: 0.74s
06:28:49.493 | INFO    (310020, stable_pretraining.callbacks.cpu_offload) | ============================================================
06:58:57.282 | WARNING (310020, stable_pretraining.module) | You are calling self.parameters which also gives callbacks parameters, to remove then, pass `with_callbacks=False`
07:02:48.469 | INFO    (310020, stable_pretraining.callbacks.trainer_info) | \n+----------------------------+------------------------+
|           Metric           |         Value          |
+----------------------------+------------------------+
|          [0;34;40mfit/loss[0m          | [0;32;40m0.0014839291106909513[0m  |
|       [0;34;40mfit/pred_loss[0m        | [0;32;40m0.00024403598217759281[0m |
|      [0;34;40mfit/rdmreg_loss[0m       | [0;32;40m0.0012398931430652738[0m  |
|       [0;34;40mvalidate/loss[0m        | [0;32;40m0.0017440728843212128[0m  |
|    [0;34;40mvalidate/loss_epoch[0m     | [0;32;40m0.0017440728843212128[0m  |
|     [0;34;40mvalidate/pred_loss[0m     | [0;32;40m0.00027043287991546094[0m |
|  [0;34;40mvalidate/pred_loss_epoch[0m  | [0;32;40m0.00027043287991546094[0m |
|    [0;34;40mvalidate/rdmreg_loss[0m    | [0;32;40m0.0014736405573785305[0m  |
| [0;34;40mvalidate/rdmreg_loss_epoch[0m | [0;32;40m0.0014736405573785305[0m  |
+----------------------------+------------------------+
07:02:48.796 | INFO    (310020, stable_pretraining.callbacks.checkpoint_sklearn) | Checking for non PyTorch modules to save... 🔧
07:02:48.797 | INFO    (310020, stable_pretraining.callbacks.checkpoint_sklearn) | Checking for Wandb params to save... 🔧
07:02:48.797 | INFO    (310020, stable_pretraining.callbacks.checkpoint_sklearn) | Saving Wandb params {'id': 'lewm_lp_pusht_expert_mu-2'}
07:02:48.797 | INFO    (310020, stable_pretraining.callbacks.checkpoint_sklearn) | Checking for Wandb params to save... Done!
07:02:48.798 | INFO    (310020, stable_pretraining.callbacks.cpu_offload) | ============================================================
07:02:48.798 | INFO    (310020, stable_pretraining.callbacks.cpu_offload) | CPUOffloadCallback: Starting checkpoint CPU offload (#7)
07:02:48.798 | INFO    (310020, stable_pretraining.callbacks.cpu_offload) |   - Global step: 13932
07:02:48.798 | INFO    (310020, stable_pretraining.callbacks.cpu_offload) |   - Epoch: 3
07:02:48.798 | INFO    (310020, stable_pretraining.callbacks.cpu_offload) | Checkpoint contains 11 keys: ['callbacks', 'epoch', 'global_step', 'hparams_name', 'hyper_parameters', 'loops', 'lr_schedulers', 'optimizer_states', 'pytorch-lightning_version', 'state_dict', 'wandb']
07:02:48.799 | INFO    (310020, stable_pretraining.callbacks.cpu_offload) | GPU memory before offload:
07:02:48.799 | INFO    (310020, stable_pretraining.callbacks.cpu_offload) |   - Allocated: 0.24 GB
07:02:48.799 | INFO    (310020, stable_pretraining.callbacks.cpu_offload) |   - Reserved: 16.63 GB
07:02:48.800 | INFO    (310020, stable_pretraining.callbacks.cpu_offload) | Processing checkpoint key: 'state_dict'
07:02:49.003 | SUCCESS (310020, stable_pretraining.callbacks.cpu_offload) | ✓ Completed 'state_dict' in 0.20s
07:02:49.003 | INFO    (310020, stable_pretraining.callbacks.cpu_offload) | Processing checkpoint key: 'optimizer_states'
07:02:49.562 | SUCCESS (310020, stable_pretraining.callbacks.cpu_offload) | ✓ Completed 'optimizer_states' in 0.56s
07:02:49.562 | INFO    (310020, stable_pretraining.callbacks.cpu_offload) | Processing checkpoint key: 'lr_schedulers'
07:02:49.563 | SUCCESS (310020, stable_pretraining.callbacks.cpu_offload) | ✓ Completed 'lr_schedulers' in 0.00s
07:02:49.563 | WARNING (310020, stable_pretraining.callbacks.cpu_offload) | Skipped 321 custom object(s)
07:02:49.563 | WARNING (310020, stable_pretraining.callbacks.cpu_offload) | First 10 skipped objects:
07:02:49.563 | WARNING (310020, stable_pretraining.callbacks.cpu_offload) |   - float at 'optimizer_states[0].param_groups[0].lr'
07:02:49.563 | WARNING (310020, stable_pretraining.callbacks.cpu_offload) |   - float at 'optimizer_states[0].param_groups[0].betas[0]'
07:02:49.564 | WARNING (310020, stable_pretraining.callbacks.cpu_offload) |   - float at 'optimizer_states[0].param_groups[0].betas[1]'
07:02:49.564 | WARNING (310020, stable_pretraining.callbacks.cpu_offload) |   - float at 'optimizer_states[0].param_groups[0].eps'
07:02:49.564 | WARNING (310020, stable_pretraining.callbacks.cpu_offload) |   - float at 'optimizer_states[0].param_groups[0].weight_decay'
07:02:49.564 | WARNING (310020, stable_pretraining.callbacks.cpu_offload) |   - bool at 'optimizer_states[0].param_groups[0].amsgrad'
07:02:49.564 | WARNING (310020, stable_pretraining.callbacks.cpu_offload) |   - bool at 'optimizer_states[0].param_groups[0].maximize'
07:02:49.564 | WARNING (310020, stable_pretraining.callbacks.cpu_offload) |   - NoneType at 'optimizer_states[0].param_groups[0].foreach'
07:02:49.564 | WARNING (310020, stable_pretraining.callbacks.cpu_offload) |   - bool at 'optimizer_states[0].param_groups[0].capturable'
07:02:49.565 | WARNING (310020, stable_pretraining.callbacks.cpu_offload) |   - bool at 'optimizer_states[0].param_groups[0].differentiable'
07:02:49.565 | WARNING (310020, stable_pretraining.callbacks.cpu_offload) | ... (301 more skipped) ...
07:02:49.565 | WARNING (310020, stable_pretraining.callbacks.cpu_offload) | Last 10 skipped objects:
07:02:49.565 | WARNING (310020, stable_pretraining.callbacks.cpu_offload) |   - int at 'optimizer_states[0].param_groups[0].params[298]'
07:02:49.565 | WARNING (310020, stable_pretraining.callbacks.cpu_offload) |   - int at 'lr_schedulers[0].warmup_steps'
07:02:49.565 | WARNING (310020, stable_pretraining.callbacks.cpu_offload) |   - int at 'lr_schedulers[0].max_steps'
07:02:49.566 | WARNING (310020, stable_pretraining.callbacks.cpu_offload) |   - float at 'lr_schedulers[0].warmup_start_lr'
07:02:49.566 | WARNING (310020, stable_pretraining.callbacks.cpu_offload) |   - float at 'lr_schedulers[0].eta_min'
07:02:49.566 | WARNING (310020, stable_pretraining.callbacks.cpu_offload) |   - float at 'lr_schedulers[0].base_lrs[0]'
07:02:49.566 | WARNING (310020, stable_pretraining.callbacks.cpu_offload) |   - int at 'lr_schedulers[0].last_epoch'
07:02:49.566 | WARNING (310020, stable_pretraining.callbacks.cpu_offload) |   - int at 'lr_schedulers[0]._step_count'
07:02:49.566 | WARNING (310020, stable_pretraining.callbacks.cpu_offload) |   - bool at 'lr_schedulers[0]._get_lr_called_within_step'
07:02:49.566 | WARNING (310020, stable_pretraining.callbacks.cpu_offload) |   - float at 'lr_schedulers[0]._last_lr[0]'
07:02:49.566 | INFO    (310020, stable_pretraining.callbacks.cpu_offload) | To see all 321 skipped objects, set log_skipped=True
07:02:49.567 | INFO    (310020, stable_pretraining.callbacks.cpu_offload) | GPU memory after offload:
07:02:49.567 | INFO    (310020, stable_pretraining.callbacks.cpu_offload) |   - Allocated: 0.24 GB
07:02:49.567 | INFO    (310020, stable_pretraining.callbacks.cpu_offload) |   - Reserved: 16.63 GB
07:02:49.568 | INFO    (310020, stable_pretraining.callbacks.cpu_offload) | GPU memory freed: 0.00 GB
07:02:49.568 | SUCCESS (310020, stable_pretraining.callbacks.cpu_offload) | CPUOffloadCallback: Checkpoint #7 completed in 0.77s
07:02:49.568 | INFO    (310020, stable_pretraining.callbacks.cpu_offload) | Successfully processed keys: ['state_dict', 'optimizer_states', 'lr_schedulers']
07:02:49.568 | INFO    (310020, stable_pretraining.callbacks.cpu_offload) | Cumulative stats:
07:02:49.568 | INFO    (310020, stable_pretraining.callbacks.cpu_offload) |   - Total checkpoints saved: 7
07:02:49.568 | INFO    (310020, stable_pretraining.callbacks.cpu_offload) |   - Total time in offload: 5.21s
07:02:49.568 | INFO    (310020, stable_pretraining.callbacks.cpu_offload) |   - Total memory freed: 0.00 GB
07:02:49.569 | INFO    (310020, stable_pretraining.callbacks.cpu_offload) |   - Average time per checkpoint: 0.74s
07:02:49.569 | INFO    (310020, stable_pretraining.callbacks.cpu_offload) | ============================================================
07:02:51.086 | INFO    (310020, stable_pretraining.callbacks.checkpoint_sklearn) | Checking for non PyTorch modules to save... 🔧
07:02:51.087 | INFO    (310020, stable_pretraining.callbacks.checkpoint_sklearn) | Checking for Wandb params to save... 🔧
07:02:51.087 | INFO    (310020, stable_pretraining.callbacks.checkpoint_sklearn) | Saving Wandb params {'id': 'lewm_lp_pusht_expert_mu-2'}
07:02:51.087 | INFO    (310020, stable_pretraining.callbacks.checkpoint_sklearn) | Checking for Wandb params to save... Done!
07:02:51.087 | INFO    (310020, stable_pretraining.callbacks.cpu_offload) | ============================================================
07:02:51.088 | INFO    (310020, stable_pretraining.callbacks.cpu_offload) | CPUOffloadCallback: Starting checkpoint CPU offload (#8)
07:02:51.088 | INFO    (310020, stable_pretraining.callbacks.cpu_offload) |   - Global step: 13932
07:02:51.088 | INFO    (310020, stable_pretraining.callbacks.cpu_offload) |   - Epoch: 3
07:02:51.088 | INFO    (310020, stable_pretraining.callbacks.cpu_offload) | Checkpoint contains 11 keys: ['callbacks', 'epoch', 'global_step', 'hparams_name', 'hyper_parameters', 'loops', 'lr_schedulers', 'optimizer_states', 'pytorch-lightning_version', 'state_dict', 'wandb']
07:02:51.089 | INFO    (310020, stable_pretraining.callbacks.cpu_offload) | GPU memory before offload:
07:02:51.089 | INFO    (310020, stable_pretraining.callbacks.cpu_offload) |   - Allocated: 0.24 GB
07:02:51.089 | INFO    (310020, stable_pretraining.callbacks.cpu_offload) |   - Reserved: 16.63 GB
07:02:51.090 | INFO    (310020, stable_pretraining.callbacks.cpu_offload) | Processing checkpoint key: 'state_dict'
07:02:51.263 | SUCCESS (310020, stable_pretraining.callbacks.cpu_offload) | ✓ Completed 'state_dict' in 0.17s
07:02:51.263 | INFO    (310020, stable_pretraining.callbacks.cpu_offload) | Processing checkpoint key: 'optimizer_states'
07:02:51.633 | SUCCESS (310020, stable_pretraining.callbacks.cpu_offload) | ✓ Completed 'optimizer_states' in 0.37s
07:02:51.634 | INFO    (310020, stable_pretraining.callbacks.cpu_offload) | Processing checkpoint key: 'lr_schedulers'
07:02:51.634 | SUCCESS (310020, stable_pretraining.callbacks.cpu_offload) | ✓ Completed 'lr_schedulers' in 0.00s
07:02:51.634 | WARNING (310020, stable_pretraining.callbacks.cpu_offload) | Skipped 321 custom object(s)
07:02:51.634 | WARNING (310020, stable_pretraining.callbacks.cpu_offload) | First 10 skipped objects:
07:02:51.634 | WARNING (310020, stable_pretraining.callbacks.cpu_offload) |   - float at 'optimizer_states[0].param_groups[0].lr'
07:02:51.635 | WARNING (310020, stable_pretraining.callbacks.cpu_offload) |   - float at 'optimizer_states[0].param_groups[0].betas[0]'
07:02:51.635 | WARNING (310020, stable_pretraining.callbacks.cpu_offload) |   - float at 'optimizer_states[0].param_groups[0].betas[1]'
07:02:51.635 | WARNING (310020, stable_pretraining.callbacks.cpu_offload) |   - float at 'optimizer_states[0].param_groups[0].eps'
07:02:51.635 | WARNING (310020, stable_pretraining.callbacks.cpu_offload) |   - float at 'optimizer_states[0].param_groups[0].weight_decay'
07:02:51.635 | WARNING (310020, stable_pretraining.callbacks.cpu_offload) |   - bool at 'optimizer_states[0].param_groups[0].amsgrad'
07:02:51.636 | WARNING (310020, stable_pretraining.callbacks.cpu_offload) |   - bool at 'optimizer_states[0].param_groups[0].maximize'
07:02:51.636 | WARNING (310020, stable_pretraining.callbacks.cpu_offload) |   - NoneType at 'optimizer_states[0].param_groups[0].foreach'
07:02:51.636 | WARNING (310020, stable_pretraining.callbacks.cpu_offload) |   - bool at 'optimizer_states[0].param_groups[0].capturable'
07:02:51.636 | WARNING (310020, stable_pretraining.callbacks.cpu_offload) |   - bool at 'optimizer_states[0].param_groups[0].differentiable'
07:02:51.636 | WARNING (310020, stable_pretraining.callbacks.cpu_offload) | ... (301 more skipped) ...
07:02:51.637 | WARNING (310020, stable_pretraining.callbacks.cpu_offload) | Last 10 skipped objects:
07:02:51.638 | WARNING (310020, stable_pretraining.callbacks.cpu_offload) |   - int at 'optimizer_states[0].param_groups[0].params[298]'
07:02:51.638 | WARNING (310020, stable_pretraining.callbacks.cpu_offload) |   - int at 'lr_schedulers[0].warmup_steps'
07:02:51.638 | WARNING (310020, stable_pretraining.callbacks.cpu_offload) |   - int at 'lr_schedulers[0].max_steps'
07:02:51.638 | WARNING (310020, stable_pretraining.callbacks.cpu_offload) |   - float at 'lr_schedulers[0].warmup_start_lr'
07:02:51.639 | WARNING (310020, stable_pretraining.callbacks.cpu_offload) |   - float at 'lr_schedulers[0].eta_min'
07:02:51.639 | WARNING (310020, stable_pretraining.callbacks.cpu_offload) |   - float at 'lr_schedulers[0].base_lrs[0]'
07:02:51.639 | WARNING (310020, stable_pretraining.callbacks.cpu_offload) |   - int at 'lr_schedulers[0].last_epoch'
07:02:51.639 | WARNING (310020, stable_pretraining.callbacks.cpu_offload) |   - int at 'lr_schedulers[0]._step_count'
07:02:51.640 | WARNING (310020, stable_pretraining.callbacks.cpu_offload) |   - bool at 'lr_schedulers[0]._get_lr_called_within_step'
07:02:51.640 | WARNING (310020, stable_pretraining.callbacks.cpu_offload) |   - float at 'lr_schedulers[0]._last_lr[0]'
07:02:51.640 | INFO    (310020, stable_pretraining.callbacks.cpu_offload) | To see all 321 skipped objects, set log_skipped=True
07:02:51.641 | INFO    (310020, stable_pretraining.callbacks.cpu_offload) | GPU memory after offload:
07:02:51.641 | INFO    (310020, stable_pretraining.callbacks.cpu_offload) |   - Allocated: 0.24 GB
07:02:51.642 | INFO    (310020, stable_pretraining.callbacks.cpu_offload) |   - Reserved: 16.63 GB
07:02:51.642 | INFO    (310020, stable_pretraining.callbacks.cpu_offload) | GPU memory freed: 0.00 GB
07:02:51.642 | SUCCESS (310020, stable_pretraining.callbacks.cpu_offload) | CPUOffloadCallback: Checkpoint #8 completed in 0.55s
07:02:51.642 | INFO    (310020, stable_pretraining.callbacks.cpu_offload) | Successfully processed keys: ['state_dict', 'optimizer_states', 'lr_schedulers']
07:02:51.642 | INFO    (310020, stable_pretraining.callbacks.cpu_offload) | Cumulative stats:
07:02:51.643 | INFO    (310020, stable_pretraining.callbacks.cpu_offload) |   - Total checkpoints saved: 8
07:02:51.643 | INFO    (310020, stable_pretraining.callbacks.cpu_offload) |   - Total time in offload: 5.76s
07:02:51.643 | INFO    (310020, stable_pretraining.callbacks.cpu_offload) |   - Total memory freed: 0.00 GB
07:02:51.643 | INFO    (310020, stable_pretraining.callbacks.cpu_offload) |   - Average time per checkpoint: 0.72s
07:02:51.643 | INFO    (310020, stable_pretraining.callbacks.cpu_offload) | ============================================================07:32:49.358 | WARNING (310020, stable_pretraining.module) | You are calling self.parameters which also gives callbacks parameters, to remove then, pass `with_callbacks=False`
07:36:18.711 | INFO    (310020, stable_pretraining.callbacks.trainer_info) | \n+----------------------------+-----------------------+
|           Metric           |         Value         |
+----------------------------+-----------------------+
|          [0;34;40mfit/loss[0m          | [0;32;40m0.0013444679789245129[0m |
|       [0;34;40mfit/pred_loss[0m        | [0;32;40m0.0002093384537147358[0m |
|      [0;34;40mfit/rdmreg_loss[0m       | [0;32;40m0.0011351294815540314[0m |
|       [0;34;40mvalidate/loss[0m        | [0;32;40m0.0017324448563158512[0m |
|    [0;34;40mvalidate/loss_epoch[0m     | [0;32;40m0.0017324448563158512[0m |
|     [0;34;40mvalidate/pred_loss[0m     | [0;32;40m0.0002559883869253099[0m |
|  [0;34;40mvalidate/pred_loss_epoch[0m  | [0;32;40m0.0002559883869253099[0m |
|    [0;34;40mvalidate/rdmreg_loss[0m    | [0;32;40m0.0014764558291062713[0m |
| [0;34;40mvalidate/rdmreg_loss_epoch[0m | [0;32;40m0.0014764558291062713[0m |
+----------------------------+-----------------------+
07:36:18.975 | INFO    (310020, stable_pretraining.callbacks.checkpoint_sklearn) | Checking for non PyTorch modules to save... 🔧
07:36:18.976 | INFO    (310020, stable_pretraining.callbacks.checkpoint_sklearn) | Checking for Wandb params to save... 🔧
07:36:18.976 | INFO    (310020, stable_pretraining.callbacks.checkpoint_sklearn) | Saving Wandb params {'id': 'lewm_lp_pusht_expert_mu-2'}
07:36:18.976 | INFO    (310020, stable_pretraining.callbacks.checkpoint_sklearn) | Checking for Wandb params to save... Done!
07:36:18.977 | INFO    (310020, stable_pretraining.callbacks.cpu_offload) | ============================================================
07:36:18.977 | INFO    (310020, stable_pretraining.callbacks.cpu_offload) | CPUOffloadCallback: Starting checkpoint CPU offload (#9)
07:36:18.977 | INFO    (310020, stable_pretraining.callbacks.cpu_offload) |   - Global step: 17415
07:36:18.977 | INFO    (310020, stable_pretraining.callbacks.cpu_offload) |   - Epoch: 4
07:36:18.977 | INFO    (310020, stable_pretraining.callbacks.cpu_offload) | Checkpoint contains 11 keys: ['callbacks', 'epoch', 'global_step', 'hparams_name', 'hyper_parameters', 'loops', 'lr_schedulers', 'optimizer_states', 'pytorch-lightning_version', 'state_dict', 'wandb']
07:36:18.978 | INFO    (310020, stable_pretraining.callbacks.cpu_offload) | GPU memory before offload:
07:36:18.978 | INFO    (310020, stable_pretraining.callbacks.cpu_offload) |   - Allocated: 0.24 GB
07:36:18.979 | INFO    (310020, stable_pretraining.callbacks.cpu_offload) |   - Reserved: 16.63 GB
07:36:18.979 | INFO    (310020, stable_pretraining.callbacks.cpu_offload) | Processing checkpoint key: 'state_dict'
07:36:19.152 | SUCCESS (310020, stable_pretraining.callbacks.cpu_offload) | ✓ Completed 'state_dict' in 0.17s
07:36:19.152 | INFO    (310020, stable_pretraining.callbacks.cpu_offload) | Processing checkpoint key: 'optimizer_states'
07:36:19.471 | SUCCESS (310020, stable_pretraining.callbacks.cpu_offload) | ✓ Completed 'optimizer_states' in 0.32s
07:36:19.472 | INFO    (310020, stable_pretraining.callbacks.cpu_offload) | Processing checkpoint key: 'lr_schedulers'
07:36:19.472 | SUCCESS (310020, stable_pretraining.callbacks.cpu_offload) | ✓ Completed 'lr_schedulers' in 0.00s
07:36:19.473 | WARNING (310020, stable_pretraining.callbacks.cpu_offload) | Skipped 321 custom object(s)
07:36:19.473 | WARNING (310020, stable_pretraining.callbacks.cpu_offload) | First 10 skipped objects:
07:36:19.473 | WARNING (310020, stable_pretraining.callbacks.cpu_offload) |   - float at 'optimizer_states[0].param_groups[0].lr'
07:36:19.473 | WARNING (310020, stable_pretraining.callbacks.cpu_offload) |   - float at 'optimizer_states[0].param_groups[0].betas[0]'
07:36:19.474 | WARNING (310020, stable_pretraining.callbacks.cpu_offload) |   - float at 'optimizer_states[0].param_groups[0].betas[1]'
07:36:19.474 | WARNING (310020, stable_pretraining.callbacks.cpu_offload) |   - float at 'optimizer_states[0].param_groups[0].eps'
07:36:19.474 | WARNING (310020, stable_pretraining.callbacks.cpu_offload) |   - float at 'optimizer_states[0].param_groups[0].weight_decay'
07:36:19.474 | WARNING (310020, stable_pretraining.callbacks.cpu_offload) |   - bool at 'optimizer_states[0].param_groups[0].amsgrad'
07:36:19.475 | WARNING (310020, stable_pretraining.callbacks.cpu_offload) |   - bool at 'optimizer_states[0].param_groups[0].maximize'
07:36:19.475 | WARNING (310020, stable_pretraining.callbacks.cpu_offload) |   - NoneType at 'optimizer_states[0].param_groups[0].foreach'
07:36:19.475 | WARNING (310020, stable_pretraining.callbacks.cpu_offload) |   - bool at 'optimizer_states[0].param_groups[0].capturable'
07:36:19.475 | WARNING (310020, stable_pretraining.callbacks.cpu_offload) |   - bool at 'optimizer_states[0].param_groups[0].differentiable'
07:36:19.476 | WARNING (310020, stable_pretraining.callbacks.cpu_offload) | ... (301 more skipped) ...
07:36:19.476 | WARNING (310020, stable_pretraining.callbacks.cpu_offload) | Last 10 skipped objects:
07:36:19.476 | WARNING (310020, stable_pretraining.callbacks.cpu_offload) |   - int at 'optimizer_states[0].param_groups[0].params[298]'
07:36:19.476 | WARNING (310020, stable_pretraining.callbacks.cpu_offload) |   - int at 'lr_schedulers[0].warmup_steps'
07:36:19.477 | WARNING (310020, stable_pretraining.callbacks.cpu_offload) |   - int at 'lr_schedulers[0].max_steps'
07:36:19.477 | WARNING (310020, stable_pretraining.callbacks.cpu_offload) |   - float at 'lr_schedulers[0].warmup_start_lr'
07:36:19.477 | WARNING (310020, stable_pretraining.callbacks.cpu_offload) |   - float at 'lr_schedulers[0].eta_min'
07:36:19.478 | WARNING (310020, stable_pretraining.callbacks.cpu_offload) |   - float at 'lr_schedulers[0].base_lrs[0]'
07:36:19.478 | WARNING (310020, stable_pretraining.callbacks.cpu_offload) |   - int at 'lr_schedulers[0].last_epoch'
07:36:19.478 | WARNING (310020, stable_pretraining.callbacks.cpu_offload) |   - int at 'lr_schedulers[0]._step_count'
07:36:19.478 | WARNING (310020, stable_pretraining.callbacks.cpu_offload) |   - bool at 'lr_schedulers[0]._get_lr_called_within_step'
07:36:19.478 | WARNING (310020, stable_pretraining.callbacks.cpu_offload) |   - float at 'lr_schedulers[0]._last_lr[0]'
07:36:19.479 | INFO    (310020, stable_pretraining.callbacks.cpu_offload) | To see all 321 skipped objects, set log_skipped=True
07:36:19.480 | INFO    (310020, stable_pretraining.callbacks.cpu_offload) | GPU memory after offload:
07:36:19.480 | INFO    (310020, stable_pretraining.callbacks.cpu_offload) |   - Allocated: 0.24 GB
07:36:19.480 | INFO    (310020, stable_pretraining.callbacks.cpu_offload) |   - Reserved: 16.63 GB
07:36:19.480 | INFO    (310020, stable_pretraining.callbacks.cpu_offload) | GPU memory freed: 0.00 GB
07:36:19.481 | SUCCESS (310020, stable_pretraining.callbacks.cpu_offload) | CPUOffloadCallback: Checkpoint #9 completed in 0.50s
07:36:19.481 | INFO    (310020, stable_pretraining.callbacks.cpu_offload) | Successfully processed keys: ['state_dict', 'optimizer_states', 'lr_schedulers']
07:36:19.481 | INFO    (310020, stable_pretraining.callbacks.cpu_offload) | Cumulative stats:
07:36:19.482 | INFO    (310020, stable_pretraining.callbacks.cpu_offload) |   - Total checkpoints saved: 9
07:36:19.482 | INFO    (310020, stable_pretraining.callbacks.cpu_offload) |   - Total time in offload: 6.27s
07:36:19.482 | INFO    (310020, stable_pretraining.callbacks.cpu_offload) |   - Total memory freed: 0.00 GB
07:36:19.484 | INFO    (310020, stable_pretraining.callbacks.cpu_offload) |   - Average time per checkpoint: 0.70s
07:36:19.484 | INFO    (310020, stable_pretraining.callbacks.cpu_offload) | ============================================================
07:36:20.721 | INFO    (310020, stable_pretraining.callbacks.checkpoint_sklearn) | Checking for non PyTorch modules to save... 🔧
07:36:20.721 | INFO    (310020, stable_pretraining.callbacks.checkpoint_sklearn) | Checking for Wandb params to save... 🔧
07:36:20.722 | INFO    (310020, stable_pretraining.callbacks.checkpoint_sklearn) | Saving Wandb params {'id': 'lewm_lp_pusht_expert_mu-2'}
07:36:20.722 | INFO    (310020, stable_pretraining.callbacks.checkpoint_sklearn) | Checking for Wandb params to save... Done!
07:36:20.722 | INFO    (310020, stable_pretraining.callbacks.cpu_offload) | ============================================================
07:36:20.722 | INFO    (310020, stable_pretraining.callbacks.cpu_offload) | CPUOffloadCallback: Starting checkpoint CPU offload (#10)
07:36:20.723 | INFO    (310020, stable_pretraining.callbacks.cpu_offload) |   - Global step: 17415
07:36:20.723 | INFO    (310020, stable_pretraining.callbacks.cpu_offload) |   - Epoch: 4
07:36:20.723 | INFO    (310020, stable_pretraining.callbacks.cpu_offload) | Checkpoint contains 11 keys: ['callbacks', 'epoch', 'global_step', 'hparams_name', 'hyper_parameters', 'loops', 'lr_schedulers', 'optimizer_states', 'pytorch-lightning_version', 'state_dict', 'wandb']
07:36:20.724 | INFO    (310020, stable_pretraining.callbacks.cpu_offload) | GPU memory before offload:
07:36:20.724 | INFO    (310020, stable_pretraining.callbacks.cpu_offload) |   - Allocated: 0.24 GB
07:36:20.725 | INFO    (310020, stable_pretraining.callbacks.cpu_offload) |   - Reserved: 16.63 GB
07:36:20.725 | INFO    (310020, stable_pretraining.callbacks.cpu_offload) | Processing checkpoint key: 'state_dict'
07:36:20.874 | SUCCESS (310020, stable_pretraining.callbacks.cpu_offload) | ✓ Completed 'state_dict' in 0.15s
07:36:20.875 | INFO    (310020, stable_pretraining.callbacks.cpu_offload) | Processing checkpoint key: 'optimizer_states'
07:36:21.153 | SUCCESS (310020, stable_pretraining.callbacks.cpu_offload) | ✓ Completed 'optimizer_states' in 0.28s
07:36:21.153 | INFO    (310020, stable_pretraining.callbacks.cpu_offload) | Processing checkpoint key: 'lr_schedulers'
07:36:21.154 | SUCCESS (310020, stable_pretraining.callbacks.cpu_offload) | ✓ Completed 'lr_schedulers' in 0.00s
07:36:21.154 | WARNING (310020, stable_pretraining.callbacks.cpu_offload) | Skipped 321 custom object(s)
07:36:21.154 | WARNING (310020, stable_pretraining.callbacks.cpu_offload) | First 10 skipped objects:
07:36:21.154 | WARNING (310020, stable_pretraining.callbacks.cpu_offload) |   - float at 'optimizer_states[0].param_groups[0].lr'
07:36:21.154 | WARNING (310020, stable_pretraining.callbacks.cpu_offload) |   - float at 'optimizer_states[0].param_groups[0].betas[0]'
07:36:21.155 | WARNING (310020, stable_pretraining.callbacks.cpu_offload) |   - float at 'optimizer_states[0].param_groups[0].betas[1]'
07:36:21.155 | WARNING (310020, stable_pretraining.callbacks.cpu_offload) |   - float at 'optimizer_states[0].param_groups[0].eps'
07:36:21.155 | WARNING (310020, stable_pretraining.callbacks.cpu_offload) |   - float at 'optimizer_states[0].param_groups[0].weight_decay'
07:36:21.155 | WARNING (310020, stable_pretraining.callbacks.cpu_offload) |   - bool at 'optimizer_states[0].param_groups[0].amsgrad'
07:36:21.155 | WARNING (310020, stable_pretraining.callbacks.cpu_offload) |   - bool at 'optimizer_states[0].param_groups[0].maximize'
07:36:21.155 | WARNING (310020, stable_pretraining.callbacks.cpu_offload) |   - NoneType at 'optimizer_states[0].param_groups[0].foreach'
07:36:21.156 | WARNING (310020, stable_pretraining.callbacks.cpu_offload) |   - bool at 'optimizer_states[0].param_groups[0].capturable'
07:36:21.156 | WARNING (310020, stable_pretraining.callbacks.cpu_offload) |   - bool at 'optimizer_states[0].param_groups[0].differentiable'
07:36:21.156 | WARNING (310020, stable_pretraining.callbacks.cpu_offload) | ... (301 more skipped) ...
07:36:21.156 | WARNING (310020, stable_pretraining.callbacks.cpu_offload) | Last 10 skipped objects:
07:36:21.156 | WARNING (310020, stable_pretraining.callbacks.cpu_offload) |   - int at 'optimizer_states[0].param_groups[0].params[298]'
07:36:21.158 | WARNING (310020, stable_pretraining.callbacks.cpu_offload) |   - int at 'lr_schedulers[0].warmup_steps'
07:36:21.158 | WARNING (310020, stable_pretraining.callbacks.cpu_offload) |   - int at 'lr_schedulers[0].max_steps'
07:36:21.159 | WARNING (310020, stable_pretraining.callbacks.cpu_offload) |   - float at 'lr_schedulers[0].warmup_start_lr'
07:36:21.159 | WARNING (310020, stable_pretraining.callbacks.cpu_offload) |   - float at 'lr_schedulers[0].eta_min'
07:36:21.159 | WARNING (310020, stable_pretraining.callbacks.cpu_offload) |   - float at 'lr_schedulers[0].base_lrs[0]'
07:36:21.159 | WARNING (310020, stable_pretraining.callbacks.cpu_offload) |   - int at 'lr_schedulers[0].last_epoch'
07:36:21.159 | WARNING (310020, stable_pretraining.callbacks.cpu_offload) |   - int at 'lr_schedulers[0]._step_count'
07:36:21.159 | WARNING (310020, stable_pretraining.callbacks.cpu_offload) |   - bool at 'lr_schedulers[0]._get_lr_called_within_step'
07:36:21.160 | WARNING (310020, stable_pretraining.callbacks.cpu_offload) |   - float at 'lr_schedulers[0]._last_lr[0]'
07:36:21.160 | INFO    (310020, stable_pretraining.callbacks.cpu_offload) | To see all 321 skipped objects, set log_skipped=True
07:36:21.160 | INFO    (310020, stable_pretraining.callbacks.cpu_offload) | GPU memory after offload:
07:36:21.161 | INFO    (310020, stable_pretraining.callbacks.cpu_offload) |   - Allocated: 0.24 GB
07:36:21.161 | INFO    (310020, stable_pretraining.callbacks.cpu_offload) |   - Reserved: 16.63 GB
07:36:21.161 | INFO    (310020, stable_pretraining.callbacks.cpu_offload) | GPU memory freed: 0.00 GB
07:36:21.161 | SUCCESS (310020, stable_pretraining.callbacks.cpu_offload) | CPUOffloadCallback: Checkpoint #10 completed in 0.44s
07:36:21.161 | INFO    (310020, stable_pretraining.callbacks.cpu_offload) | Successfully processed keys: ['state_dict', 'optimizer_states', 'lr_schedulers']
07:36:21.161 | INFO    (310020, stable_pretraining.callbacks.cpu_offload) | Cumulative stats:
07:36:21.161 | INFO    (310020, stable_pretraining.callbacks.cpu_offload) |   - Total checkpoints saved: 10
07:36:21.162 | INFO    (310020, stable_pretraining.callbacks.cpu_offload) |   - Total time in offload: 6.71s
07:36:21.162 | INFO    (310020, stable_pretraining.callbacks.cpu_offload) |   - Total memory freed: 0.00 GB
07:36:21.162 | INFO    (310020, stable_pretraining.callbacks.cpu_offload) |   - Average time per checkpoint: 0.67s
07:36:21.162 | INFO    (310020, stable_pretraining.callbacks.cpu_offload) | ============================================================
08:05:54.739 | WARNING (310020, stable_pretraining.module) | You are calling self.parameters which also gives callbacks parameters, to remove then, pass `with_callbacks=False`
08:09:26.794 | INFO    (310020, stable_pretraining.callbacks.trainer_info) | \n+----------------------------+------------------------+
|           Metric           |         Value          |
+----------------------------+------------------------+
|          [0;34;40mfit/loss[0m          | [0;32;40m0.0011795650934800506[0m  |
|       [0;34;40mfit/pred_loss[0m        | [0;32;40m0.0001654214138397947[0m  |
|      [0;34;40mfit/rdmreg_loss[0m       |  [0;32;40m0.001014143694192171[0m  |
|       [0;34;40mvalidate/loss[0m        |  [0;32;40m0.001362372888252139[0m  |
|    [0;34;40mvalidate/loss_epoch[0m     |  [0;32;40m0.001362372888252139[0m  |
|     [0;34;40mvalidate/pred_loss[0m     | [0;32;40m0.00015008461195975542[0m |
|  [0;34;40mvalidate/pred_loss_epoch[0m  | [0;32;40m0.00015008461195975542[0m |
|    [0;34;40mvalidate/rdmreg_loss[0m    | [0;32;40m0.0012122886255383492[0m  |
| [0;34;40mvalidate/rdmreg_loss_epoch[0m | [0;32;40m0.0012122886255383492[0m  |
+----------------------------+------------------------+
08:09:27.057 | INFO    (310020, stable_pretraining.callbacks.checkpoint_sklearn) | Checking for non PyTorch modules to save... 🔧
08:09:27.058 | INFO    (310020, stable_pretraining.callbacks.checkpoint_sklearn) | Checking for Wandb params to save... 🔧
08:09:27.058 | INFO    (310020, stable_pretraining.callbacks.checkpoint_sklearn) | Saving Wandb params {'id': 'lewm_lp_pusht_expert_mu-2'}
08:09:27.058 | INFO    (310020, stable_pretraining.callbacks.checkpoint_sklearn) | Checking for Wandb params to save... Done!
08:09:27.058 | INFO    (310020, stable_pretraining.callbacks.cpu_offload) | ============================================================
08:09:27.058 | INFO    (310020, stable_pretraining.callbacks.cpu_offload) | CPUOffloadCallback: Starting checkpoint CPU offload (#11)
08:09:27.059 | INFO    (310020, stable_pretraining.callbacks.cpu_offload) |   - Global step: 20898
08:09:27.059 | INFO    (310020, stable_pretraining.callbacks.cpu_offload) |   - Epoch: 5
08:09:27.059 | INFO    (310020, stable_pretraining.callbacks.cpu_offload) | Checkpoint contains 11 keys: ['callbacks', 'epoch', 'global_step', 'hparams_name', 'hyper_parameters', 'loops', 'lr_schedulers', 'optimizer_states', 'pytorch-lightning_version', 'state_dict', 'wandb']
08:09:27.060 | INFO    (310020, stable_pretraining.callbacks.cpu_offload) | GPU memory before offload:
08:09:27.060 | INFO    (310020, stable_pretraining.callbacks.cpu_offload) |   - Allocated: 0.24 GB
08:09:27.060 | INFO    (310020, stable_pretraining.callbacks.cpu_offload) |   - Reserved: 16.63 GB
08:09:27.060 | INFO    (310020, stable_pretraining.callbacks.cpu_offload) | Processing checkpoint key: 'state_dict'
08:09:27.216 | SUCCESS (310020, stable_pretraining.callbacks.cpu_offload) | ✓ Completed 'state_dict' in 0.16s
08:09:27.216 | INFO    (310020, stable_pretraining.callbacks.cpu_offload) | Processing checkpoint key: 'optimizer_states'
08:09:27.640 | SUCCESS (310020, stable_pretraining.callbacks.cpu_offload) | ✓ Completed 'optimizer_states' in 0.42s
08:09:27.640 | INFO    (310020, stable_pretraining.callbacks.cpu_offload) | Processing checkpoint key: 'lr_schedulers'
08:09:27.641 | SUCCESS (310020, stable_pretraining.callbacks.cpu_offload) | ✓ Completed 'lr_schedulers' in 0.00s
08:09:27.641 | WARNING (310020, stable_pretraining.callbacks.cpu_offload) | Skipped 321 custom object(s)
08:09:27.641 | WARNING (310020, stable_pretraining.callbacks.cpu_offload) | First 10 skipped objects:
08:09:27.641 | WARNING (310020, stable_pretraining.callbacks.cpu_offload) |   - float at 'optimizer_states[0].param_groups[0].lr'
08:09:27.641 | WARNING (310020, stable_pretraining.callbacks.cpu_offload) |   - float at 'optimizer_states[0].param_groups[0].betas[0]'
08:09:27.641 | WARNING (310020, stable_pretraining.callbacks.cpu_offload) |   - float at 'optimizer_states[0].param_groups[0].betas[1]'
08:09:27.642 | WARNING (310020, stable_pretraining.callbacks.cpu_offload) |   - float at 'optimizer_states[0].param_groups[0].eps'
08:09:27.642 | WARNING (310020, stable_pretraining.callbacks.cpu_offload) |   - float at 'optimizer_states[0].param_groups[0].weight_decay'
08:09:27.642 | WARNING (310020, stable_pretraining.callbacks.cpu_offload) |   - bool at 'optimizer_states[0].param_groups[0].amsgrad'
08:09:27.642 | WARNING (310020, stable_pretraining.callbacks.cpu_offload) |   - bool at 'optimizer_states[0].param_groups[0].maximize'
08:09:27.642 | WARNING (310020, stable_pretraining.callbacks.cpu_offload) |   - NoneType at 'optimizer_states[0].param_groups[0].foreach'
08:09:27.642 | WARNING (310020, stable_pretraining.callbacks.cpu_offload) |   - bool at 'optimizer_states[0].param_groups[0].capturable'
08:09:27.642 | WARNING (310020, stable_pretraining.callbacks.cpu_offload) |   - bool at 'optimizer_states[0].param_groups[0].differentiable'
08:09:27.642 | WARNING (310020, stable_pretraining.callbacks.cpu_offload) | ... (301 more skipped) ...
08:09:27.643 | WARNING (310020, stable_pretraining.callbacks.cpu_offload) | Last 10 skipped objects:
08:09:27.643 | WARNING (310020, stable_pretraining.callbacks.cpu_offload) |   - int at 'optimizer_states[0].param_groups[0].params[298]'
08:09:27.643 | WARNING (310020, stable_pretraining.callbacks.cpu_offload) |   - int at 'lr_schedulers[0].warmup_steps'
08:09:27.643 | WARNING (310020, stable_pretraining.callbacks.cpu_offload) |   - int at 'lr_schedulers[0].max_steps'
08:09:27.643 | WARNING (310020, stable_pretraining.callbacks.cpu_offload) |   - float at 'lr_schedulers[0].warmup_start_lr'
08:09:27.644 | WARNING (310020, stable_pretraining.callbacks.cpu_offload) |   - float at 'lr_schedulers[0].eta_min'
08:09:27.644 | WARNING (310020, stable_pretraining.callbacks.cpu_offload) |   - float at 'lr_schedulers[0].base_lrs[0]'
08:09:27.644 | WARNING (310020, stable_pretraining.callbacks.cpu_offload) |   - int at 'lr_schedulers[0].last_epoch'
08:09:27.644 | WARNING (310020, stable_pretraining.callbacks.cpu_offload) |   - int at 'lr_schedulers[0]._step_count'
08:09:27.644 | WARNING (310020, stable_pretraining.callbacks.cpu_offload) |   - bool at 'lr_schedulers[0]._get_lr_called_within_step'
08:09:27.645 | WARNING (310020, stable_pretraining.callbacks.cpu_offload) |   - float at 'lr_schedulers[0]._last_lr[0]'
08:09:27.645 | INFO    (310020, stable_pretraining.callbacks.cpu_offload) | To see all 321 skipped objects, set log_skipped=True
08:09:27.646 | INFO    (310020, stable_pretraining.callbacks.cpu_offload) | GPU memory after offload:
08:09:27.646 | INFO    (310020, stable_pretraining.callbacks.cpu_offload) |   - Allocated: 0.24 GB
08:09:27.646 | INFO    (310020, stable_pretraining.callbacks.cpu_offload) |   - Reserved: 16.63 GB
08:09:27.646 | INFO    (310020, stable_pretraining.callbacks.cpu_offload) | GPU memory freed: 0.00 GB
08:09:27.646 | SUCCESS (310020, stable_pretraining.callbacks.cpu_offload) | CPUOffloadCallback: Checkpoint #11 completed in 0.59s
08:09:27.647 | INFO    (310020, stable_pretraining.callbacks.cpu_offload) | Successfully processed keys: ['state_dict', 'optimizer_states', 'lr_schedulers']
08:09:27.647 | INFO    (310020, stable_pretraining.callbacks.cpu_offload) | Cumulative stats:
08:09:27.647 | INFO    (310020, stable_pretraining.callbacks.cpu_offload) |   - Total checkpoints saved: 11
08:09:27.647 | INFO    (310020, stable_pretraining.callbacks.cpu_offload) |   - Total time in offload: 7.29s
08:09:27.647 | INFO    (310020, stable_pretraining.callbacks.cpu_offload) |   - Total memory freed: 0.00 GB
08:09:27.647 | INFO    (310020, stable_pretraining.callbacks.cpu_offload) |   - Average time per checkpoint: 0.66s
08:09:27.648 | INFO    (310020, stable_pretraining.callbacks.cpu_offload) | ============================================================
08:09:28.944 | INFO    (310020, stable_pretraining.callbacks.checkpoint_sklearn) | Checking for non PyTorch modules to save... 🔧
08:09:28.944 | INFO    (310020, stable_pretraining.callbacks.checkpoint_sklearn) | Checking for Wandb params to save... 🔧
08:09:28.945 | INFO    (310020, stable_pretraining.callbacks.checkpoint_sklearn) | Saving Wandb params {'id': 'lewm_lp_pusht_expert_mu-2'}
08:09:28.945 | INFO    (310020, stable_pretraining.callbacks.checkpoint_sklearn) | Checking for Wandb params to save... Done!
08:09:28.945 | INFO    (310020, stable_pretraining.callbacks.cpu_offload) | ============================================================
08:09:28.945 | INFO    (310020, stable_pretraining.callbacks.cpu_offload) | CPUOffloadCallback: Starting checkpoint CPU offload (#12)
08:09:28.945 | INFO    (310020, stable_pretraining.callbacks.cpu_offload) |   - Global step: 20898
08:09:28.945 | INFO    (310020, stable_pretraining.callbacks.cpu_offload) |   - Epoch: 5
08:09:28.946 | INFO    (310020, stable_pretraining.callbacks.cpu_offload) | Checkpoint contains 11 keys: ['callbacks', 'epoch', 'global_step', 'hparams_name', 'hyper_parameters', 'loops', 'lr_schedulers', 'optimizer_states', 'pytorch-lightning_version', 'state_dict', 'wandb']
08:09:28.946 | INFO    (310020, stable_pretraining.callbacks.cpu_offload) | GPU memory before offload:
08:09:28.946 | INFO    (310020, stable_pretraining.callbacks.cpu_offload) |   - Allocated: 0.24 GB
08:09:28.946 | INFO    (310020, stable_pretraining.callbacks.cpu_offload) |   - Reserved: 16.63 GB
08:09:28.947 | INFO    (310020, stable_pretraining.callbacks.cpu_offload) | Processing checkpoint key: 'state_dict'
08:09:29.077 | SUCCESS (310020, stable_pretraining.callbacks.cpu_offload) | ✓ Completed 'state_dict' in 0.13s
08:09:29.077 | INFO    (310020, stable_pretraining.callbacks.cpu_offload) | Processing checkpoint key: 'optimizer_states'
08:09:29.347 | SUCCESS (310020, stable_pretraining.callbacks.cpu_offload) | ✓ Completed 'optimizer_states' in 0.27s
08:09:29.348 | INFO    (310020, stable_pretraining.callbacks.cpu_offload) | Processing checkpoint key: 'lr_schedulers'
08:09:29.348 | SUCCESS (310020, stable_pretraining.callbacks.cpu_offload) | ✓ Completed 'lr_schedulers' in 0.00s
08:09:29.348 | WARNING (310020, stable_pretraining.callbacks.cpu_offload) | Skipped 321 custom object(s)
08:09:29.349 | WARNING (310020, stable_pretraining.callbacks.cpu_offload) | First 10 skipped objects:
08:09:29.349 | WARNING (310020, stable_pretraining.callbacks.cpu_offload) |   - float at 'optimizer_states[0].param_groups[0].lr'
08:09:29.349 | WARNING (310020, stable_pretraining.callbacks.cpu_offload) |   - float at 'optimizer_states[0].param_groups[0].betas[0]'
08:09:29.349 | WARNING (310020, stable_pretraining.callbacks.cpu_offload) |   - float at 'optimizer_states[0].param_groups[0].betas[1]'
08:09:29.350 | WARNING (310020, stable_pretraining.callbacks.cpu_offload) |   - float at 'optimizer_states[0].param_groups[0].eps'
08:09:29.350 | WARNING (310020, stable_pretraining.callbacks.cpu_offload) |   - float at 'optimizer_states[0].param_groups[0].weight_decay'
08:09:29.350 | WARNING (310020, stable_pretraining.callbacks.cpu_offload) |   - bool at 'optimizer_states[0].param_groups[0].amsgrad'
08:09:29.350 | WARNING (310020, stable_pretraining.callbacks.cpu_offload) |   - bool at 'optimizer_states[0].param_groups[0].maximize'
08:09:29.351 | WARNING (310020, stable_pretraining.callbacks.cpu_offload) |   - NoneType at 'optimizer_states[0].param_groups[0].foreach'
08:09:29.351 | WARNING (310020, stable_pretraining.callbacks.cpu_offload) |   - bool at 'optimizer_states[0].param_groups[0].capturable'
08:09:29.351 | WARNING (310020, stable_pretraining.callbacks.cpu_offload) |   - bool at 'optimizer_states[0].param_groups[0].differentiable'
08:09:29.351 | WARNING (310020, stable_pretraining.callbacks.cpu_offload) | ... (301 more skipped) ...
08:09:29.352 | WARNING (310020, stable_pretraining.callbacks.cpu_offload) | Last 10 skipped objects:
08:09:29.352 | WARNING (310020, stable_pretraining.callbacks.cpu_offload) |   - int at 'optimizer_states[0].param_groups[0].params[298]'
08:09:29.352 | WARNING (310020, stable_pretraining.callbacks.cpu_offload) |   - int at 'lr_schedulers[0].warmup_steps'
08:09:29.352 | WARNING (310020, stable_pretraining.callbacks.cpu_offload) |   - int at 'lr_schedulers[0].max_steps'
08:09:29.352 | WARNING (310020, stable_pretraining.callbacks.cpu_offload) |   - float at 'lr_schedulers[0].warmup_start_lr'
08:09:29.353 | WARNING (310020, stable_pretraining.callbacks.cpu_offload) |   - float at 'lr_schedulers[0].eta_min'
08:09:29.353 | WARNING (310020, stable_pretraining.callbacks.cpu_offload) |   - float at 'lr_schedulers[0].base_lrs[0]'
08:09:29.353 | WARNING (310020, stable_pretraining.callbacks.cpu_offload) |   - int at 'lr_schedulers[0].last_epoch'
08:09:29.353 | WARNING (310020, stable_pretraining.callbacks.cpu_offload) |   - int at 'lr_schedulers[0]._step_count'
08:09:29.354 | WARNING (310020, stable_pretraining.callbacks.cpu_offload) |   - bool at 'lr_schedulers[0]._get_lr_called_within_step'
08:09:29.354 | WARNING (310020, stable_pretraining.callbacks.cpu_offload) |   - float at 'lr_schedulers[0]._last_lr[0]'
08:09:29.354 | INFO    (310020, stable_pretraining.callbacks.cpu_offload) | To see all 321 skipped objects, set log_skipped=True
08:09:29.355 | INFO    (310020, stable_pretraining.callbacks.cpu_offload) | GPU memory after offload:
08:09:29.356 | INFO    (310020, stable_pretraining.callbacks.cpu_offload) |   - Allocated: 0.24 GB
08:09:29.356 | INFO    (310020, stable_pretraining.callbacks.cpu_offload) |   - Reserved: 16.63 GB
08:09:29.356 | INFO    (310020, stable_pretraining.callbacks.cpu_offload) | GPU memory freed: 0.00 GB
08:09:29.357 | SUCCESS (310020, stable_pretraining.callbacks.cpu_offload) | CPUOffloadCallback: Checkpoint #12 completed in 0.41s
08:09:29.357 | INFO    (310020, stable_pretraining.callbacks.cpu_offload) | Successfully processed keys: ['state_dict', 'optimizer_states', 'lr_schedulers']
08:09:29.357 | INFO    (310020, stable_pretraining.callbacks.cpu_offload) | Cumulative stats:
08:09:29.358 | INFO    (310020, stable_pretraining.callbacks.cpu_offload) |   - Total checkpoints saved: 12
08:09:29.358 | INFO    (310020, stable_pretraining.callbacks.cpu_offload) |   - Total time in offload: 7.71s
08:09:29.359 | INFO    (310020, stable_pretraining.callbacks.cpu_offload) |   - Total memory freed: 0.00 GB
08:09:29.359 | INFO    (310020, stable_pretraining.callbacks.cpu_offload) |   - Average time per checkpoint: 0.64s
08:09:29.359 | INFO    (310020, stable_pretraining.callbacks.cpu_offload) | ============================================================
08:37:54.448 | WARNING (310020, stable_pretraining.module) | You are calling self.parameters which also gives callbacks parameters, to remove then, pass `with_callbacks=False`
08:41:23.751 | INFO    (310020, stable_pretraining.callbacks.trainer_info) | \n+----------------------------+------------------------+
|           Metric           |         Value          |
+----------------------------+------------------------+
|          [0;34;40mfit/loss[0m          | [0;32;40m0.0012800515396520495[0m  |
|       [0;34;40mfit/pred_loss[0m        | [0;32;40m0.00016181492537725717[0m |
|      [0;34;40mfit/rdmreg_loss[0m       | [0;32;40m0.0011182365706190467[0m  |
|       [0;34;40mvalidate/loss[0m        | [0;32;40m0.0012937979772686958[0m  |
|    [0;34;40mvalidate/loss_epoch[0m     | [0;32;40m0.0012937979772686958[0m  |
|     [0;34;40mvalidate/pred_loss[0m     | [0;32;40m0.00012527666694950312[0m |
|  [0;34;40mvalidate/pred_loss_epoch[0m  | [0;32;40m0.00012527666694950312[0m |
|    [0;34;40mvalidate/rdmreg_loss[0m    | [0;32;40m0.0011685218196362257[0m  |
| [0;34;40mvalidate/rdmreg_loss_epoch[0m | [0;32;40m0.0011685218196362257[0m  |
+----------------------------+------------------------+
08:41:24.034 | INFO    (310020, stable_pretraining.callbacks.checkpoint_sklearn) | Checking for non PyTorch modules to save... 🔧
08:41:24.035 | INFO    (310020, stable_pretraining.callbacks.checkpoint_sklearn) | Checking for Wandb params to save... 🔧
08:41:24.035 | INFO    (310020, stable_pretraining.callbacks.checkpoint_sklearn) | Saving Wandb params {'id': 'lewm_lp_pusht_expert_mu-2'}
08:41:24.035 | INFO    (310020, stable_pretraining.callbacks.checkpoint_sklearn) | Checking for Wandb params to save... Done!
08:41:24.036 | INFO    (310020, stable_pretraining.callbacks.cpu_offload) | ============================================================
08:41:24.036 | INFO    (310020, stable_pretraining.callbacks.cpu_offload) | CPUOffloadCallback: Starting checkpoint CPU offload (#13)
08:41:24.036 | INFO    (310020, stable_pretraining.callbacks.cpu_offload) |   - Global step: 24381
08:41:24.037 | INFO    (310020, stable_pretraining.callbacks.cpu_offload) |   - Epoch: 6
08:41:24.037 | INFO    (310020, stable_pretraining.callbacks.cpu_offload) | Checkpoint contains 11 keys: ['callbacks', 'epoch', 'global_step', 'hparams_name', 'hyper_parameters', 'loops', 'lr_schedulers', 'optimizer_states', 'pytorch-lightning_version', 'state_dict', 'wandb']
08:41:24.037 | INFO    (310020, stable_pretraining.callbacks.cpu_offload) | GPU memory before offload:
08:41:24.037 | INFO    (310020, stable_pretraining.callbacks.cpu_offload) |   - Allocated: 0.24 GB
08:41:24.038 | INFO    (310020, stable_pretraining.callbacks.cpu_offload) |   - Reserved: 16.63 GB
08:41:24.038 | INFO    (310020, stable_pretraining.callbacks.cpu_offload) | Processing checkpoint key: 'state_dict'
08:41:24.222 | SUCCESS (310020, stable_pretraining.callbacks.cpu_offload) | ✓ Completed 'state_dict' in 0.18s
08:41:24.223 | INFO    (310020, stable_pretraining.callbacks.cpu_offload) | Processing checkpoint key: 'optimizer_states'
08:41:24.607 | SUCCESS (310020, stable_pretraining.callbacks.cpu_offload) | ✓ Completed 'optimizer_states' in 0.38s
08:41:24.608 | INFO    (310020, stable_pretraining.callbacks.cpu_offload) | Processing checkpoint key: 'lr_schedulers'
08:41:24.608 | SUCCESS (310020, stable_pretraining.callbacks.cpu_offload) | ✓ Completed 'lr_schedulers' in 0.00s
08:41:24.609 | WARNING (310020, stable_pretraining.callbacks.cpu_offload) | Skipped 321 custom object(s)
08:41:24.609 | WARNING (310020, stable_pretraining.callbacks.cpu_offload) | First 10 skipped objects:
08:41:24.609 | WARNING (310020, stable_pretraining.callbacks.cpu_offload) |   - float at 'optimizer_states[0].param_groups[0].lr'
08:41:24.610 | WARNING (310020, stable_pretraining.callbacks.cpu_offload) |   - float at 'optimizer_states[0].param_groups[0].betas[0]'
08:41:24.610 | WARNING (310020, stable_pretraining.callbacks.cpu_offload) |   - float at 'optimizer_states[0].param_groups[0].betas[1]'
08:41:24.610 | WARNING (310020, stable_pretraining.callbacks.cpu_offload) |   - float at 'optimizer_states[0].param_groups[0].eps'
08:41:24.610 | WARNING (310020, stable_pretraining.callbacks.cpu_offload) |   - float at 'optimizer_states[0].param_groups[0].weight_decay'
08:41:24.610 | WARNING (310020, stable_pretraining.callbacks.cpu_offload) |   - bool at 'optimizer_states[0].param_groups[0].amsgrad'
08:41:24.611 | WARNING (310020, stable_pretraining.callbacks.cpu_offload) |   - bool at 'optimizer_states[0].param_groups[0].maximize'
08:41:24.611 | WARNING (310020, stable_pretraining.callbacks.cpu_offload) |   - NoneType at 'optimizer_states[0].param_groups[0].foreach'
08:41:24.611 | WARNING (310020, stable_pretraining.callbacks.cpu_offload) |   - bool at 'optimizer_states[0].param_groups[0].capturable'
08:41:24.611 | WARNING (310020, stable_pretraining.callbacks.cpu_offload) |   - bool at 'optimizer_states[0].param_groups[0].differentiable'
08:41:24.611 | WARNING (310020, stable_pretraining.callbacks.cpu_offload) | ... (301 more skipped) ...
08:41:24.611 | WARNING (310020, stable_pretraining.callbacks.cpu_offload) | Last 10 skipped objects:
08:41:24.612 | WARNING (310020, stable_pretraining.callbacks.cpu_offload) |   - int at 'optimizer_states[0].param_groups[0].params[298]'
08:41:24.612 | WARNING (310020, stable_pretraining.callbacks.cpu_offload) |   - int at 'lr_schedulers[0].warmup_steps'
08:41:24.612 | WARNING (310020, stable_pretraining.callbacks.cpu_offload) |   - int at 'lr_schedulers[0].max_steps'
08:41:24.612 | WARNING (310020, stable_pretraining.callbacks.cpu_offload) |   - float at 'lr_schedulers[0].warmup_start_lr'
08:41:24.612 | WARNING (310020, stable_pretraining.callbacks.cpu_offload) |   - float at 'lr_schedulers[0].eta_min'
08:41:24.613 | WARNING (310020, stable_pretraining.callbacks.cpu_offload) |   - float at 'lr_schedulers[0].base_lrs[0]'
08:41:24.613 | WARNING (310020, stable_pretraining.callbacks.cpu_offload) |   - int at 'lr_schedulers[0].last_epoch'
08:41:24.613 | WARNING (310020, stable_pretraining.callbacks.cpu_offload) |   - int at 'lr_schedulers[0]._step_count'
08:41:24.613 | WARNING (310020, stable_pretraining.callbacks.cpu_offload) |   - bool at 'lr_schedulers[0]._get_lr_called_within_step'
08:41:24.613 | WARNING (310020, stable_pretraining.callbacks.cpu_offload) |   - float at 'lr_schedulers[0]._last_lr[0]'
08:41:24.614 | INFO    (310020, stable_pretraining.callbacks.cpu_offload) | To see all 321 skipped objects, set log_skipped=True
08:41:24.614 | INFO    (310020, stable_pretraining.callbacks.cpu_offload) | GPU memory after offload:
08:41:24.615 | INFO    (310020, stable_pretraining.callbacks.cpu_offload) |   - Allocated: 0.24 GB
08:41:24.615 | INFO    (310020, stable_pretraining.callbacks.cpu_offload) |   - Reserved: 16.63 GB
08:41:24.615 | INFO    (310020, stable_pretraining.callbacks.cpu_offload) | GPU memory freed: 0.00 GB
08:41:24.615 | SUCCESS (310020, stable_pretraining.callbacks.cpu_offload) | CPUOffloadCallback: Checkpoint #13 completed in 0.58s
08:41:24.615 | INFO    (310020, stable_pretraining.callbacks.cpu_offload) | Successfully processed keys: ['state_dict', 'optimizer_states', 'lr_schedulers']
08:41:24.616 | INFO    (310020, stable_pretraining.callbacks.cpu_offload) | Cumulative stats:
08:41:24.616 | INFO    (310020, stable_pretraining.callbacks.cpu_offload) |   - Total checkpoints saved: 13
08:41:24.616 | INFO    (310020, stable_pretraining.callbacks.cpu_offload) |   - Total time in offload: 8.29s
08:41:24.616 | INFO    (310020, stable_pretraining.callbacks.cpu_offload) |   - Total memory freed: 0.00 GB
08:41:24.616 | INFO    (310020, stable_pretraining.callbacks.cpu_offload) |   - Average time per checkpoint: 0.64s
08:41:24.616 | INFO    (310020, stable_pretraining.callbacks.cpu_offload) | ============================================================
08:41:26.032 | INFO    (310020, stable_pretraining.callbacks.checkpoint_sklearn) | Checking for non PyTorch modules to save... 🔧
08:41:26.033 | INFO    (310020, stable_pretraining.callbacks.checkpoint_sklearn) | Checking for Wandb params to save... 🔧
08:41:26.033 | INFO    (310020, stable_pretraining.callbacks.checkpoint_sklearn) | Saving Wandb params {'id': 'lewm_lp_pusht_expert_mu-2'}
08:41:26.033 | INFO    (310020, stable_pretraining.callbacks.checkpoint_sklearn) | Checking for Wandb params to save... Done!
08:41:26.034 | INFO    (310020, stable_pretraining.callbacks.cpu_offload) | ============================================================
08:41:26.034 | INFO    (310020, stable_pretraining.callbacks.cpu_offload) | CPUOffloadCallback: Starting checkpoint CPU offload (#14)
08:41:26.034 | INFO    (310020, stable_pretraining.callbacks.cpu_offload) |   - Global step: 24381
08:41:26.034 | INFO    (310020, stable_pretraining.callbacks.cpu_offload) |   - Epoch: 6
08:41:26.035 | INFO    (310020, stable_pretraining.callbacks.cpu_offload) | Checkpoint contains 11 keys: ['callbacks', 'epoch', 'global_step', 'hparams_name', 'hyper_parameters', 'loops', 'lr_schedulers', 'optimizer_states', 'pytorch-lightning_version', 'state_dict', 'wandb']
08:41:26.035 | INFO    (310020, stable_pretraining.callbacks.cpu_offload) | GPU memory before offload:
08:41:26.035 | INFO    (310020, stable_pretraining.callbacks.cpu_offload) |   - Allocated: 0.24 GB
08:41:26.036 | INFO    (310020, stable_pretraining.callbacks.cpu_offload) |   - Reserved: 16.63 GB
08:41:26.036 | INFO    (310020, stable_pretraining.callbacks.cpu_offload) | Processing checkpoint key: 'state_dict'
08:41:26.164 | SUCCESS (310020, stable_pretraining.callbacks.cpu_offload) | ✓ Completed 'state_dict' in 0.13s
08:41:26.164 | INFO    (310020, stable_pretraining.callbacks.cpu_offload) | Processing checkpoint key: 'optimizer_states'
08:41:26.461 | SUCCESS (310020, stable_pretraining.callbacks.cpu_offload) | ✓ Completed 'optimizer_states' in 0.30s
08:41:26.462 | INFO    (310020, stable_pretraining.callbacks.cpu_offload) | Processing checkpoint key: 'lr_schedulers'
08:41:26.462 | SUCCESS (310020, stable_pretraining.callbacks.cpu_offload) | ✓ Completed 'lr_schedulers' in 0.00s
08:41:26.462 | WARNING (310020, stable_pretraining.callbacks.cpu_offload) | Skipped 321 custom object(s)
08:41:26.463 | WARNING (310020, stable_pretraining.callbacks.cpu_offload) | First 10 skipped objects:
08:41:26.463 | WARNING (310020, stable_pretraining.callbacks.cpu_offload) |   - float at 'optimizer_states[0].param_groups[0].lr'
08:41:26.463 | WARNING (310020, stable_pretraining.callbacks.cpu_offload) |   - float at 'optimizer_states[0].param_groups[0].betas[0]'
08:41:26.463 | WARNING (310020, stable_pretraining.callbacks.cpu_offload) |   - float at 'optimizer_states[0].param_groups[0].betas[1]'
08:41:26.463 | WARNING (310020, stable_pretraining.callbacks.cpu_offload) |   - float at 'optimizer_states[0].param_groups[0].eps'
08:41:26.464 | WARNING (310020, stable_pretraining.callbacks.cpu_offload) |   - float at 'optimizer_states[0].param_groups[0].weight_decay'
08:41:26.464 | WARNING (310020, stable_pretraining.callbacks.cpu_offload) |   - bool at 'optimizer_states[0].param_groups[0].amsgrad'
08:41:26.464 | WARNING (310020, stable_pretraining.callbacks.cpu_offload) |   - bool at 'optimizer_states[0].param_groups[0].maximize'
08:41:26.464 | WARNING (310020, stable_pretraining.callbacks.cpu_offload) |   - NoneType at 'optimizer_states[0].param_groups[0].foreach'
08:41:26.464 | WARNING (310020, stable_pretraining.callbacks.cpu_offload) |   - bool at 'optimizer_states[0].param_groups[0].capturable'
08:41:26.464 | WARNING (310020, stable_pretraining.callbacks.cpu_offload) |   - bool at 'optimizer_states[0].param_groups[0].differentiable'
08:41:26.464 | WARNING (310020, stable_pretraining.callbacks.cpu_offload) | ... (301 more skipped) ...
08:41:26.464 | WARNING (310020, stable_pretraining.callbacks.cpu_offload) | Last 10 skipped objects:
08:41:26.465 | WARNING (310020, stable_pretraining.callbacks.cpu_offload) |   - int at 'optimizer_states[0].param_groups[0].params[298]'
08:41:26.465 | WARNING (310020, stable_pretraining.callbacks.cpu_offload) |   - int at 'lr_schedulers[0].warmup_steps'
08:41:26.465 | WARNING (310020, stable_pretraining.callbacks.cpu_offload) |   - int at 'lr_schedulers[0].max_steps'
08:41:26.465 | WARNING (310020, stable_pretraining.callbacks.cpu_offload) |   - float at 'lr_schedulers[0].warmup_start_lr'
08:41:26.465 | WARNING (310020, stable_pretraining.callbacks.cpu_offload) |   - float at 'lr_schedulers[0].eta_min'
08:41:26.465 | WARNING (310020, stable_pretraining.callbacks.cpu_offload) |   - float at 'lr_schedulers[0].base_lrs[0]'
08:41:26.466 | WARNING (310020, stable_pretraining.callbacks.cpu_offload) |   - int at 'lr_schedulers[0].last_epoch'
08:41:26.466 | WARNING (310020, stable_pretraining.callbacks.cpu_offload) |   - int at 'lr_schedulers[0]._step_count'
08:41:26.466 | WARNING (310020, stable_pretraining.callbacks.cpu_offload) |   - bool at 'lr_schedulers[0]._get_lr_called_within_step'
08:41:26.466 | WARNING (310020, stable_pretraining.callbacks.cpu_offload) |   - float at 'lr_schedulers[0]._last_lr[0]'
08:41:26.466 | INFO    (310020, stable_pretraining.callbacks.cpu_offload) | To see all 321 skipped objects, set log_skipped=True
08:41:26.467 | INFO    (310020, stable_pretraining.callbacks.cpu_offload) | GPU memory after offload:
08:41:26.467 | INFO    (310020, stable_pretraining.callbacks.cpu_offload) |   - Allocated: 0.24 GB
08:41:26.467 | INFO    (310020, stable_pretraining.callbacks.cpu_offload) |   - Reserved: 16.63 GB
08:41:26.467 | INFO    (310020, stable_pretraining.callbacks.cpu_offload) | GPU memory freed: 0.00 GB
08:41:26.467 | SUCCESS (310020, stable_pretraining.callbacks.cpu_offload) | CPUOffloadCallback: Checkpoint #14 completed in 0.43s
08:41:26.468 | INFO    (310020, stable_pretraining.callbacks.cpu_offload) | Successfully processed keys: ['state_dict', 'optimizer_states', 'lr_schedulers']
08:41:26.468 | INFO    (310020, stable_pretraining.callbacks.cpu_offload) | Cumulative stats:
08:41:26.468 | INFO    (310020, stable_pretraining.callbacks.cpu_offload) |   - Total checkpoints saved: 14
08:41:26.468 | INFO    (310020, stable_pretraining.callbacks.cpu_offload) |   - Total time in offload: 8.72s
08:41:26.468 | INFO    (310020, stable_pretraining.callbacks.cpu_offload) |   - Total memory freed: 0.00 GB
08:41:26.468 | INFO    (310020, stable_pretraining.callbacks.cpu_offload) |   - Average time per checkpoint: 0.62s
08:41:26.469 | INFO    (310020, stable_pretraining.callbacks.cpu_offload) | ============================================================
09:10:31.842 | WARNING (310020, stable_pretraining.module) | You are calling self.parameters which also gives callbacks parameters, to remove then, pass `with_callbacks=False`
09:14:06.236 | INFO    (310020, stable_pretraining.callbacks.trainer_info) | \n+----------------------------+------------------------+
|           Metric           |         Value          |
+----------------------------+------------------------+
|          [0;34;40mfit/loss[0m          | [0;32;40m0.0011477358639240265[0m  |
|       [0;34;40mfit/pred_loss[0m        | [0;32;40m0.00013098702766001225[0m |
|      [0;34;40mfit/rdmreg_loss[0m       | [0;32;40m0.0010167488362640142[0m  |
|       [0;34;40mvalidate/loss[0m        | [0;32;40m0.0012299196096137166[0m  |
|    [0;34;40mvalidate/loss_epoch[0m     | [0;32;40m0.0012299196096137166[0m  |
|     [0;34;40mvalidate/pred_loss[0m     | [0;32;40m9.519868035567924e-05[0m  |
|  [0;34;40mvalidate/pred_loss_epoch[0m  | [0;32;40m9.519868035567924e-05[0m  |
|    [0;34;40mvalidate/rdmreg_loss[0m    | [0;32;40m0.0011347210966050625[0m  |
| [0;34;40mvalidate/rdmreg_loss_epoch[0m | [0;32;40m0.0011347210966050625[0m  |
+----------------------------+------------------------+
09:14:06.500 | INFO    (310020, stable_pretraining.callbacks.checkpoint_sklearn) | Checking for non PyTorch modules to save... 🔧
09:14:06.500 | INFO    (310020, stable_pretraining.callbacks.checkpoint_sklearn) | Checking for Wandb params to save... 🔧
09:14:06.500 | INFO    (310020, stable_pretraining.callbacks.checkpoint_sklearn) | Saving Wandb params {'id': 'lewm_lp_pusht_expert_mu-2'}
09:14:06.500 | INFO    (310020, stable_pretraining.callbacks.checkpoint_sklearn) | Checking for Wandb params to save... Done!
09:14:06.501 | INFO    (310020, stable_pretraining.callbacks.cpu_offload) | ============================================================
09:14:06.501 | INFO    (310020, stable_pretraining.callbacks.cpu_offload) | CPUOffloadCallback: Starting checkpoint CPU offload (#15)
09:14:06.501 | INFO    (310020, stable_pretraining.callbacks.cpu_offload) |   - Global step: 27864
09:14:06.501 | INFO    (310020, stable_pretraining.callbacks.cpu_offload) |   - Epoch: 7
09:14:06.501 | INFO    (310020, stable_pretraining.callbacks.cpu_offload) | Checkpoint contains 11 keys: ['callbacks', 'epoch', 'global_step', 'hparams_name', 'hyper_parameters', 'loops', 'lr_schedulers', 'optimizer_states', 'pytorch-lightning_version', 'state_dict', 'wandb']
09:14:06.502 | INFO    (310020, stable_pretraining.callbacks.cpu_offload) | GPU memory before offload:
09:14:06.502 | INFO    (310020, stable_pretraining.callbacks.cpu_offload) |   - Allocated: 0.24 GB
09:14:06.502 | INFO    (310020, stable_pretraining.callbacks.cpu_offload) |   - Reserved: 16.63 GB
09:14:06.502 | INFO    (310020, stable_pretraining.callbacks.cpu_offload) | Processing checkpoint key: 'state_dict'
09:14:06.709 | SUCCESS (310020, stable_pretraining.callbacks.cpu_offload) | ✓ Completed 'state_dict' in 0.21s
09:14:06.709 | INFO    (310020, stable_pretraining.callbacks.cpu_offload) | Processing checkpoint key: 'optimizer_states'
09:14:07.126 | SUCCESS (310020, stable_pretraining.callbacks.cpu_offload) | ✓ Completed 'optimizer_states' in 0.42s
09:14:07.126 | INFO    (310020, stable_pretraining.callbacks.cpu_offload) | Processing checkpoint key: 'lr_schedulers'
09:14:07.127 | SUCCESS (310020, stable_pretraining.callbacks.cpu_offload) | ✓ Completed 'lr_schedulers' in 0.00s
09:14:07.127 | WARNING (310020, stable_pretraining.callbacks.cpu_offload) | Skipped 321 custom object(s)
09:14:07.127 | WARNING (310020, stable_pretraining.callbacks.cpu_offload) | First 10 skipped objects:
09:14:07.127 | WARNING (310020, stable_pretraining.callbacks.cpu_offload) |   - float at 'optimizer_states[0].param_groups[0].lr'
09:14:07.128 | WARNING (310020, stable_pretraining.callbacks.cpu_offload) |   - float at 'optimizer_states[0].param_groups[0].betas[0]'
09:14:07.128 | WARNING (310020, stable_pretraining.callbacks.cpu_offload) |   - float at 'optimizer_states[0].param_groups[0].betas[1]'
09:14:07.128 | WARNING (310020, stable_pretraining.callbacks.cpu_offload) |   - float at 'optimizer_states[0].param_groups[0].eps'
09:14:07.128 | WARNING (310020, stable_pretraining.callbacks.cpu_offload) |   - float at 'optimizer_states[0].param_groups[0].weight_decay'
09:14:07.128 | WARNING (310020, stable_pretraining.callbacks.cpu_offload) |   - bool at 'optimizer_states[0].param_groups[0].amsgrad'
09:14:07.129 | WARNING (310020, stable_pretraining.callbacks.cpu_offload) |   - bool at 'optimizer_states[0].param_groups[0].maximize'
09:14:07.129 | WARNING (310020, stable_pretraining.callbacks.cpu_offload) |   - NoneType at 'optimizer_states[0].param_groups[0].foreach'
09:14:07.129 | WARNING (310020, stable_pretraining.callbacks.cpu_offload) |   - bool at 'optimizer_states[0].param_groups[0].capturable'
09:14:07.129 | WARNING (310020, stable_pretraining.callbacks.cpu_offload) |   - bool at 'optimizer_states[0].param_groups[0].differentiable'
09:14:07.129 | WARNING (310020, stable_pretraining.callbacks.cpu_offload) | ... (301 more skipped) ...
09:14:07.129 | WARNING (310020, stable_pretraining.callbacks.cpu_offload) | Last 10 skipped objects:
09:14:07.129 | WARNING (310020, stable_pretraining.callbacks.cpu_offload) |   - int at 'optimizer_states[0].param_groups[0].params[298]'
09:14:07.130 | WARNING (310020, stable_pretraining.callbacks.cpu_offload) |   - int at 'lr_schedulers[0].warmup_steps'
09:14:07.130 | WARNING (310020, stable_pretraining.callbacks.cpu_offload) |   - int at 'lr_schedulers[0].max_steps'
09:14:07.130 | WARNING (310020, stable_pretraining.callbacks.cpu_offload) |   - float at 'lr_schedulers[0].warmup_start_lr'
09:14:07.130 | WARNING (310020, stable_pretraining.callbacks.cpu_offload) |   - float at 'lr_schedulers[0].eta_min'
09:14:07.131 | WARNING (310020, stable_pretraining.callbacks.cpu_offload) |   - float at 'lr_schedulers[0].base_lrs[0]'
09:14:07.131 | WARNING (310020, stable_pretraining.callbacks.cpu_offload) |   - int at 'lr_schedulers[0].last_epoch'
09:14:07.131 | WARNING (310020, stable_pretraining.callbacks.cpu_offload) |   - int at 'lr_schedulers[0]._step_count'
09:14:07.131 | WARNING (310020, stable_pretraining.callbacks.cpu_offload) |   - bool at 'lr_schedulers[0]._get_lr_called_within_step'
09:14:07.131 | WARNING (310020, stable_pretraining.callbacks.cpu_offload) |   - float at 'lr_schedulers[0]._last_lr[0]'
09:14:07.131 | INFO    (310020, stable_pretraining.callbacks.cpu_offload) | To see all 321 skipped objects, set log_skipped=True
09:14:07.132 | INFO    (310020, stable_pretraining.callbacks.cpu_offload) | GPU memory after offload:
09:14:07.132 | INFO    (310020, stable_pretraining.callbacks.cpu_offload) |   - Allocated: 0.24 GB
09:14:07.132 | INFO    (310020, stable_pretraining.callbacks.cpu_offload) |   - Reserved: 16.63 GB
09:14:07.133 | INFO    (310020, stable_pretraining.callbacks.cpu_offload) | GPU memory freed: 0.00 GB
09:14:07.133 | SUCCESS (310020, stable_pretraining.callbacks.cpu_offload) | CPUOffloadCallback: Checkpoint #15 completed in 0.63s
09:14:07.133 | INFO    (310020, stable_pretraining.callbacks.cpu_offload) | Successfully processed keys: ['state_dict', 'optimizer_states', 'lr_schedulers']
09:14:07.133 | INFO    (310020, stable_pretraining.callbacks.cpu_offload) | Cumulative stats:
09:14:07.133 | INFO    (310020, stable_pretraining.callbacks.cpu_offload) |   - Total checkpoints saved: 15
09:14:07.134 | INFO    (310020, stable_pretraining.callbacks.cpu_offload) |   - Total time in offload: 9.35s
09:14:07.134 | INFO    (310020, stable_pretraining.callbacks.cpu_offload) |   - Total memory freed: 0.00 GB
09:14:07.134 | INFO    (310020, stable_pretraining.callbacks.cpu_offload) |   - Average time per checkpoint: 0.62s
09:14:07.134 | INFO    (310020, stable_pretraining.callbacks.cpu_offload) | ============================================================
09:14:08.523 | INFO    (310020, stable_pretraining.callbacks.checkpoint_sklearn) | Checking for non PyTorch modules to save... 🔧
09:14:08.524 | INFO    (310020, stable_pretraining.callbacks.checkpoint_sklearn) | Checking for Wandb params to save... 🔧
09:14:08.524 | INFO    (310020, stable_pretraining.callbacks.checkpoint_sklearn) | Saving Wandb params {'id': 'lewm_lp_pusht_expert_mu-2'}
09:14:08.524 | INFO    (310020, stable_pretraining.callbacks.checkpoint_sklearn) | Checking for Wandb params to save... Done!
09:14:08.524 | INFO    (310020, stable_pretraining.callbacks.cpu_offload) | ============================================================
09:14:08.525 | INFO    (310020, stable_pretraining.callbacks.cpu_offload) | CPUOffloadCallback: Starting checkpoint CPU offload (#16)
09:14:08.525 | INFO    (310020, stable_pretraining.callbacks.cpu_offload) |   - Global step: 27864
09:14:08.525 | INFO    (310020, stable_pretraining.callbacks.cpu_offload) |   - Epoch: 7
09:14:08.525 | INFO    (310020, stable_pretraining.callbacks.cpu_offload) | Checkpoint contains 11 keys: ['callbacks', 'epoch', 'global_step', 'hparams_name', 'hyper_parameters', 'loops', 'lr_schedulers', 'optimizer_states', 'pytorch-lightning_version', 'state_dict', 'wandb']
09:14:08.525 | INFO    (310020, stable_pretraining.callbacks.cpu_offload) | GPU memory before offload:
09:14:08.526 | INFO    (310020, stable_pretraining.callbacks.cpu_offload) |   - Allocated: 0.24 GB
09:14:08.526 | INFO    (310020, stable_pretraining.callbacks.cpu_offload) |   - Reserved: 16.63 GB
09:14:08.526 | INFO    (310020, stable_pretraining.callbacks.cpu_offload) | Processing checkpoint key: 'state_dict'
09:14:08.671 | SUCCESS (310020, stable_pretraining.callbacks.cpu_offload) | ✓ Completed 'state_dict' in 0.15s
09:14:08.672 | INFO    (310020, stable_pretraining.callbacks.cpu_offload) | Processing checkpoint key: 'optimizer_states'
09:14:09.041 | SUCCESS (310020, stable_pretraining.callbacks.cpu_offload) | ✓ Completed 'optimizer_states' in 0.37s
09:14:09.041 | INFO    (310020, stable_pretraining.callbacks.cpu_offload) | Processing checkpoint key: 'lr_schedulers'
09:14:09.042 | SUCCESS (310020, stable_pretraining.callbacks.cpu_offload) | ✓ Completed 'lr_schedulers' in 0.00s
09:14:09.042 | WARNING (310020, stable_pretraining.callbacks.cpu_offload) | Skipped 321 custom object(s)
09:14:09.042 | WARNING (310020, stable_pretraining.callbacks.cpu_offload) | First 10 skipped objects:
09:14:09.042 | WARNING (310020, stable_pretraining.callbacks.cpu_offload) |   - float at 'optimizer_states[0].param_groups[0].lr'
09:14:09.042 | WARNING (310020, stable_pretraining.callbacks.cpu_offload) |   - float at 'optimizer_states[0].param_groups[0].betas[0]'
09:14:09.042 | WARNING (310020, stable_pretraining.callbacks.cpu_offload) |   - float at 'optimizer_states[0].param_groups[0].betas[1]'
09:14:09.042 | WARNING (310020, stable_pretraining.callbacks.cpu_offload) |   - float at 'optimizer_states[0].param_groups[0].eps'
09:14:09.042 | WARNING (310020, stable_pretraining.callbacks.cpu_offload) |   - float at 'optimizer_states[0].param_groups[0].weight_decay'
09:14:09.043 | WARNING (310020, stable_pretraining.callbacks.cpu_offload) |   - bool at 'optimizer_states[0].param_groups[0].amsgrad'
09:14:09.043 | WARNING (310020, stable_pretraining.callbacks.cpu_offload) |   - bool at 'optimizer_states[0].param_groups[0].maximize'
09:14:09.043 | WARNING (310020, stable_pretraining.callbacks.cpu_offload) |   - NoneType at 'optimizer_states[0].param_groups[0].foreach'
09:14:09.043 | WARNING (310020, stable_pretraining.callbacks.cpu_offload) |   - bool at 'optimizer_states[0].param_groups[0].capturable'
09:14:09.043 | WARNING (310020, stable_pretraining.callbacks.cpu_offload) |   - bool at 'optimizer_states[0].param_groups[0].differentiable'
09:14:09.043 | WARNING (310020, stable_pretraining.callbacks.cpu_offload) | ... (301 more skipped) ...
09:14:09.043 | WARNING (310020, stable_pretraining.callbacks.cpu_offload) | Last 10 skipped objects:
09:14:09.044 | WARNING (310020, stable_pretraining.callbacks.cpu_offload) |   - int at 'optimizer_states[0].param_groups[0].params[298]'
09:14:09.044 | WARNING (310020, stable_pretraining.callbacks.cpu_offload) |   - int at 'lr_schedulers[0].warmup_steps'
09:14:09.044 | WARNING (310020, stable_pretraining.callbacks.cpu_offload) |   - int at 'lr_schedulers[0].max_steps'
09:14:09.044 | WARNING (310020, stable_pretraining.callbacks.cpu_offload) |   - float at 'lr_schedulers[0].warmup_start_lr'
09:14:09.044 | WARNING (310020, stable_pretraining.callbacks.cpu_offload) |   - float at 'lr_schedulers[0].eta_min'
09:14:09.044 | WARNING (310020, stable_pretraining.callbacks.cpu_offload) |   - float at 'lr_schedulers[0].base_lrs[0]'
09:14:09.044 | WARNING (310020, stable_pretraining.callbacks.cpu_offload) |   - int at 'lr_schedulers[0].last_epoch'
09:14:09.045 | WARNING (310020, stable_pretraining.callbacks.cpu_offload) |   - int at 'lr_schedulers[0]._step_count'
09:14:09.045 | WARNING (310020, stable_pretraining.callbacks.cpu_offload) |   - bool at 'lr_schedulers[0]._get_lr_called_within_step'
09:14:09.045 | WARNING (310020, stable_pretraining.callbacks.cpu_offload) |   - float at 'lr_schedulers[0]._last_lr[0]'
09:14:09.045 | INFO    (310020, stable_pretraining.callbacks.cpu_offload) | To see all 321 skipped objects, set log_skipped=True
09:14:09.046 | INFO    (310020, stable_pretraining.callbacks.cpu_offload) | GPU memory after offload:
09:14:09.046 | INFO    (310020, stable_pretraining.callbacks.cpu_offload) |   - Allocated: 0.24 GB
09:14:09.046 | INFO    (310020, stable_pretraining.callbacks.cpu_offload) |   - Reserved: 16.63 GB
09:14:09.046 | INFO    (310020, stable_pretraining.callbacks.cpu_offload) | GPU memory freed: 0.00 GB
09:14:09.047 | SUCCESS (310020, stable_pretraining.callbacks.cpu_offload) | CPUOffloadCallback: Checkpoint #16 completed in 0.52s
09:14:09.047 | INFO    (310020, stable_pretraining.callbacks.cpu_offload) | Successfully processed keys: ['state_dict', 'optimizer_states', 'lr_schedulers']
09:14:09.047 | INFO    (310020, stable_pretraining.callbacks.cpu_offload) | Cumulative stats:
09:14:09.047 | INFO    (310020, stable_pretraining.callbacks.cpu_offload) |   - Total checkpoints saved: 16
09:14:09.048 | INFO    (310020, stable_pretraining.callbacks.cpu_offload) |   - Total time in offload: 9.87s
09:14:09.048 | INFO    (310020, stable_pretraining.callbacks.cpu_offload) |   - Total memory freed: 0.00 GB
09:14:09.048 | INFO    (310020, stable_pretraining.callbacks.cpu_offload) |   - Average time per checkpoint: 0.62s
09:14:09.048 | INFO    (310020, stable_pretraining.callbacks.cpu_offload) | ============================================================
09:43:21.365 | WARNING (310020, stable_pretraining.module) | You are calling self.parameters which also gives callbacks parameters, to remove then, pass `with_callbacks=False`
09:46:51.631 | INFO    (310020, stable_pretraining.callbacks.trainer_info) | \n+----------------------------+------------------------+
|           Metric           |         Value          |
+----------------------------+------------------------+
|          [0;34;40mfit/loss[0m          |  [0;32;40m0.001160913030616939[0m  |
|       [0;34;40mfit/pred_loss[0m        | [0;32;40m0.00011054534843424335[0m |
|      [0;34;40mfit/rdmreg_loss[0m       | [0;32;40m0.0010503677185624838[0m  |
|       [0;34;40mvalidate/loss[0m        | [0;32;40m0.0012007876066491008[0m  |
|    [0;34;40mvalidate/loss_epoch[0m     | [0;32;40m0.0012007876066491008[0m  |
|     [0;34;40mvalidate/pred_loss[0m     |  [0;32;40m8.12130601843819e-05[0m  |
|  [0;34;40mvalidate/pred_loss_epoch[0m  |  [0;32;40m8.12130601843819e-05[0m  |
|    [0;34;40mvalidate/rdmreg_loss[0m    | [0;32;40m0.0011195747647434473[0m  |
| [0;34;40mvalidate/rdmreg_loss_epoch[0m | [0;32;40m0.0011195747647434473[0m  |
+----------------------------+------------------------+
09:46:51.899 | INFO    (310020, stable_pretraining.callbacks.checkpoint_sklearn) | Checking for non PyTorch modules to save... 🔧
09:46:51.900 | INFO    (310020, stable_pretraining.callbacks.checkpoint_sklearn) | Checking for Wandb params to save... 🔧
09:46:51.900 | INFO    (310020, stable_pretraining.callbacks.checkpoint_sklearn) | Saving Wandb params {'id': 'lewm_lp_pusht_expert_mu-2'}
09:46:51.900 | INFO    (310020, stable_pretraining.callbacks.checkpoint_sklearn) | Checking for Wandb params to save... Done!
09:46:51.900 | INFO    (310020, stable_pretraining.callbacks.cpu_offload) | ============================================================
09:46:51.901 | INFO    (310020, stable_pretraining.callbacks.cpu_offload) | CPUOffloadCallback: Starting checkpoint CPU offload (#17)
09:46:51.901 | INFO    (310020, stable_pretraining.callbacks.cpu_offload) |   - Global step: 31347
09:46:51.901 | INFO    (310020, stable_pretraining.callbacks.cpu_offload) |   - Epoch: 8
09:46:51.901 | INFO    (310020, stable_pretraining.callbacks.cpu_offload) | Checkpoint contains 11 keys: ['callbacks', 'epoch', 'global_step', 'hparams_name', 'hyper_parameters', 'loops', 'lr_schedulers', 'optimizer_states', 'pytorch-lightning_version', 'state_dict', 'wandb']
09:46:51.902 | INFO    (310020, stable_pretraining.callbacks.cpu_offload) | GPU memory before offload:
09:46:51.902 | INFO    (310020, stable_pretraining.callbacks.cpu_offload) |   - Allocated: 0.24 GB
09:46:51.902 | INFO    (310020, stable_pretraining.callbacks.cpu_offload) |   - Reserved: 16.63 GB
09:46:51.903 | INFO    (310020, stable_pretraining.callbacks.cpu_offload) | Processing checkpoint key: 'state_dict'
09:46:52.206 | SUCCESS (310020, stable_pretraining.callbacks.cpu_offload) | ✓ Completed 'state_dict' in 0.30s
09:46:52.207 | INFO    (310020, stable_pretraining.callbacks.cpu_offload) | Processing checkpoint key: 'optimizer_states'
09:46:52.860 | SUCCESS (310020, stable_pretraining.callbacks.cpu_offload) | ✓ Completed 'optimizer_states' in 0.65s
09:46:52.861 | INFO    (310020, stable_pretraining.callbacks.cpu_offload) | Processing checkpoint key: 'lr_schedulers'
09:46:52.861 | SUCCESS (310020, stable_pretraining.callbacks.cpu_offload) | ✓ Completed 'lr_schedulers' in 0.00s
09:46:52.861 | WARNING (310020, stable_pretraining.callbacks.cpu_offload) | Skipped 321 custom object(s)
09:46:52.861 | WARNING (310020, stable_pretraining.callbacks.cpu_offload) | First 10 skipped objects:
09:46:52.861 | WARNING (310020, stable_pretraining.callbacks.cpu_offload) |   - float at 'optimizer_states[0].param_groups[0].lr'
09:46:52.862 | WARNING (310020, stable_pretraining.callbacks.cpu_offload) |   - float at 'optimizer_states[0].param_groups[0].betas[0]'
09:46:52.862 | WARNING (310020, stable_pretraining.callbacks.cpu_offload) |   - float at 'optimizer_states[0].param_groups[0].betas[1]'
09:46:52.862 | WARNING (310020, stable_pretraining.callbacks.cpu_offload) |   - float at 'optimizer_states[0].param_groups[0].eps'
09:46:52.862 | WARNING (310020, stable_pretraining.callbacks.cpu_offload) |   - float at 'optimizer_states[0].param_groups[0].weight_decay'
09:46:52.862 | WARNING (310020, stable_pretraining.callbacks.cpu_offload) |   - bool at 'optimizer_states[0].param_groups[0].amsgrad'
09:46:52.862 | WARNING (310020, stable_pretraining.callbacks.cpu_offload) |   - bool at 'optimizer_states[0].param_groups[0].maximize'
09:46:52.862 | WARNING (310020, stable_pretraining.callbacks.cpu_offload) |   - NoneType at 'optimizer_states[0].param_groups[0].foreach'
09:46:52.862 | WARNING (310020, stable_pretraining.callbacks.cpu_offload) |   - bool at 'optimizer_states[0].param_groups[0].capturable'
09:46:52.862 | WARNING (310020, stable_pretraining.callbacks.cpu_offload) |   - bool at 'optimizer_states[0].param_groups[0].differentiable'
09:46:52.863 | WARNING (310020, stable_pretraining.callbacks.cpu_offload) | ... (301 more skipped) ...
09:46:52.863 | WARNING (310020, stable_pretraining.callbacks.cpu_offload) | Last 10 skipped objects:
09:46:52.863 | WARNING (310020, stable_pretraining.callbacks.cpu_offload) |   - int at 'optimizer_states[0].param_groups[0].params[298]'
09:46:52.863 | WARNING (310020, stable_pretraining.callbacks.cpu_offload) |   - int at 'lr_schedulers[0].warmup_steps'
09:46:52.863 | WARNING (310020, stable_pretraining.callbacks.cpu_offload) |   - int at 'lr_schedulers[0].max_steps'
09:46:52.863 | WARNING (310020, stable_pretraining.callbacks.cpu_offload) |   - float at 'lr_schedulers[0].warmup_start_lr'
09:46:52.864 | WARNING (310020, stable_pretraining.callbacks.cpu_offload) |   - float at 'lr_schedulers[0].eta_min'
09:46:52.864 | WARNING (310020, stable_pretraining.callbacks.cpu_offload) |   - float at 'lr_schedulers[0].base_lrs[0]'
09:46:52.864 | WARNING (310020, stable_pretraining.callbacks.cpu_offload) |   - int at 'lr_schedulers[0].last_epoch'
09:46:52.864 | WARNING (310020, stable_pretraining.callbacks.cpu_offload) |   - int at 'lr_schedulers[0]._step_count'
09:46:52.864 | WARNING (310020, stable_pretraining.callbacks.cpu_offload) |   - bool at 'lr_schedulers[0]._get_lr_called_within_step'
09:46:52.864 | WARNING (310020, stable_pretraining.callbacks.cpu_offload) |   - float at 'lr_schedulers[0]._last_lr[0]'
09:46:52.864 | INFO    (310020, stable_pretraining.callbacks.cpu_offload) | To see all 321 skipped objects, set log_skipped=True
09:46:52.865 | INFO    (310020, stable_pretraining.callbacks.cpu_offload) | GPU memory after offload:
09:46:52.865 | INFO    (310020, stable_pretraining.callbacks.cpu_offload) |   - Allocated: 0.24 GB
09:46:52.865 | INFO    (310020, stable_pretraining.callbacks.cpu_offload) |   - Reserved: 16.63 GB
09:46:52.865 | INFO    (310020, stable_pretraining.callbacks.cpu_offload) | GPU memory freed: 0.00 GB
09:46:52.865 | SUCCESS (310020, stable_pretraining.callbacks.cpu_offload) | CPUOffloadCallback: Checkpoint #17 completed in 0.96s
09:46:52.865 | INFO    (310020, stable_pretraining.callbacks.cpu_offload) | Successfully processed keys: ['state_dict', 'optimizer_states', 'lr_schedulers']
09:46:52.865 | INFO    (310020, stable_pretraining.callbacks.cpu_offload) | Cumulative stats:
09:46:52.866 | INFO    (310020, stable_pretraining.callbacks.cpu_offload) |   - Total checkpoints saved: 17
09:46:52.866 | INFO    (310020, stable_pretraining.callbacks.cpu_offload) |   - Total time in offload: 10.84s
09:46:52.866 | INFO    (310020, stable_pretraining.callbacks.cpu_offload) |   - Total memory freed: 0.00 GB
09:46:52.866 | INFO    (310020, stable_pretraining.callbacks.cpu_offload) |   - Average time per checkpoint: 0.64s
09:46:52.866 | INFO    (310020, stable_pretraining.callbacks.cpu_offload) | ============================================================
09:46:54.091 | INFO    (310020, stable_pretraining.callbacks.checkpoint_sklearn) | Checking for non PyTorch modules to save... 🔧
09:46:54.092 | INFO    (310020, stable_pretraining.callbacks.checkpoint_sklearn) | Checking for Wandb params to save... 🔧
09:46:54.092 | INFO    (310020, stable_pretraining.callbacks.checkpoint_sklearn) | Saving Wandb params {'id': 'lewm_lp_pusht_expert_mu-2'}
09:46:54.092 | INFO    (310020, stable_pretraining.callbacks.checkpoint_sklearn) | Checking for Wandb params to save... Done!
09:46:54.092 | INFO    (310020, stable_pretraining.callbacks.cpu_offload) | ============================================================
09:46:54.092 | INFO    (310020, stable_pretraining.callbacks.cpu_offload) | CPUOffloadCallback: Starting checkpoint CPU offload (#18)
09:46:54.093 | INFO    (310020, stable_pretraining.callbacks.cpu_offload) |   - Global step: 31347
09:46:54.093 | INFO    (310020, stable_pretraining.callbacks.cpu_offload) |   - Epoch: 8
09:46:54.093 | INFO    (310020, stable_pretraining.callbacks.cpu_offload) | Checkpoint contains 11 keys: ['callbacks', 'epoch', 'global_step', 'hparams_name', 'hyper_parameters', 'loops', 'lr_schedulers', 'optimizer_states', 'pytorch-lightning_version', 'state_dict', 'wandb']
09:46:54.093 | INFO    (310020, stable_pretraining.callbacks.cpu_offload) | GPU memory before offload:
09:46:54.093 | INFO    (310020, stable_pretraining.callbacks.cpu_offload) |   - Allocated: 0.24 GB
09:46:54.094 | INFO    (310020, stable_pretraining.callbacks.cpu_offload) |   - Reserved: 16.63 GB
09:46:54.094 | INFO    (310020, stable_pretraining.callbacks.cpu_offload) | Processing checkpoint key: 'state_dict'
09:46:54.399 | SUCCESS (310020, stable_pretraining.callbacks.cpu_offload) | ✓ Completed 'state_dict' in 0.31s
09:46:54.400 | INFO    (310020, stable_pretraining.callbacks.cpu_offload) | Processing checkpoint key: 'optimizer_states'
09:46:55.077 | SUCCESS (310020, stable_pretraining.callbacks.cpu_offload) | ✓ Completed 'optimizer_states' in 0.68s
09:46:55.078 | INFO    (310020, stable_pretraining.callbacks.cpu_offload) | Processing checkpoint key: 'lr_schedulers'
09:46:55.078 | SUCCESS (310020, stable_pretraining.callbacks.cpu_offload) | ✓ Completed 'lr_schedulers' in 0.00s
09:46:55.079 | WARNING (310020, stable_pretraining.callbacks.cpu_offload) | Skipped 321 custom object(s)
09:46:55.080 | WARNING (310020, stable_pretraining.callbacks.cpu_offload) | First 10 skipped objects:
09:46:55.080 | WARNING (310020, stable_pretraining.callbacks.cpu_offload) |   - float at 'optimizer_states[0].param_groups[0].lr'
09:46:55.080 | WARNING (310020, stable_pretraining.callbacks.cpu_offload) |   - float at 'optimizer_states[0].param_groups[0].betas[0]'
09:46:55.080 | WARNING (310020, stable_pretraining.callbacks.cpu_offload) |   - float at 'optimizer_states[0].param_groups[0].betas[1]'
09:46:55.080 | WARNING (310020, stable_pretraining.callbacks.cpu_offload) |   - float at 'optimizer_states[0].param_groups[0].eps'
09:46:55.080 | WARNING (310020, stable_pretraining.callbacks.cpu_offload) |   - float at 'optimizer_states[0].param_groups[0].weight_decay'
09:46:55.080 | WARNING (310020, stable_pretraining.callbacks.cpu_offload) |   - bool at 'optimizer_states[0].param_groups[0].amsgrad'
09:46:55.081 | WARNING (310020, stable_pretraining.callbacks.cpu_offload) |   - bool at 'optimizer_states[0].param_groups[0].maximize'
09:46:55.081 | WARNING (310020, stable_pretraining.callbacks.cpu_offload) |   - NoneType at 'optimizer_states[0].param_groups[0].foreach'
09:46:55.081 | WARNING (310020, stable_pretraining.callbacks.cpu_offload) |   - bool at 'optimizer_states[0].param_groups[0].capturable'
09:46:55.081 | WARNING (310020, stable_pretraining.callbacks.cpu_offload) |   - bool at 'optimizer_states[0].param_groups[0].differentiable'
09:46:55.081 | WARNING (310020, stable_pretraining.callbacks.cpu_offload) | ... (301 more skipped) ...
09:46:55.081 | WARNING (310020, stable_pretraining.callbacks.cpu_offload) | Last 10 skipped objects:
09:46:55.081 | WARNING (310020, stable_pretraining.callbacks.cpu_offload) |   - int at 'optimizer_states[0].param_groups[0].params[298]'
09:46:55.082 | WARNING (310020, stable_pretraining.callbacks.cpu_offload) |   - int at 'lr_schedulers[0].warmup_steps'
09:46:55.082 | WARNING (310020, stable_pretraining.callbacks.cpu_offload) |   - int at 'lr_schedulers[0].max_steps'
09:46:55.082 | WARNING (310020, stable_pretraining.callbacks.cpu_offload) |   - float at 'lr_schedulers[0].warmup_start_lr'
09:46:55.082 | WARNING (310020, stable_pretraining.callbacks.cpu_offload) |   - float at 'lr_schedulers[0].eta_min'
09:46:55.082 | WARNING (310020, stable_pretraining.callbacks.cpu_offload) |   - float at 'lr_schedulers[0].base_lrs[0]'
09:46:55.082 | WARNING (310020, stable_pretraining.callbacks.cpu_offload) |   - int at 'lr_schedulers[0].last_epoch'
09:46:55.082 | WARNING (310020, stable_pretraining.callbacks.cpu_offload) |   - int at 'lr_schedulers[0]._step_count'
09:46:55.083 | WARNING (310020, stable_pretraining.callbacks.cpu_offload) |   - bool at 'lr_schedulers[0]._get_lr_called_within_step'
09:46:55.083 | WARNING (310020, stable_pretraining.callbacks.cpu_offload) |   - float at 'lr_schedulers[0]._last_lr[0]'
09:46:55.083 | INFO    (310020, stable_pretraining.callbacks.cpu_offload) | To see all 321 skipped objects, set log_skipped=True
09:46:55.083 | INFO    (310020, stable_pretraining.callbacks.cpu_offload) | GPU memory after offload:
09:46:55.084 | INFO    (310020, stable_pretraining.callbacks.cpu_offload) |   - Allocated: 0.24 GB
09:46:55.084 | INFO    (310020, stable_pretraining.callbacks.cpu_offload) |   - Reserved: 16.63 GB
09:46:55.084 | INFO    (310020, stable_pretraining.callbacks.cpu_offload) | GPU memory freed: 0.00 GB
09:46:55.084 | SUCCESS (310020, stable_pretraining.callbacks.cpu_offload) | CPUOffloadCallback: Checkpoint #18 completed in 0.99s
09:46:55.084 | INFO    (310020, stable_pretraining.callbacks.cpu_offload) | Successfully processed keys: ['state_dict', 'optimizer_states', 'lr_schedulers']
09:46:55.084 | INFO    (310020, stable_pretraining.callbacks.cpu_offload) | Cumulative stats:
09:46:55.084 | INFO    (310020, stable_pretraining.callbacks.cpu_offload) |   - Total checkpoints saved: 18
09:46:55.084 | INFO    (310020, stable_pretraining.callbacks.cpu_offload) |   - Total time in offload: 11.83s
09:46:55.084 | INFO    (310020, stable_pretraining.callbacks.cpu_offload) |   - Total memory freed: 0.00 GB
09:46:55.085 | INFO    (310020, stable_pretraining.callbacks.cpu_offload) |   - Average time per checkpoint: 0.66s
09:46:55.085 | INFO    (310020, stable_pretraining.callbacks.cpu_offload) | ============================================================
10:15:02.888 | WARNING (310020, stable_pretraining.module) | You are calling self.parameters which also gives callbacks parameters, to remove then, pass `with_callbacks=False`
10:18:26.098 | INFO    (310020, stable_pretraining.callbacks.trainer_info) | \n+----------------------------+------------------------+
|           Metric           |         Value          |
+----------------------------+------------------------+
|          [0;34;40mfit/loss[0m          | [0;32;40m0.0011208297219127417[0m  |
|       [0;34;40mfit/pred_loss[0m        | [0;32;40m0.00010901570931309834[0m |
|      [0;34;40mfit/rdmreg_loss[0m       | [0;32;40m0.0010118139907717705[0m  |
|       [0;34;40mvalidate/loss[0m        | [0;32;40m0.0011969954939559102[0m  |
|    [0;34;40mvalidate/loss_epoch[0m     | [0;32;40m0.0011969954939559102[0m  |
|     [0;34;40mvalidate/pred_loss[0m     | [0;32;40m7.739226566627622e-05[0m  |
|  [0;34;40mvalidate/pred_loss_epoch[0m  | [0;32;40m7.739226566627622e-05[0m  |
|    [0;34;40mvalidate/rdmreg_loss[0m    | [0;32;40m0.0011196028208360076[0m  |
| [0;34;40mvalidate/rdmreg_loss_epoch[0m | [0;32;40m0.0011196028208360076[0m  |
+----------------------------+------------------------+
10:18:26.836 | INFO    (310020, stable_pretraining.callbacks.checkpoint_sklearn) | Checking for non PyTorch modules to save... 🔧
10:18:26.836 | INFO    (310020, stable_pretraining.callbacks.checkpoint_sklearn) | Checking for Wandb params to save... 🔧
10:18:26.837 | INFO    (310020, stable_pretraining.callbacks.checkpoint_sklearn) | Saving Wandb params {'id': 'lewm_lp_pusht_expert_mu-2'}
10:18:26.837 | INFO    (310020, stable_pretraining.callbacks.checkpoint_sklearn) | Checking for Wandb params to save... Done!
10:18:26.837 | INFO    (310020, stable_pretraining.callbacks.cpu_offload) | ============================================================
10:18:26.837 | INFO    (310020, stable_pretraining.callbacks.cpu_offload) | CPUOffloadCallback: Starting checkpoint CPU offload (#19)
10:18:26.837 | INFO    (310020, stable_pretraining.callbacks.cpu_offload) |   - Global step: 34830
10:18:26.838 | INFO    (310020, stable_pretraining.callbacks.cpu_offload) |   - Epoch: 9
10:18:26.838 | INFO    (310020, stable_pretraining.callbacks.cpu_offload) | Checkpoint contains 11 keys: ['callbacks', 'epoch', 'global_step', 'hparams_name', 'hyper_parameters', 'loops', 'lr_schedulers', 'optimizer_states', 'pytorch-lightning_version', 'state_dict', 'wandb']
10:18:26.838 | INFO    (310020, stable_pretraining.callbacks.cpu_offload) | GPU memory before offload:
10:18:26.838 | INFO    (310020, stable_pretraining.callbacks.cpu_offload) |   - Allocated: 0.24 GB
10:18:26.839 | INFO    (310020, stable_pretraining.callbacks.cpu_offload) |   - Reserved: 16.63 GB
10:18:26.839 | INFO    (310020, stable_pretraining.callbacks.cpu_offload) | Processing checkpoint key: 'state_dict'
10:18:27.028 | SUCCESS (310020, stable_pretraining.callbacks.cpu_offload) | ✓ Completed 'state_dict' in 0.19s
10:18:27.029 | INFO    (310020, stable_pretraining.callbacks.cpu_offload) | Processing checkpoint key: 'optimizer_states'
10:18:27.429 | SUCCESS (310020, stable_pretraining.callbacks.cpu_offload) | ✓ Completed 'optimizer_states' in 0.40s
10:18:27.429 | INFO    (310020, stable_pretraining.callbacks.cpu_offload) | Processing checkpoint key: 'lr_schedulers'
10:18:27.430 | SUCCESS (310020, stable_pretraining.callbacks.cpu_offload) | ✓ Completed 'lr_schedulers' in 0.00s
10:18:27.430 | WARNING (310020, stable_pretraining.callbacks.cpu_offload) | Skipped 321 custom object(s)
10:18:27.430 | WARNING (310020, stable_pretraining.callbacks.cpu_offload) | First 10 skipped objects:
10:18:27.431 | WARNING (310020, stable_pretraining.callbacks.cpu_offload) |   - float at 'optimizer_states[0].param_groups[0].lr'
10:18:27.431 | WARNING (310020, stable_pretraining.callbacks.cpu_offload) |   - float at 'optimizer_states[0].param_groups[0].betas[0]'
10:18:27.432 | WARNING (310020, stable_pretraining.callbacks.cpu_offload) |   - float at 'optimizer_states[0].param_groups[0].betas[1]'
10:18:27.432 | WARNING (310020, stable_pretraining.callbacks.cpu_offload) |   - float at 'optimizer_states[0].param_groups[0].eps'
10:18:27.432 | WARNING (310020, stable_pretraining.callbacks.cpu_offload) |   - float at 'optimizer_states[0].param_groups[0].weight_decay'
10:18:27.432 | WARNING (310020, stable_pretraining.callbacks.cpu_offload) |   - bool at 'optimizer_states[0].param_groups[0].amsgrad'
10:18:27.432 | WARNING (310020, stable_pretraining.callbacks.cpu_offload) |   - bool at 'optimizer_states[0].param_groups[0].maximize'
10:18:27.433 | WARNING (310020, stable_pretraining.callbacks.cpu_offload) |   - NoneType at 'optimizer_states[0].param_groups[0].foreach'
10:18:27.433 | WARNING (310020, stable_pretraining.callbacks.cpu_offload) |   - bool at 'optimizer_states[0].param_groups[0].capturable'
10:18:27.433 | WARNING (310020, stable_pretraining.callbacks.cpu_offload) |   - bool at 'optimizer_states[0].param_groups[0].differentiable'
10:18:27.433 | WARNING (310020, stable_pretraining.callbacks.cpu_offload) | ... (301 more skipped) ...
10:18:27.434 | WARNING (310020, stable_pretraining.callbacks.cpu_offload) | Last 10 skipped objects:
10:18:27.434 | WARNING (310020, stable_pretraining.callbacks.cpu_offload) |   - int at 'optimizer_states[0].param_groups[0].params[298]'
10:18:27.434 | WARNING (310020, stable_pretraining.callbacks.cpu_offload) |   - int at 'lr_schedulers[0].warmup_steps'
10:18:27.435 | WARNING (310020, stable_pretraining.callbacks.cpu_offload) |   - int at 'lr_schedulers[0].max_steps'
10:18:27.435 | WARNING (310020, stable_pretraining.callbacks.cpu_offload) |   - float at 'lr_schedulers[0].warmup_start_lr'
10:18:27.435 | WARNING (310020, stable_pretraining.callbacks.cpu_offload) |   - float at 'lr_schedulers[0].eta_min'
10:18:27.436 | WARNING (310020, stable_pretraining.callbacks.cpu_offload) |   - float at 'lr_schedulers[0].base_lrs[0]'
10:18:27.436 | WARNING (310020, stable_pretraining.callbacks.cpu_offload) |   - int at 'lr_schedulers[0].last_epoch'
10:18:27.436 | WARNING (310020, stable_pretraining.callbacks.cpu_offload) |   - int at 'lr_schedulers[0]._step_count'
10:18:27.436 | WARNING (310020, stable_pretraining.callbacks.cpu_offload) |   - bool at 'lr_schedulers[0]._get_lr_called_within_step'
10:18:27.437 | WARNING (310020, stable_pretraining.callbacks.cpu_offload) |   - float at 'lr_schedulers[0]._last_lr[0]'
10:18:27.437 | INFO    (310020, stable_pretraining.callbacks.cpu_offload) | To see all 321 skipped objects, set log_skipped=True
10:18:27.438 | INFO    (310020, stable_pretraining.callbacks.cpu_offload) | GPU memory after offload:
10:18:27.438 | INFO    (310020, stable_pretraining.callbacks.cpu_offload) |   - Allocated: 0.24 GB
10:18:27.438 | INFO    (310020, stable_pretraining.callbacks.cpu_offload) |   - Reserved: 16.63 GB
10:18:27.439 | INFO    (310020, stable_pretraining.callbacks.cpu_offload) | GPU memory freed: 0.00 GB
10:18:27.439 | SUCCESS (310020, stable_pretraining.callbacks.cpu_offload) | CPUOffloadCallback: Checkpoint #19 completed in 0.60s
10:18:27.439 | INFO    (310020, stable_pretraining.callbacks.cpu_offload) | Successfully processed keys: ['state_dict', 'optimizer_states', 'lr_schedulers']
10:18:27.439 | INFO    (310020, stable_pretraining.callbacks.cpu_offload) | Cumulative stats:
10:18:27.440 | INFO    (310020, stable_pretraining.callbacks.cpu_offload) |   - Total checkpoints saved: 19
10:18:27.440 | INFO    (310020, stable_pretraining.callbacks.cpu_offload) |   - Total time in offload: 12.43s
10:18:27.440 | INFO    (310020, stable_pretraining.callbacks.cpu_offload) |   - Total memory freed: 0.00 GB
10:18:27.440 | INFO    (310020, stable_pretraining.callbacks.cpu_offload) |   - Average time per checkpoint: 0.65s
10:18:27.440 | INFO    (310020, stable_pretraining.callbacks.cpu_offload) | ============================================================
10:18:29.265 | INFO    (310020, stable_pretraining.callbacks.checkpoint_sklearn) | Checking for non PyTorch modules to save... 🔧
10:18:29.266 | INFO    (310020, stable_pretraining.callbacks.checkpoint_sklearn) | Checking for Wandb params to save... 🔧
10:18:29.266 | INFO    (310020, stable_pretraining.callbacks.checkpoint_sklearn) | Saving Wandb params {'id': 'lewm_lp_pusht_expert_mu-2'}
10:18:29.266 | INFO    (310020, stable_pretraining.callbacks.checkpoint_sklearn) | Checking for Wandb params to save... Done!
10:18:29.266 | INFO    (310020, stable_pretraining.callbacks.cpu_offload) | ============================================================
10:18:29.266 | INFO    (310020, stable_pretraining.callbacks.cpu_offload) | CPUOffloadCallback: Starting checkpoint CPU offload (#20)
10:18:29.267 | INFO    (310020, stable_pretraining.callbacks.cpu_offload) |   - Global step: 34830
10:18:29.267 | INFO    (310020, stable_pretraining.callbacks.cpu_offload) |   - Epoch: 9
10:18:29.267 | INFO    (310020, stable_pretraining.callbacks.cpu_offload) | Checkpoint contains 11 keys: ['callbacks', 'epoch', 'global_step', 'hparams_name', 'hyper_parameters', 'loops', 'lr_schedulers', 'optimizer_states', 'pytorch-lightning_version', 'state_dict', 'wandb']
10:18:29.268 | INFO    (310020, stable_pretraining.callbacks.cpu_offload) | GPU memory before offload:
10:18:29.268 | INFO    (310020, stable_pretraining.callbacks.cpu_offload) |   - Allocated: 0.24 GB
10:18:29.268 | INFO    (310020, stable_pretraining.callbacks.cpu_offload) |   - Reserved: 16.63 GB
10:18:29.268 | INFO    (310020, stable_pretraining.callbacks.cpu_offload) | Processing checkpoint key: 'state_dict'
10:18:29.413 | SUCCESS (310020, stable_pretraining.callbacks.cpu_offload) | ✓ Completed 'state_dict' in 0.14s
10:18:29.413 | INFO    (310020, stable_pretraining.callbacks.cpu_offload) | Processing checkpoint key: 'optimizer_states'
10:18:29.697 | SUCCESS (310020, stable_pretraining.callbacks.cpu_offload) | ✓ Completed 'optimizer_states' in 0.28s
10:18:29.698 | INFO    (310020, stable_pretraining.callbacks.cpu_offload) | Processing checkpoint key: 'lr_schedulers'
10:18:29.699 | SUCCESS (310020, stable_pretraining.callbacks.cpu_offload) | ✓ Completed 'lr_schedulers' in 0.00s
10:18:29.699 | WARNING (310020, stable_pretraining.callbacks.cpu_offload) | Skipped 321 custom object(s)
10:18:29.699 | WARNING (310020, stable_pretraining.callbacks.cpu_offload) | First 10 skipped objects:
10:18:29.699 | WARNING (310020, stable_pretraining.callbacks.cpu_offload) |   - float at 'optimizer_states[0].param_groups[0].lr'
10:18:29.699 | WARNING (310020, stable_pretraining.callbacks.cpu_offload) |   - float at 'optimizer_states[0].param_groups[0].betas[0]'
10:18:29.700 | WARNING (310020, stable_pretraining.callbacks.cpu_offload) |   - float at 'optimizer_states[0].param_groups[0].betas[1]'
10:18:29.700 | WARNING (310020, stable_pretraining.callbacks.cpu_offload) |   - float at 'optimizer_states[0].param_groups[0].eps'
10:18:29.700 | WARNING (310020, stable_pretraining.callbacks.cpu_offload) |   - float at 'optimizer_states[0].param_groups[0].weight_decay'
10:18:29.700 | WARNING (310020, stable_pretraining.callbacks.cpu_offload) |   - bool at 'optimizer_states[0].param_groups[0].amsgrad'
10:18:29.700 | WARNING (310020, stable_pretraining.callbacks.cpu_offload) |   - bool at 'optimizer_states[0].param_groups[0].maximize'
10:18:29.700 | WARNING (310020, stable_pretraining.callbacks.cpu_offload) |   - NoneType at 'optimizer_states[0].param_groups[0].foreach'
10:18:29.701 | WARNING (310020, stable_pretraining.callbacks.cpu_offload) |   - bool at 'optimizer_states[0].param_groups[0].capturable'
10:18:29.701 | WARNING (310020, stable_pretraining.callbacks.cpu_offload) |   - bool at 'optimizer_states[0].param_groups[0].differentiable'
10:18:29.701 | WARNING (310020, stable_pretraining.callbacks.cpu_offload) | ... (301 more skipped) ...
10:18:29.701 | WARNING (310020, stable_pretraining.callbacks.cpu_offload) | Last 10 skipped objects:
10:18:29.702 | WARNING (310020, stable_pretraining.callbacks.cpu_offload) |   - int at 'optimizer_states[0].param_groups[0].params[298]'
10:18:29.702 | WARNING (310020, stable_pretraining.callbacks.cpu_offload) |   - int at 'lr_schedulers[0].warmup_steps'
10:18:29.702 | WARNING (310020, stable_pretraining.callbacks.cpu_offload) |   - int at 'lr_schedulers[0].max_steps'
10:18:29.703 | WARNING (310020, stable_pretraining.callbacks.cpu_offload) |   - float at 'lr_schedulers[0].warmup_start_lr'
10:18:29.703 | WARNING (310020, stable_pretraining.callbacks.cpu_offload) |   - float at 'lr_schedulers[0].eta_min'
10:18:29.703 | WARNING (310020, stable_pretraining.callbacks.cpu_offload) |   - float at 'lr_schedulers[0].base_lrs[0]'
10:18:29.704 | WARNING (310020, stable_pretraining.callbacks.cpu_offload) |   - int at 'lr_schedulers[0].last_epoch'
10:18:29.704 | WARNING (310020, stable_pretraining.callbacks.cpu_offload) |   - int at 'lr_schedulers[0]._step_count'
10:18:29.704 | WARNING (310020, stable_pretraining.callbacks.cpu_offload) |   - bool at 'lr_schedulers[0]._get_lr_called_within_step'
10:18:29.704 | WARNING (310020, stable_pretraining.callbacks.cpu_offload) |   - float at 'lr_schedulers[0]._last_lr[0]'
10:18:29.705 | INFO    (310020, stable_pretraining.callbacks.cpu_offload) | To see all 321 skipped objects, set log_skipped=True
10:18:29.706 | INFO    (310020, stable_pretraining.callbacks.cpu_offload) | GPU memory after offload:
10:18:29.706 | INFO    (310020, stable_pretraining.callbacks.cpu_offload) |   - Allocated: 0.24 GB
10:18:29.706 | INFO    (310020, stable_pretraining.callbacks.cpu_offload) |   - Reserved: 16.63 GB
10:18:29.707 | INFO    (310020, stable_pretraining.callbacks.cpu_offload) | GPU memory freed: 0.00 GB
10:18:29.707 | SUCCESS (310020, stable_pretraining.callbacks.cpu_offload) | CPUOffloadCallback: Checkpoint #20 completed in 0.44s
10:18:29.707 | INFO    (310020, stable_pretraining.callbacks.cpu_offload) | Successfully processed keys: ['state_dict', 'optimizer_states', 'lr_schedulers']
10:18:29.707 | INFO    (310020, stable_pretraining.callbacks.cpu_offload) | Cumulative stats:
10:18:29.708 | INFO    (310020, stable_pretraining.callbacks.cpu_offload) |   - Total checkpoints saved: 20
10:18:29.708 | INFO    (310020, stable_pretraining.callbacks.cpu_offload) |   - Total time in offload: 12.87s
10:18:29.708 | INFO    (310020, stable_pretraining.callbacks.cpu_offload) |   - Total memory freed: 0.00 GB
10:18:29.708 | INFO    (310020, stable_pretraining.callbacks.cpu_offload) |   - Average time per checkpoint: 0.64s
10:18:29.708 | INFO    (310020, stable_pretraining.callbacks.cpu_offload) | ============================================================
`Trainer.fit` stopped: `max_epochs=10` reached.
10:18:31.106 | INFO    (310020, stable_pretraining.callbacks.cpu_offload) | ============================================================
10:18:31.106 | INFO    (310020, stable_pretraining.callbacks.cpu_offload) | CPUOffloadCallback: Training completed
10:18:31.107 | INFO    (310020, stable_pretraining.callbacks.cpu_offload) | Final statistics:
10:18:31.107 | INFO    (310020, stable_pretraining.callbacks.cpu_offload) |   - Total checkpoints saved: 20
10:18:31.107 | INFO    (310020, stable_pretraining.callbacks.cpu_offload) |   - Total time in offload: 12.87s
10:18:31.108 | INFO    (310020, stable_pretraining.callbacks.cpu_offload) |   - Total GPU memory freed: 0.00 GB
10:18:31.108 | INFO    (310020, stable_pretraining.callbacks.cpu_offload) |   - Average time per checkpoint: 0.64s
10:18:31.108 | INFO    (310020, stable_pretraining.callbacks.cpu_offload) |   - Average memory freed per checkpoint: 0.00 GB
10:18:31.108 | SUCCESS (310020, stable_pretraining.callbacks.cpu_offload) | CPUOffloadCallback: All checkpoints saved successfully
10:18:31.109 | INFO    (310020, stable_pretraining.callbacks.cpu_offload) | ============================================================
Epoch 9/9  ━━━━━━━━━━━━━━━━━━━━━━━━━━━━━━━━━━━━━━━━ 3483/3483 0:28:06 • 0:00:00 2.46it/s v_num: mu-2
10:18:32.191 | INFO    (310020, stable_pretraining.callbacks.cpu_offload) | CPUOffloadCallback: Teardown called for stage 'fit'
[1;34mwandb[0m: 
[1;34mwandb[0m: 🚀 View run [33mlewm_lp_p1.0_mu-2_pusht_expert[0m at: [34mhttps://wandb.ai/wms_at_iitb/le-wm/runs/lewm_lp_pusht_expert_mu-2[0m
TRAINING_EXITED_0
