[2026-04-22 12:36:39,229][root][INFO] - Cached 'action' from LMDB
[2026-04-22 12:36:39,261][root][INFO] - Cached 'ep_len' from LMDB
[2026-04-22 12:36:39,296][root][INFO] - Cached 'ep_offset' from LMDB
[2026-04-22 12:36:43,348][root][INFO] - Cached 'episode_idx' from LMDB
[2026-04-22 12:36:51,684][root][INFO] - Cached 'proprio' from LMDB
[2026-04-22 12:37:06,787][root][INFO] - Cached 'state' from LMDB
[2026-04-22 12:37:10,936][root][INFO] - Cached 'step_idx' from LMDB
12:37:11.553 | INFO    (369329, stable_pretraining.backbone.utils) | Created ViT-tiny from scratch with config: {'hidden_size': 192, 'num_hidden_layers': 12, 'num_attention_heads': 3, 'intermediate_size': 768, 'image_size': 112, 'patch_size': 14}
12:37:13.679 | INFO    (369329, stable_pretraining.data.module) | Setting up DataModule
12:37:13.680 | INFO    (369329, stable_pretraining.module) | Initializing Module configuration...
12:37:13.680 | WARNING (369329, stable_pretraining.module) | No hyperparameters provided - hyperparameter logging is disabled.
12:37:13.680 | INFO    (369329, stable_pretraining.module) | Setting custom forward method.
12:37:13.681 | INFO    (369329, stable_pretraining.module) | Setting attribute: self.model = <class 'torch._dynamo.eval_frame.OptimizedModule'>
12:37:13.681 | INFO    (369329, stable_pretraining.module) | Setting attribute: self.rdmreg = <class 'rdmreg.RDMReg'>
12:37:13.681 | INFO    (369329, stable_pretraining.module) | Setting attribute: self.optim = <class 'dict'>
12:37:13.681 | INFO    (369329, stable_pretraining.module) | No metrics configuration provided - automatic metric tracking is disabled.
wandb: WARNING The anonymous setting has no effect and will be removed in a future version.
wandb: [wandb.login()] Loaded credentials for https://api.wandb.ai from /home/ubuntu/.netrc.
wandb: Currently logged in as: narendraaironi (wms_at_iitb) to https://api.wandb.ai. Use `wandb login --relogin` to force relogin
wandb: setting up run lewm_lp_pusht_expert_mu-1_lmdb
wandb: Tracking run with wandb version 0.26.0
wandb: Run data is saved locally in wandb/run-20260422_123714-lewm_lp_pusht_expert_mu-1_lmdb
wandb: Run `wandb offline` to turn off syncing.
wandb: Resuming run lewm_lp_p1.0_mu-1_pusht_expert_lmdb
wandb: ⭐️ View project at https://wandb.ai/wms_at_iitb/le-wm
wandb: 🚀 View run at https://wandb.ai/wms_at_iitb/le-wm/runs/lewm_lp_pusht_expert_mu-1_lmdb
/home/ubuntu/miniconda3/envs/le-wms/lib/python3.10/site-packages/lightning/fabric/connector.py:571: `precision=bf16` is supported for historical reasons but its usage is discouraged. Please set your precision to bf16-mixed instead!
Using bfloat16 Automatic Mixed Precision (AMP)
12:37:17.049 | INFO    (369329, stable_pretraining.callbacks.env_info) | EnvironmentDumpCallback initialized (filename=environment.json, async=True)
12:37:17.049 | INFO    (369329, stable_pretraining.callbacks.cpu_offload) | ============================================================
12:37:17.049 | INFO    (369329, stable_pretraining.callbacks.cpu_offload) | Initializing CPUOffloadCallback
12:37:17.049 | INFO    (369329, stable_pretraining.callbacks.cpu_offload) | Configuration:
12:37:17.050 | INFO    (369329, stable_pretraining.callbacks.cpu_offload) |   - Offload keys: ['state_dict', 'optimizer_states', 'lr_schedulers']
12:37:17.050 | INFO    (369329, stable_pretraining.callbacks.cpu_offload) |   - Log all skipped objects: False
12:37:17.050 | INFO    (369329, stable_pretraining.callbacks.cpu_offload) |   - Will show first/last 10 skipped objects only
12:37:17.052 | SUCCESS (369329, stable_pretraining.callbacks.cpu_offload) | ✓ CUDA available: 1 GPU(s) detected
12:37:17.982 | INFO    (369329, stable_pretraining.callbacks.cpu_offload) |   - GPU 0: NVIDIA A100-SXM4-80GB (85.1 GB)
12:37:17.982 | SUCCESS (369329, stable_pretraining.callbacks.cpu_offload) | CPUOffloadCallback initialized successfully
12:37:17.982 | INFO    (369329, stable_pretraining.callbacks.cpu_offload) | ============================================================
Adding 10 callbacks from entry point 'stablepretraining_callbacks': ModuleRegistryCallback, LoggingCallback, EnvironmentDumpCallback, TrainerInfo, SklearnCheckpoint, WandbCheckpoint, ModuleSummary, SLURMInfo, LogUnusedParametersOnce, CPUOffloadCallback
GPU available: True (cuda), used: True
TPU available: False, using: 0 TPU cores
💡 Tip: For seamless cloud logging and experiment tracking, try installing [litlogger](https://pypi.org/project/litlogger/) to enable LitLogger, which logs metrics and artifacts automatically to the Lightning Experiments platform.
12:37:17.986 | WARNING (369329, stable_pretraining.manager) | User didn't specify seed, runs won't be exactly reproducible!
12:37:17.987 | INFO    (369329, stable_pretraining.manager) | 📁📁📁 CURRENT WORKING DIR: /home/ubuntu/le-wm-palash 📁📁📁
12:37:17.987 | INFO    (369329, stable_pretraining.manager) | 🌱🌱🌱 SEEDING EVERYTHING with self.seed=None 🌱🌱🌱
/home/ubuntu/miniconda3/envs/le-wms/lib/python3.10/site-packages/lightning/fabric/utilities/seed.py:44: No seed found, seed set to 0
Seed set to 0
12:37:18.004 | INFO    (369329, stable_pretraining.manager) | 📈📈📈 Using Wandb 📈📈📈
12:37:18.004 | INFO    (369329, stable_pretraining.manager) | 		a Wandb™ config is provided, not uploading Hydra's:
12:37:18.004 | INFO    (369329, stable_pretraining.manager) | 📈📈📈 WandbLogger setup 📈📈📈
12:37:18.004 | INFO    (369329, stable_pretraining.manager) | 📈📈📈 init={'name': 'lewm_lp_p1.0_mu-1_pusht_expert_lmdb', 'project': 'le-wm', 'dir': '.', 'id': 'lewm_lp_pusht_expert_mu-1_lmdb', 'resume': 'allow', 'anonymous': None, 'entity': 'wms_at_iitb'} 📈📈📈
12:37:18.004 | INFO    (369329, stable_pretraining.manager) | 	● 👂👂👂 SIGNALS HANDLERS 👂👂👂
12:37:18.004 | INFO    (369329, stable_pretraining.manager) | 		- SIGUSR1: `0`
12:37:18.005 | INFO    (369329, stable_pretraining.manager) | 		- SIGUSR2: `0`
12:37:18.005 | INFO    (369329, stable_pretraining.manager) | 		- SIGCONT: `0`
12:37:18.005 | INFO    (369329, stable_pretraining.manager) | 		- SIGTERM: `0`
12:37:18.005 | INFO    (369329, stable_pretraining.manager) | 	● 📞📞📞 CALLBACKS 📞📞📞
12:37:18.005 | INFO    (369329, stable_pretraining.manager) | 		 - we found 14 callbacks
12:37:18.006 | INFO    (369329, stable_pretraining.manager) | 	● 📞📞📞 CHECKPOINTING SETUP 📞📞📞
12:37:18.006 | WARNING (369329, stable_pretraining.manager) | 		 Checkpoint mismatch: `manager.ckpt_path` (/home/ubuntu/le-wm-palash/lewm-pusht/lewm_lp_p1.0_mu-1_pusht_expert_lmdb_weights.ckpt) was provided, but no matching `ModelCheckpoint` callback was found.
12:37:18.006 | WARNING (369329, stable_pretraining.manager) | 		 Automatically creating a `ModelCheckpoint` to save to the specified path to prevent data loss.
12:37:18.007 | WARNING (369329, stable_pretraining.manager) | 		 - Automatic `ModelCheckpoint` callback has been added to the trainer.
12:37:18.007 | INFO    (369329, stable_pretraining.manager) | 📣📣📣 CALLING trainer.fit with ckpt_path='/home/ubuntu/le-wm-palash/lewm-pusht/lewm_lp_p1.0_mu-1_pusht_expert_lmdb_weights.ckpt' 📣📣📣
💡 Tip: For seamless cloud uploads and versioning, try installing [litmodels](https://pypi.org/project/litmodels/) to enable LitModelCheckpoint, which syncs automatically with the Lightning model registry.
You are using a CUDA device ('NVIDIA A100-SXM4-80GB') that has Tensor Cores. To properly utilize them, you should set `torch.set_float32_matmul_precision('medium' | 'high')` which will trade-off precision for performance. For more details, read https://pytorch.org/docs/stable/generated/torch.set_float32_matmul_precision.html#torch.set_float32_matmul_precision
12:37:18.009 | INFO    (369329, stable_pretraining.data.module) | dataset for fit loaded!  ✅
12:37:18.009 | INFO    (369329, stable_pretraining.data.module) | 	● setup was done by user
12:37:18.010 | INFO    (369329, stable_pretraining.callbacks.env_info) | ======================================================================
12:37:18.010 | INFO    (369329, stable_pretraining.callbacks.env_info) | 🔍 Starting environment configuration dump...
12:37:18.010 | INFO    (369329, stable_pretraining.callbacks.env_info) | ======================================================================
12:37:18.010 | INFO    (369329, stable_pretraining.callbacks.env_info) | EnvironmentDumpCallback  log_dir=PosixPath('/home/ubuntu/le-wm-palash')
12:37:18.010 | INFO    (369329, stable_pretraining.callbacks.env_info) | ⚡ Running environment dump in background thread (non-blocking)
12:37:18.011 | INFO    (369329, stable_pretraining.callbacks.env_info) | 📁 Log directory: /home/ubuntu/le-wm-palash
12:37:18.011 | INFO    (369329, stable_pretraining.callbacks.env_info) | 📊 Collecting environment information...
12:37:18.012 | SUCCESS (369329, stable_pretraining.callbacks.env_info) |   ✓ Python 3.10.20
12:37:18.012 | SUCCESS (369329, stable_pretraining.callbacks.env_info) |   ✓ System: Linux 6.17.0-20-generic (x86_64)
12:37:18.012 | INFO    (369329, stable_pretraining.callbacks.env_info) |      Hostname: instance-0wzqq7mi-main
12:37:18.012 | SUCCESS (369329, stable_pretraining.callbacks.env_info) | ✓ Background thread started successfully
12:37:18.013 | INFO    (369329, stable_pretraining.callbacks.trainer_info) | 	 linking trainer to DataModule! 🔧
12:37:18.013 | INFO    (369329, stable_pretraining.callbacks.checkpoint_sklearn) | Setting up SklearnCheckpoint callback!
12:37:18.013 | INFO    (369329, stable_pretraining.callbacks.checkpoint_sklearn) | Sklearn Modules:
12:37:18.015 | INFO    (369329, stable_pretraining.callbacks.checkpoint_sklearn) | 
┏━━━━━━━━━━┳━━━━━━━━┳━━━━━━━━┓
┃ Module   ┃ Name   ┃ Type   ┃
┣━━━━━━━━━━╋━━━━━━━━╋━━━━━━━━┫
┗━━━━━━━━━━┻━━━━━━━━┻━━━━━━━━┛
12:37:18.015 | INFO    (369329, stable_pretraining.callbacks.checkpoint_sklearn) | Setting up WandbCheckpoint callback!
12:37:18.015 | INFO    (369329, stable_pretraining.callbacks.trainer_info) | PyTorch Modules:
12:37:18.015 | WARNING (369329, stable_pretraining.module) | You are calling self.parameters which also gives callbacks parameters, to remove then, pass `with_callbacks=False`
12:37:18.039 | INFO    (369329, stable_pretraining.callbacks.trainer_info) | \n+---------------------------------------------------------------------------+----------------------+--------------------------+--------------------------+---------+
| Module                                                                    | Trainable parameters | Non Trainable parameters | Uninitialized parameters | Buffers |
+---------------------------------------------------------------------------+----------------------+--------------------------+--------------------------+---------+
|                                                                           |             18588206 |                        0 |                        0 |    8194 |
| callbacks_modules                                                         |                    0 |                        0 |                        0 |       0 |
| callbacks_metrics                                                         |                    0 |                        0 |                        0 |       0 |
| model                                                                     |             18588206 |                        0 |                        0 |    8194 |
| model._orig_mod                                                           |             18588206 |                        0 |                        0 |    8194 |
| model._orig_mod.encoder                                                   |              5464512 |                        0 |                        0 |       0 |
| model._orig_mod.encoder.embeddings                                        |               125760 |                        0 |                        0 |       0 |
| model._orig_mod.encoder.embeddings.patch_embeddings                       |               113088 |                        0 |                        0 |       0 |
| model._orig_mod.encoder.embeddings.patch_embeddings.projection            |               113088 |                        0 |                        0 |       0 |
| model._orig_mod.encoder.embeddings.dropout                                |                    0 |                        0 |                        0 |       0 |
| model._orig_mod.encoder.encoder                                           |              5338368 |                        0 |                        0 |       0 |
| model._orig_mod.encoder.encoder.layer                                     |              5338368 |                        0 |                        0 |       0 |
| model._orig_mod.encoder.encoder.layer.0                                   |               444864 |                        0 |                        0 |       0 |
| model._orig_mod.encoder.encoder.layer.0.attention                         |               148224 |                        0 |                        0 |       0 |
| model._orig_mod.encoder.encoder.layer.0.attention.attention               |               111168 |                        0 |                        0 |       0 |
| model._orig_mod.encoder.encoder.layer.0.attention.attention.query         |                37056 |                        0 |                        0 |       0 |
| model._orig_mod.encoder.encoder.layer.0.attention.attention.key           |                37056 |                        0 |                        0 |       0 |
| model._orig_mod.encoder.encoder.layer.0.attention.attention.value         |                37056 |                        0 |                        0 |       0 |
| model._orig_mod.encoder.encoder.layer.0.attention.output                  |                37056 |                        0 |                        0 |       0 |
| model._orig_mod.encoder.encoder.layer.0.attention.output.dense            |                37056 |                        0 |                        0 |       0 |
| model._orig_mod.encoder.encoder.layer.0.attention.output.dropout          |                    0 |                        0 |                        0 |       0 |
| model._orig_mod.encoder.encoder.layer.0.intermediate                      |               148224 |                        0 |                        0 |       0 |
| model._orig_mod.encoder.encoder.layer.0.intermediate.dense                |               148224 |                        0 |                        0 |       0 |
| model._orig_mod.encoder.encoder.layer.0.intermediate.intermediate_act_fn  |                    0 |                        0 |                        0 |       0 |
| model._orig_mod.encoder.encoder.layer.0.output                            |               147648 |                        0 |                        0 |       0 |
| model._orig_mod.encoder.encoder.layer.0.output.dense                      |               147648 |                        0 |                        0 |       0 |
| model._orig_mod.encoder.encoder.layer.0.output.dropout                    |                    0 |                        0 |                        0 |       0 |
| model._orig_mod.encoder.encoder.layer.0.layernorm_before                  |                  384 |                        0 |                        0 |       0 |
| model._orig_mod.encoder.encoder.layer.0.layernorm_after                   |                  384 |                        0 |                        0 |       0 |
| model._orig_mod.encoder.encoder.layer.1                                   |               444864 |                        0 |                        0 |       0 |
| model._orig_mod.encoder.encoder.layer.1.attention                         |               148224 |                        0 |                        0 |       0 |
| model._orig_mod.encoder.encoder.layer.1.attention.attention               |               111168 |                        0 |                        0 |       0 |
| model._orig_mod.encoder.encoder.layer.1.attention.attention.query         |                37056 |                        0 |                        0 |       0 |
| model._orig_mod.encoder.encoder.layer.1.attention.attention.key           |                37056 |                        0 |                        0 |       0 |
| model._orig_mod.encoder.encoder.layer.1.attention.attention.value         |                37056 |                        0 |                        0 |       0 |
| model._orig_mod.encoder.encoder.layer.1.attention.output                  |                37056 |                        0 |                        0 |       0 |
| model._orig_mod.encoder.encoder.layer.1.attention.output.dense            |                37056 |                        0 |                        0 |       0 |
| model._orig_mod.encoder.encoder.layer.1.attention.output.dropout          |                    0 |                        0 |                        0 |       0 |
| model._orig_mod.encoder.encoder.layer.1.intermediate                      |               148224 |                        0 |                        0 |       0 |
| model._orig_mod.encoder.encoder.layer.1.intermediate.dense                |               148224 |                        0 |                        0 |       0 |
| model._orig_mod.encoder.encoder.layer.1.intermediate.intermediate_act_fn  |                    0 |                        0 |                        0 |       0 |
| model._orig_mod.encoder.encoder.layer.1.output                            |               147648 |                        0 |                        0 |       0 |
| model._orig_mod.encoder.encoder.layer.1.output.dense                      |               147648 |                        0 |                        0 |       0 |
| model._orig_mod.encoder.encoder.layer.1.output.dropout                    |                    0 |                        0 |                        0 |       0 |
| model._orig_mod.encoder.encoder.layer.1.layernorm_before                  |                  384 |                        0 |                        0 |       0 |
| model._orig_mod.encoder.encoder.layer.1.layernorm_after                   |                  384 |                        0 |                        0 |       0 |
| model._orig_mod.encoder.encoder.layer.2                                   |               444864 |                        0 |                        0 |       0 |
| model._orig_mod.encoder.encoder.layer.2.attention                         |               148224 |                        0 |                        0 |       0 |
| model._orig_mod.encoder.encoder.layer.2.attention.attention               |               111168 |                        0 |                        0 |       0 |
| model._orig_mod.encoder.encoder.layer.2.attention.attention.query         |                37056 |                        0 |                        0 |       0 |
| model._orig_mod.encoder.encoder.layer.2.attention.attention.key           |                37056 |                        0 |                        0 |       0 |
| model._orig_mod.encoder.encoder.layer.2.attention.attention.value         |                37056 |                        0 |                        0 |       0 |
| model._orig_mod.encoder.encoder.layer.2.attention.output                  |                37056 |                        0 |                        0 |       0 |
| model._orig_mod.encoder.encoder.layer.2.attention.output.dense            |                37056 |                        0 |                        0 |       0 |
| model._orig_mod.encoder.encoder.layer.2.attention.output.dropout          |                    0 |                        0 |                        0 |       0 |
| model._orig_mod.encoder.encoder.layer.2.intermediate                      |               148224 |                        0 |                        0 |       0 |
| model._orig_mod.encoder.encoder.layer.2.intermediate.dense                |               148224 |                        0 |                        0 |       0 |
| model._orig_mod.encoder.encoder.layer.2.intermediate.intermediate_act_fn  |                    0 |                        0 |                        0 |       0 |
| model._orig_mod.encoder.encoder.layer.2.output                            |               147648 |                        0 |                        0 |       0 |
| model._orig_mod.encoder.encoder.layer.2.output.dense                      |               147648 |                        0 |                        0 |       0 |
| model._orig_mod.encoder.encoder.layer.2.output.dropout                    |                    0 |                        0 |                        0 |       0 |
| model._orig_mod.encoder.encoder.layer.2.layernorm_before                  |                  384 |                        0 |                        0 |       0 |
| model._orig_mod.encoder.encoder.layer.2.layernorm_after                   |                  384 |                        0 |                        0 |       0 |
| model._orig_mod.encoder.encoder.layer.3                                   |               444864 |                        0 |                        0 |       0 |
| model._orig_mod.encoder.encoder.layer.3.attention                         |               148224 |                        0 |                        0 |       0 |
| model._orig_mod.encoder.encoder.layer.3.attention.attention               |               111168 |                        0 |                        0 |       0 |
| model._orig_mod.encoder.encoder.layer.3.attention.attention.query         |                37056 |                        0 |                        0 |       0 |
| model._orig_mod.encoder.encoder.layer.3.attention.attention.key           |                37056 |                        0 |                        0 |       0 |
| model._orig_mod.encoder.encoder.layer.3.attention.attention.value         |                37056 |                        0 |                        0 |       0 |
| model._orig_mod.encoder.encoder.layer.3.attention.output                  |                37056 |                        0 |                        0 |       0 |
| model._orig_mod.encoder.encoder.layer.3.attention.output.dense            |                37056 |                        0 |                        0 |       0 |
| model._orig_mod.encoder.encoder.layer.3.attention.output.dropout          |                    0 |                        0 |                        0 |       0 |
| model._orig_mod.encoder.encoder.layer.3.intermediate                      |               148224 |                        0 |                        0 |       0 |
| model._orig_mod.encoder.encoder.layer.3.intermediate.dense                |               148224 |                        0 |                        0 |       0 |
| model._orig_mod.encoder.encoder.layer.3.intermediate.intermediate_act_fn  |                    0 |                        0 |                        0 |       0 |
| model._orig_mod.encoder.encoder.layer.3.output                            |               147648 |                        0 |                        0 |       0 |
| model._orig_mod.encoder.encoder.layer.3.output.dense                      |               147648 |                        0 |                        0 |       0 |
| model._orig_mod.encoder.encoder.layer.3.output.dropout                    |                    0 |                        0 |                        0 |       0 |
| model._orig_mod.encoder.encoder.layer.3.layernorm_before                  |                  384 |                        0 |                        0 |       0 |
| model._orig_mod.encoder.encoder.layer.3.layernorm_after                   |                  384 |                        0 |                        0 |       0 |
| model._orig_mod.encoder.encoder.layer.4                                   |               444864 |                        0 |                        0 |       0 |
| model._orig_mod.encoder.encoder.layer.4.attention                         |               148224 |                        0 |                        0 |       0 |
| model._orig_mod.encoder.encoder.layer.4.attention.attention               |               111168 |                        0 |                        0 |       0 |
| model._orig_mod.encoder.encoder.layer.4.attention.attention.query         |                37056 |                        0 |                        0 |       0 |
| model._orig_mod.encoder.encoder.layer.4.attention.attention.key           |                37056 |                        0 |                        0 |       0 |
| model._orig_mod.encoder.encoder.layer.4.attention.attention.value         |                37056 |                        0 |                        0 |       0 |
| model._orig_mod.encoder.encoder.layer.4.attention.output                  |                37056 |                        0 |                        0 |       0 |
| model._orig_mod.encoder.encoder.layer.4.attention.output.dense            |                37056 |                        0 |                        0 |       0 |
| model._orig_mod.encoder.encoder.layer.4.attention.output.dropout          |                    0 |                        0 |                        0 |       0 |
| model._orig_mod.encoder.encoder.layer.4.intermediate                      |               148224 |                        0 |                        0 |       0 |
| model._orig_mod.encoder.encoder.layer.4.intermediate.dense                |               148224 |                        0 |                        0 |       0 |
| model._orig_mod.encoder.encoder.layer.4.intermediate.intermediate_act_fn  |                    0 |                        0 |                        0 |       0 |
| model._orig_mod.encoder.encoder.layer.4.output                            |               147648 |                        0 |                        0 |       0 |
| model._orig_mod.encoder.encoder.layer.4.output.dense                      |               147648 |                        0 |                        0 |       0 |
| model._orig_mod.encoder.encoder.layer.4.output.dropout                    |                    0 |                        0 |                        0 |       0 |
| model._orig_mod.encoder.encoder.layer.4.layernorm_before                  |                  384 |                        0 |                        0 |       0 |
| model._orig_mod.encoder.encoder.layer.4.layernorm_after                   |                  384 |                        0 |                        0 |       0 |
| model._orig_mod.encoder.encoder.layer.5                                   |               444864 |                        0 |                        0 |       0 |
| model._orig_mod.encoder.encoder.layer.5.attention                         |               148224 |                        0 |                        0 |       0 |
| model._orig_mod.encoder.encoder.layer.5.attention.attention               |               111168 |                        0 |                        0 |       0 |
| model._orig_mod.encoder.encoder.layer.5.attention.attention.query         |                37056 |                        0 |                        0 |       0 |
| model._orig_mod.encoder.encoder.layer.5.attention.attention.key           |                37056 |                        0 |                        0 |       0 |
| model._orig_mod.encoder.encoder.layer.5.attention.attention.value         |                37056 |                        0 |                        0 |       0 |
| model._orig_mod.encoder.encoder.layer.5.attention.output                  |                37056 |                        0 |                        0 |       0 |
| model._orig_mod.encoder.encoder.layer.5.attention.output.dense            |                37056 |                        0 |                        0 |       0 |
| model._orig_mod.encoder.encoder.layer.5.attention.output.dropout          |                    0 |                        0 |                        0 |       0 |
| model._orig_mod.encoder.encoder.layer.5.intermediate                      |               148224 |                        0 |                        0 |       0 |
| model._orig_mod.encoder.encoder.layer.5.intermediate.dense                |               148224 |                        0 |                        0 |       0 |
| model._orig_mod.encoder.encoder.layer.5.intermediate.intermediate_act_fn  |                    0 |                        0 |                        0 |       0 |
| model._orig_mod.encoder.encoder.layer.5.output                            |               147648 |                        0 |                        0 |       0 |
| model._orig_mod.encoder.encoder.layer.5.output.dense                      |               147648 |                        0 |                        0 |       0 |
| model._orig_mod.encoder.encoder.layer.5.output.dropout                    |                    0 |                        0 |                        0 |       0 |
| model._orig_mod.encoder.encoder.layer.5.layernorm_before                  |                  384 |                        0 |                        0 |       0 |
| model._orig_mod.encoder.encoder.layer.5.layernorm_after                   |                  384 |                        0 |                        0 |       0 |
| model._orig_mod.encoder.encoder.layer.6                                   |               444864 |                        0 |                        0 |       0 |
| model._orig_mod.encoder.encoder.layer.6.attention                         |               148224 |                        0 |                        0 |       0 |
| model._orig_mod.encoder.encoder.layer.6.attention.attention               |               111168 |                        0 |                        0 |       0 |
| model._orig_mod.encoder.encoder.layer.6.attention.attention.query         |                37056 |                        0 |                        0 |       0 |
| model._orig_mod.encoder.encoder.layer.6.attention.attention.key           |                37056 |                        0 |                        0 |       0 |
| model._orig_mod.encoder.encoder.layer.6.attention.attention.value         |                37056 |                        0 |                        0 |       0 |
| model._orig_mod.encoder.encoder.layer.6.attention.output                  |                37056 |                        0 |                        0 |       0 |
| model._orig_mod.encoder.encoder.layer.6.attention.output.dense            |                37056 |                        0 |                        0 |       0 |
| model._orig_mod.encoder.encoder.layer.6.attention.output.dropout          |                    0 |                        0 |                        0 |       0 |
| model._orig_mod.encoder.encoder.layer.6.intermediate                      |               148224 |                        0 |                        0 |       0 |
| model._orig_mod.encoder.encoder.layer.6.intermediate.dense                |               148224 |                        0 |                        0 |       0 |
| model._orig_mod.encoder.encoder.layer.6.intermediate.intermediate_act_fn  |                    0 |                        0 |                        0 |       0 |
| model._orig_mod.encoder.encoder.layer.6.output                            |               147648 |                        0 |                        0 |       0 |
| model._orig_mod.encoder.encoder.layer.6.output.dense                      |               147648 |                        0 |                        0 |       0 |
| model._orig_mod.encoder.encoder.layer.6.output.dropout                    |                    0 |                        0 |                        0 |       0 |
| model._orig_mod.encoder.encoder.layer.6.layernorm_before                  |                  384 |                        0 |                        0 |       0 |
| model._orig_mod.encoder.encoder.layer.6.layernorm_after                   |                  384 |                        0 |                        0 |       0 |
| model._orig_mod.encoder.encoder.layer.7                                   |               444864 |                        0 |                        0 |       0 |
| model._orig_mod.encoder.encoder.layer.7.attention                         |               148224 |                        0 |                        0 |       0 |
| model._orig_mod.encoder.encoder.layer.7.attention.attention               |               111168 |                        0 |                        0 |       0 |
| model._orig_mod.encoder.encoder.layer.7.attention.attention.query         |                37056 |                        0 |                        0 |       0 |
| model._orig_mod.encoder.encoder.layer.7.attention.attention.key           |                37056 |                        0 |                        0 |       0 |
| model._orig_mod.encoder.encoder.layer.7.attention.attention.value         |                37056 |                        0 |                        0 |       0 |
| model._orig_mod.encoder.encoder.layer.7.attention.output                  |                37056 |                        0 |                        0 |       0 |
| model._orig_mod.encoder.encoder.layer.7.attention.output.dense            |                37056 |                        0 |                        0 |       0 |
| model._orig_mod.encoder.encoder.layer.7.attention.output.dropout          |                    0 |                        0 |                        0 |       0 |
| model._orig_mod.encoder.encoder.layer.7.intermediate                      |               148224 |                        0 |                        0 |       0 |
| model._orig_mod.encoder.encoder.layer.7.intermediate.dense                |               148224 |                        0 |                        0 |       0 |
| model._orig_mod.encoder.encoder.layer.7.intermediate.intermediate_act_fn  |                    0 |                        0 |                        0 |       0 |
| model._orig_mod.encoder.encoder.layer.7.output                            |               147648 |                        0 |                        0 |       0 |
| model._orig_mod.encoder.encoder.layer.7.output.dense                      |               147648 |                        0 |                        0 |       0 |
| model._orig_mod.encoder.encoder.layer.7.output.dropout                    |                    0 |                        0 |                        0 |       0 |
| model._orig_mod.encoder.encoder.layer.7.layernorm_before                  |                  384 |                        0 |                        0 |       0 |
| model._orig_mod.encoder.encoder.layer.7.layernorm_after                   |                  384 |                        0 |                        0 |       0 |
| model._orig_mod.encoder.encoder.layer.8                                   |               444864 |                        0 |                        0 |       0 |
| model._orig_mod.encoder.encoder.layer.8.attention                         |               148224 |                        0 |                        0 |       0 |
| model._orig_mod.encoder.encoder.layer.8.attention.attention               |               111168 |                        0 |                        0 |       0 |
| model._orig_mod.encoder.encoder.layer.8.attention.attention.query         |                37056 |                        0 |                        0 |       0 |
| model._orig_mod.encoder.encoder.layer.8.attention.attention.key           |                37056 |                        0 |                        0 |       0 |
| model._orig_mod.encoder.encoder.layer.8.attention.attention.value         |                37056 |                        0 |                        0 |       0 |
| model._orig_mod.encoder.encoder.layer.8.attention.output                  |                37056 |                        0 |                        0 |       0 |
| model._orig_mod.encoder.encoder.layer.8.attention.output.dense            |                37056 |                        0 |                        0 |       0 |
| model._orig_mod.encoder.encoder.layer.8.attention.output.dropout          |                    0 |                        0 |                        0 |       0 |
| model._orig_mod.encoder.encoder.layer.8.intermediate                      |               148224 |                        0 |                        0 |       0 |
| model._orig_mod.encoder.encoder.layer.8.intermediate.dense                |               148224 |                        0 |                        0 |       0 |
| model._orig_mod.encoder.encoder.layer.8.intermediate.intermediate_act_fn  |                    0 |                        0 |                        0 |       0 |
| model._orig_mod.encoder.encoder.layer.8.output                            |               147648 |                        0 |                        0 |       0 |
| model._orig_mod.encoder.encoder.layer.8.output.dense                      |               147648 |                        0 |                        0 |       0 |
| model._orig_mod.encoder.encoder.layer.8.output.dropout                    |                    0 |                        0 |                        0 |       0 |
| model._orig_mod.encoder.encoder.layer.8.layernorm_before                  |                  384 |                        0 |                        0 |       0 |
| model._orig_mod.encoder.encoder.layer.8.layernorm_after                   |                  384 |                        0 |                        0 |       0 |
| model._orig_mod.encoder.encoder.layer.9                                   |               444864 |                        0 |                        0 |       0 |
| model._orig_mod.encoder.encoder.layer.9.attention                         |               148224 |                        0 |                        0 |       0 |
| model._orig_mod.encoder.encoder.layer.9.attention.attention               |               111168 |                        0 |                        0 |       0 |
| model._orig_mod.encoder.encoder.layer.9.attention.attention.query         |                37056 |                        0 |                        0 |       0 |
| model._orig_mod.encoder.encoder.layer.9.attention.attention.key           |                37056 |                        0 |                        0 |       0 |
| model._orig_mod.encoder.encoder.layer.9.attention.attention.value         |                37056 |                        0 |                        0 |       0 |
| model._orig_mod.encoder.encoder.layer.9.attention.output                  |                37056 |                        0 |                        0 |       0 |
| model._orig_mod.encoder.encoder.layer.9.attention.output.dense            |                37056 |                        0 |                        0 |       0 |
| model._orig_mod.encoder.encoder.layer.9.attention.output.dropout          |                    0 |                        0 |                        0 |       0 |
| model._orig_mod.encoder.encoder.layer.9.intermediate                      |               148224 |                        0 |                        0 |       0 |
| model._orig_mod.encoder.encoder.layer.9.intermediate.dense                |               148224 |                        0 |                        0 |       0 |
| model._orig_mod.encoder.encoder.layer.9.intermediate.intermediate_act_fn  |                    0 |                        0 |                        0 |       0 |
| model._orig_mod.encoder.encoder.layer.9.output                            |               147648 |                        0 |                        0 |       0 |
| model._orig_mod.encoder.encoder.layer.9.output.dense                      |               147648 |                        0 |                        0 |       0 |
| model._orig_mod.encoder.encoder.layer.9.output.dropout                    |                    0 |                        0 |                        0 |       0 |
| model._orig_mod.encoder.encoder.layer.9.layernorm_before                  |                  384 |                        0 |                        0 |       0 |
| model._orig_mod.encoder.encoder.layer.9.layernorm_after                   |                  384 |                        0 |                        0 |       0 |
| model._orig_mod.encoder.encoder.layer.10                                  |               444864 |                        0 |                        0 |       0 |
| model._orig_mod.encoder.encoder.layer.10.attention                        |               148224 |                        0 |                        0 |       0 |
| model._orig_mod.encoder.encoder.layer.10.attention.attention              |               111168 |                        0 |                        0 |       0 |
| model._orig_mod.encoder.encoder.layer.10.attention.attention.query        |                37056 |                        0 |                        0 |       0 |
| model._orig_mod.encoder.encoder.layer.10.attention.attention.key          |                37056 |                        0 |                        0 |       0 |
| model._orig_mod.encoder.encoder.layer.10.attention.attention.value        |                37056 |                        0 |                        0 |       0 |
| model._orig_mod.encoder.encoder.layer.10.attention.output                 |                37056 |                        0 |                        0 |       0 |
| model._orig_mod.encoder.encoder.layer.10.attention.output.dense           |                37056 |                        0 |                        0 |       0 |
| model._orig_mod.encoder.encoder.layer.10.attention.output.dropout         |                    0 |                        0 |                        0 |       0 |
| model._orig_mod.encoder.encoder.layer.10.intermediate                     |               148224 |                        0 |                        0 |       0 |
| model._orig_mod.encoder.encoder.layer.10.intermediate.dense               |               148224 |                        0 |                        0 |       0 |
| model._orig_mod.encoder.encoder.layer.10.intermediate.intermediate_act_fn |                    0 |                        0 |                        0 |       0 |
| model._orig_mod.encoder.encoder.layer.10.output                           |               147648 |                        0 |                        0 |       0 |
| model._orig_mod.encoder.encoder.layer.10.output.dense                     |               147648 |                        0 |                        0 |       0 |
| model._orig_mod.encoder.encoder.layer.10.output.dropout                   |                    0 |                        0 |                        0 |       0 |
| model._orig_mod.encoder.encoder.layer.10.layernorm_before                 |                  384 |                        0 |                        0 |       0 |
| model._orig_mod.encoder.encoder.layer.10.layernorm_after                  |                  384 |                        0 |                        0 |       0 |
| model._orig_mod.encoder.encoder.layer.11                                  |               444864 |                        0 |                        0 |       0 |
| model._orig_mod.encoder.encoder.layer.11.attention                        |               148224 |                        0 |                        0 |       0 |
| model._orig_mod.encoder.encoder.layer.11.attention.attention              |               111168 |                        0 |                        0 |       0 |
| model._orig_mod.encoder.encoder.layer.11.attention.attention.query        |                37056 |                        0 |                        0 |       0 |
| model._orig_mod.encoder.encoder.layer.11.attention.attention.key          |                37056 |                        0 |                        0 |       0 |
| model._orig_mod.encoder.encoder.layer.11.attention.attention.value        |                37056 |                        0 |                        0 |       0 |
| model._orig_mod.encoder.encoder.layer.11.attention.output                 |                37056 |                        0 |                        0 |       0 |
| model._orig_mod.encoder.encoder.layer.11.attention.output.dense           |                37056 |                        0 |                        0 |       0 |
| model._orig_mod.encoder.encoder.layer.11.attention.output.dropout         |                    0 |                        0 |                        0 |       0 |
| model._orig_mod.encoder.encoder.layer.11.intermediate                     |               148224 |                        0 |                        0 |       0 |
| model._orig_mod.encoder.encoder.layer.11.intermediate.dense               |               148224 |                        0 |                        0 |       0 |
| model._orig_mod.encoder.encoder.layer.11.intermediate.intermediate_act_fn |                    0 |                        0 |                        0 |       0 |
| model._orig_mod.encoder.encoder.layer.11.output                           |               147648 |                        0 |                        0 |       0 |
| model._orig_mod.encoder.encoder.layer.11.output.dense                     |               147648 |                        0 |                        0 |       0 |
| model._orig_mod.encoder.encoder.layer.11.output.dropout                   |                    0 |                        0 |                        0 |       0 |
| model._orig_mod.encoder.encoder.layer.11.layernorm_before                 |                  384 |                        0 |                        0 |       0 |
| model._orig_mod.encoder.encoder.layer.11.layernorm_after                  |                  384 |                        0 |                        0 |       0 |
| model._orig_mod.encoder.layernorm                                         |                  384 |                        0 |                        0 |       0 |
| model._orig_mod.predictor                                                 |             10791360 |                        0 |                        0 |       0 |
| model._orig_mod.predictor.dropout                                         |                    0 |                        0 |                        0 |       0 |
| model._orig_mod.predictor.transformer                                     |             10790784 |                        0 |                        0 |       0 |
| model._orig_mod.predictor.transformer.norm                                |                  384 |                        0 |                        0 |       0 |
| model._orig_mod.predictor.transformer.layers                              |             10790400 |                        0 |                        0 |       0 |
| model._orig_mod.predictor.transformer.layers.0                            |              1798400 |                        0 |                        0 |       0 |
| model._orig_mod.predictor.transformer.layers.0.attn                       |               787008 |                        0 |                        0 |       0 |
| model._orig_mod.predictor.transformer.layers.0.attn.norm                  |                  384 |                        0 |                        0 |       0 |
| model._orig_mod.predictor.transformer.layers.0.attn.attend                |                    0 |                        0 |                        0 |       0 |
| model._orig_mod.predictor.transformer.layers.0.attn.to_qkv                |               589824 |                        0 |                        0 |       0 |
| model._orig_mod.predictor.transformer.layers.0.attn.to_out                |               196800 |                        0 |                        0 |       0 |
| model._orig_mod.predictor.transformer.layers.0.attn.to_out.0              |               196800 |                        0 |                        0 |       0 |
| model._orig_mod.predictor.transformer.layers.0.attn.to_out.1              |                    0 |                        0 |                        0 |       0 |
| model._orig_mod.predictor.transformer.layers.0.mlp                        |               789056 |                        0 |                        0 |       0 |
| model._orig_mod.predictor.transformer.layers.0.mlp.net                    |               789056 |                        0 |                        0 |       0 |
| model._orig_mod.predictor.transformer.layers.0.mlp.net.0                  |                  384 |                        0 |                        0 |       0 |
| model._orig_mod.predictor.transformer.layers.0.mlp.net.1                  |               395264 |                        0 |                        0 |       0 |
| model._orig_mod.predictor.transformer.layers.0.mlp.net.2                  |                    0 |                        0 |                        0 |       0 |
| model._orig_mod.predictor.transformer.layers.0.mlp.net.3                  |                    0 |                        0 |                        0 |       0 |
| model._orig_mod.predictor.transformer.layers.0.mlp.net.4                  |               393408 |                        0 |                        0 |       0 |
| model._orig_mod.predictor.transformer.layers.0.mlp.net.5                  |                    0 |                        0 |                        0 |       0 |
| model._orig_mod.predictor.transformer.layers.0.norm1                      |                    0 |                        0 |                        0 |       0 |
| model._orig_mod.predictor.transformer.layers.0.norm2                      |                    0 |                        0 |                        0 |       0 |
| model._orig_mod.predictor.transformer.layers.0.adaLN_modulation           |               222336 |                        0 |                        0 |       0 |
| model._orig_mod.predictor.transformer.layers.0.adaLN_modulation.0         |                    0 |                        0 |                        0 |       0 |
| model._orig_mod.predictor.transformer.layers.0.adaLN_modulation.1         |               222336 |                        0 |                        0 |       0 |
| model._orig_mod.predictor.transformer.layers.1                            |              1798400 |                        0 |                        0 |       0 |
| model._orig_mod.predictor.transformer.layers.1.attn                       |               787008 |                        0 |                        0 |       0 |
| model._orig_mod.predictor.transformer.layers.1.attn.norm                  |                  384 |                        0 |                        0 |       0 |
| model._orig_mod.predictor.transformer.layers.1.attn.attend                |                    0 |                        0 |                        0 |       0 |
| model._orig_mod.predictor.transformer.layers.1.attn.to_qkv                |               589824 |                        0 |                        0 |       0 |
| model._orig_mod.predictor.transformer.layers.1.attn.to_out                |               196800 |                        0 |                        0 |       0 |
| model._orig_mod.predictor.transformer.layers.1.attn.to_out.0              |               196800 |                        0 |                        0 |       0 |
| model._orig_mod.predictor.transformer.layers.1.attn.to_out.1              |                    0 |                        0 |                        0 |       0 |
| model._orig_mod.predictor.transformer.layers.1.mlp                        |               789056 |                        0 |                        0 |       0 |
| model._orig_mod.predictor.transformer.layers.1.mlp.net                    |               789056 |                        0 |                        0 |       0 |
| model._orig_mod.predictor.transformer.layers.1.mlp.net.0                  |                  384 |                        0 |                        0 |       0 |
| model._orig_mod.predictor.transformer.layers.1.mlp.net.1                  |               395264 |                        0 |                        0 |       0 |
| model._orig_mod.predictor.transformer.layers.1.mlp.net.2                  |                    0 |                        0 |                        0 |       0 |
| model._orig_mod.predictor.transformer.layers.1.mlp.net.3                  |                    0 |                        0 |                        0 |       0 |
| model._orig_mod.predictor.transformer.layers.1.mlp.net.4                  |               393408 |                        0 |                        0 |       0 |
| model._orig_mod.predictor.transformer.layers.1.mlp.net.5                  |                    0 |                        0 |                        0 |       0 |
| model._orig_mod.predictor.transformer.layers.1.norm1                      |                    0 |                        0 |                        0 |       0 |
| model._orig_mod.predictor.transformer.layers.1.norm2                      |                    0 |                        0 |                        0 |       0 |
| model._orig_mod.predictor.transformer.layers.1.adaLN_modulation           |               222336 |                        0 |                        0 |       0 |
| model._orig_mod.predictor.transformer.layers.1.adaLN_modulation.0         |                    0 |                        0 |                        0 |       0 |
| model._orig_mod.predictor.transformer.layers.1.adaLN_modulation.1         |               222336 |                        0 |                        0 |       0 |
| model._orig_mod.predictor.transformer.layers.2                            |              1798400 |                        0 |                        0 |       0 |
| model._orig_mod.predictor.transformer.layers.2.attn                       |               787008 |                        0 |                        0 |       0 |
| model._orig_mod.predictor.transformer.layers.2.attn.norm                  |                  384 |                        0 |                        0 |       0 |
| model._orig_mod.predictor.transformer.layers.2.attn.attend                |                    0 |                        0 |                        0 |       0 |
| model._orig_mod.predictor.transformer.layers.2.attn.to_qkv                |               589824 |                        0 |                        0 |       0 |
| model._orig_mod.predictor.transformer.layers.2.attn.to_out                |               196800 |                        0 |                        0 |       0 |
| model._orig_mod.predictor.transformer.layers.2.attn.to_out.0              |               196800 |                        0 |                        0 |       0 |
| model._orig_mod.predictor.transformer.layers.2.attn.to_out.1              |                    0 |                        0 |                        0 |       0 |
| model._orig_mod.predictor.transformer.layers.2.mlp                        |               789056 |                        0 |                        0 |       0 |
| model._orig_mod.predictor.transformer.layers.2.mlp.net                    |               789056 |                        0 |                        0 |       0 |
| model._orig_mod.predictor.transformer.layers.2.mlp.net.0                  |                  384 |                        0 |                        0 |       0 |
| model._orig_mod.predictor.transformer.layers.2.mlp.net.1                  |               395264 |                        0 |                        0 |       0 |
| model._orig_mod.predictor.transformer.layers.2.mlp.net.2                  |                    0 |                        0 |                        0 |       0 |
| model._orig_mod.predictor.transformer.layers.2.mlp.net.3                  |                    0 |                        0 |                        0 |       0 |
| model._orig_mod.predictor.transformer.layers.2.mlp.net.4                  |               393408 |                        0 |                        0 |       0 |
| model._orig_mod.predictor.transformer.layers.2.mlp.net.5                  |                    0 |                        0 |                        0 |       0 |
| model._orig_mod.predictor.transformer.layers.2.norm1                      |                    0 |                        0 |                        0 |       0 |
| model._orig_mod.predictor.transformer.layers.2.norm2                      |                    0 |                        0 |                        0 |       0 |
| model._orig_mod.predictor.transformer.layers.2.adaLN_modulation           |               222336 |                        0 |                        0 |       0 |
| model._orig_mod.predictor.transformer.layers.2.adaLN_modulation.0         |                    0 |                        0 |                        0 |       0 |
| model._orig_mod.predictor.transformer.layers.2.adaLN_modulation.1         |               222336 |                        0 |                        0 |       0 |
| model._orig_mod.predictor.transformer.layers.3                            |              1798400 |                        0 |                        0 |       0 |
| model._orig_mod.predictor.transformer.layers.3.attn                       |               787008 |                        0 |                        0 |       0 |
| model._orig_mod.predictor.transformer.layers.3.attn.norm                  |                  384 |                        0 |                        0 |       0 |
| model._orig_mod.predictor.transformer.layers.3.attn.attend                |                    0 |                        0 |                        0 |       0 |
| model._orig_mod.predictor.transformer.layers.3.attn.to_qkv                |               589824 |                        0 |                        0 |       0 |
| model._orig_mod.predictor.transformer.layers.3.attn.to_out                |               196800 |                        0 |                        0 |       0 |
| model._orig_mod.predictor.transformer.layers.3.attn.to_out.0              |               196800 |                        0 |                        0 |       0 |
| model._orig_mod.predictor.transformer.layers.3.attn.to_out.1              |                    0 |                        0 |                        0 |       0 |
| model._orig_mod.predictor.transformer.layers.3.mlp                        |               789056 |                        0 |                        0 |       0 |
| model._orig_mod.predictor.transformer.layers.3.mlp.net                    |               789056 |                        0 |                        0 |       0 |
| model._orig_mod.predictor.transformer.layers.3.mlp.net.0                  |                  384 |                        0 |                        0 |       0 |
| model._orig_mod.predictor.transformer.layers.3.mlp.net.1                  |               395264 |                        0 |                        0 |       0 |
| model._orig_mod.predictor.transformer.layers.3.mlp.net.2                  |                    0 |                        0 |                        0 |       0 |
| model._orig_mod.predictor.transformer.layers.3.mlp.net.3                  |                    0 |                        0 |                        0 |       0 |
| model._orig_mod.predictor.transformer.layers.3.mlp.net.4                  |               393408 |                        0 |                        0 |       0 |
| model._orig_mod.predictor.transformer.layers.3.mlp.net.5                  |                    0 |                        0 |                        0 |       0 |
| model._orig_mod.predictor.transformer.layers.3.norm1                      |                    0 |                        0 |                        0 |       0 |
| model._orig_mod.predictor.transformer.layers.3.norm2                      |                    0 |                        0 |                        0 |       0 |
| model._orig_mod.predictor.transformer.layers.3.adaLN_modulation           |               222336 |                        0 |                        0 |       0 |
| model._orig_mod.predictor.transformer.layers.3.adaLN_modulation.0         |                    0 |                        0 |                        0 |       0 |
| model._orig_mod.predictor.transformer.layers.3.adaLN_modulation.1         |               222336 |                        0 |                        0 |       0 |
| model._orig_mod.predictor.transformer.layers.4                            |              1798400 |                        0 |                        0 |       0 |
| model._orig_mod.predictor.transformer.layers.4.attn                       |               787008 |                        0 |                        0 |       0 |
| model._orig_mod.predictor.transformer.layers.4.attn.norm                  |                  384 |                        0 |                        0 |       0 |
| model._orig_mod.predictor.transformer.layers.4.attn.attend                |                    0 |                        0 |                        0 |       0 |
| model._orig_mod.predictor.transformer.layers.4.attn.to_qkv                |               589824 |                        0 |                        0 |       0 |
| model._orig_mod.predictor.transformer.layers.4.attn.to_out                |               196800 |                        0 |                        0 |       0 |
| model._orig_mod.predictor.transformer.layers.4.attn.to_out.0              |               196800 |                        0 |                        0 |       0 |
| model._orig_mod.predictor.transformer.layers.4.attn.to_out.1              |                    0 |                        0 |                        0 |       0 |
| model._orig_mod.predictor.transformer.layers.4.mlp                        |               789056 |                        0 |                        0 |       0 |
| model._orig_mod.predictor.transformer.layers.4.mlp.net                    |               789056 |                        0 |                        0 |       0 |
| model._orig_mod.predictor.transformer.layers.4.mlp.net.0                  |                  384 |                        0 |                        0 |       0 |
| model._orig_mod.predictor.transformer.layers.4.mlp.net.1                  |               395264 |                        0 |                        0 |       0 |
| model._orig_mod.predictor.transformer.layers.4.mlp.net.2                  |                    0 |                        0 |                        0 |       0 |
| model._orig_mod.predictor.transformer.layers.4.mlp.net.3                  |                    0 |                        0 |                        0 |       0 |
| model._orig_mod.predictor.transformer.layers.4.mlp.net.4                  |               393408 |                        0 |                        0 |       0 |
| model._orig_mod.predictor.transformer.layers.4.mlp.net.5                  |                    0 |                        0 |                        0 |       0 |
| model._orig_mod.predictor.transformer.layers.4.norm1                      |                    0 |                        0 |                        0 |       0 |
| model._orig_mod.predictor.transformer.layers.4.norm2                      |                    0 |                        0 |                        0 |       0 |
| model._orig_mod.predictor.transformer.layers.4.adaLN_modulation           |               222336 |                        0 |                        0 |       0 |
| model._orig_mod.predictor.transformer.layers.4.adaLN_modulation.0         |                    0 |                        0 |                        0 |       0 |
| model._orig_mod.predictor.transformer.layers.4.adaLN_modulation.1         |               222336 |                        0 |                        0 |       0 |
| model._orig_mod.predictor.transformer.layers.5                            |              1798400 |                        0 |                        0 |       0 |
| model._orig_mod.predictor.transformer.layers.5.attn                       |               787008 |                        0 |                        0 |       0 |
| model._orig_mod.predictor.transformer.layers.5.attn.norm                  |                  384 |                        0 |                        0 |       0 |
| model._orig_mod.predictor.transformer.layers.5.attn.attend                |                    0 |                        0 |                        0 |       0 |
| model._orig_mod.predictor.transformer.layers.5.attn.to_qkv                |               589824 |                        0 |                        0 |       0 |
| model._orig_mod.predictor.transformer.layers.5.attn.to_out                |               196800 |                        0 |                        0 |       0 |
| model._orig_mod.predictor.transformer.layers.5.attn.to_out.0              |               196800 |                        0 |                        0 |       0 |
| model._orig_mod.predictor.transformer.layers.5.attn.to_out.1              |                    0 |                        0 |                        0 |       0 |
| model._orig_mod.predictor.transformer.layers.5.mlp                        |               789056 |                        0 |                        0 |       0 |
| model._orig_mod.predictor.transformer.layers.5.mlp.net                    |               789056 |                        0 |                        0 |       0 |
| model._orig_mod.predictor.transformer.layers.5.mlp.net.0                  |                  384 |                        0 |                        0 |       0 |
| model._orig_mod.predictor.transformer.layers.5.mlp.net.1                  |               395264 |                        0 |                        0 |       0 |
| model._orig_mod.predictor.transformer.layers.5.mlp.net.2                  |                    0 |                        0 |                        0 |       0 |
| model._orig_mod.predictor.transformer.layers.5.mlp.net.3                  |                    0 |                        0 |                        0 |       0 |
| model._orig_mod.predictor.transformer.layers.5.mlp.net.4                  |               393408 |                        0 |                        0 |       0 |
| model._orig_mod.predictor.transformer.layers.5.mlp.net.5                  |                    0 |                        0 |                        0 |       0 |
| model._orig_mod.predictor.transformer.layers.5.norm1                      |                    0 |                        0 |                        0 |       0 |
| model._orig_mod.predictor.transformer.layers.5.norm2                      |                    0 |                        0 |                        0 |       0 |
| model._orig_mod.predictor.transformer.layers.5.adaLN_modulation           |               222336 |                        0 |                        0 |       0 |
| model._orig_mod.predictor.transformer.layers.5.adaLN_modulation.0         |                    0 |                        0 |                        0 |       0 |
| model._orig_mod.predictor.transformer.layers.5.adaLN_modulation.1         |               222336 |                        0 |                        0 |       0 |
| model._orig_mod.predictor.transformer.input_proj                          |                    0 |                        0 |                        0 |       0 |
| model._orig_mod.predictor.transformer.cond_proj                           |                    0 |                        0 |                        0 |       0 |
| model._orig_mod.predictor.transformer.output_proj                         |                    0 |                        0 |                        0 |       0 |
| model._orig_mod.action_encoder                                            |               746798 |                        0 |                        0 |       0 |
| model._orig_mod.action_encoder.patch_embed                                |                  110 |                        0 |                        0 |       0 |
| model._orig_mod.action_encoder.embed                                      |               746688 |                        0 |                        0 |       0 |
| model._orig_mod.action_encoder.embed.0                                    |                 8448 |                        0 |                        0 |       0 |
| model._orig_mod.action_encoder.embed.1                                    |                    0 |                        0 |                        0 |       0 |
| model._orig_mod.action_encoder.embed.2                                    |               590592 |                        0 |                        0 |       0 |
| model._orig_mod.action_encoder.embed.3                                    |                    0 |                        0 |                        0 |       0 |
| model._orig_mod.action_encoder.embed.4                                    |               147648 |                        0 |                        0 |       0 |
| model._orig_mod.projector                                                 |               792768 |                        0 |                        0 |    4097 |
| model._orig_mod.projector.net                                             |               792768 |                        0 |                        0 |    4097 |
| model._orig_mod.projector.net.0                                           |               395264 |                        0 |                        0 |       0 |
| model._orig_mod.projector.net.1                                           |                 4096 |                        0 |                        0 |    4097 |
| model._orig_mod.projector.net.2                                           |                    0 |                        0 |                        0 |       0 |
| model._orig_mod.projector.net.3                                           |               393408 |                        0 |                        0 |       0 |
| model._orig_mod.pred_proj                                                 |               792768 |                        0 |                        0 |    4097 |
| model._orig_mod.pred_proj.net                                             |               792768 |                        0 |                        0 |    4097 |
| model._orig_mod.pred_proj.net.0                                           |               395264 |                        0 |                        0 |       0 |
| model._orig_mod.pred_proj.net.1                                           |                 4096 |                        0 |                        0 |    4097 |
| model._orig_mod.pred_proj.net.2                                           |                    0 |                        0 |                        0 |       0 |
| model._orig_mod.pred_proj.net.3                                           |               393408 |                        0 |                        0 |       0 |
| rdmreg                                                                    |                    0 |                        0 |                        0 |       0 |
+---------------------------------------------------------------------------+----------------------+--------------------------+--------------------------+---------+
12:37:18.040 | INFO    (369329, stable_pretraining.callbacks.trainer_info) | ---- SLURM INFO ---- 🔧
12:37:18.040 | INFO    (369329, stable_pretraining.callbacks.trainer_info) | Job ID: N/A
12:37:18.041 | INFO    (369329, stable_pretraining.callbacks.trainer_info) | Task ID: N/A
12:37:18.041 | INFO    (369329, stable_pretraining.callbacks.trainer_info) | Job Name: N/A
12:37:18.041 | INFO    (369329, stable_pretraining.callbacks.trainer_info) | Nodes: N/A
12:37:18.041 | INFO    (369329, stable_pretraining.callbacks.trainer_info) | Tasks: N/A
12:37:18.041 | INFO    (369329, stable_pretraining.callbacks.trainer_info) | CPUs per node: N/A
12:37:18.042 | INFO    (369329, stable_pretraining.callbacks.trainer_info) | CPUs per task: N/A
12:37:18.042 | INFO    (369329, stable_pretraining.callbacks.trainer_info) | Memory per node: N/A
12:37:18.042 | INFO    (369329, stable_pretraining.callbacks.trainer_info) | Memory per CPU: N/A
12:37:18.042 | INFO    (369329, stable_pretraining.callbacks.trainer_info) | Time limit: N/A
12:37:18.042 | INFO    (369329, stable_pretraining.callbacks.trainer_info) | Partition: N/A
12:37:18.042 | INFO    (369329, stable_pretraining.callbacks.trainer_info) | Node List: N/A
12:37:18.042 | INFO    (369329, stable_pretraining.callbacks.trainer_info) | Submit Directory: N/A
12:37:18.043 | INFO    (369329, stable_pretraining.callbacks.cpu_offload) | CPUOffloadCallback: Setup called for stage 'fit'
12:37:18.043 | INFO    (369329, stable_pretraining.callbacks.cpu_offload) |   - Trainer rank: 0/1
12:37:18.043 | INFO    (369329, stable_pretraining.callbacks.cpu_offload) |   - Strategy: SingleDeviceStrategy
12:37:18.043 | SUCCESS (369329, stable_pretraining.callbacks.cpu_offload) | ✓ Strategy 'SingleDeviceStrategy' is compatible with CPU offload
12:37:18.043 | SUCCESS (369329, stable_pretraining.callbacks.cpu_offload) | ✓ CPUOffloadCallback ENABLED for strategy 'SingleDeviceStrategy'
12:37:18.044 | INFO    (369329, stable_pretraining.callbacks.cpu_offload) |   - This rank will handle checkpoint saving and CPU offload
/home/ubuntu/miniconda3/envs/le-wms/lib/python3.10/site-packages/lightning/pytorch/callbacks/model_checkpoint.py:881: Checkpoint directory ./le-wm/lewm_lp_pusht_expert_mu-1_lmdb/checkpoints exists and is not empty.
/home/ubuntu/miniconda3/envs/le-wms/lib/python3.10/site-packages/lightning/pytorch/callbacks/model_checkpoint.py:881: Checkpoint directory /home/ubuntu/le-wm-palash/lewm-pusht exists and is not empty.
Restoring states from the checkpoint path at /home/ubuntu/le-wm-palash/lewm-pusht/lewm_lp_p1.0_mu-1_pusht_expert_lmdb_weights.ckpt
12:37:18.330 | INFO    (369329, stable_pretraining.callbacks.checkpoint_sklearn) | Checking for non PyTorch modules to load... 🔧
12:37:18.331 | INFO    (369329, stable_pretraining.callbacks.checkpoint_sklearn) | Checking for Wandb init params... 🔧
12:37:18.331 | INFO    (369329, stable_pretraining.callbacks.checkpoint_sklearn) | Wandb info in checkpoint!!! Restoring same run... 🔧
12:37:18.331 | INFO    (369329, stable_pretraining.callbacks.checkpoint_sklearn) | Trainer has a WandbLogger!
12:37:18.331 | INFO    (369329, stable_pretraining.callbacks.checkpoint_sklearn) | Run already property initialized, skipping deletion and setup!
12:37:18.332 | INFO    (369329, stable_pretraining.callbacks.cpu_offload) | CPUOffloadCallback: Loading state from checkpoint
12:37:18.332 | INFO    (369329, stable_pretraining.callbacks.cpu_offload) | Restored state:
12:37:18.332 | INFO    (369329, stable_pretraining.callbacks.cpu_offload) |   - Checkpoint count: 3
12:37:18.332 | INFO    (369329, stable_pretraining.callbacks.cpu_offload) |   - Total time saved: 2.18s
12:37:18.332 | INFO    (369329, stable_pretraining.callbacks.cpu_offload) |   - Total memory freed: 0.00 GB
12:37:18.333 | INFO    (369329, stable_pretraining.callbacks.cpu_offload) |   - Was enabled: True
/home/ubuntu/miniconda3/envs/le-wms/lib/python3.10/site-packages/lightning/pytorch/callbacks/model_checkpoint.py:566: The dirpath has changed from '/home/ubuntu/le-wm-palash/lewm-pusht' to './le-wm/lewm_lp_pusht_expert_mu-1_lmdb/checkpoints', therefore `best_model_score`, `kth_best_model_path`, `kth_value`, `last_model_path` and `best_k_models` won't be reloaded. Only `best_model_path` will be reloaded.
LOCAL_RANK: 0 - CUDA_VISIBLE_DEVICES: [0]
12:37:18.377 | INFO    (369329, stable_pretraining.module) | Configuring optimizers and learning rate schedulers...
12:37:18.378 | INFO    (369329, stable_pretraining.module) | 	Optimizer specified by Dict with keys ['model_opt']... 🔧
12:37:18.381 | INFO    (369329, stable_pretraining.module) | 
┏━━━━━━━━━━━━━┳━━━━━━━━━━━┳━━━━━━━━━━━━━━━━━━━┳━━━━━━━━━━━━━━━━━┳━━━━━━━━━━━━━━━━┳━━━━━━━━━━━━━━━━━━━━━━━━┓
┃ Optimizer   ┃ Pattern   ┃   Matched Modules ┃   Param Tensors ┃   Total Params ┃   RequiresGrad Tensors ┃
┣━━━━━━━━━━━━━╋━━━━━━━━━━━╋━━━━━━━━━━━━━━━━━━━╋━━━━━━━━━━━━━━━━━╋━━━━━━━━━━━━━━━━╋━━━━━━━━━━━━━━━━━━━━━━━━┫
┃ model_opt   ┃ model     ┃               368 ┃             299 ┃       18588206 ┃                    299 ┃
┗━━━━━━━━━━━━━┻━━━━━━━━━━━┻━━━━━━━━━━━━━━━━━━━┻━━━━━━━━━━━━━━━━━┻━━━━━━━━━━━━━━━━┻━━━━━━━━━━━━━━━━━━━━━━━━┛
12:37:18.382 | INFO    (369329, stable_pretraining.optim.lr_scheduler) | 	User provided a dict
Loading `train_dataloader` to estimate number of stepping batches.
12:37:18.873 | SUCCESS (369329, stable_pretraining.callbacks.env_info) |   ✓ Packages: 260 packages collected in 0.86s
12:37:19.116 | INFO    (369329, stable_pretraining.module) | Configured optimizer 'model_opt' (modules=368, param_tensors=299, total_params=18588206) with LinearWarmupCosineAnnealingLR scheduler.
/home/ubuntu/miniconda3/envs/le-wms/lib/python3.10/site-packages/lightning/pytorch/utilities/model_summary/model_summary.py:242: Precision bf16-mixed is not supported by the model summary.  Estimated model size in MB will not be accurate. Using 32 bits instead.
12:37:19.131 | WARNING (369329, stable_pretraining.module) | You are calling self.parameters which also gives callbacks parameters, to remove then, pass `with_callbacks=False`
12:37:19.134 | WARNING (369329, stable_pretraining.module) | You are calling self.parameters which also gives callbacks parameters, to remove then, pass `with_callbacks=False`
12:37:19.135 | WARNING (369329, stable_pretraining.module) | You are calling self.parameters which also gives callbacks parameters, to remove then, pass `with_callbacks=False`
12:37:19.137 | WARNING (369329, stable_pretraining.module) | You are calling self.parameters which also gives callbacks parameters, to remove then, pass `with_callbacks=False`
┏━━━┳━━━━━━━━━━━━━━━━━━━┳━━━━━━━━━━━━━━━━━┳━━━━━━━━┳━━━━━━━┳━━━━━━━┓
┃   ┃ Name              ┃ Type            ┃ Params ┃ Mode  ┃ FLOPs ┃
┡━━━╇━━━━━━━━━━━━━━━━━━━╇━━━━━━━━━━━━━━━━━╇━━━━━━━━╇━━━━━━━╇━━━━━━━┩
│ 0 │ callbacks_modules │ ModuleDict      │      0 │ train │     0 │
│ 1 │ callbacks_metrics │ ModuleDict      │      0 │ train │     0 │
│ 2 │ model             │ OptimizedModule │ 18.6 M │ train │     0 │
│ 3 │ rdmreg            │ RDMReg          │      0 │ train │     0 │
└───┴───────────────────┴─────────────────┴────────┴───────┴───────┘
Trainable params: 18.6 M                                                        
Non-trainable params: 0                                                         
Total params: 18.6 M                                                            
Total estimated model params size (MB): 74                                      
Modules in train mode: 371                                                      
Modules in eval mode: 0                                                         
Total FLOPs: 0                                                                  
Restored all states from the checkpoint at /home/ubuntu/le-wm-palash/lewm-pusht/lewm_lp_p1.0_mu-1_pusht_expert_lmdb_weights.ckpt
12:37:19.370 | WARNING (369329, stable_pretraining.module) | You are calling self.parameters which also gives callbacks parameters, to remove then, pass `with_callbacks=False`
/home/ubuntu/miniconda3/envs/le-wms/lib/python3.10/site-packages/lightning/pytorch/utilities/data.py:79: Trying to infer the `batch_size` from an ambiguous collection. The batch size we found is 512. To avoid any miscalculations, use `self.log(..., batch_size=batch_size)`.
12:37:26.067 | INFO    (369329, stable_pretraining.callbacks.trainer_info) | \n+----------------------------+-----------------------+
|           Metric           |         Value         |
+----------------------------+-----------------------+
|       [0;34;40mvalidate/loss[0m        |  [0;32;40m0.004942626226693392[0m |
|    [0;34;40mvalidate/loss_epoch[0m     |  [0;32;40m0.004942626226693392[0m |
|     [0;34;40mvalidate/pred_loss[0m     | [0;32;40m0.0009701903909444809[0m |
|  [0;34;40mvalidate/pred_loss_epoch[0m  | [0;32;40m0.0009701903909444809[0m |
|    [0;34;40mvalidate/rdmreg_loss[0m    |  [0;32;40m0.003972435835748911[0m |
| [0;34;40mvalidate/rdmreg_loss_epoch[0m |  [0;32;40m0.003972435835748911[0m |
+----------------------------+-----------------------+
12:37:26.137 | INFO    (369329, stable_pretraining.callbacks.cpu_offload) | CPUOffloadCallback: Training started
12:37:26.138 | WARNING (369329, stable_pretraining.module) | You are calling self.parameters which also gives callbacks parameters, to remove then, pass `with_callbacks=False`
12:37:26.139 | WARNING (369329, stable_pretraining.module) | You are calling self.parameters which also gives callbacks parameters, to remove then, pass `with_callbacks=False`
12:37:26.140 | INFO    (369329, stable_pretraining.callbacks.cpu_offload) | Model statistics:
12:37:26.140 | INFO    (369329, stable_pretraining.callbacks.cpu_offload) |   - Total parameters: 18,588,206
12:37:26.140 | INFO    (369329, stable_pretraining.callbacks.cpu_offload) |   - Trainable parameters: 18,588,206
12:37:26.140 | INFO    (369329, stable_pretraining.callbacks.cpu_offload) |   - Model size (bf16): ~0.04 GB
12:37:26.140 | INFO    (369329, stable_pretraining.callbacks.cpu_offload) |   - Estimated checkpoint size (with optimizer): ~0.11 GB
12:37:26.140 | INFO    (369329, stable_pretraining.module) | Double checking optimizers!
12:37:26.141 | INFO    (369329, stable_pretraining.module) | `self.optimizers() gave us 1 optimizers
12:37:26.141 | WARNING (369329, stable_pretraining.module) | No clip val found for optimizer default_0
12:37:26.141 | WARNING (369329, stable_pretraining.module) | -> we will use the Trainer's value of 1.0
12:37:26.141 | WARNING (369329, stable_pretraining.module) | No clip algorithm found for optimizer default_0
12:37:26.141 | WARNING (369329, stable_pretraining.module) | -> we will use the Trainer's value of None
12:37:26.142 | SUCCESS (369329, stable_pretraining.module) | We are done checking your optimizers! Here is the summary:
+------------+-----------+----------------+-----------+-----------+
| Opt. Index | Opt. name |      opt       | clip val. | clip alg. |
+------------+-----------+----------------+-----------+-----------+
|     0      | default_0 | LightningAdamW |    1.0    |    None   |
+------------+-----------+----------------+-----------+-----------+
12:37:27.079 | WARNING (369329, stable_pretraining.module) | You are calling self.parameters which also gives callbacks parameters, to remove then, pass `with_callbacks=False`
12:37:27.081 | INFO    (369329, stable_pretraining.callbacks.unused_parameters) | [LogUnusedParametersOnce] All tracked parameters received gradients on the first backward pass.
12:37:27.082 | INFO    (369329, stable_pretraining.callbacks.unused_parameters) | [LogUnusedParametersOnce] Hooks removed, callback disabled.
12:37:28.958 | WARNING (369329, stable_pretraining.callbacks.env_info) |      ⚠️  nvidia-smi timed out
12:37:29.008 | SUCCESS (369329, stable_pretraining.callbacks.env_info) |   ✓ Git: Palash @ 6b33c8d9
12:37:29.009 | INFO    (369329, stable_pretraining.callbacks.env_info) |      Remote: https://github.com/Planning-for-WMs/le-wm.git
12:37:29.009 | WARNING (369329, stable_pretraining.callbacks.env_info) |      ⚠️  Working directory has uncommitted changes!
12:37:29.010 | SUCCESS (369329, stable_pretraining.callbacks.env_info) |   ✓ Environment: 5 relevant variables captured
12:37:29.010 | INFO    (369329, stable_pretraining.callbacks.env_info) | 🔄 Serializing environment data...
12:37:29.011 | INFO    (369329, stable_pretraining.callbacks.env_info) | 📋 File exists, using version 16: environment_v16.json
12:37:29.012 | INFO    (369329, stable_pretraining.callbacks.env_info) | 📋 File exists, using version 16: requirements_frozen_v16.txt
12:37:29.012 | INFO    (369329, stable_pretraining.callbacks.env_info) | 📁 Save directory: /home/ubuntu/le-wm-palash
12:37:29.013 | INFO    (369329, stable_pretraining.callbacks.env_info) | 💾 Writing environment to temp file...
12:37:29.014 | INFO    (369329, stable_pretraining.callbacks.env_info) | 💾 Moving to: environment_v16.json
12:37:29.014 | SUCCESS (369329, stable_pretraining.callbacks.env_info) | ✓ Environment file saved (16.0 KB)
12:37:29.015 | SUCCESS (369329, stable_pretraining.callbacks.env_info) | ✓ Requirements file saved (5.2 KB)
13:00:34.477 | WARNING (369329, stable_pretraining.module) | You are calling self.parameters which also gives callbacks parameters, to remove then, pass `with_callbacks=False`
/home/ubuntu/miniconda3/envs/le-wms/lib/python3.10/site-packages/lightning/pytorch/utilities/data.py:79: Trying to infer the `batch_size` from an ambiguous collection. The batch size we found is 28. To avoid any miscalculations, use `self.log(..., batch_size=batch_size)`.
13:03:50.839 | INFO    (369329, stable_pretraining.callbacks.trainer_info) | \n+----------------------------+-----------------------+
|           Metric           |         Value         |
+----------------------------+-----------------------+
|          [0;34;40mfit/loss[0m          |  [0;32;40m0.010850067250430584[0m |
|       [0;34;40mfit/pred_loss[0m        | [0;32;40m0.0032795837614685297[0m |
|      [0;34;40mfit/rdmreg_loss[0m       |  [0;32;40m0.007570483256131411[0m |
|       [0;34;40mvalidate/loss[0m        |  [0;32;40m0.019561413675546646[0m |
|    [0;34;40mvalidate/loss_epoch[0m     |  [0;32;40m0.019561413675546646[0m |
|     [0;34;40mvalidate/pred_loss[0m     |  [0;32;40m0.004411451052874327[0m |
|  [0;34;40mvalidate/pred_loss_epoch[0m  |  [0;32;40m0.004411451052874327[0m |
|    [0;34;40mvalidate/rdmreg_loss[0m    |  [0;32;40m0.015149968676269054[0m |
| [0;34;40mvalidate/rdmreg_loss_epoch[0m |  [0;32;40m0.015149968676269054[0m |
+----------------------------+-----------------------+
13:03:51.223 | INFO    (369329, stable_pretraining.callbacks.checkpoint_sklearn) | Checking for non PyTorch modules to save... 🔧
13:03:51.223 | INFO    (369329, stable_pretraining.callbacks.checkpoint_sklearn) | Checking for Wandb params to save... 🔧
13:03:51.224 | INFO    (369329, stable_pretraining.callbacks.checkpoint_sklearn) | Saving Wandb params {'id': 'lewm_lp_pusht_expert_mu-1_lmdb'}
13:03:51.224 | INFO    (369329, stable_pretraining.callbacks.checkpoint_sklearn) | Checking for Wandb params to save... Done!
13:03:51.225 | INFO    (369329, stable_pretraining.callbacks.cpu_offload) | ============================================================
13:03:51.225 | INFO    (369329, stable_pretraining.callbacks.cpu_offload) | CPUOffloadCallback: Starting checkpoint CPU offload (#4)
13:03:51.225 | INFO    (369329, stable_pretraining.callbacks.cpu_offload) |   - Global step: 10449
13:03:51.225 | INFO    (369329, stable_pretraining.callbacks.cpu_offload) |   - Epoch: 2
13:03:51.226 | INFO    (369329, stable_pretraining.callbacks.cpu_offload) | Checkpoint contains 11 keys: ['callbacks', 'epoch', 'global_step', 'hparams_name', 'hyper_parameters', 'loops', 'lr_schedulers', 'optimizer_states', 'pytorch-lightning_version', 'state_dict', 'wandb']
13:03:51.227 | INFO    (369329, stable_pretraining.callbacks.cpu_offload) | GPU memory before offload:
13:03:51.227 | INFO    (369329, stable_pretraining.callbacks.cpu_offload) |   - Allocated: 0.24 GB
13:03:51.227 | INFO    (369329, stable_pretraining.callbacks.cpu_offload) |   - Reserved: 16.71 GB
13:03:51.227 | INFO    (369329, stable_pretraining.callbacks.cpu_offload) | Processing checkpoint key: 'state_dict'
13:03:51.604 | SUCCESS (369329, stable_pretraining.callbacks.cpu_offload) | ✓ Completed 'state_dict' in 0.38s
13:03:51.605 | INFO    (369329, stable_pretraining.callbacks.cpu_offload) | Processing checkpoint key: 'optimizer_states'
13:03:52.264 | SUCCESS (369329, stable_pretraining.callbacks.cpu_offload) | ✓ Completed 'optimizer_states' in 0.66s
13:03:52.265 | INFO    (369329, stable_pretraining.callbacks.cpu_offload) | Processing checkpoint key: 'lr_schedulers'
13:03:52.265 | SUCCESS (369329, stable_pretraining.callbacks.cpu_offload) | ✓ Completed 'lr_schedulers' in 0.00s
13:03:52.265 | WARNING (369329, stable_pretraining.callbacks.cpu_offload) | Skipped 321 custom object(s)
13:03:52.266 | WARNING (369329, stable_pretraining.callbacks.cpu_offload) | First 10 skipped objects:
13:03:52.266 | WARNING (369329, stable_pretraining.callbacks.cpu_offload) |   - float at 'optimizer_states[0].param_groups[0].lr'
13:03:52.266 | WARNING (369329, stable_pretraining.callbacks.cpu_offload) |   - float at 'optimizer_states[0].param_groups[0].betas[0]'
13:03:52.266 | WARNING (369329, stable_pretraining.callbacks.cpu_offload) |   - float at 'optimizer_states[0].param_groups[0].betas[1]'
13:03:52.267 | WARNING (369329, stable_pretraining.callbacks.cpu_offload) |   - float at 'optimizer_states[0].param_groups[0].eps'
13:03:52.267 | WARNING (369329, stable_pretraining.callbacks.cpu_offload) |   - float at 'optimizer_states[0].param_groups[0].weight_decay'
13:03:52.267 | WARNING (369329, stable_pretraining.callbacks.cpu_offload) |   - bool at 'optimizer_states[0].param_groups[0].amsgrad'
13:03:52.267 | WARNING (369329, stable_pretraining.callbacks.cpu_offload) |   - bool at 'optimizer_states[0].param_groups[0].maximize'
13:03:52.267 | WARNING (369329, stable_pretraining.callbacks.cpu_offload) |   - NoneType at 'optimizer_states[0].param_groups[0].foreach'
13:03:52.267 | WARNING (369329, stable_pretraining.callbacks.cpu_offload) |   - bool at 'optimizer_states[0].param_groups[0].capturable'
13:03:52.268 | WARNING (369329, stable_pretraining.callbacks.cpu_offload) |   - bool at 'optimizer_states[0].param_groups[0].differentiable'
13:03:52.268 | WARNING (369329, stable_pretraining.callbacks.cpu_offload) | ... (301 more skipped) ...
13:03:52.268 | WARNING (369329, stable_pretraining.callbacks.cpu_offload) | Last 10 skipped objects:
13:03:52.268 | WARNING (369329, stable_pretraining.callbacks.cpu_offload) |   - int at 'optimizer_states[0].param_groups[0].params[298]'
13:03:52.268 | WARNING (369329, stable_pretraining.callbacks.cpu_offload) |   - int at 'lr_schedulers[0].warmup_steps'
13:03:52.269 | WARNING (369329, stable_pretraining.callbacks.cpu_offload) |   - int at 'lr_schedulers[0].max_steps'
13:03:52.269 | WARNING (369329, stable_pretraining.callbacks.cpu_offload) |   - float at 'lr_schedulers[0].warmup_start_lr'
13:03:52.269 | WARNING (369329, stable_pretraining.callbacks.cpu_offload) |   - float at 'lr_schedulers[0].eta_min'
13:03:52.269 | WARNING (369329, stable_pretraining.callbacks.cpu_offload) |   - float at 'lr_schedulers[0].base_lrs[0]'
13:03:52.269 | WARNING (369329, stable_pretraining.callbacks.cpu_offload) |   - int at 'lr_schedulers[0].last_epoch'
13:03:52.269 | WARNING (369329, stable_pretraining.callbacks.cpu_offload) |   - int at 'lr_schedulers[0]._step_count'
13:03:52.270 | WARNING (369329, stable_pretraining.callbacks.cpu_offload) |   - bool at 'lr_schedulers[0]._get_lr_called_within_step'
13:03:52.270 | WARNING (369329, stable_pretraining.callbacks.cpu_offload) |   - float at 'lr_schedulers[0]._last_lr[0]'
13:03:52.270 | INFO    (369329, stable_pretraining.callbacks.cpu_offload) | To see all 321 skipped objects, set log_skipped=True
13:03:52.271 | INFO    (369329, stable_pretraining.callbacks.cpu_offload) | GPU memory after offload:
13:03:52.271 | INFO    (369329, stable_pretraining.callbacks.cpu_offload) |   - Allocated: 0.24 GB
13:03:52.271 | INFO    (369329, stable_pretraining.callbacks.cpu_offload) |   - Reserved: 16.71 GB
13:03:52.271 | INFO    (369329, stable_pretraining.callbacks.cpu_offload) | GPU memory freed: 0.00 GB
13:03:52.271 | SUCCESS (369329, stable_pretraining.callbacks.cpu_offload) | CPUOffloadCallback: Checkpoint #4 completed in 1.05s
13:03:52.272 | INFO    (369329, stable_pretraining.callbacks.cpu_offload) | Successfully processed keys: ['state_dict', 'optimizer_states', 'lr_schedulers']
13:03:52.272 | INFO    (369329, stable_pretraining.callbacks.cpu_offload) | Cumulative stats:
13:03:52.272 | INFO    (369329, stable_pretraining.callbacks.cpu_offload) |   - Total checkpoints saved: 4
13:03:52.272 | INFO    (369329, stable_pretraining.callbacks.cpu_offload) |   - Total time in offload: 3.23s
13:03:52.272 | INFO    (369329, stable_pretraining.callbacks.cpu_offload) |   - Total memory freed: 0.00 GB
13:03:52.272 | INFO    (369329, stable_pretraining.callbacks.cpu_offload) |   - Average time per checkpoint: 0.81s
13:03:52.273 | INFO    (369329, stable_pretraining.callbacks.cpu_offload) | ============================================================
13:03:53.570 | INFO    (369329, stable_pretraining.callbacks.checkpoint_sklearn) | Checking for non PyTorch modules to save... 🔧
13:03:53.570 | INFO    (369329, stable_pretraining.callbacks.checkpoint_sklearn) | Checking for Wandb params to save... 🔧
13:03:53.571 | INFO    (369329, stable_pretraining.callbacks.checkpoint_sklearn) | Saving Wandb params {'id': 'lewm_lp_pusht_expert_mu-1_lmdb'}
13:03:53.571 | INFO    (369329, stable_pretraining.callbacks.checkpoint_sklearn) | Checking for Wandb params to save... Done!
13:03:53.571 | INFO    (369329, stable_pretraining.callbacks.cpu_offload) | ============================================================
13:03:53.571 | INFO    (369329, stable_pretraining.callbacks.cpu_offload) | CPUOffloadCallback: Starting checkpoint CPU offload (#5)
13:03:53.572 | INFO    (369329, stable_pretraining.callbacks.cpu_offload) |   - Global step: 10449
13:03:53.572 | INFO    (369329, stable_pretraining.callbacks.cpu_offload) |   - Epoch: 2
13:03:53.572 | INFO    (369329, stable_pretraining.callbacks.cpu_offload) | Checkpoint contains 11 keys: ['callbacks', 'epoch', 'global_step', 'hparams_name', 'hyper_parameters', 'loops', 'lr_schedulers', 'optimizer_states', 'pytorch-lightning_version', 'state_dict', 'wandb']
13:03:53.573 | INFO    (369329, stable_pretraining.callbacks.cpu_offload) | GPU memory before offload:
13:03:53.573 | INFO    (369329, stable_pretraining.callbacks.cpu_offload) |   - Allocated: 0.24 GB
13:03:53.573 | INFO    (369329, stable_pretraining.callbacks.cpu_offload) |   - Reserved: 16.71 GB
13:03:53.573 | INFO    (369329, stable_pretraining.callbacks.cpu_offload) | Processing checkpoint key: 'state_dict'
13:03:53.884 | SUCCESS (369329, stable_pretraining.callbacks.cpu_offload) | ✓ Completed 'state_dict' in 0.31s
13:03:53.885 | INFO    (369329, stable_pretraining.callbacks.cpu_offload) | Processing checkpoint key: 'optimizer_states'
13:03:54.428 | SUCCESS (369329, stable_pretraining.callbacks.cpu_offload) | ✓ Completed 'optimizer_states' in 0.54s
13:03:54.429 | INFO    (369329, stable_pretraining.callbacks.cpu_offload) | Processing checkpoint key: 'lr_schedulers'
13:03:54.430 | SUCCESS (369329, stable_pretraining.callbacks.cpu_offload) | ✓ Completed 'lr_schedulers' in 0.00s
13:03:54.430 | WARNING (369329, stable_pretraining.callbacks.cpu_offload) | Skipped 321 custom object(s)
13:03:54.431 | WARNING (369329, stable_pretraining.callbacks.cpu_offload) | First 10 skipped objects:
13:03:54.431 | WARNING (369329, stable_pretraining.callbacks.cpu_offload) |   - float at 'optimizer_states[0].param_groups[0].lr'
13:03:54.431 | WARNING (369329, stable_pretraining.callbacks.cpu_offload) |   - float at 'optimizer_states[0].param_groups[0].betas[0]'
13:03:54.431 | WARNING (369329, stable_pretraining.callbacks.cpu_offload) |   - float at 'optimizer_states[0].param_groups[0].betas[1]'
13:03:54.432 | WARNING (369329, stable_pretraining.callbacks.cpu_offload) |   - float at 'optimizer_states[0].param_groups[0].eps'
13:03:54.432 | WARNING (369329, stable_pretraining.callbacks.cpu_offload) |   - float at 'optimizer_states[0].param_groups[0].weight_decay'
13:03:54.432 | WARNING (369329, stable_pretraining.callbacks.cpu_offload) |   - bool at 'optimizer_states[0].param_groups[0].amsgrad'
13:03:54.432 | WARNING (369329, stable_pretraining.callbacks.cpu_offload) |   - bool at 'optimizer_states[0].param_groups[0].maximize'
13:03:54.432 | WARNING (369329, stable_pretraining.callbacks.cpu_offload) |   - NoneType at 'optimizer_states[0].param_groups[0].foreach'
13:03:54.432 | WARNING (369329, stable_pretraining.callbacks.cpu_offload) |   - bool at 'optimizer_states[0].param_groups[0].capturable'
13:03:54.433 | WARNING (369329, stable_pretraining.callbacks.cpu_offload) |   - bool at 'optimizer_states[0].param_groups[0].differentiable'
13:03:54.433 | WARNING (369329, stable_pretraining.callbacks.cpu_offload) | ... (301 more skipped) ...
13:03:54.433 | WARNING (369329, stable_pretraining.callbacks.cpu_offload) | Last 10 skipped objects:
13:03:54.433 | WARNING (369329, stable_pretraining.callbacks.cpu_offload) |   - int at 'optimizer_states[0].param_groups[0].params[298]'
13:03:54.433 | WARNING (369329, stable_pretraining.callbacks.cpu_offload) |   - int at 'lr_schedulers[0].warmup_steps'
13:03:54.433 | WARNING (369329, stable_pretraining.callbacks.cpu_offload) |   - int at 'lr_schedulers[0].max_steps'
13:03:54.433 | WARNING (369329, stable_pretraining.callbacks.cpu_offload) |   - float at 'lr_schedulers[0].warmup_start_lr'
13:03:54.434 | WARNING (369329, stable_pretraining.callbacks.cpu_offload) |   - float at 'lr_schedulers[0].eta_min'
13:03:54.434 | WARNING (369329, stable_pretraining.callbacks.cpu_offload) |   - float at 'lr_schedulers[0].base_lrs[0]'
13:03:54.434 | WARNING (369329, stable_pretraining.callbacks.cpu_offload) |   - int at 'lr_schedulers[0].last_epoch'
13:03:54.434 | WARNING (369329, stable_pretraining.callbacks.cpu_offload) |   - int at 'lr_schedulers[0]._step_count'
13:03:54.434 | WARNING (369329, stable_pretraining.callbacks.cpu_offload) |   - bool at 'lr_schedulers[0]._get_lr_called_within_step'
13:03:54.434 | WARNING (369329, stable_pretraining.callbacks.cpu_offload) |   - float at 'lr_schedulers[0]._last_lr[0]'
13:03:54.435 | INFO    (369329, stable_pretraining.callbacks.cpu_offload) | To see all 321 skipped objects, set log_skipped=True
13:03:54.435 | INFO    (369329, stable_pretraining.callbacks.cpu_offload) | GPU memory after offload:
13:03:54.435 | INFO    (369329, stable_pretraining.callbacks.cpu_offload) |   - Allocated: 0.24 GB
13:03:54.436 | INFO    (369329, stable_pretraining.callbacks.cpu_offload) |   - Reserved: 16.71 GB
13:03:54.436 | INFO    (369329, stable_pretraining.callbacks.cpu_offload) | GPU memory freed: 0.00 GB
13:03:54.436 | SUCCESS (369329, stable_pretraining.callbacks.cpu_offload) | CPUOffloadCallback: Checkpoint #5 completed in 0.86s
13:03:54.436 | INFO    (369329, stable_pretraining.callbacks.cpu_offload) | Successfully processed keys: ['state_dict', 'optimizer_states', 'lr_schedulers']
13:03:54.436 | INFO    (369329, stable_pretraining.callbacks.cpu_offload) | Cumulative stats:
13:03:54.436 | INFO    (369329, stable_pretraining.callbacks.cpu_offload) |   - Total checkpoints saved: 5
13:03:54.436 | INFO    (369329, stable_pretraining.callbacks.cpu_offload) |   - Total time in offload: 4.09s
13:03:54.437 | INFO    (369329, stable_pretraining.callbacks.cpu_offload) |   - Total memory freed: 0.00 GB
13:03:54.437 | INFO    (369329, stable_pretraining.callbacks.cpu_offload) |   - Average time per checkpoint: 0.82s
13:03:54.437 | INFO    (369329, stable_pretraining.callbacks.cpu_offload) | ============================================================
13:27:01.075 | WARNING (369329, stable_pretraining.module) | You are calling self.parameters which also gives callbacks parameters, to remove then, pass `with_callbacks=False`
13:30:11.630 | INFO    (369329, stable_pretraining.callbacks.trainer_info) | \n+----------------------------+-----------------------+
|           Metric           |         Value         |
+----------------------------+-----------------------+
|          [0;34;40mfit/loss[0m          |  [0;32;40m0.003851885674521327[0m |
|       [0;34;40mfit/pred_loss[0m        | [0;32;40m0.0007580732926726341[0m |
|      [0;34;40mfit/rdmreg_loss[0m       |  [0;32;40m0.003093812381848693[0m |
|       [0;34;40mvalidate/loss[0m        |  [0;32;40m0.004111701622605324[0m |
|    [0;34;40mvalidate/loss_epoch[0m     |  [0;32;40m0.004111701622605324[0m |
|     [0;34;40mvalidate/pred_loss[0m     | [0;32;40m0.0007135877967812121[0m |
|  [0;34;40mvalidate/pred_loss_epoch[0m  | [0;32;40m0.0007135877967812121[0m |
|    [0;34;40mvalidate/rdmreg_loss[0m    |  [0;32;40m0.003398112952709198[0m |
| [0;34;40mvalidate/rdmreg_loss_epoch[0m |  [0;32;40m0.003398112952709198[0m |
+----------------------------+-----------------------+
13:30:11.911 | INFO    (369329, stable_pretraining.callbacks.checkpoint_sklearn) | Checking for non PyTorch modules to save... 🔧
13:30:11.911 | INFO    (369329, stable_pretraining.callbacks.checkpoint_sklearn) | Checking for Wandb params to save... 🔧
13:30:11.911 | INFO    (369329, stable_pretraining.callbacks.checkpoint_sklearn) | Saving Wandb params {'id': 'lewm_lp_pusht_expert_mu-1_lmdb'}
13:30:11.911 | INFO    (369329, stable_pretraining.callbacks.checkpoint_sklearn) | Checking for Wandb params to save... Done!
13:30:11.912 | INFO    (369329, stable_pretraining.callbacks.cpu_offload) | ============================================================
13:30:11.912 | INFO    (369329, stable_pretraining.callbacks.cpu_offload) | CPUOffloadCallback: Starting checkpoint CPU offload (#6)
13:30:11.912 | INFO    (369329, stable_pretraining.callbacks.cpu_offload) |   - Global step: 13932
13:30:11.912 | INFO    (369329, stable_pretraining.callbacks.cpu_offload) |   - Epoch: 3
13:30:11.913 | INFO    (369329, stable_pretraining.callbacks.cpu_offload) | Checkpoint contains 11 keys: ['callbacks', 'epoch', 'global_step', 'hparams_name', 'hyper_parameters', 'loops', 'lr_schedulers', 'optimizer_states', 'pytorch-lightning_version', 'state_dict', 'wandb']
13:30:11.913 | INFO    (369329, stable_pretraining.callbacks.cpu_offload) | GPU memory before offload:
13:30:11.913 | INFO    (369329, stable_pretraining.callbacks.cpu_offload) |   - Allocated: 0.24 GB
13:30:11.914 | INFO    (369329, stable_pretraining.callbacks.cpu_offload) |   - Reserved: 16.71 GB
13:30:11.914 | INFO    (369329, stable_pretraining.callbacks.cpu_offload) | Processing checkpoint key: 'state_dict'
13:30:12.257 | SUCCESS (369329, stable_pretraining.callbacks.cpu_offload) | ✓ Completed 'state_dict' in 0.34s
13:30:12.258 | INFO    (369329, stable_pretraining.callbacks.cpu_offload) | Processing checkpoint key: 'optimizer_states'
13:30:12.940 | SUCCESS (369329, stable_pretraining.callbacks.cpu_offload) | ✓ Completed 'optimizer_states' in 0.68s
13:30:12.941 | INFO    (369329, stable_pretraining.callbacks.cpu_offload) | Processing checkpoint key: 'lr_schedulers'
13:30:12.941 | SUCCESS (369329, stable_pretraining.callbacks.cpu_offload) | ✓ Completed 'lr_schedulers' in 0.00s
13:30:12.942 | WARNING (369329, stable_pretraining.callbacks.cpu_offload) | Skipped 321 custom object(s)
13:30:12.942 | WARNING (369329, stable_pretraining.callbacks.cpu_offload) | First 10 skipped objects:
13:30:12.942 | WARNING (369329, stable_pretraining.callbacks.cpu_offload) |   - float at 'optimizer_states[0].param_groups[0].lr'
13:30:12.942 | WARNING (369329, stable_pretraining.callbacks.cpu_offload) |   - float at 'optimizer_states[0].param_groups[0].betas[0]'
13:30:12.942 | WARNING (369329, stable_pretraining.callbacks.cpu_offload) |   - float at 'optimizer_states[0].param_groups[0].betas[1]'
13:30:12.942 | WARNING (369329, stable_pretraining.callbacks.cpu_offload) |   - float at 'optimizer_states[0].param_groups[0].eps'
13:30:12.942 | WARNING (369329, stable_pretraining.callbacks.cpu_offload) |   - float at 'optimizer_states[0].param_groups[0].weight_decay'
13:30:12.943 | WARNING (369329, stable_pretraining.callbacks.cpu_offload) |   - bool at 'optimizer_states[0].param_groups[0].amsgrad'
13:30:12.943 | WARNING (369329, stable_pretraining.callbacks.cpu_offload) |   - bool at 'optimizer_states[0].param_groups[0].maximize'
13:30:12.943 | WARNING (369329, stable_pretraining.callbacks.cpu_offload) |   - NoneType at 'optimizer_states[0].param_groups[0].foreach'
13:30:12.943 | WARNING (369329, stable_pretraining.callbacks.cpu_offload) |   - bool at 'optimizer_states[0].param_groups[0].capturable'
13:30:12.943 | WARNING (369329, stable_pretraining.callbacks.cpu_offload) |   - bool at 'optimizer_states[0].param_groups[0].differentiable'
13:30:12.944 | WARNING (369329, stable_pretraining.callbacks.cpu_offload) | ... (301 more skipped) ...
13:30:12.944 | WARNING (369329, stable_pretraining.callbacks.cpu_offload) | Last 10 skipped objects:
13:30:12.944 | WARNING (369329, stable_pretraining.callbacks.cpu_offload) |   - int at 'optimizer_states[0].param_groups[0].params[298]'
13:30:12.944 | WARNING (369329, stable_pretraining.callbacks.cpu_offload) |   - int at 'lr_schedulers[0].warmup_steps'
13:30:12.944 | WARNING (369329, stable_pretraining.callbacks.cpu_offload) |   - int at 'lr_schedulers[0].max_steps'
13:30:12.945 | WARNING (369329, stable_pretraining.callbacks.cpu_offload) |   - float at 'lr_schedulers[0].warmup_start_lr'
13:30:12.945 | WARNING (369329, stable_pretraining.callbacks.cpu_offload) |   - float at 'lr_schedulers[0].eta_min'
13:30:12.945 | WARNING (369329, stable_pretraining.callbacks.cpu_offload) |   - float at 'lr_schedulers[0].base_lrs[0]'
13:30:12.945 | WARNING (369329, stable_pretraining.callbacks.cpu_offload) |   - int at 'lr_schedulers[0].last_epoch'
13:30:12.945 | WARNING (369329, stable_pretraining.callbacks.cpu_offload) |   - int at 'lr_schedulers[0]._step_count'
13:30:12.945 | WARNING (369329, stable_pretraining.callbacks.cpu_offload) |   - bool at 'lr_schedulers[0]._get_lr_called_within_step'
13:30:12.946 | WARNING (369329, stable_pretraining.callbacks.cpu_offload) |   - float at 'lr_schedulers[0]._last_lr[0]'
13:30:12.946 | INFO    (369329, stable_pretraining.callbacks.cpu_offload) | To see all 321 skipped objects, set log_skipped=True
13:30:12.946 | INFO    (369329, stable_pretraining.callbacks.cpu_offload) | GPU memory after offload:
13:30:12.947 | INFO    (369329, stable_pretraining.callbacks.cpu_offload) |   - Allocated: 0.24 GB
13:30:12.947 | INFO    (369329, stable_pretraining.callbacks.cpu_offload) |   - Reserved: 16.71 GB
13:30:12.947 | INFO    (369329, stable_pretraining.callbacks.cpu_offload) | GPU memory freed: 0.00 GB
13:30:12.947 | SUCCESS (369329, stable_pretraining.callbacks.cpu_offload) | CPUOffloadCallback: Checkpoint #6 completed in 1.04s
13:30:12.947 | INFO    (369329, stable_pretraining.callbacks.cpu_offload) | Successfully processed keys: ['state_dict', 'optimizer_states', 'lr_schedulers']
13:30:12.947 | INFO    (369329, stable_pretraining.callbacks.cpu_offload) | Cumulative stats:
13:30:12.948 | INFO    (369329, stable_pretraining.callbacks.cpu_offload) |   - Total checkpoints saved: 6
13:30:12.948 | INFO    (369329, stable_pretraining.callbacks.cpu_offload) |   - Total time in offload: 5.13s
13:30:12.948 | INFO    (369329, stable_pretraining.callbacks.cpu_offload) |   - Total memory freed: 0.00 GB
13:30:12.948 | INFO    (369329, stable_pretraining.callbacks.cpu_offload) |   - Average time per checkpoint: 0.85s
13:30:12.948 | INFO    (369329, stable_pretraining.callbacks.cpu_offload) | ============================================================
13:30:14.372 | INFO    (369329, stable_pretraining.callbacks.checkpoint_sklearn) | Checking for non PyTorch modules to save... 🔧
13:30:14.372 | INFO    (369329, stable_pretraining.callbacks.checkpoint_sklearn) | Checking for Wandb params to save... 🔧
13:30:14.373 | INFO    (369329, stable_pretraining.callbacks.checkpoint_sklearn) | Saving Wandb params {'id': 'lewm_lp_pusht_expert_mu-1_lmdb'}
13:30:14.373 | INFO    (369329, stable_pretraining.callbacks.checkpoint_sklearn) | Checking for Wandb params to save... Done!
13:30:14.373 | INFO    (369329, stable_pretraining.callbacks.cpu_offload) | ============================================================
13:30:14.373 | INFO    (369329, stable_pretraining.callbacks.cpu_offload) | CPUOffloadCallback: Starting checkpoint CPU offload (#7)
13:30:14.373 | INFO    (369329, stable_pretraining.callbacks.cpu_offload) |   - Global step: 13932
13:30:14.374 | INFO    (369329, stable_pretraining.callbacks.cpu_offload) |   - Epoch: 3
13:30:14.374 | INFO    (369329, stable_pretraining.callbacks.cpu_offload) | Checkpoint contains 11 keys: ['callbacks', 'epoch', 'global_step', 'hparams_name', 'hyper_parameters', 'loops', 'lr_schedulers', 'optimizer_states', 'pytorch-lightning_version', 'state_dict', 'wandb']
13:30:14.374 | INFO    (369329, stable_pretraining.callbacks.cpu_offload) | GPU memory before offload:
13:30:14.374 | INFO    (369329, stable_pretraining.callbacks.cpu_offload) |   - Allocated: 0.24 GB
13:30:14.375 | INFO    (369329, stable_pretraining.callbacks.cpu_offload) |   - Reserved: 16.71 GB
13:30:14.375 | INFO    (369329, stable_pretraining.callbacks.cpu_offload) | Processing checkpoint key: 'state_dict'
13:30:14.625 | SUCCESS (369329, stable_pretraining.callbacks.cpu_offload) | ✓ Completed 'state_dict' in 0.25s
13:30:14.626 | INFO    (369329, stable_pretraining.callbacks.cpu_offload) | Processing checkpoint key: 'optimizer_states'
13:30:15.112 | SUCCESS (369329, stable_pretraining.callbacks.cpu_offload) | ✓ Completed 'optimizer_states' in 0.49s
13:30:15.113 | INFO    (369329, stable_pretraining.callbacks.cpu_offload) | Processing checkpoint key: 'lr_schedulers'
13:30:15.113 | SUCCESS (369329, stable_pretraining.callbacks.cpu_offload) | ✓ Completed 'lr_schedulers' in 0.00s
13:30:15.113 | WARNING (369329, stable_pretraining.callbacks.cpu_offload) | Skipped 321 custom object(s)
13:30:15.113 | WARNING (369329, stable_pretraining.callbacks.cpu_offload) | First 10 skipped objects:
13:30:15.113 | WARNING (369329, stable_pretraining.callbacks.cpu_offload) |   - float at 'optimizer_states[0].param_groups[0].lr'
13:30:15.114 | WARNING (369329, stable_pretraining.callbacks.cpu_offload) |   - float at 'optimizer_states[0].param_groups[0].betas[0]'
13:30:15.114 | WARNING (369329, stable_pretraining.callbacks.cpu_offload) |   - float at 'optimizer_states[0].param_groups[0].betas[1]'
13:30:15.114 | WARNING (369329, stable_pretraining.callbacks.cpu_offload) |   - float at 'optimizer_states[0].param_groups[0].eps'
13:30:15.114 | WARNING (369329, stable_pretraining.callbacks.cpu_offload) |   - float at 'optimizer_states[0].param_groups[0].weight_decay'
13:30:15.114 | WARNING (369329, stable_pretraining.callbacks.cpu_offload) |   - bool at 'optimizer_states[0].param_groups[0].amsgrad'
13:30:15.114 | WARNING (369329, stable_pretraining.callbacks.cpu_offload) |   - bool at 'optimizer_states[0].param_groups[0].maximize'
13:30:15.114 | WARNING (369329, stable_pretraining.callbacks.cpu_offload) |   - NoneType at 'optimizer_states[0].param_groups[0].foreach'
13:30:15.115 | WARNING (369329, stable_pretraining.callbacks.cpu_offload) |   - bool at 'optimizer_states[0].param_groups[0].capturable'
13:30:15.115 | WARNING (369329, stable_pretraining.callbacks.cpu_offload) |   - bool at 'optimizer_states[0].param_groups[0].differentiable'
13:30:15.115 | WARNING (369329, stable_pretraining.callbacks.cpu_offload) | ... (301 more skipped) ...
13:30:15.115 | WARNING (369329, stable_pretraining.callbacks.cpu_offload) | Last 10 skipped objects:
13:30:15.115 | WARNING (369329, stable_pretraining.callbacks.cpu_offload) |   - int at 'optimizer_states[0].param_groups[0].params[298]'
13:30:15.115 | WARNING (369329, stable_pretraining.callbacks.cpu_offload) |   - int at 'lr_schedulers[0].warmup_steps'
13:30:15.116 | WARNING (369329, stable_pretraining.callbacks.cpu_offload) |   - int at 'lr_schedulers[0].max_steps'
13:30:15.116 | WARNING (369329, stable_pretraining.callbacks.cpu_offload) |   - float at 'lr_schedulers[0].warmup_start_lr'
13:30:15.116 | WARNING (369329, stable_pretraining.callbacks.cpu_offload) |   - float at 'lr_schedulers[0].eta_min'
13:30:15.116 | WARNING (369329, stable_pretraining.callbacks.cpu_offload) |   - float at 'lr_schedulers[0].base_lrs[0]'
13:30:15.116 | WARNING (369329, stable_pretraining.callbacks.cpu_offload) |   - int at 'lr_schedulers[0].last_epoch'
13:30:15.116 | WARNING (369329, stable_pretraining.callbacks.cpu_offload) |   - int at 'lr_schedulers[0]._step_count'
13:30:15.116 | WARNING (369329, stable_pretraining.callbacks.cpu_offload) |   - bool at 'lr_schedulers[0]._get_lr_called_within_step'
13:30:15.116 | WARNING (369329, stable_pretraining.callbacks.cpu_offload) |   - float at 'lr_schedulers[0]._last_lr[0]'
13:30:15.117 | INFO    (369329, stable_pretraining.callbacks.cpu_offload) | To see all 321 skipped objects, set log_skipped=True
13:30:15.117 | INFO    (369329, stable_pretraining.callbacks.cpu_offload) | GPU memory after offload:
13:30:15.117 | INFO    (369329, stable_pretraining.callbacks.cpu_offload) |   - Allocated: 0.24 GB
13:30:15.117 | INFO    (369329, stable_pretraining.callbacks.cpu_offload) |   - Reserved: 16.71 GB
13:30:15.118 | INFO    (369329, stable_pretraining.callbacks.cpu_offload) | GPU memory freed: 0.00 GB
13:30:15.118 | SUCCESS (369329, stable_pretraining.callbacks.cpu_offload) | CPUOffloadCallback: Checkpoint #7 completed in 0.74s
13:30:15.118 | INFO    (369329, stable_pretraining.callbacks.cpu_offload) | Successfully processed keys: ['state_dict', 'optimizer_states', 'lr_schedulers']
13:30:15.118 | INFO    (369329, stable_pretraining.callbacks.cpu_offload) | Cumulative stats:
13:30:15.118 | INFO    (369329, stable_pretraining.callbacks.cpu_offload) |   - Total checkpoints saved: 7
13:30:15.118 | INFO    (369329, stable_pretraining.callbacks.cpu_offload) |   - Total time in offload: 5.87s
13:30:15.118 | INFO    (369329, stable_pretraining.callbacks.cpu_offload) |   - Total memory freed: 0.00 GB
13:30:15.119 | INFO    (369329, stable_pretraining.callbacks.cpu_offload) |   - Average time per checkpoint: 0.84s
13:30:15.119 | INFO    (369329, stable_pretraining.callbacks.cpu_offload) | ============================================================
13:52:57.615 | WARNING (369329, stable_pretraining.module) | You are calling self.parameters which also gives callbacks parameters, to remove then, pass `with_callbacks=False`
13:56:05.286 | INFO    (369329, stable_pretraining.callbacks.trainer_info) | \n+----------------------------+-----------------------+
|           Metric           |         Value         |
+----------------------------+-----------------------+
|          [0;34;40mfit/loss[0m          | [0;32;40m0.0035008012782782316[0m |
|       [0;34;40mfit/pred_loss[0m        | [0;32;40m0.0006965103675611317[0m |
|      [0;34;40mfit/rdmreg_loss[0m       |  [0;32;40m0.002804290968924761[0m |
|       [0;34;40mvalidate/loss[0m        |  [0;32;40m0.003836246207356453[0m |
|    [0;34;40mvalidate/loss_epoch[0m     |  [0;32;40m0.003836246207356453[0m |
|     [0;34;40mvalidate/pred_loss[0m     | [0;32;40m0.0005971522768959403[0m |
|  [0;34;40mvalidate/pred_loss_epoch[0m  | [0;32;40m0.0005971522768959403[0m |
|    [0;34;40mvalidate/rdmreg_loss[0m    | [0;32;40m0.0032390945125371218[0m |
| [0;34;40mvalidate/rdmreg_loss_epoch[0m | [0;32;40m0.0032390945125371218[0m |
+----------------------------+-----------------------+
13:56:05.570 | INFO    (369329, stable_pretraining.callbacks.checkpoint_sklearn) | Checking for non PyTorch modules to save... 🔧
13:56:05.571 | INFO    (369329, stable_pretraining.callbacks.checkpoint_sklearn) | Checking for Wandb params to save... 🔧
13:56:05.571 | INFO    (369329, stable_pretraining.callbacks.checkpoint_sklearn) | Saving Wandb params {'id': 'lewm_lp_pusht_expert_mu-1_lmdb'}
13:56:05.571 | INFO    (369329, stable_pretraining.callbacks.checkpoint_sklearn) | Checking for Wandb params to save... Done!
13:56:05.571 | INFO    (369329, stable_pretraining.callbacks.cpu_offload) | ============================================================
13:56:05.571 | INFO    (369329, stable_pretraining.callbacks.cpu_offload) | CPUOffloadCallback: Starting checkpoint CPU offload (#8)
13:56:05.572 | INFO    (369329, stable_pretraining.callbacks.cpu_offload) |   - Global step: 17415
13:56:05.572 | INFO    (369329, stable_pretraining.callbacks.cpu_offload) |   - Epoch: 4
13:56:05.572 | INFO    (369329, stable_pretraining.callbacks.cpu_offload) | Checkpoint contains 11 keys: ['callbacks', 'epoch', 'global_step', 'hparams_name', 'hyper_parameters', 'loops', 'lr_schedulers', 'optimizer_states', 'pytorch-lightning_version', 'state_dict', 'wandb']
13:56:05.572 | INFO    (369329, stable_pretraining.callbacks.cpu_offload) | GPU memory before offload:
13:56:05.573 | INFO    (369329, stable_pretraining.callbacks.cpu_offload) |   - Allocated: 0.24 GB
13:56:05.573 | INFO    (369329, stable_pretraining.callbacks.cpu_offload) |   - Reserved: 16.71 GB
13:56:05.573 | INFO    (369329, stable_pretraining.callbacks.cpu_offload) | Processing checkpoint key: 'state_dict'
13:56:05.787 | SUCCESS (369329, stable_pretraining.callbacks.cpu_offload) | ✓ Completed 'state_dict' in 0.21s
13:56:05.787 | INFO    (369329, stable_pretraining.callbacks.cpu_offload) | Processing checkpoint key: 'optimizer_states'
13:56:06.220 | SUCCESS (369329, stable_pretraining.callbacks.cpu_offload) | ✓ Completed 'optimizer_states' in 0.43s
13:56:06.221 | INFO    (369329, stable_pretraining.callbacks.cpu_offload) | Processing checkpoint key: 'lr_schedulers'
13:56:06.221 | SUCCESS (369329, stable_pretraining.callbacks.cpu_offload) | ✓ Completed 'lr_schedulers' in 0.00s
13:56:06.221 | WARNING (369329, stable_pretraining.callbacks.cpu_offload) | Skipped 321 custom object(s)
13:56:06.221 | WARNING (369329, stable_pretraining.callbacks.cpu_offload) | First 10 skipped objects:
13:56:06.222 | WARNING (369329, stable_pretraining.callbacks.cpu_offload) |   - float at 'optimizer_states[0].param_groups[0].lr'
13:56:06.222 | WARNING (369329, stable_pretraining.callbacks.cpu_offload) |   - float at 'optimizer_states[0].param_groups[0].betas[0]'
13:56:06.222 | WARNING (369329, stable_pretraining.callbacks.cpu_offload) |   - float at 'optimizer_states[0].param_groups[0].betas[1]'
13:56:06.222 | WARNING (369329, stable_pretraining.callbacks.cpu_offload) |   - float at 'optimizer_states[0].param_groups[0].eps'
13:56:06.222 | WARNING (369329, stable_pretraining.callbacks.cpu_offload) |   - float at 'optimizer_states[0].param_groups[0].weight_decay'
13:56:06.222 | WARNING (369329, stable_pretraining.callbacks.cpu_offload) |   - bool at 'optimizer_states[0].param_groups[0].amsgrad'
13:56:06.223 | WARNING (369329, stable_pretraining.callbacks.cpu_offload) |   - bool at 'optimizer_states[0].param_groups[0].maximize'
13:56:06.223 | WARNING (369329, stable_pretraining.callbacks.cpu_offload) |   - NoneType at 'optimizer_states[0].param_groups[0].foreach'
13:56:06.223 | WARNING (369329, stable_pretraining.callbacks.cpu_offload) |   - bool at 'optimizer_states[0].param_groups[0].capturable'
13:56:06.223 | WARNING (369329, stable_pretraining.callbacks.cpu_offload) |   - bool at 'optimizer_states[0].param_groups[0].differentiable'
13:56:06.223 | WARNING (369329, stable_pretraining.callbacks.cpu_offload) | ... (301 more skipped) ...
13:56:06.224 | WARNING (369329, stable_pretraining.callbacks.cpu_offload) | Last 10 skipped objects:
13:56:06.224 | WARNING (369329, stable_pretraining.callbacks.cpu_offload) |   - int at 'optimizer_states[0].param_groups[0].params[298]'
13:56:06.224 | WARNING (369329, stable_pretraining.callbacks.cpu_offload) |   - int at 'lr_schedulers[0].warmup_steps'
13:56:06.225 | WARNING (369329, stable_pretraining.callbacks.cpu_offload) |   - int at 'lr_schedulers[0].max_steps'
13:56:06.225 | WARNING (369329, stable_pretraining.callbacks.cpu_offload) |   - float at 'lr_schedulers[0].warmup_start_lr'
13:56:06.225 | WARNING (369329, stable_pretraining.callbacks.cpu_offload) |   - float at 'lr_schedulers[0].eta_min'
13:56:06.225 | WARNING (369329, stable_pretraining.callbacks.cpu_offload) |   - float at 'lr_schedulers[0].base_lrs[0]'
13:56:06.226 | WARNING (369329, stable_pretraining.callbacks.cpu_offload) |   - int at 'lr_schedulers[0].last_epoch'
13:56:06.226 | WARNING (369329, stable_pretraining.callbacks.cpu_offload) |   - int at 'lr_schedulers[0]._step_count'
13:56:06.226 | WARNING (369329, stable_pretraining.callbacks.cpu_offload) |   - bool at 'lr_schedulers[0]._get_lr_called_within_step'
13:56:06.226 | WARNING (369329, stable_pretraining.callbacks.cpu_offload) |   - float at 'lr_schedulers[0]._last_lr[0]'
13:56:06.226 | INFO    (369329, stable_pretraining.callbacks.cpu_offload) | To see all 321 skipped objects, set log_skipped=True
13:56:06.227 | INFO    (369329, stable_pretraining.callbacks.cpu_offload) | GPU memory after offload:
13:56:06.227 | INFO    (369329, stable_pretraining.callbacks.cpu_offload) |   - Allocated: 0.24 GB
13:56:06.227 | INFO    (369329, stable_pretraining.callbacks.cpu_offload) |   - Reserved: 16.71 GB
13:56:06.227 | INFO    (369329, stable_pretraining.callbacks.cpu_offload) | GPU memory freed: 0.00 GB
13:56:06.227 | SUCCESS (369329, stable_pretraining.callbacks.cpu_offload) | CPUOffloadCallback: Checkpoint #8 completed in 0.66s
13:56:06.227 | INFO    (369329, stable_pretraining.callbacks.cpu_offload) | Successfully processed keys: ['state_dict', 'optimizer_states', 'lr_schedulers']
13:56:06.228 | INFO    (369329, stable_pretraining.callbacks.cpu_offload) | Cumulative stats:
13:56:06.228 | INFO    (369329, stable_pretraining.callbacks.cpu_offload) |   - Total checkpoints saved: 8
13:56:06.228 | INFO    (369329, stable_pretraining.callbacks.cpu_offload) |   - Total time in offload: 6.53s
13:56:06.228 | INFO    (369329, stable_pretraining.callbacks.cpu_offload) |   - Total memory freed: 0.00 GB
13:56:06.228 | INFO    (369329, stable_pretraining.callbacks.cpu_offload) |   - Average time per checkpoint: 0.82s
13:56:06.228 | INFO    (369329, stable_pretraining.callbacks.cpu_offload) | ============================================================
13:56:07.506 | INFO    (369329, stable_pretraining.callbacks.checkpoint_sklearn) | Checking for non PyTorch modules to save... 🔧
13:56:07.506 | INFO    (369329, stable_pretraining.callbacks.checkpoint_sklearn) | Checking for Wandb params to save... 🔧
13:56:07.506 | INFO    (369329, stable_pretraining.callbacks.checkpoint_sklearn) | Saving Wandb params {'id': 'lewm_lp_pusht_expert_mu-1_lmdb'}
13:56:07.507 | INFO    (369329, stable_pretraining.callbacks.checkpoint_sklearn) | Checking for Wandb params to save... Done!
13:56:07.507 | INFO    (369329, stable_pretraining.callbacks.cpu_offload) | ============================================================
13:56:07.507 | INFO    (369329, stable_pretraining.callbacks.cpu_offload) | CPUOffloadCallback: Starting checkpoint CPU offload (#9)
13:56:07.507 | INFO    (369329, stable_pretraining.callbacks.cpu_offload) |   - Global step: 17415
13:56:07.507 | INFO    (369329, stable_pretraining.callbacks.cpu_offload) |   - Epoch: 4
13:56:07.508 | INFO    (369329, stable_pretraining.callbacks.cpu_offload) | Checkpoint contains 11 keys: ['callbacks', 'epoch', 'global_step', 'hparams_name', 'hyper_parameters', 'loops', 'lr_schedulers', 'optimizer_states', 'pytorch-lightning_version', 'state_dict', 'wandb']
13:56:07.508 | INFO    (369329, stable_pretraining.callbacks.cpu_offload) | GPU memory before offload:
13:56:07.508 | INFO    (369329, stable_pretraining.callbacks.cpu_offload) |   - Allocated: 0.24 GB
13:56:07.509 | INFO    (369329, stable_pretraining.callbacks.cpu_offload) |   - Reserved: 16.71 GB
13:56:07.509 | INFO    (369329, stable_pretraining.callbacks.cpu_offload) | Processing checkpoint key: 'state_dict'
13:56:07.749 | SUCCESS (369329, stable_pretraining.callbacks.cpu_offload) | ✓ Completed 'state_dict' in 0.24s
13:56:07.750 | INFO    (369329, stable_pretraining.callbacks.cpu_offload) | Processing checkpoint key: 'optimizer_states'
13:56:08.150 | SUCCESS (369329, stable_pretraining.callbacks.cpu_offload) | ✓ Completed 'optimizer_states' in 0.40s
13:56:08.151 | INFO    (369329, stable_pretraining.callbacks.cpu_offload) | Processing checkpoint key: 'lr_schedulers'
13:56:08.151 | SUCCESS (369329, stable_pretraining.callbacks.cpu_offload) | ✓ Completed 'lr_schedulers' in 0.00s
13:56:08.151 | WARNING (369329, stable_pretraining.callbacks.cpu_offload) | Skipped 321 custom object(s)
13:56:08.152 | WARNING (369329, stable_pretraining.callbacks.cpu_offload) | First 10 skipped objects:
13:56:08.152 | WARNING (369329, stable_pretraining.callbacks.cpu_offload) |   - float at 'optimizer_states[0].param_groups[0].lr'
13:56:08.152 | WARNING (369329, stable_pretraining.callbacks.cpu_offload) |   - float at 'optimizer_states[0].param_groups[0].betas[0]'
13:56:08.152 | WARNING (369329, stable_pretraining.callbacks.cpu_offload) |   - float at 'optimizer_states[0].param_groups[0].betas[1]'
13:56:08.152 | WARNING (369329, stable_pretraining.callbacks.cpu_offload) |   - float at 'optimizer_states[0].param_groups[0].eps'
13:56:08.153 | WARNING (369329, stable_pretraining.callbacks.cpu_offload) |   - float at 'optimizer_states[0].param_groups[0].weight_decay'
13:56:08.153 | WARNING (369329, stable_pretraining.callbacks.cpu_offload) |   - bool at 'optimizer_states[0].param_groups[0].amsgrad'
13:56:08.153 | WARNING (369329, stable_pretraining.callbacks.cpu_offload) |   - bool at 'optimizer_states[0].param_groups[0].maximize'
13:56:08.153 | WARNING (369329, stable_pretraining.callbacks.cpu_offload) |   - NoneType at 'optimizer_states[0].param_groups[0].foreach'
13:56:08.153 | WARNING (369329, stable_pretraining.callbacks.cpu_offload) |   - bool at 'optimizer_states[0].param_groups[0].capturable'
13:56:08.154 | WARNING (369329, stable_pretraining.callbacks.cpu_offload) |   - bool at 'optimizer_states[0].param_groups[0].differentiable'
13:56:08.154 | WARNING (369329, stable_pretraining.callbacks.cpu_offload) | ... (301 more skipped) ...
13:56:08.154 | WARNING (369329, stable_pretraining.callbacks.cpu_offload) | Last 10 skipped objects:
13:56:08.154 | WARNING (369329, stable_pretraining.callbacks.cpu_offload) |   - int at 'optimizer_states[0].param_groups[0].params[298]'
13:56:08.155 | WARNING (369329, stable_pretraining.callbacks.cpu_offload) |   - int at 'lr_schedulers[0].warmup_steps'
13:56:08.155 | WARNING (369329, stable_pretraining.callbacks.cpu_offload) |   - int at 'lr_schedulers[0].max_steps'
13:56:08.155 | WARNING (369329, stable_pretraining.callbacks.cpu_offload) |   - float at 'lr_schedulers[0].warmup_start_lr'
13:56:08.155 | WARNING (369329, stable_pretraining.callbacks.cpu_offload) |   - float at 'lr_schedulers[0].eta_min'
13:56:08.155 | WARNING (369329, stable_pretraining.callbacks.cpu_offload) |   - float at 'lr_schedulers[0].base_lrs[0]'
13:56:08.156 | WARNING (369329, stable_pretraining.callbacks.cpu_offload) |   - int at 'lr_schedulers[0].last_epoch'
13:56:08.156 | WARNING (369329, stable_pretraining.callbacks.cpu_offload) |   - int at 'lr_schedulers[0]._step_count'
13:56:08.156 | WARNING (369329, stable_pretraining.callbacks.cpu_offload) |   - bool at 'lr_schedulers[0]._get_lr_called_within_step'
13:56:08.156 | WARNING (369329, stable_pretraining.callbacks.cpu_offload) |   - float at 'lr_schedulers[0]._last_lr[0]'
13:56:08.156 | INFO    (369329, stable_pretraining.callbacks.cpu_offload) | To see all 321 skipped objects, set log_skipped=True
13:56:08.157 | INFO    (369329, stable_pretraining.callbacks.cpu_offload) | GPU memory after offload:
13:56:08.157 | INFO    (369329, stable_pretraining.callbacks.cpu_offload) |   - Allocated: 0.24 GB
13:56:08.158 | INFO    (369329, stable_pretraining.callbacks.cpu_offload) |   - Reserved: 16.71 GB
13:56:08.158 | INFO    (369329, stable_pretraining.callbacks.cpu_offload) | GPU memory freed: 0.00 GB
13:56:08.158 | SUCCESS (369329, stable_pretraining.callbacks.cpu_offload) | CPUOffloadCallback: Checkpoint #9 completed in 0.65s
13:56:08.158 | INFO    (369329, stable_pretraining.callbacks.cpu_offload) | Successfully processed keys: ['state_dict', 'optimizer_states', 'lr_schedulers']
13:56:08.158 | INFO    (369329, stable_pretraining.callbacks.cpu_offload) | Cumulative stats:
13:56:08.159 | INFO    (369329, stable_pretraining.callbacks.cpu_offload) |   - Total checkpoints saved: 9
13:56:08.159 | INFO    (369329, stable_pretraining.callbacks.cpu_offload) |   - Total time in offload: 7.18s
13:56:08.159 | INFO    (369329, stable_pretraining.callbacks.cpu_offload) |   - Total memory freed: 0.00 GB
13:56:08.159 | INFO    (369329, stable_pretraining.callbacks.cpu_offload) |   - Average time per checkpoint: 0.80s
13:56:08.159 | INFO    (369329, stable_pretraining.callbacks.cpu_offload) | ============================================================
14:18:42.440 | WARNING (369329, stable_pretraining.module) | You are calling self.parameters which also gives callbacks parameters, to remove then, pass `with_callbacks=False`
14:21:49.129 | INFO    (369329, stable_pretraining.callbacks.trainer_info) | \n+----------------------------+-----------------------+
|           Metric           |         Value         |
+----------------------------+-----------------------+
|          [0;34;40mfit/loss[0m          | [0;32;40m0.0032517598010599613[0m |
|       [0;34;40mfit/pred_loss[0m        | [0;32;40m0.0005743989022448659[0m |
|      [0;34;40mfit/rdmreg_loss[0m       | [0;32;40m0.0026773610152304173[0m |
|       [0;34;40mvalidate/loss[0m        | [0;32;40m0.0034934834111481905[0m |
|    [0;34;40mvalidate/loss_epoch[0m     | [0;32;40m0.0034934834111481905[0m |
|     [0;34;40mvalidate/pred_loss[0m     | [0;32;40m0.0004489005950745195[0m |
|  [0;34;40mvalidate/pred_loss_epoch[0m  | [0;32;40m0.0004489005950745195[0m |
|    [0;34;40mvalidate/rdmreg_loss[0m    | [0;32;40m0.0030445843003690243[0m |
| [0;34;40mvalidate/rdmreg_loss_epoch[0m | [0;32;40m0.0030445843003690243[0m |
+----------------------------+-----------------------+
14:21:49.384 | INFO    (369329, stable_pretraining.callbacks.checkpoint_sklearn) | Checking for non PyTorch modules to save... 🔧
14:21:49.384 | INFO    (369329, stable_pretraining.callbacks.checkpoint_sklearn) | Checking for Wandb params to save... 🔧
14:21:49.384 | INFO    (369329, stable_pretraining.callbacks.checkpoint_sklearn) | Saving Wandb params {'id': 'lewm_lp_pusht_expert_mu-1_lmdb'}
14:21:49.384 | INFO    (369329, stable_pretraining.callbacks.checkpoint_sklearn) | Checking for Wandb params to save... Done!
14:21:49.385 | INFO    (369329, stable_pretraining.callbacks.cpu_offload) | ============================================================
14:21:49.385 | INFO    (369329, stable_pretraining.callbacks.cpu_offload) | CPUOffloadCallback: Starting checkpoint CPU offload (#10)
14:21:49.385 | INFO    (369329, stable_pretraining.callbacks.cpu_offload) |   - Global step: 20898
14:21:49.385 | INFO    (369329, stable_pretraining.callbacks.cpu_offload) |   - Epoch: 5
14:21:49.385 | INFO    (369329, stable_pretraining.callbacks.cpu_offload) | Checkpoint contains 11 keys: ['callbacks', 'epoch', 'global_step', 'hparams_name', 'hyper_parameters', 'loops', 'lr_schedulers', 'optimizer_states', 'pytorch-lightning_version', 'state_dict', 'wandb']
14:21:49.386 | INFO    (369329, stable_pretraining.callbacks.cpu_offload) | GPU memory before offload:
14:21:49.386 | INFO    (369329, stable_pretraining.callbacks.cpu_offload) |   - Allocated: 0.24 GB
14:21:49.386 | INFO    (369329, stable_pretraining.callbacks.cpu_offload) |   - Reserved: 16.71 GB
14:21:49.386 | INFO    (369329, stable_pretraining.callbacks.cpu_offload) | Processing checkpoint key: 'state_dict'
14:21:49.579 | SUCCESS (369329, stable_pretraining.callbacks.cpu_offload) | ✓ Completed 'state_dict' in 0.19s
14:21:49.579 | INFO    (369329, stable_pretraining.callbacks.cpu_offload) | Processing checkpoint key: 'optimizer_states'
14:21:49.937 | SUCCESS (369329, stable_pretraining.callbacks.cpu_offload) | ✓ Completed 'optimizer_states' in 0.36s
14:21:49.938 | INFO    (369329, stable_pretraining.callbacks.cpu_offload) | Processing checkpoint key: 'lr_schedulers'
14:21:49.938 | SUCCESS (369329, stable_pretraining.callbacks.cpu_offload) | ✓ Completed 'lr_schedulers' in 0.00s
14:21:49.938 | WARNING (369329, stable_pretraining.callbacks.cpu_offload) | Skipped 321 custom object(s)
14:21:49.938 | WARNING (369329, stable_pretraining.callbacks.cpu_offload) | First 10 skipped objects:
14:21:49.939 | WARNING (369329, stable_pretraining.callbacks.cpu_offload) |   - float at 'optimizer_states[0].param_groups[0].lr'
14:21:49.939 | WARNING (369329, stable_pretraining.callbacks.cpu_offload) |   - float at 'optimizer_states[0].param_groups[0].betas[0]'
14:21:49.939 | WARNING (369329, stable_pretraining.callbacks.cpu_offload) |   - float at 'optimizer_states[0].param_groups[0].betas[1]'
14:21:49.939 | WARNING (369329, stable_pretraining.callbacks.cpu_offload) |   - float at 'optimizer_states[0].param_groups[0].eps'
14:21:49.939 | WARNING (369329, stable_pretraining.callbacks.cpu_offload) |   - float at 'optimizer_states[0].param_groups[0].weight_decay'
14:21:49.940 | WARNING (369329, stable_pretraining.callbacks.cpu_offload) |   - bool at 'optimizer_states[0].param_groups[0].amsgrad'
14:21:49.940 | WARNING (369329, stable_pretraining.callbacks.cpu_offload) |   - bool at 'optimizer_states[0].param_groups[0].maximize'
14:21:49.940 | WARNING (369329, stable_pretraining.callbacks.cpu_offload) |   - NoneType at 'optimizer_states[0].param_groups[0].foreach'
14:21:49.940 | WARNING (369329, stable_pretraining.callbacks.cpu_offload) |   - bool at 'optimizer_states[0].param_groups[0].capturable'
14:21:49.940 | WARNING (369329, stable_pretraining.callbacks.cpu_offload) |   - bool at 'optimizer_states[0].param_groups[0].differentiable'
14:21:49.940 | WARNING (369329, stable_pretraining.callbacks.cpu_offload) | ... (301 more skipped) ...
14:21:49.941 | WARNING (369329, stable_pretraining.callbacks.cpu_offload) | Last 10 skipped objects:
14:21:49.941 | WARNING (369329, stable_pretraining.callbacks.cpu_offload) |   - int at 'optimizer_states[0].param_groups[0].params[298]'
14:21:49.941 | WARNING (369329, stable_pretraining.callbacks.cpu_offload) |   - int at 'lr_schedulers[0].warmup_steps'
14:21:49.941 | WARNING (369329, stable_pretraining.callbacks.cpu_offload) |   - int at 'lr_schedulers[0].max_steps'
14:21:49.941 | WARNING (369329, stable_pretraining.callbacks.cpu_offload) |   - float at 'lr_schedulers[0].warmup_start_lr'
14:21:49.942 | WARNING (369329, stable_pretraining.callbacks.cpu_offload) |   - float at 'lr_schedulers[0].eta_min'
14:21:49.942 | WARNING (369329, stable_pretraining.callbacks.cpu_offload) |   - float at 'lr_schedulers[0].base_lrs[0]'
14:21:49.942 | WARNING (369329, stable_pretraining.callbacks.cpu_offload) |   - int at 'lr_schedulers[0].last_epoch'
14:21:49.942 | WARNING (369329, stable_pretraining.callbacks.cpu_offload) |   - int at 'lr_schedulers[0]._step_count'
14:21:49.942 | WARNING (369329, stable_pretraining.callbacks.cpu_offload) |   - bool at 'lr_schedulers[0]._get_lr_called_within_step'
14:21:49.942 | WARNING (369329, stable_pretraining.callbacks.cpu_offload) |   - float at 'lr_schedulers[0]._last_lr[0]'
14:21:49.942 | INFO    (369329, stable_pretraining.callbacks.cpu_offload) | To see all 321 skipped objects, set log_skipped=True
14:21:49.943 | INFO    (369329, stable_pretraining.callbacks.cpu_offload) | GPU memory after offload:
14:21:49.943 | INFO    (369329, stable_pretraining.callbacks.cpu_offload) |   - Allocated: 0.24 GB
14:21:49.943 | INFO    (369329, stable_pretraining.callbacks.cpu_offload) |   - Reserved: 16.71 GB
14:21:49.944 | INFO    (369329, stable_pretraining.callbacks.cpu_offload) | GPU memory freed: 0.00 GB
14:21:49.944 | SUCCESS (369329, stable_pretraining.callbacks.cpu_offload) | CPUOffloadCallback: Checkpoint #10 completed in 0.56s
14:21:49.944 | INFO    (369329, stable_pretraining.callbacks.cpu_offload) | Successfully processed keys: ['state_dict', 'optimizer_states', 'lr_schedulers']
14:21:49.944 | INFO    (369329, stable_pretraining.callbacks.cpu_offload) | Cumulative stats:
14:21:49.944 | INFO    (369329, stable_pretraining.callbacks.cpu_offload) |   - Total checkpoints saved: 10
14:21:49.944 | INFO    (369329, stable_pretraining.callbacks.cpu_offload) |   - Total time in offload: 7.74s
14:21:49.944 | INFO    (369329, stable_pretraining.callbacks.cpu_offload) |   - Total memory freed: 0.00 GB
14:21:49.945 | INFO    (369329, stable_pretraining.callbacks.cpu_offload) |   - Average time per checkpoint: 0.77s
14:21:49.945 | INFO    (369329, stable_pretraining.callbacks.cpu_offload) | ============================================================
14:21:51.241 | INFO    (369329, stable_pretraining.callbacks.checkpoint_sklearn) | Checking for non PyTorch modules to save... 🔧
14:21:51.242 | INFO    (369329, stable_pretraining.callbacks.checkpoint_sklearn) | Checking for Wandb params to save... 🔧
14:21:51.242 | INFO    (369329, stable_pretraining.callbacks.checkpoint_sklearn) | Saving Wandb params {'id': 'lewm_lp_pusht_expert_mu-1_lmdb'}
14:21:51.242 | INFO    (369329, stable_pretraining.callbacks.checkpoint_sklearn) | Checking for Wandb params to save... Done!
14:21:51.242 | INFO    (369329, stable_pretraining.callbacks.cpu_offload) | ============================================================
14:21:51.243 | INFO    (369329, stable_pretraining.callbacks.cpu_offload) | CPUOffloadCallback: Starting checkpoint CPU offload (#11)
14:21:51.243 | INFO    (369329, stable_pretraining.callbacks.cpu_offload) |   - Global step: 20898
14:21:51.243 | INFO    (369329, stable_pretraining.callbacks.cpu_offload) |   - Epoch: 5
14:21:51.243 | INFO    (369329, stable_pretraining.callbacks.cpu_offload) | Checkpoint contains 11 keys: ['callbacks', 'epoch', 'global_step', 'hparams_name', 'hyper_parameters', 'loops', 'lr_schedulers', 'optimizer_states', 'pytorch-lightning_version', 'state_dict', 'wandb']
14:21:51.244 | INFO    (369329, stable_pretraining.callbacks.cpu_offload) | GPU memory before offload:
14:21:51.244 | INFO    (369329, stable_pretraining.callbacks.cpu_offload) |   - Allocated: 0.24 GB
14:21:51.244 | INFO    (369329, stable_pretraining.callbacks.cpu_offload) |   - Reserved: 16.71 GB
14:21:51.244 | INFO    (369329, stable_pretraining.callbacks.cpu_offload) | Processing checkpoint key: 'state_dict'
14:21:51.469 | SUCCESS (369329, stable_pretraining.callbacks.cpu_offload) | ✓ Completed 'state_dict' in 0.23s
14:21:51.470 | INFO    (369329, stable_pretraining.callbacks.cpu_offload) | Processing checkpoint key: 'optimizer_states'
14:21:52.122 | SUCCESS (369329, stable_pretraining.callbacks.cpu_offload) | ✓ Completed 'optimizer_states' in 0.65s
14:21:52.123 | INFO    (369329, stable_pretraining.callbacks.cpu_offload) | Processing checkpoint key: 'lr_schedulers'
14:21:52.124 | SUCCESS (369329, stable_pretraining.callbacks.cpu_offload) | ✓ Completed 'lr_schedulers' in 0.00s
14:21:52.124 | WARNING (369329, stable_pretraining.callbacks.cpu_offload) | Skipped 321 custom object(s)
14:21:52.124 | WARNING (369329, stable_pretraining.callbacks.cpu_offload) | First 10 skipped objects:
14:21:52.124 | WARNING (369329, stable_pretraining.callbacks.cpu_offload) |   - float at 'optimizer_states[0].param_groups[0].lr'
14:21:52.124 | WARNING (369329, stable_pretraining.callbacks.cpu_offload) |   - float at 'optimizer_states[0].param_groups[0].betas[0]'
14:21:52.125 | WARNING (369329, stable_pretraining.callbacks.cpu_offload) |   - float at 'optimizer_states[0].param_groups[0].betas[1]'
14:21:52.125 | WARNING (369329, stable_pretraining.callbacks.cpu_offload) |   - float at 'optimizer_states[0].param_groups[0].eps'
14:21:52.125 | WARNING (369329, stable_pretraining.callbacks.cpu_offload) |   - float at 'optimizer_states[0].param_groups[0].weight_decay'
14:21:52.125 | WARNING (369329, stable_pretraining.callbacks.cpu_offload) |   - bool at 'optimizer_states[0].param_groups[0].amsgrad'
14:21:52.126 | WARNING (369329, stable_pretraining.callbacks.cpu_offload) |   - bool at 'optimizer_states[0].param_groups[0].maximize'
14:21:52.126 | WARNING (369329, stable_pretraining.callbacks.cpu_offload) |   - NoneType at 'optimizer_states[0].param_groups[0].foreach'
14:21:52.126 | WARNING (369329, stable_pretraining.callbacks.cpu_offload) |   - bool at 'optimizer_states[0].param_groups[0].capturable'
14:21:52.127 | WARNING (369329, stable_pretraining.callbacks.cpu_offload) |   - bool at 'optimizer_states[0].param_groups[0].differentiable'
14:21:52.127 | WARNING (369329, stable_pretraining.callbacks.cpu_offload) | ... (301 more skipped) ...
14:21:52.128 | WARNING (369329, stable_pretraining.callbacks.cpu_offload) | Last 10 skipped objects:
14:21:52.128 | WARNING (369329, stable_pretraining.callbacks.cpu_offload) |   - int at 'optimizer_states[0].param_groups[0].params[298]'
14:21:52.128 | WARNING (369329, stable_pretraining.callbacks.cpu_offload) |   - int at 'lr_schedulers[0].warmup_steps'
14:21:52.128 | WARNING (369329, stable_pretraining.callbacks.cpu_offload) |   - int at 'lr_schedulers[0].max_steps'
14:21:52.129 | WARNING (369329, stable_pretraining.callbacks.cpu_offload) |   - float at 'lr_schedulers[0].warmup_start_lr'
14:21:52.129 | WARNING (369329, stable_pretraining.callbacks.cpu_offload) |   - float at 'lr_schedulers[0].eta_min'
14:21:52.129 | WARNING (369329, stable_pretraining.callbacks.cpu_offload) |   - float at 'lr_schedulers[0].base_lrs[0]'
14:21:52.129 | WARNING (369329, stable_pretraining.callbacks.cpu_offload) |   - int at 'lr_schedulers[0].last_epoch'
14:21:52.129 | WARNING (369329, stable_pretraining.callbacks.cpu_offload) |   - int at 'lr_schedulers[0]._step_count'
14:21:52.130 | WARNING (369329, stable_pretraining.callbacks.cpu_offload) |   - bool at 'lr_schedulers[0]._get_lr_called_within_step'
14:21:52.130 | WARNING (369329, stable_pretraining.callbacks.cpu_offload) |   - float at 'lr_schedulers[0]._last_lr[0]'
14:21:52.130 | INFO    (369329, stable_pretraining.callbacks.cpu_offload) | To see all 321 skipped objects, set log_skipped=True
14:21:52.131 | INFO    (369329, stable_pretraining.callbacks.cpu_offload) | GPU memory after offload:
14:21:52.131 | INFO    (369329, stable_pretraining.callbacks.cpu_offload) |   - Allocated: 0.24 GB
14:21:52.132 | INFO    (369329, stable_pretraining.callbacks.cpu_offload) |   - Reserved: 16.71 GB
14:21:52.132 | INFO    (369329, stable_pretraining.callbacks.cpu_offload) | GPU memory freed: 0.00 GB
14:21:52.132 | SUCCESS (369329, stable_pretraining.callbacks.cpu_offload) | CPUOffloadCallback: Checkpoint #11 completed in 0.89s
14:21:52.133 | INFO    (369329, stable_pretraining.callbacks.cpu_offload) | Successfully processed keys: ['state_dict', 'optimizer_states', 'lr_schedulers']
14:21:52.133 | INFO    (369329, stable_pretraining.callbacks.cpu_offload) | Cumulative stats:
14:21:52.133 | INFO    (369329, stable_pretraining.callbacks.cpu_offload) |   - Total checkpoints saved: 11
14:21:52.134 | INFO    (369329, stable_pretraining.callbacks.cpu_offload) |   - Total time in offload: 8.63s
14:21:52.134 | INFO    (369329, stable_pretraining.callbacks.cpu_offload) |   - Total memory freed: 0.00 GB
14:21:52.135 | INFO    (369329, stable_pretraining.callbacks.cpu_offload) |   - Average time per checkpoint: 0.78s
14:21:52.135 | INFO    (369329, stable_pretraining.callbacks.cpu_offload) | ============================================================
14:44:18.259 | WARNING (369329, stable_pretraining.module) | You are calling self.parameters which also gives callbacks parameters, to remove then, pass `with_callbacks=False`
14:47:21.027 | INFO    (369329, stable_pretraining.callbacks.trainer_info) | \n+----------------------------+------------------------+
|           Metric           |         Value          |
+----------------------------+------------------------+
|          [0;34;40mfit/loss[0m          |  [0;32;40m0.00319577194750309[0m   |
|       [0;34;40mfit/pred_loss[0m        |  [0;32;40m0.000533475074917078[0m  |
|      [0;34;40mfit/rdmreg_loss[0m       |  [0;32;40m0.002662296872586012[0m  |
|       [0;34;40mvalidate/loss[0m        | [0;32;40m0.0032880392391234636[0m  |
|    [0;34;40mvalidate/loss_epoch[0m     | [0;32;40m0.0032880392391234636[0m  |
|     [0;34;40mvalidate/pred_loss[0m     | [0;32;40m0.00034786839387379587[0m |
|  [0;34;40mvalidate/pred_loss_epoch[0m  | [0;32;40m0.00034786839387379587[0m |
|    [0;34;40mvalidate/rdmreg_loss[0m    | [0;32;40m0.0029401706997305155[0m  |
| [0;34;40mvalidate/rdmreg_loss_epoch[0m | [0;32;40m0.0029401706997305155[0m  |
+----------------------------+------------------------+
14:47:21.307 | INFO    (369329, stable_pretraining.callbacks.checkpoint_sklearn) | Checking for non PyTorch modules to save... 🔧
14:47:21.308 | INFO    (369329, stable_pretraining.callbacks.checkpoint_sklearn) | Checking for Wandb params to save... 🔧
14:47:21.308 | INFO    (369329, stable_pretraining.callbacks.checkpoint_sklearn) | Saving Wandb params {'id': 'lewm_lp_pusht_expert_mu-1_lmdb'}
14:47:21.308 | INFO    (369329, stable_pretraining.callbacks.checkpoint_sklearn) | Checking for Wandb params to save... Done!
14:47:21.308 | INFO    (369329, stable_pretraining.callbacks.cpu_offload) | ============================================================
14:47:21.308 | INFO    (369329, stable_pretraining.callbacks.cpu_offload) | CPUOffloadCallback: Starting checkpoint CPU offload (#12)
14:47:21.309 | INFO    (369329, stable_pretraining.callbacks.cpu_offload) |   - Global step: 24381
14:47:21.309 | INFO    (369329, stable_pretraining.callbacks.cpu_offload) |   - Epoch: 6
14:47:21.309 | INFO    (369329, stable_pretraining.callbacks.cpu_offload) | Checkpoint contains 11 keys: ['callbacks', 'epoch', 'global_step', 'hparams_name', 'hyper_parameters', 'loops', 'lr_schedulers', 'optimizer_states', 'pytorch-lightning_version', 'state_dict', 'wandb']
14:47:21.309 | INFO    (369329, stable_pretraining.callbacks.cpu_offload) | GPU memory before offload:
14:47:21.310 | INFO    (369329, stable_pretraining.callbacks.cpu_offload) |   - Allocated: 0.24 GB
14:47:21.310 | INFO    (369329, stable_pretraining.callbacks.cpu_offload) |   - Reserved: 16.71 GB
14:47:21.310 | INFO    (369329, stable_pretraining.callbacks.cpu_offload) | Processing checkpoint key: 'state_dict'
14:47:21.484 | SUCCESS (369329, stable_pretraining.callbacks.cpu_offload) | ✓ Completed 'state_dict' in 0.17s
14:47:21.484 | INFO    (369329, stable_pretraining.callbacks.cpu_offload) | Processing checkpoint key: 'optimizer_states'
14:47:21.838 | SUCCESS (369329, stable_pretraining.callbacks.cpu_offload) | ✓ Completed 'optimizer_states' in 0.35s
14:47:21.839 | INFO    (369329, stable_pretraining.callbacks.cpu_offload) | Processing checkpoint key: 'lr_schedulers'
14:47:21.839 | SUCCESS (369329, stable_pretraining.callbacks.cpu_offload) | ✓ Completed 'lr_schedulers' in 0.00s
14:47:21.839 | WARNING (369329, stable_pretraining.callbacks.cpu_offload) | Skipped 321 custom object(s)
14:47:21.839 | WARNING (369329, stable_pretraining.callbacks.cpu_offload) | First 10 skipped objects:
14:47:21.839 | WARNING (369329, stable_pretraining.callbacks.cpu_offload) |   - float at 'optimizer_states[0].param_groups[0].lr'
14:47:21.839 | WARNING (369329, stable_pretraining.callbacks.cpu_offload) |   - float at 'optimizer_states[0].param_groups[0].betas[0]'
14:47:21.840 | WARNING (369329, stable_pretraining.callbacks.cpu_offload) |   - float at 'optimizer_states[0].param_groups[0].betas[1]'
14:47:21.840 | WARNING (369329, stable_pretraining.callbacks.cpu_offload) |   - float at 'optimizer_states[0].param_groups[0].eps'
14:47:21.840 | WARNING (369329, stable_pretraining.callbacks.cpu_offload) |   - float at 'optimizer_states[0].param_groups[0].weight_decay'
14:47:21.840 | WARNING (369329, stable_pretraining.callbacks.cpu_offload) |   - bool at 'optimizer_states[0].param_groups[0].amsgrad'
14:47:21.840 | WARNING (369329, stable_pretraining.callbacks.cpu_offload) |   - bool at 'optimizer_states[0].param_groups[0].maximize'
14:47:21.840 | WARNING (369329, stable_pretraining.callbacks.cpu_offload) |   - NoneType at 'optimizer_states[0].param_groups[0].foreach'
14:47:21.841 | WARNING (369329, stable_pretraining.callbacks.cpu_offload) |   - bool at 'optimizer_states[0].param_groups[0].capturable'
14:47:21.841 | WARNING (369329, stable_pretraining.callbacks.cpu_offload) |   - bool at 'optimizer_states[0].param_groups[0].differentiable'
14:47:21.841 | WARNING (369329, stable_pretraining.callbacks.cpu_offload) | ... (301 more skipped) ...
14:47:21.841 | WARNING (369329, stable_pretraining.callbacks.cpu_offload) | Last 10 skipped objects:
14:47:21.841 | WARNING (369329, stable_pretraining.callbacks.cpu_offload) |   - int at 'optimizer_states[0].param_groups[0].params[298]'
14:47:21.842 | WARNING (369329, stable_pretraining.callbacks.cpu_offload) |   - int at 'lr_schedulers[0].warmup_steps'
14:47:21.842 | WARNING (369329, stable_pretraining.callbacks.cpu_offload) |   - int at 'lr_schedulers[0].max_steps'
14:47:21.842 | WARNING (369329, stable_pretraining.callbacks.cpu_offload) |   - float at 'lr_schedulers[0].warmup_start_lr'
14:47:21.842 | WARNING (369329, stable_pretraining.callbacks.cpu_offload) |   - float at 'lr_schedulers[0].eta_min'
14:47:21.842 | WARNING (369329, stable_pretraining.callbacks.cpu_offload) |   - float at 'lr_schedulers[0].base_lrs[0]'
14:47:21.842 | WARNING (369329, stable_pretraining.callbacks.cpu_offload) |   - int at 'lr_schedulers[0].last_epoch'
14:47:21.842 | WARNING (369329, stable_pretraining.callbacks.cpu_offload) |   - int at 'lr_schedulers[0]._step_count'
14:47:21.842 | WARNING (369329, stable_pretraining.callbacks.cpu_offload) |   - bool at 'lr_schedulers[0]._get_lr_called_within_step'
14:47:21.843 | WARNING (369329, stable_pretraining.callbacks.cpu_offload) |   - float at 'lr_schedulers[0]._last_lr[0]'
14:47:21.843 | INFO    (369329, stable_pretraining.callbacks.cpu_offload) | To see all 321 skipped objects, set log_skipped=True
14:47:21.843 | INFO    (369329, stable_pretraining.callbacks.cpu_offload) | GPU memory after offload:
14:47:21.843 | INFO    (369329, stable_pretraining.callbacks.cpu_offload) |   - Allocated: 0.24 GB
14:47:21.843 | INFO    (369329, stable_pretraining.callbacks.cpu_offload) |   - Reserved: 16.71 GB
14:47:21.844 | INFO    (369329, stable_pretraining.callbacks.cpu_offload) | GPU memory freed: 0.00 GB
14:47:21.844 | SUCCESS (369329, stable_pretraining.callbacks.cpu_offload) | CPUOffloadCallback: Checkpoint #12 completed in 0.54s
14:47:21.844 | INFO    (369329, stable_pretraining.callbacks.cpu_offload) | Successfully processed keys: ['state_dict', 'optimizer_states', 'lr_schedulers']
14:47:21.844 | INFO    (369329, stable_pretraining.callbacks.cpu_offload) | Cumulative stats:
14:47:21.844 | INFO    (369329, stable_pretraining.callbacks.cpu_offload) |   - Total checkpoints saved: 12
14:47:21.844 | INFO    (369329, stable_pretraining.callbacks.cpu_offload) |   - Total time in offload: 9.16s
14:47:21.844 | INFO    (369329, stable_pretraining.callbacks.cpu_offload) |   - Total memory freed: 0.00 GB
14:47:21.845 | INFO    (369329, stable_pretraining.callbacks.cpu_offload) |   - Average time per checkpoint: 0.76s
14:47:21.845 | INFO    (369329, stable_pretraining.callbacks.cpu_offload) | ============================================================
14:47:23.155 | INFO    (369329, stable_pretraining.callbacks.checkpoint_sklearn) | Checking for non PyTorch modules to save... 🔧
14:47:23.156 | INFO    (369329, stable_pretraining.callbacks.checkpoint_sklearn) | Checking for Wandb params to save... 🔧
14:47:23.156 | INFO    (369329, stable_pretraining.callbacks.checkpoint_sklearn) | Saving Wandb params {'id': 'lewm_lp_pusht_expert_mu-1_lmdb'}
14:47:23.156 | INFO    (369329, stable_pretraining.callbacks.checkpoint_sklearn) | Checking for Wandb params to save... Done!
14:47:23.156 | INFO    (369329, stable_pretraining.callbacks.cpu_offload) | ============================================================
14:47:23.156 | INFO    (369329, stable_pretraining.callbacks.cpu_offload) | CPUOffloadCallback: Starting checkpoint CPU offload (#13)
14:47:23.156 | INFO    (369329, stable_pretraining.callbacks.cpu_offload) |   - Global step: 24381
14:47:23.157 | INFO    (369329, stable_pretraining.callbacks.cpu_offload) |   - Epoch: 6
14:47:23.157 | INFO    (369329, stable_pretraining.callbacks.cpu_offload) | Checkpoint contains 11 keys: ['callbacks', 'epoch', 'global_step', 'hparams_name', 'hyper_parameters', 'loops', 'lr_schedulers', 'optimizer_states', 'pytorch-lightning_version', 'state_dict', 'wandb']
14:47:23.157 | INFO    (369329, stable_pretraining.callbacks.cpu_offload) | GPU memory before offload:
14:47:23.157 | INFO    (369329, stable_pretraining.callbacks.cpu_offload) |   - Allocated: 0.24 GB
14:47:23.157 | INFO    (369329, stable_pretraining.callbacks.cpu_offload) |   - Reserved: 16.71 GB
14:47:23.158 | INFO    (369329, stable_pretraining.callbacks.cpu_offload) | Processing checkpoint key: 'state_dict'
14:47:23.341 | SUCCESS (369329, stable_pretraining.callbacks.cpu_offload) | ✓ Completed 'state_dict' in 0.18s
14:47:23.341 | INFO    (369329, stable_pretraining.callbacks.cpu_offload) | Processing checkpoint key: 'optimizer_states'
14:47:23.777 | SUCCESS (369329, stable_pretraining.callbacks.cpu_offload) | ✓ Completed 'optimizer_states' in 0.44s
14:47:23.778 | INFO    (369329, stable_pretraining.callbacks.cpu_offload) | Processing checkpoint key: 'lr_schedulers'
14:47:23.778 | SUCCESS (369329, stable_pretraining.callbacks.cpu_offload) | ✓ Completed 'lr_schedulers' in 0.00s
14:47:23.778 | WARNING (369329, stable_pretraining.callbacks.cpu_offload) | Skipped 321 custom object(s)
14:47:23.779 | WARNING (369329, stable_pretraining.callbacks.cpu_offload) | First 10 skipped objects:
14:47:23.779 | WARNING (369329, stable_pretraining.callbacks.cpu_offload) |   - float at 'optimizer_states[0].param_groups[0].lr'
14:47:23.779 | WARNING (369329, stable_pretraining.callbacks.cpu_offload) |   - float at 'optimizer_states[0].param_groups[0].betas[0]'
14:47:23.779 | WARNING (369329, stable_pretraining.callbacks.cpu_offload) |   - float at 'optimizer_states[0].param_groups[0].betas[1]'
14:47:23.779 | WARNING (369329, stable_pretraining.callbacks.cpu_offload) |   - float at 'optimizer_states[0].param_groups[0].eps'
14:47:23.780 | WARNING (369329, stable_pretraining.callbacks.cpu_offload) |   - float at 'optimizer_states[0].param_groups[0].weight_decay'
14:47:23.780 | WARNING (369329, stable_pretraining.callbacks.cpu_offload) |   - bool at 'optimizer_states[0].param_groups[0].amsgrad'
14:47:23.780 | WARNING (369329, stable_pretraining.callbacks.cpu_offload) |   - bool at 'optimizer_states[0].param_groups[0].maximize'
14:47:23.780 | WARNING (369329, stable_pretraining.callbacks.cpu_offload) |   - NoneType at 'optimizer_states[0].param_groups[0].foreach'
14:47:23.780 | WARNING (369329, stable_pretraining.callbacks.cpu_offload) |   - bool at 'optimizer_states[0].param_groups[0].capturable'
14:47:23.780 | WARNING (369329, stable_pretraining.callbacks.cpu_offload) |   - bool at 'optimizer_states[0].param_groups[0].differentiable'
14:47:23.780 | WARNING (369329, stable_pretraining.callbacks.cpu_offload) | ... (301 more skipped) ...
14:47:23.781 | WARNING (369329, stable_pretraining.callbacks.cpu_offload) | Last 10 skipped objects:
14:47:23.781 | WARNING (369329, stable_pretraining.callbacks.cpu_offload) |   - int at 'optimizer_states[0].param_groups[0].params[298]'
14:47:23.781 | WARNING (369329, stable_pretraining.callbacks.cpu_offload) |   - int at 'lr_schedulers[0].warmup_steps'
14:47:23.781 | WARNING (369329, stable_pretraining.callbacks.cpu_offload) |   - int at 'lr_schedulers[0].max_steps'
14:47:23.781 | WARNING (369329, stable_pretraining.callbacks.cpu_offload) |   - float at 'lr_schedulers[0].warmup_start_lr'
14:47:23.781 | WARNING (369329, stable_pretraining.callbacks.cpu_offload) |   - float at 'lr_schedulers[0].eta_min'
14:47:23.781 | WARNING (369329, stable_pretraining.callbacks.cpu_offload) |   - float at 'lr_schedulers[0].base_lrs[0]'
14:47:23.781 | WARNING (369329, stable_pretraining.callbacks.cpu_offload) |   - int at 'lr_schedulers[0].last_epoch'
14:47:23.782 | WARNING (369329, stable_pretraining.callbacks.cpu_offload) |   - int at 'lr_schedulers[0]._step_count'
14:47:23.782 | WARNING (369329, stable_pretraining.callbacks.cpu_offload) |   - bool at 'lr_schedulers[0]._get_lr_called_within_step'
14:47:23.782 | WARNING (369329, stable_pretraining.callbacks.cpu_offload) |   - float at 'lr_schedulers[0]._last_lr[0]'
14:47:23.782 | INFO    (369329, stable_pretraining.callbacks.cpu_offload) | To see all 321 skipped objects, set log_skipped=True
14:47:23.783 | INFO    (369329, stable_pretraining.callbacks.cpu_offload) | GPU memory after offload:
14:47:23.783 | INFO    (369329, stable_pretraining.callbacks.cpu_offload) |   - Allocated: 0.24 GB
14:47:23.783 | INFO    (369329, stable_pretraining.callbacks.cpu_offload) |   - Reserved: 16.71 GB
14:47:23.783 | INFO    (369329, stable_pretraining.callbacks.cpu_offload) | GPU memory freed: 0.00 GB
14:47:23.783 | SUCCESS (369329, stable_pretraining.callbacks.cpu_offload) | CPUOffloadCallback: Checkpoint #13 completed in 0.63s
14:47:23.783 | INFO    (369329, stable_pretraining.callbacks.cpu_offload) | Successfully processed keys: ['state_dict', 'optimizer_states', 'lr_schedulers']
14:47:23.783 | INFO    (369329, stable_pretraining.callbacks.cpu_offload) | Cumulative stats:
14:47:23.784 | INFO    (369329, stable_pretraining.callbacks.cpu_offload) |   - Total checkpoints saved: 13
14:47:23.784 | INFO    (369329, stable_pretraining.callbacks.cpu_offload) |   - Total time in offload: 9.79s
14:47:23.784 | INFO    (369329, stable_pretraining.callbacks.cpu_offload) |   - Total memory freed: 0.00 GB
14:47:23.784 | INFO    (369329, stable_pretraining.callbacks.cpu_offload) |   - Average time per checkpoint: 0.75s
14:47:23.784 | INFO    (369329, stable_pretraining.callbacks.cpu_offload) | ============================================================
15:09:39.402 | WARNING (369329, stable_pretraining.module) | You are calling self.parameters which also gives callbacks parameters, to remove then, pass `with_callbacks=False`
15:12:46.674 | INFO    (369329, stable_pretraining.callbacks.trainer_info) | \n+----------------------------+------------------------+
|           Metric           |         Value          |
+----------------------------+------------------------+
|          [0;34;40mfit/loss[0m          | [0;32;40m0.0029242488089948893[0m  |
|       [0;34;40mfit/pred_loss[0m        | [0;32;40m0.00040432371315546334[0m |
|      [0;34;40mfit/rdmreg_loss[0m       | [0;32;40m0.0025199251249432564[0m  |
|       [0;34;40mvalidate/loss[0m        | [0;32;40m0.0031313674990087748[0m  |
|    [0;34;40mvalidate/loss_epoch[0m     | [0;32;40m0.0031313674990087748[0m  |
|     [0;34;40mvalidate/pred_loss[0m     | [0;32;40m0.00026295773568563163[0m |
|  [0;34;40mvalidate/pred_loss_epoch[0m  | [0;32;40m0.00026295773568563163[0m |
|    [0;34;40mvalidate/rdmreg_loss[0m    | [0;32;40m0.0028684106655418873[0m  |
| [0;34;40mvalidate/rdmreg_loss_epoch[0m | [0;32;40m0.0028684106655418873[0m  |
+----------------------------+------------------------+
15:12:46.993 | INFO    (369329, stable_pretraining.callbacks.checkpoint_sklearn) | Checking for non PyTorch modules to save... 🔧
15:12:46.994 | INFO    (369329, stable_pretraining.callbacks.checkpoint_sklearn) | Checking for Wandb params to save... 🔧
15:12:46.994 | INFO    (369329, stable_pretraining.callbacks.checkpoint_sklearn) | Saving Wandb params {'id': 'lewm_lp_pusht_expert_mu-1_lmdb'}
15:12:46.995 | INFO    (369329, stable_pretraining.callbacks.checkpoint_sklearn) | Checking for Wandb params to save... Done!
15:12:46.995 | INFO    (369329, stable_pretraining.callbacks.cpu_offload) | ============================================================
15:12:46.995 | INFO    (369329, stable_pretraining.callbacks.cpu_offload) | CPUOffloadCallback: Starting checkpoint CPU offload (#14)
15:12:46.995 | INFO    (369329, stable_pretraining.callbacks.cpu_offload) |   - Global step: 27864
15:12:46.996 | INFO    (369329, stable_pretraining.callbacks.cpu_offload) |   - Epoch: 7
15:12:46.996 | INFO    (369329, stable_pretraining.callbacks.cpu_offload) | Checkpoint contains 11 keys: ['callbacks', 'epoch', 'global_step', 'hparams_name', 'hyper_parameters', 'loops', 'lr_schedulers', 'optimizer_states', 'pytorch-lightning_version', 'state_dict', 'wandb']
15:12:46.996 | INFO    (369329, stable_pretraining.callbacks.cpu_offload) | GPU memory before offload:
15:12:46.997 | INFO    (369329, stable_pretraining.callbacks.cpu_offload) |   - Allocated: 0.24 GB
15:12:46.997 | INFO    (369329, stable_pretraining.callbacks.cpu_offload) |   - Reserved: 16.71 GB
15:12:46.997 | INFO    (369329, stable_pretraining.callbacks.cpu_offload) | Processing checkpoint key: 'state_dict'
15:12:47.268 | SUCCESS (369329, stable_pretraining.callbacks.cpu_offload) | ✓ Completed 'state_dict' in 0.27s
15:12:47.269 | INFO    (369329, stable_pretraining.callbacks.cpu_offload) | Processing checkpoint key: 'optimizer_states'
15:12:47.798 | SUCCESS (369329, stable_pretraining.callbacks.cpu_offload) | ✓ Completed 'optimizer_states' in 0.53s
15:12:47.799 | INFO    (369329, stable_pretraining.callbacks.cpu_offload) | Processing checkpoint key: 'lr_schedulers'
15:12:47.799 | SUCCESS (369329, stable_pretraining.callbacks.cpu_offload) | ✓ Completed 'lr_schedulers' in 0.00s
15:12:47.799 | WARNING (369329, stable_pretraining.callbacks.cpu_offload) | Skipped 321 custom object(s)
15:12:47.800 | WARNING (369329, stable_pretraining.callbacks.cpu_offload) | First 10 skipped objects:
15:12:47.800 | WARNING (369329, stable_pretraining.callbacks.cpu_offload) |   - float at 'optimizer_states[0].param_groups[0].lr'
15:12:47.800 | WARNING (369329, stable_pretraining.callbacks.cpu_offload) |   - float at 'optimizer_states[0].param_groups[0].betas[0]'
15:12:47.800 | WARNING (369329, stable_pretraining.callbacks.cpu_offload) |   - float at 'optimizer_states[0].param_groups[0].betas[1]'
15:12:47.801 | WARNING (369329, stable_pretraining.callbacks.cpu_offload) |   - float at 'optimizer_states[0].param_groups[0].eps'
15:12:47.801 | WARNING (369329, stable_pretraining.callbacks.cpu_offload) |   - float at 'optimizer_states[0].param_groups[0].weight_decay'
15:12:47.801 | WARNING (369329, stable_pretraining.callbacks.cpu_offload) |   - bool at 'optimizer_states[0].param_groups[0].amsgrad'
15:12:47.801 | WARNING (369329, stable_pretraining.callbacks.cpu_offload) |   - bool at 'optimizer_states[0].param_groups[0].maximize'
15:12:47.801 | WARNING (369329, stable_pretraining.callbacks.cpu_offload) |   - NoneType at 'optimizer_states[0].param_groups[0].foreach'
15:12:47.802 | WARNING (369329, stable_pretraining.callbacks.cpu_offload) |   - bool at 'optimizer_states[0].param_groups[0].capturable'
15:12:47.802 | WARNING (369329, stable_pretraining.callbacks.cpu_offload) |   - bool at 'optimizer_states[0].param_groups[0].differentiable'
15:12:47.802 | WARNING (369329, stable_pretraining.callbacks.cpu_offload) | ... (301 more skipped) ...
15:12:47.802 | WARNING (369329, stable_pretraining.callbacks.cpu_offload) | Last 10 skipped objects:
15:12:47.803 | WARNING (369329, stable_pretraining.callbacks.cpu_offload) |   - int at 'optimizer_states[0].param_groups[0].params[298]'
15:12:47.803 | WARNING (369329, stable_pretraining.callbacks.cpu_offload) |   - int at 'lr_schedulers[0].warmup_steps'
15:12:47.803 | WARNING (369329, stable_pretraining.callbacks.cpu_offload) |   - int at 'lr_schedulers[0].max_steps'
15:12:47.803 | WARNING (369329, stable_pretraining.callbacks.cpu_offload) |   - float at 'lr_schedulers[0].warmup_start_lr'
15:12:47.803 | WARNING (369329, stable_pretraining.callbacks.cpu_offload) |   - float at 'lr_schedulers[0].eta_min'
15:12:47.803 | WARNING (369329, stable_pretraining.callbacks.cpu_offload) |   - float at 'lr_schedulers[0].base_lrs[0]'
15:12:47.803 | WARNING (369329, stable_pretraining.callbacks.cpu_offload) |   - int at 'lr_schedulers[0].last_epoch'
15:12:47.803 | WARNING (369329, stable_pretraining.callbacks.cpu_offload) |   - int at 'lr_schedulers[0]._step_count'
15:12:47.804 | WARNING (369329, stable_pretraining.callbacks.cpu_offload) |   - bool at 'lr_schedulers[0]._get_lr_called_within_step'
15:12:47.804 | WARNING (369329, stable_pretraining.callbacks.cpu_offload) |   - float at 'lr_schedulers[0]._last_lr[0]'
15:12:47.804 | INFO    (369329, stable_pretraining.callbacks.cpu_offload) | To see all 321 skipped objects, set log_skipped=True
15:12:47.805 | INFO    (369329, stable_pretraining.callbacks.cpu_offload) | GPU memory after offload:
15:12:47.805 | INFO    (369329, stable_pretraining.callbacks.cpu_offload) |   - Allocated: 0.24 GB
15:12:47.805 | INFO    (369329, stable_pretraining.callbacks.cpu_offload) |   - Reserved: 16.71 GB
15:12:47.805 | INFO    (369329, stable_pretraining.callbacks.cpu_offload) | GPU memory freed: 0.00 GB
15:12:47.805 | SUCCESS (369329, stable_pretraining.callbacks.cpu_offload) | CPUOffloadCallback: Checkpoint #14 completed in 0.81s
15:12:47.805 | INFO    (369329, stable_pretraining.callbacks.cpu_offload) | Successfully processed keys: ['state_dict', 'optimizer_states', 'lr_schedulers']
15:12:47.805 | INFO    (369329, stable_pretraining.callbacks.cpu_offload) | Cumulative stats:
15:12:47.806 | INFO    (369329, stable_pretraining.callbacks.cpu_offload) |   - Total checkpoints saved: 14
15:12:47.806 | INFO    (369329, stable_pretraining.callbacks.cpu_offload) |   - Total time in offload: 10.60s
15:12:47.806 | INFO    (369329, stable_pretraining.callbacks.cpu_offload) |   - Total memory freed: 0.00 GB
15:12:47.806 | INFO    (369329, stable_pretraining.callbacks.cpu_offload) |   - Average time per checkpoint: 0.76s
15:12:47.806 | INFO    (369329, stable_pretraining.callbacks.cpu_offload) | ============================================================
15:12:49.156 | INFO    (369329, stable_pretraining.callbacks.checkpoint_sklearn) | Checking for non PyTorch modules to save... 🔧
15:12:49.157 | INFO    (369329, stable_pretraining.callbacks.checkpoint_sklearn) | Checking for Wandb params to save... 🔧
15:12:49.157 | INFO    (369329, stable_pretraining.callbacks.checkpoint_sklearn) | Saving Wandb params {'id': 'lewm_lp_pusht_expert_mu-1_lmdb'}
15:12:49.157 | INFO    (369329, stable_pretraining.callbacks.checkpoint_sklearn) | Checking for Wandb params to save... Done!
15:12:49.157 | INFO    (369329, stable_pretraining.callbacks.cpu_offload) | ============================================================
15:12:49.157 | INFO    (369329, stable_pretraining.callbacks.cpu_offload) | CPUOffloadCallback: Starting checkpoint CPU offload (#15)
15:12:49.157 | INFO    (369329, stable_pretraining.callbacks.cpu_offload) |   - Global step: 27864
15:12:49.158 | INFO    (369329, stable_pretraining.callbacks.cpu_offload) |   - Epoch: 7
15:12:49.158 | INFO    (369329, stable_pretraining.callbacks.cpu_offload) | Checkpoint contains 11 keys: ['callbacks', 'epoch', 'global_step', 'hparams_name', 'hyper_parameters', 'loops', 'lr_schedulers', 'optimizer_states', 'pytorch-lightning_version', 'state_dict', 'wandb']
15:12:49.158 | INFO    (369329, stable_pretraining.callbacks.cpu_offload) | GPU memory before offload:
15:12:49.159 | INFO    (369329, stable_pretraining.callbacks.cpu_offload) |   - Allocated: 0.24 GB
15:12:49.159 | INFO    (369329, stable_pretraining.callbacks.cpu_offload) |   - Reserved: 16.71 GB
15:12:49.159 | INFO    (369329, stable_pretraining.callbacks.cpu_offload) | Processing checkpoint key: 'state_dict'
15:12:49.296 | SUCCESS (369329, stable_pretraining.callbacks.cpu_offload) | ✓ Completed 'state_dict' in 0.14s
15:12:49.297 | INFO    (369329, stable_pretraining.callbacks.cpu_offload) | Processing checkpoint key: 'optimizer_states'
15:12:49.731 | SUCCESS (369329, stable_pretraining.callbacks.cpu_offload) | ✓ Completed 'optimizer_states' in 0.43s
15:12:49.731 | INFO    (369329, stable_pretraining.callbacks.cpu_offload) | Processing checkpoint key: 'lr_schedulers'
15:12:49.731 | SUCCESS (369329, stable_pretraining.callbacks.cpu_offload) | ✓ Completed 'lr_schedulers' in 0.00s
15:12:49.732 | WARNING (369329, stable_pretraining.callbacks.cpu_offload) | Skipped 321 custom object(s)
15:12:49.732 | WARNING (369329, stable_pretraining.callbacks.cpu_offload) | First 10 skipped objects:
15:12:49.732 | WARNING (369329, stable_pretraining.callbacks.cpu_offload) |   - float at 'optimizer_states[0].param_groups[0].lr'
15:12:49.732 | WARNING (369329, stable_pretraining.callbacks.cpu_offload) |   - float at 'optimizer_states[0].param_groups[0].betas[0]'
15:12:49.732 | WARNING (369329, stable_pretraining.callbacks.cpu_offload) |   - float at 'optimizer_states[0].param_groups[0].betas[1]'
15:12:49.733 | WARNING (369329, stable_pretraining.callbacks.cpu_offload) |   - float at 'optimizer_states[0].param_groups[0].eps'
15:12:49.733 | WARNING (369329, stable_pretraining.callbacks.cpu_offload) |   - float at 'optimizer_states[0].param_groups[0].weight_decay'
15:12:49.733 | WARNING (369329, stable_pretraining.callbacks.cpu_offload) |   - bool at 'optimizer_states[0].param_groups[0].amsgrad'
15:12:49.733 | WARNING (369329, stable_pretraining.callbacks.cpu_offload) |   - bool at 'optimizer_states[0].param_groups[0].maximize'
15:12:49.733 | WARNING (369329, stable_pretraining.callbacks.cpu_offload) |   - NoneType at 'optimizer_states[0].param_groups[0].foreach'
15:12:49.734 | WARNING (369329, stable_pretraining.callbacks.cpu_offload) |   - bool at 'optimizer_states[0].param_groups[0].capturable'
15:12:49.734 | WARNING (369329, stable_pretraining.callbacks.cpu_offload) |   - bool at 'optimizer_states[0].param_groups[0].differentiable'
15:12:49.734 | WARNING (369329, stable_pretraining.callbacks.cpu_offload) | ... (301 more skipped) ...
15:12:49.734 | WARNING (369329, stable_pretraining.callbacks.cpu_offload) | Last 10 skipped objects:
15:12:49.734 | WARNING (369329, stable_pretraining.callbacks.cpu_offload) |   - int at 'optimizer_states[0].param_groups[0].params[298]'
15:12:49.734 | WARNING (369329, stable_pretraining.callbacks.cpu_offload) |   - int at 'lr_schedulers[0].warmup_steps'
15:12:49.735 | WARNING (369329, stable_pretraining.callbacks.cpu_offload) |   - int at 'lr_schedulers[0].max_steps'
15:12:49.735 | WARNING (369329, stable_pretraining.callbacks.cpu_offload) |   - float at 'lr_schedulers[0].warmup_start_lr'
15:12:49.735 | WARNING (369329, stable_pretraining.callbacks.cpu_offload) |   - float at 'lr_schedulers[0].eta_min'
15:12:49.735 | WARNING (369329, stable_pretraining.callbacks.cpu_offload) |   - float at 'lr_schedulers[0].base_lrs[0]'
15:12:49.735 | WARNING (369329, stable_pretraining.callbacks.cpu_offload) |   - int at 'lr_schedulers[0].last_epoch'
15:12:49.735 | WARNING (369329, stable_pretraining.callbacks.cpu_offload) |   - int at 'lr_schedulers[0]._step_count'
15:12:49.736 | WARNING (369329, stable_pretraining.callbacks.cpu_offload) |   - bool at 'lr_schedulers[0]._get_lr_called_within_step'
15:12:49.736 | WARNING (369329, stable_pretraining.callbacks.cpu_offload) |   - float at 'lr_schedulers[0]._last_lr[0]'
15:12:49.736 | INFO    (369329, stable_pretraining.callbacks.cpu_offload) | To see all 321 skipped objects, set log_skipped=True
15:12:49.737 | INFO    (369329, stable_pretraining.callbacks.cpu_offload) | GPU memory after offload:
15:12:49.737 | INFO    (369329, stable_pretraining.callbacks.cpu_offload) |   - Allocated: 0.24 GB
15:12:49.738 | INFO    (369329, stable_pretraining.callbacks.cpu_offload) |   - Reserved: 16.71 GB
15:12:49.738 | INFO    (369329, stable_pretraining.callbacks.cpu_offload) | GPU memory freed: 0.00 GB
15:12:49.738 | SUCCESS (369329, stable_pretraining.callbacks.cpu_offload) | CPUOffloadCallback: Checkpoint #15 completed in 0.58s
15:12:49.738 | INFO    (369329, stable_pretraining.callbacks.cpu_offload) | Successfully processed keys: ['state_dict', 'optimizer_states', 'lr_schedulers']
15:12:49.739 | INFO    (369329, stable_pretraining.callbacks.cpu_offload) | Cumulative stats:
15:12:49.739 | INFO    (369329, stable_pretraining.callbacks.cpu_offload) |   - Total checkpoints saved: 15
15:12:49.739 | INFO    (369329, stable_pretraining.callbacks.cpu_offload) |   - Total time in offload: 11.18s
15:12:49.739 | INFO    (369329, stable_pretraining.callbacks.cpu_offload) |   - Total memory freed: 0.00 GB
15:12:49.739 | INFO    (369329, stable_pretraining.callbacks.cpu_offload) |   - Average time per checkpoint: 0.75s
15:12:49.740 | INFO    (369329, stable_pretraining.callbacks.cpu_offload) | ============================================================
15:35:20.441 | WARNING (369329, stable_pretraining.module) | You are calling self.parameters which also gives callbacks parameters, to remove then, pass `with_callbacks=False`
15:38:28.549 | INFO    (369329, stable_pretraining.callbacks.trainer_info) | \n+----------------------------+------------------------+
|           Metric           |         Value          |
+----------------------------+------------------------+
|          [0;34;40mfit/loss[0m          |  [0;32;40m0.003113400423899293[0m  |
|       [0;34;40mfit/pred_loss[0m        | [0;32;40m0.0004346414643805474[0m  |
|      [0;34;40mfit/rdmreg_loss[0m       |  [0;32;40m0.002678758930414915[0m  |
|       [0;34;40mvalidate/loss[0m        | [0;32;40m0.0030659488402307034[0m  |
|    [0;34;40mvalidate/loss_epoch[0m     | [0;32;40m0.0030659488402307034[0m  |
|     [0;34;40mvalidate/pred_loss[0m     | [0;32;40m0.00023075821809470654[0m |
|  [0;34;40mvalidate/pred_loss_epoch[0m  | [0;32;40m0.00023075821809470654[0m |
|    [0;34;40mvalidate/rdmreg_loss[0m    |  [0;32;40m0.002835190622135997[0m  |
| [0;34;40mvalidate/rdmreg_loss_epoch[0m |  [0;32;40m0.002835190622135997[0m  |
+----------------------------+------------------------+
15:38:28.841 | INFO    (369329, stable_pretraining.callbacks.checkpoint_sklearn) | Checking for non PyTorch modules to save... 🔧
15:38:28.841 | INFO    (369329, stable_pretraining.callbacks.checkpoint_sklearn) | Checking for Wandb params to save... 🔧
15:38:28.841 | INFO    (369329, stable_pretraining.callbacks.checkpoint_sklearn) | Saving Wandb params {'id': 'lewm_lp_pusht_expert_mu-1_lmdb'}
15:38:28.841 | INFO    (369329, stable_pretraining.callbacks.checkpoint_sklearn) | Checking for Wandb params to save... Done!
15:38:28.841 | INFO    (369329, stable_pretraining.callbacks.cpu_offload) | ============================================================
15:38:28.842 | INFO    (369329, stable_pretraining.callbacks.cpu_offload) | CPUOffloadCallback: Starting checkpoint CPU offload (#16)
15:38:28.842 | INFO    (369329, stable_pretraining.callbacks.cpu_offload) |   - Global step: 31347
15:38:28.842 | INFO    (369329, stable_pretraining.callbacks.cpu_offload) |   - Epoch: 8
15:38:28.842 | INFO    (369329, stable_pretraining.callbacks.cpu_offload) | Checkpoint contains 11 keys: ['callbacks', 'epoch', 'global_step', 'hparams_name', 'hyper_parameters', 'loops', 'lr_schedulers', 'optimizer_states', 'pytorch-lightning_version', 'state_dict', 'wandb']
15:38:28.843 | INFO    (369329, stable_pretraining.callbacks.cpu_offload) | GPU memory before offload:
15:38:28.843 | INFO    (369329, stable_pretraining.callbacks.cpu_offload) |   - Allocated: 0.24 GB
15:38:28.843 | INFO    (369329, stable_pretraining.callbacks.cpu_offload) |   - Reserved: 16.71 GB
15:38:28.843 | INFO    (369329, stable_pretraining.callbacks.cpu_offload) | Processing checkpoint key: 'state_dict'
15:38:29.033 | SUCCESS (369329, stable_pretraining.callbacks.cpu_offload) | ✓ Completed 'state_dict' in 0.19s
15:38:29.033 | INFO    (369329, stable_pretraining.callbacks.cpu_offload) | Processing checkpoint key: 'optimizer_states'
15:38:29.592 | SUCCESS (369329, stable_pretraining.callbacks.cpu_offload) | ✓ Completed 'optimizer_states' in 0.56s
15:38:29.593 | INFO    (369329, stable_pretraining.callbacks.cpu_offload) | Processing checkpoint key: 'lr_schedulers'
15:38:29.593 | SUCCESS (369329, stable_pretraining.callbacks.cpu_offload) | ✓ Completed 'lr_schedulers' in 0.00s
15:38:29.593 | WARNING (369329, stable_pretraining.callbacks.cpu_offload) | Skipped 321 custom object(s)
15:38:29.593 | WARNING (369329, stable_pretraining.callbacks.cpu_offload) | First 10 skipped objects:
15:38:29.593 | WARNING (369329, stable_pretraining.callbacks.cpu_offload) |   - float at 'optimizer_states[0].param_groups[0].lr'
15:38:29.594 | WARNING (369329, stable_pretraining.callbacks.cpu_offload) |   - float at 'optimizer_states[0].param_groups[0].betas[0]'
15:38:29.594 | WARNING (369329, stable_pretraining.callbacks.cpu_offload) |   - float at 'optimizer_states[0].param_groups[0].betas[1]'
15:38:29.594 | WARNING (369329, stable_pretraining.callbacks.cpu_offload) |   - float at 'optimizer_states[0].param_groups[0].eps'
15:38:29.594 | WARNING (369329, stable_pretraining.callbacks.cpu_offload) |   - float at 'optimizer_states[0].param_groups[0].weight_decay'
15:38:29.594 | WARNING (369329, stable_pretraining.callbacks.cpu_offload) |   - bool at 'optimizer_states[0].param_groups[0].amsgrad'
15:38:29.595 | WARNING (369329, stable_pretraining.callbacks.cpu_offload) |   - bool at 'optimizer_states[0].param_groups[0].maximize'
15:38:29.595 | WARNING (369329, stable_pretraining.callbacks.cpu_offload) |   - NoneType at 'optimizer_states[0].param_groups[0].foreach'
15:38:29.595 | WARNING (369329, stable_pretraining.callbacks.cpu_offload) |   - bool at 'optimizer_states[0].param_groups[0].capturable'
15:38:29.595 | WARNING (369329, stable_pretraining.callbacks.cpu_offload) |   - bool at 'optimizer_states[0].param_groups[0].differentiable'
15:38:29.595 | WARNING (369329, stable_pretraining.callbacks.cpu_offload) | ... (301 more skipped) ...
15:38:29.595 | WARNING (369329, stable_pretraining.callbacks.cpu_offload) | Last 10 skipped objects:
15:38:29.596 | WARNING (369329, stable_pretraining.callbacks.cpu_offload) |   - int at 'optimizer_states[0].param_groups[0].params[298]'
15:38:29.596 | WARNING (369329, stable_pretraining.callbacks.cpu_offload) |   - int at 'lr_schedulers[0].warmup_steps'
15:38:29.596 | WARNING (369329, stable_pretraining.callbacks.cpu_offload) |   - int at 'lr_schedulers[0].max_steps'
15:38:29.596 | WARNING (369329, stable_pretraining.callbacks.cpu_offload) |   - float at 'lr_schedulers[0].warmup_start_lr'
15:38:29.597 | WARNING (369329, stable_pretraining.callbacks.cpu_offload) |   - float at 'lr_schedulers[0].eta_min'
15:38:29.597 | WARNING (369329, stable_pretraining.callbacks.cpu_offload) |   - float at 'lr_schedulers[0].base_lrs[0]'
15:38:29.597 | WARNING (369329, stable_pretraining.callbacks.cpu_offload) |   - int at 'lr_schedulers[0].last_epoch'
15:38:29.597 | WARNING (369329, stable_pretraining.callbacks.cpu_offload) |   - int at 'lr_schedulers[0]._step_count'
15:38:29.597 | WARNING (369329, stable_pretraining.callbacks.cpu_offload) |   - bool at 'lr_schedulers[0]._get_lr_called_within_step'
15:38:29.597 | WARNING (369329, stable_pretraining.callbacks.cpu_offload) |   - float at 'lr_schedulers[0]._last_lr[0]'
15:38:29.598 | INFO    (369329, stable_pretraining.callbacks.cpu_offload) | To see all 321 skipped objects, set log_skipped=True
15:38:29.598 | INFO    (369329, stable_pretraining.callbacks.cpu_offload) | GPU memory after offload:
15:38:29.598 | INFO    (369329, stable_pretraining.callbacks.cpu_offload) |   - Allocated: 0.24 GB
15:38:29.599 | INFO    (369329, stable_pretraining.callbacks.cpu_offload) |   - Reserved: 16.71 GB
15:38:29.599 | INFO    (369329, stable_pretraining.callbacks.cpu_offload) | GPU memory freed: 0.00 GB
15:38:29.601 | SUCCESS (369329, stable_pretraining.callbacks.cpu_offload) | CPUOffloadCallback: Checkpoint #16 completed in 0.76s
15:38:29.601 | INFO    (369329, stable_pretraining.callbacks.cpu_offload) | Successfully processed keys: ['state_dict', 'optimizer_states', 'lr_schedulers']
15:38:29.601 | INFO    (369329, stable_pretraining.callbacks.cpu_offload) | Cumulative stats:
15:38:29.601 | INFO    (369329, stable_pretraining.callbacks.cpu_offload) |   - Total checkpoints saved: 16
15:38:29.601 | INFO    (369329, stable_pretraining.callbacks.cpu_offload) |   - Total time in offload: 11.94s
15:38:29.601 | INFO    (369329, stable_pretraining.callbacks.cpu_offload) |   - Total memory freed: 0.00 GB
15:38:29.602 | INFO    (369329, stable_pretraining.callbacks.cpu_offload) |   - Average time per checkpoint: 0.75s
15:38:29.602 | INFO    (369329, stable_pretraining.callbacks.cpu_offload) | ============================================================
15:38:30.950 | INFO    (369329, stable_pretraining.callbacks.checkpoint_sklearn) | Checking for non PyTorch modules to save... 🔧
15:38:30.951 | INFO    (369329, stable_pretraining.callbacks.checkpoint_sklearn) | Checking for Wandb params to save... 🔧
15:38:30.951 | INFO    (369329, stable_pretraining.callbacks.checkpoint_sklearn) | Saving Wandb params {'id': 'lewm_lp_pusht_expert_mu-1_lmdb'}
15:38:30.951 | INFO    (369329, stable_pretraining.callbacks.checkpoint_sklearn) | Checking for Wandb params to save... Done!
15:38:30.951 | INFO    (369329, stable_pretraining.callbacks.cpu_offload) | ============================================================
15:38:30.951 | INFO    (369329, stable_pretraining.callbacks.cpu_offload) | CPUOffloadCallback: Starting checkpoint CPU offload (#17)
15:38:30.952 | INFO    (369329, stable_pretraining.callbacks.cpu_offload) |   - Global step: 31347
15:38:30.952 | INFO    (369329, stable_pretraining.callbacks.cpu_offload) |   - Epoch: 8
15:38:30.952 | INFO    (369329, stable_pretraining.callbacks.cpu_offload) | Checkpoint contains 11 keys: ['callbacks', 'epoch', 'global_step', 'hparams_name', 'hyper_parameters', 'loops', 'lr_schedulers', 'optimizer_states', 'pytorch-lightning_version', 'state_dict', 'wandb']
15:38:30.953 | INFO    (369329, stable_pretraining.callbacks.cpu_offload) | GPU memory before offload:
15:38:30.953 | INFO    (369329, stable_pretraining.callbacks.cpu_offload) |   - Allocated: 0.24 GB
15:38:30.953 | INFO    (369329, stable_pretraining.callbacks.cpu_offload) |   - Reserved: 16.71 GB
15:38:30.953 | INFO    (369329, stable_pretraining.callbacks.cpu_offload) | Processing checkpoint key: 'state_dict'
15:38:31.193 | SUCCESS (369329, stable_pretraining.callbacks.cpu_offload) | ✓ Completed 'state_dict' in 0.24s
15:38:31.193 | INFO    (369329, stable_pretraining.callbacks.cpu_offload) | Processing checkpoint key: 'optimizer_states'
15:38:31.869 | SUCCESS (369329, stable_pretraining.callbacks.cpu_offload) | ✓ Completed 'optimizer_states' in 0.68s
15:38:31.870 | INFO    (369329, stable_pretraining.callbacks.cpu_offload) | Processing checkpoint key: 'lr_schedulers'
15:38:31.870 | SUCCESS (369329, stable_pretraining.callbacks.cpu_offload) | ✓ Completed 'lr_schedulers' in 0.00s
15:38:31.870 | WARNING (369329, stable_pretraining.callbacks.cpu_offload) | Skipped 321 custom object(s)
15:38:31.871 | WARNING (369329, stable_pretraining.callbacks.cpu_offload) | First 10 skipped objects:
15:38:31.871 | WARNING (369329, stable_pretraining.callbacks.cpu_offload) |   - float at 'optimizer_states[0].param_groups[0].lr'
15:38:31.871 | WARNING (369329, stable_pretraining.callbacks.cpu_offload) |   - float at 'optimizer_states[0].param_groups[0].betas[0]'
15:38:31.872 | WARNING (369329, stable_pretraining.callbacks.cpu_offload) |   - float at 'optimizer_states[0].param_groups[0].betas[1]'
15:38:31.872 | WARNING (369329, stable_pretraining.callbacks.cpu_offload) |   - float at 'optimizer_states[0].param_groups[0].eps'
15:38:31.872 | WARNING (369329, stable_pretraining.callbacks.cpu_offload) |   - float at 'optimizer_states[0].param_groups[0].weight_decay'
15:38:31.872 | WARNING (369329, stable_pretraining.callbacks.cpu_offload) |   - bool at 'optimizer_states[0].param_groups[0].amsgrad'
15:38:31.872 | WARNING (369329, stable_pretraining.callbacks.cpu_offload) |   - bool at 'optimizer_states[0].param_groups[0].maximize'
15:38:31.873 | WARNING (369329, stable_pretraining.callbacks.cpu_offload) |   - NoneType at 'optimizer_states[0].param_groups[0].foreach'
15:38:31.873 | WARNING (369329, stable_pretraining.callbacks.cpu_offload) |   - bool at 'optimizer_states[0].param_groups[0].capturable'
15:38:31.873 | WARNING (369329, stable_pretraining.callbacks.cpu_offload) |   - bool at 'optimizer_states[0].param_groups[0].differentiable'
15:38:31.874 | WARNING (369329, stable_pretraining.callbacks.cpu_offload) | ... (301 more skipped) ...
15:38:31.874 | WARNING (369329, stable_pretraining.callbacks.cpu_offload) | Last 10 skipped objects:
15:38:31.874 | WARNING (369329, stable_pretraining.callbacks.cpu_offload) |   - int at 'optimizer_states[0].param_groups[0].params[298]'
15:38:31.874 | WARNING (369329, stable_pretraining.callbacks.cpu_offload) |   - int at 'lr_schedulers[0].warmup_steps'
15:38:31.875 | WARNING (369329, stable_pretraining.callbacks.cpu_offload) |   - int at 'lr_schedulers[0].max_steps'
15:38:31.875 | WARNING (369329, stable_pretraining.callbacks.cpu_offload) |   - float at 'lr_schedulers[0].warmup_start_lr'
15:38:31.875 | WARNING (369329, stable_pretraining.callbacks.cpu_offload) |   - float at 'lr_schedulers[0].eta_min'
15:38:31.875 | WARNING (369329, stable_pretraining.callbacks.cpu_offload) |   - float at 'lr_schedulers[0].base_lrs[0]'
15:38:31.876 | WARNING (369329, stable_pretraining.callbacks.cpu_offload) |   - int at 'lr_schedulers[0].last_epoch'
15:38:31.876 | WARNING (369329, stable_pretraining.callbacks.cpu_offload) |   - int at 'lr_schedulers[0]._step_count'
15:38:31.876 | WARNING (369329, stable_pretraining.callbacks.cpu_offload) |   - bool at 'lr_schedulers[0]._get_lr_called_within_step'
15:38:31.876 | WARNING (369329, stable_pretraining.callbacks.cpu_offload) |   - float at 'lr_schedulers[0]._last_lr[0]'
15:38:31.877 | INFO    (369329, stable_pretraining.callbacks.cpu_offload) | To see all 321 skipped objects, set log_skipped=True
15:38:31.878 | INFO    (369329, stable_pretraining.callbacks.cpu_offload) | GPU memory after offload:
15:38:31.878 | INFO    (369329, stable_pretraining.callbacks.cpu_offload) |   - Allocated: 0.24 GB
15:38:31.878 | INFO    (369329, stable_pretraining.callbacks.cpu_offload) |   - Reserved: 16.71 GB
15:38:31.878 | INFO    (369329, stable_pretraining.callbacks.cpu_offload) | GPU memory freed: 0.00 GB
15:38:31.879 | SUCCESS (369329, stable_pretraining.callbacks.cpu_offload) | CPUOffloadCallback: Checkpoint #17 completed in 0.93s
15:38:31.879 | INFO    (369329, stable_pretraining.callbacks.cpu_offload) | Successfully processed keys: ['state_dict', 'optimizer_states', 'lr_schedulers']
15:38:31.879 | INFO    (369329, stable_pretraining.callbacks.cpu_offload) | Cumulative stats:
15:38:31.879 | INFO    (369329, stable_pretraining.callbacks.cpu_offload) |   - Total checkpoints saved: 17
15:38:31.879 | INFO    (369329, stable_pretraining.callbacks.cpu_offload) |   - Total time in offload: 12.87s
15:38:31.880 | INFO    (369329, stable_pretraining.callbacks.cpu_offload) |   - Total memory freed: 0.00 GB
15:38:31.880 | INFO    (369329, stable_pretraining.callbacks.cpu_offload) |   - Average time per checkpoint: 0.76s
15:38:31.880 | INFO    (369329, stable_pretraining.callbacks.cpu_offload) | ============================================================
16:01:18.278 | WARNING (369329, stable_pretraining.module) | You are calling self.parameters which also gives callbacks parameters, to remove then, pass `with_callbacks=False`
16:04:24.149 | INFO    (369329, stable_pretraining.callbacks.trainer_info) | \n+----------------------------+-----------------------+
|           Metric           |         Value         |
+----------------------------+-----------------------+
|          [0;34;40mfit/loss[0m          | [0;32;40m0.0029519079253077507[0m |
|       [0;34;40mfit/pred_loss[0m        | [0;32;40m0.0004128596046939492[0m |
|      [0;34;40mfit/rdmreg_loss[0m       | [0;32;40m0.0025390484370291233[0m |
|       [0;34;40mvalidate/loss[0m        |  [0;32;40m0.00303490343503654[0m  |
|    [0;34;40mvalidate/loss_epoch[0m     |  [0;32;40m0.00303490343503654[0m  |
|     [0;34;40mvalidate/pred_loss[0m     | [0;32;40m0.0002203950862167403[0m |
|  [0;34;40mvalidate/pred_loss_epoch[0m  | [0;32;40m0.0002203950862167403[0m |
|    [0;34;40mvalidate/rdmreg_loss[0m    | [0;32;40m0.0028145096730440855[0m |
| [0;34;40mvalidate/rdmreg_loss_epoch[0m | [0;32;40m0.0028145096730440855[0m |
+----------------------------+-----------------------+
16:04:25.079 | INFO    (369329, stable_pretraining.callbacks.checkpoint_sklearn) | Checking for non PyTorch modules to save... 🔧
16:04:25.080 | INFO    (369329, stable_pretraining.callbacks.checkpoint_sklearn) | Checking for Wandb params to save... 🔧
16:04:25.080 | INFO    (369329, stable_pretraining.callbacks.checkpoint_sklearn) | Saving Wandb params {'id': 'lewm_lp_pusht_expert_mu-1_lmdb'}
16:04:25.080 | INFO    (369329, stable_pretraining.callbacks.checkpoint_sklearn) | Checking for Wandb params to save... Done!
16:04:25.080 | INFO    (369329, stable_pretraining.callbacks.cpu_offload) | ============================================================
16:04:25.080 | INFO    (369329, stable_pretraining.callbacks.cpu_offload) | CPUOffloadCallback: Starting checkpoint CPU offload (#18)
16:04:25.081 | INFO    (369329, stable_pretraining.callbacks.cpu_offload) |   - Global step: 34830
16:04:25.081 | INFO    (369329, stable_pretraining.callbacks.cpu_offload) |   - Epoch: 9
16:04:25.081 | INFO    (369329, stable_pretraining.callbacks.cpu_offload) | Checkpoint contains 11 keys: ['callbacks', 'epoch', 'global_step', 'hparams_name', 'hyper_parameters', 'loops', 'lr_schedulers', 'optimizer_states', 'pytorch-lightning_version', 'state_dict', 'wandb']
16:04:25.082 | INFO    (369329, stable_pretraining.callbacks.cpu_offload) | GPU memory before offload:
16:04:25.082 | INFO    (369329, stable_pretraining.callbacks.cpu_offload) |   - Allocated: 0.24 GB
16:04:25.082 | INFO    (369329, stable_pretraining.callbacks.cpu_offload) |   - Reserved: 16.71 GB
16:04:25.082 | INFO    (369329, stable_pretraining.callbacks.cpu_offload) | Processing checkpoint key: 'state_dict'
16:04:25.285 | SUCCESS (369329, stable_pretraining.callbacks.cpu_offload) | ✓ Completed 'state_dict' in 0.20s
16:04:25.285 | INFO    (369329, stable_pretraining.callbacks.cpu_offload) | Processing checkpoint key: 'optimizer_states'
16:04:25.705 | SUCCESS (369329, stable_pretraining.callbacks.cpu_offload) | ✓ Completed 'optimizer_states' in 0.42s
16:04:25.705 | INFO    (369329, stable_pretraining.callbacks.cpu_offload) | Processing checkpoint key: 'lr_schedulers'
16:04:25.705 | SUCCESS (369329, stable_pretraining.callbacks.cpu_offload) | ✓ Completed 'lr_schedulers' in 0.00s
16:04:25.706 | WARNING (369329, stable_pretraining.callbacks.cpu_offload) | Skipped 321 custom object(s)
16:04:25.706 | WARNING (369329, stable_pretraining.callbacks.cpu_offload) | First 10 skipped objects:
16:04:25.706 | WARNING (369329, stable_pretraining.callbacks.cpu_offload) |   - float at 'optimizer_states[0].param_groups[0].lr'
16:04:25.707 | WARNING (369329, stable_pretraining.callbacks.cpu_offload) |   - float at 'optimizer_states[0].param_groups[0].betas[0]'
16:04:25.707 | WARNING (369329, stable_pretraining.callbacks.cpu_offload) |   - float at 'optimizer_states[0].param_groups[0].betas[1]'
16:04:25.707 | WARNING (369329, stable_pretraining.callbacks.cpu_offload) |   - float at 'optimizer_states[0].param_groups[0].eps'
16:04:25.707 | WARNING (369329, stable_pretraining.callbacks.cpu_offload) |   - float at 'optimizer_states[0].param_groups[0].weight_decay'
16:04:25.708 | WARNING (369329, stable_pretraining.callbacks.cpu_offload) |   - bool at 'optimizer_states[0].param_groups[0].amsgrad'
16:04:25.708 | WARNING (369329, stable_pretraining.callbacks.cpu_offload) |   - bool at 'optimizer_states[0].param_groups[0].maximize'
16:04:25.709 | WARNING (369329, stable_pretraining.callbacks.cpu_offload) |   - NoneType at 'optimizer_states[0].param_groups[0].foreach'
16:04:25.709 | WARNING (369329, stable_pretraining.callbacks.cpu_offload) |   - bool at 'optimizer_states[0].param_groups[0].capturable'
16:04:25.709 | WARNING (369329, stable_pretraining.callbacks.cpu_offload) |   - bool at 'optimizer_states[0].param_groups[0].differentiable'
16:04:25.710 | WARNING (369329, stable_pretraining.callbacks.cpu_offload) | ... (301 more skipped) ...
16:04:25.710 | WARNING (369329, stable_pretraining.callbacks.cpu_offload) | Last 10 skipped objects:
16:04:25.710 | WARNING (369329, stable_pretraining.callbacks.cpu_offload) |   - int at 'optimizer_states[0].param_groups[0].params[298]'
16:04:25.712 | WARNING (369329, stable_pretraining.callbacks.cpu_offload) |   - int at 'lr_schedulers[0].warmup_steps'
16:04:25.712 | WARNING (369329, stable_pretraining.callbacks.cpu_offload) |   - int at 'lr_schedulers[0].max_steps'
16:04:25.712 | WARNING (369329, stable_pretraining.callbacks.cpu_offload) |   - float at 'lr_schedulers[0].warmup_start_lr'
16:04:25.713 | WARNING (369329, stable_pretraining.callbacks.cpu_offload) |   - float at 'lr_schedulers[0].eta_min'
16:04:25.713 | WARNING (369329, stable_pretraining.callbacks.cpu_offload) |   - float at 'lr_schedulers[0].base_lrs[0]'
16:04:25.713 | WARNING (369329, stable_pretraining.callbacks.cpu_offload) |   - int at 'lr_schedulers[0].last_epoch'
16:04:25.714 | WARNING (369329, stable_pretraining.callbacks.cpu_offload) |   - int at 'lr_schedulers[0]._step_count'
16:04:25.714 | WARNING (369329, stable_pretraining.callbacks.cpu_offload) |   - bool at 'lr_schedulers[0]._get_lr_called_within_step'
16:04:25.714 | WARNING (369329, stable_pretraining.callbacks.cpu_offload) |   - float at 'lr_schedulers[0]._last_lr[0]'
16:04:25.715 | INFO    (369329, stable_pretraining.callbacks.cpu_offload) | To see all 321 skipped objects, set log_skipped=True
16:04:25.716 | INFO    (369329, stable_pretraining.callbacks.cpu_offload) | GPU memory after offload:
16:04:25.716 | INFO    (369329, stable_pretraining.callbacks.cpu_offload) |   - Allocated: 0.24 GB
16:04:25.716 | INFO    (369329, stable_pretraining.callbacks.cpu_offload) |   - Reserved: 16.71 GB
16:04:25.716 | INFO    (369329, stable_pretraining.callbacks.cpu_offload) | GPU memory freed: 0.00 GB
16:04:25.717 | SUCCESS (369329, stable_pretraining.callbacks.cpu_offload) | CPUOffloadCallback: Checkpoint #18 completed in 0.64s
16:04:25.717 | INFO    (369329, stable_pretraining.callbacks.cpu_offload) | Successfully processed keys: ['state_dict', 'optimizer_states', 'lr_schedulers']
16:04:25.717 | INFO    (369329, stable_pretraining.callbacks.cpu_offload) | Cumulative stats:
16:04:25.718 | INFO    (369329, stable_pretraining.callbacks.cpu_offload) |   - Total checkpoints saved: 18
16:04:25.718 | INFO    (369329, stable_pretraining.callbacks.cpu_offload) |   - Total time in offload: 13.51s
16:04:25.718 | INFO    (369329, stable_pretraining.callbacks.cpu_offload) |   - Total memory freed: 0.00 GB
16:04:25.718 | INFO    (369329, stable_pretraining.callbacks.cpu_offload) |   - Average time per checkpoint: 0.75s
16:04:25.719 | INFO    (369329, stable_pretraining.callbacks.cpu_offload) | ============================================================
16:04:27.109 | INFO    (369329, stable_pretraining.callbacks.checkpoint_sklearn) | Checking for non PyTorch modules to save... 🔧
16:04:27.109 | INFO    (369329, stable_pretraining.callbacks.checkpoint_sklearn) | Checking for Wandb params to save... 🔧
16:04:27.109 | INFO    (369329, stable_pretraining.callbacks.checkpoint_sklearn) | Saving Wandb params {'id': 'lewm_lp_pusht_expert_mu-1_lmdb'}
16:04:27.109 | INFO    (369329, stable_pretraining.callbacks.checkpoint_sklearn) | Checking for Wandb params to save... Done!
16:04:27.110 | INFO    (369329, stable_pretraining.callbacks.cpu_offload) | ============================================================
16:04:27.110 | INFO    (369329, stable_pretraining.callbacks.cpu_offload) | CPUOffloadCallback: Starting checkpoint CPU offload (#19)
16:04:27.110 | INFO    (369329, stable_pretraining.callbacks.cpu_offload) |   - Global step: 34830
16:04:27.110 | INFO    (369329, stable_pretraining.callbacks.cpu_offload) |   - Epoch: 9
16:04:27.110 | INFO    (369329, stable_pretraining.callbacks.cpu_offload) | Checkpoint contains 11 keys: ['callbacks', 'epoch', 'global_step', 'hparams_name', 'hyper_parameters', 'loops', 'lr_schedulers', 'optimizer_states', 'pytorch-lightning_version', 'state_dict', 'wandb']
16:04:27.111 | INFO    (369329, stable_pretraining.callbacks.cpu_offload) | GPU memory before offload:
16:04:27.111 | INFO    (369329, stable_pretraining.callbacks.cpu_offload) |   - Allocated: 0.24 GB
16:04:27.111 | INFO    (369329, stable_pretraining.callbacks.cpu_offload) |   - Reserved: 16.71 GB
16:04:27.111 | INFO    (369329, stable_pretraining.callbacks.cpu_offload) | Processing checkpoint key: 'state_dict'
16:04:27.304 | SUCCESS (369329, stable_pretraining.callbacks.cpu_offload) | ✓ Completed 'state_dict' in 0.19s
16:04:27.305 | INFO    (369329, stable_pretraining.callbacks.cpu_offload) | Processing checkpoint key: 'optimizer_states'
16:04:27.671 | SUCCESS (369329, stable_pretraining.callbacks.cpu_offload) | ✓ Completed 'optimizer_states' in 0.37s
16:04:27.672 | INFO    (369329, stable_pretraining.callbacks.cpu_offload) | Processing checkpoint key: 'lr_schedulers'
16:04:27.672 | SUCCESS (369329, stable_pretraining.callbacks.cpu_offload) | ✓ Completed 'lr_schedulers' in 0.00s
16:04:27.673 | WARNING (369329, stable_pretraining.callbacks.cpu_offload) | Skipped 321 custom object(s)
16:04:27.673 | WARNING (369329, stable_pretraining.callbacks.cpu_offload) | First 10 skipped objects:
16:04:27.673 | WARNING (369329, stable_pretraining.callbacks.cpu_offload) |   - float at 'optimizer_states[0].param_groups[0].lr'
16:04:27.673 | WARNING (369329, stable_pretraining.callbacks.cpu_offload) |   - float at 'optimizer_states[0].param_groups[0].betas[0]'
16:04:27.673 | WARNING (369329, stable_pretraining.callbacks.cpu_offload) |   - float at 'optimizer_states[0].param_groups[0].betas[1]'
16:04:27.673 | WARNING (369329, stable_pretraining.callbacks.cpu_offload) |   - float at 'optimizer_states[0].param_groups[0].eps'
16:04:27.674 | WARNING (369329, stable_pretraining.callbacks.cpu_offload) |   - float at 'optimizer_states[0].param_groups[0].weight_decay'
16:04:27.674 | WARNING (369329, stable_pretraining.callbacks.cpu_offload) |   - bool at 'optimizer_states[0].param_groups[0].amsgrad'
16:04:27.674 | WARNING (369329, stable_pretraining.callbacks.cpu_offload) |   - bool at 'optimizer_states[0].param_groups[0].maximize'
16:04:27.674 | WARNING (369329, stable_pretraining.callbacks.cpu_offload) |   - NoneType at 'optimizer_states[0].param_groups[0].foreach'
16:04:27.674 | WARNING (369329, stable_pretraining.callbacks.cpu_offload) |   - bool at 'optimizer_states[0].param_groups[0].capturable'
16:04:27.675 | WARNING (369329, stable_pretraining.callbacks.cpu_offload) |   - bool at 'optimizer_states[0].param_groups[0].differentiable'
16:04:27.675 | WARNING (369329, stable_pretraining.callbacks.cpu_offload) | ... (301 more skipped) ...
16:04:27.675 | WARNING (369329, stable_pretraining.callbacks.cpu_offload) | Last 10 skipped objects:
16:04:27.675 | WARNING (369329, stable_pretraining.callbacks.cpu_offload) |   - int at 'optimizer_states[0].param_groups[0].params[298]'
16:04:27.675 | WARNING (369329, stable_pretraining.callbacks.cpu_offload) |   - int at 'lr_schedulers[0].warmup_steps'
16:04:27.675 | WARNING (369329, stable_pretraining.callbacks.cpu_offload) |   - int at 'lr_schedulers[0].max_steps'
16:04:27.675 | WARNING (369329, stable_pretraining.callbacks.cpu_offload) |   - float at 'lr_schedulers[0].warmup_start_lr'
16:04:27.676 | WARNING (369329, stable_pretraining.callbacks.cpu_offload) |   - float at 'lr_schedulers[0].eta_min'
16:04:27.676 | WARNING (369329, stable_pretraining.callbacks.cpu_offload) |   - float at 'lr_schedulers[0].base_lrs[0]'
16:04:27.676 | WARNING (369329, stable_pretraining.callbacks.cpu_offload) |   - int at 'lr_schedulers[0].last_epoch'
16:04:27.676 | WARNING (369329, stable_pretraining.callbacks.cpu_offload) |   - int at 'lr_schedulers[0]._step_count'
16:04:27.676 | WARNING (369329, stable_pretraining.callbacks.cpu_offload) |   - bool at 'lr_schedulers[0]._get_lr_called_within_step'
16:04:27.676 | WARNING (369329, stable_pretraining.callbacks.cpu_offload) |   - float at 'lr_schedulers[0]._last_lr[0]'
16:04:27.677 | INFO    (369329, stable_pretraining.callbacks.cpu_offload) | To see all 321 skipped objects, set log_skipped=True
16:04:27.677 | INFO    (369329, stable_pretraining.callbacks.cpu_offload) | GPU memory after offload:
16:04:27.677 | INFO    (369329, stable_pretraining.callbacks.cpu_offload) |   - Allocated: 0.24 GB
16:04:27.677 | INFO    (369329, stable_pretraining.callbacks.cpu_offload) |   - Reserved: 16.71 GB
16:04:27.677 | INFO    (369329, stable_pretraining.callbacks.cpu_offload) | GPU memory freed: 0.00 GB
16:04:27.678 | SUCCESS (369329, stable_pretraining.callbacks.cpu_offload) | CPUOffloadCallback: Checkpoint #19 completed in 0.57s
16:04:27.678 | INFO    (369329, stable_pretraining.callbacks.cpu_offload) | Successfully processed keys: ['state_dict', 'optimizer_states', 'lr_schedulers']
16:04:27.678 | INFO    (369329, stable_pretraining.callbacks.cpu_offload) | Cumulative stats:
16:04:27.678 | INFO    (369329, stable_pretraining.callbacks.cpu_offload) |   - Total checkpoints saved: 19
16:04:27.678 | INFO    (369329, stable_pretraining.callbacks.cpu_offload) |   - Total time in offload: 14.07s
16:04:27.678 | INFO    (369329, stable_pretraining.callbacks.cpu_offload) |   - Total memory freed: 0.00 GB
16:04:27.678 | INFO    (369329, stable_pretraining.callbacks.cpu_offload) |   - Average time per checkpoint: 0.74s
16:04:27.679 | INFO    (369329, stable_pretraining.callbacks.cpu_offload) | ============================================================
`Trainer.fit` stopped: `max_epochs=10` reached.
16:04:29.053 | INFO    (369329, stable_pretraining.callbacks.cpu_offload) | ============================================================
16:04:29.053 | INFO    (369329, stable_pretraining.callbacks.cpu_offload) | CPUOffloadCallback: Training completed
16:04:29.054 | INFO    (369329, stable_pretraining.callbacks.cpu_offload) | Final statistics:
16:04:29.054 | INFO    (369329, stable_pretraining.callbacks.cpu_offload) |   - Total checkpoints saved: 19
16:04:29.054 | INFO    (369329, stable_pretraining.callbacks.cpu_offload) |   - Total time in offload: 14.07s
16:04:29.054 | INFO    (369329, stable_pretraining.callbacks.cpu_offload) |   - Total GPU memory freed: 0.00 GB
16:04:29.054 | INFO    (369329, stable_pretraining.callbacks.cpu_offload) |   - Average time per checkpoint: 0.74s
16:04:29.054 | INFO    (369329, stable_pretraining.callbacks.cpu_offload) |   - Average memory freed per checkpoint: 0.00 GB
16:04:29.054 | SUCCESS (369329, stable_pretraining.callbacks.cpu_offload) | CPUOffloadCallback: All checkpoints saved successfully
16:04:29.055 | INFO    (369329, stable_pretraining.callbacks.cpu_offload) | ============================================================
Epoch 9/9  ━━━━━━━━━━━━━━━━━━━━ 3483/3483 0:22:45 • 0:00:00 2.56it/s v_num: lmdb
16:04:30.654 | INFO    (369329, stable_pretraining.callbacks.cpu_offload) | CPUOffloadCallback: Teardown called for stage 'fit'
[1;34mwandb[0m: 
[1;34mwandb[0m: 🚀 View run [33mlewm_lp_p1.0_mu-1_pusht_expert_lmdb[0m at: [34mhttps://wandb.ai/wms_at_iitb/le-wm/runs/lewm_lp_pusht_expert_mu-1_lmdb[0m
TRAINING_EXITED_0
