[2026-04-12 02:44:13,637][root][INFO] - Cached 'action' from '/home/aarav/wms/le-wm/dataset/tworoom.h5'
[2026-04-12 02:44:19,472][root][INFO] - Cached 'proprio' from '/home/aarav/wms/le-wm/dataset/tworoom.h5'
02:44:19.613 | INFO    (572353, stable_pretraining.backbone.utils) | Created ViT-tiny from scratch with config: {'hidden_size': 192, 'num_hidden_layers': 12, 'num_attention_heads': 3, 'intermediate_size': 768, 'image_size': 112, 'patch_size': 14}
02:44:20.578 | INFO    (572353, stable_pretraining.data.module) | Setting up DataModule
02:44:20.579 | INFO    (572353, stable_pretraining.module) | Initializing Module configuration...
02:44:20.579 | WARNING (572353, stable_pretraining.module) | No hyperparameters provided - hyperparameter logging is disabled.
02:44:20.579 | INFO    (572353, stable_pretraining.module) | Setting custom forward method.
02:44:20.579 | INFO    (572353, stable_pretraining.module) | Setting attribute: self.model = <class 'torch._dynamo.eval_frame.OptimizedModule'>
02:44:20.579 | INFO    (572353, stable_pretraining.module) | Setting attribute: self.rdmreg = <class 'rdmreg.RDMReg'>
02:44:20.579 | INFO    (572353, stable_pretraining.module) | Setting attribute: self.optim = <class 'dict'>
02:44:20.579 | INFO    (572353, stable_pretraining.module) | No metrics configuration provided - automatic metric tracking is disabled.
wandb: WARNING The anonymous setting has no effect and will be removed in a future version.
wandb: [wandb.login()] Loaded credentials for https://api.wandb.ai from /home/aarav/.netrc.
wandb: Currently logged in as: narendraaironi (wms_at_iitb) to https://api.wandb.ai. Use `wandb login --relogin` to force relogin
wandb: WARNING Ignoring ID lewm_lp_pusht_v2 loaded due to resume='auto' because the run ID is set to lewm_lp_tworoom_v2.
wandb: setting up run lewm_lp_tworoom_v2
wandb: Tracking run with wandb version 0.25.1
wandb: Run data is saved locally in wandb/run-20260412_024421-lewm_lp_tworoom_v2
wandb: Run `wandb offline` to turn off syncing.
wandb: Syncing run lewm_lp_p1.0
wandb: ⭐️ View project at https://wandb.ai/wms_at_iitb/le-wm
wandb: 🚀 View run at https://wandb.ai/wms_at_iitb/le-wm/runs/lewm_lp_tworoom_v2
/home/aarav/wms/le-wm/le-wm/lib/python3.11/site-packages/lightning/fabric/connector.py:571: `precision=bf16` is supported for historical reasons but its usage is discouraged. Please set your precision to bf16-mixed instead!
Using bfloat16 Automatic Mixed Precision (AMP)
02:44:23.148 | INFO    (572353, stable_pretraining.callbacks.env_info) | EnvironmentDumpCallback initialized (filename=environment.json, async=True)
02:44:23.148 | INFO    (572353, stable_pretraining.callbacks.cpu_offload) | ============================================================
02:44:23.148 | INFO    (572353, stable_pretraining.callbacks.cpu_offload) | Initializing CPUOffloadCallback
02:44:23.148 | INFO    (572353, stable_pretraining.callbacks.cpu_offload) | Configuration:
02:44:23.148 | INFO    (572353, stable_pretraining.callbacks.cpu_offload) |   - Offload keys: ['state_dict', 'optimizer_states', 'lr_schedulers']
02:44:23.148 | INFO    (572353, stable_pretraining.callbacks.cpu_offload) |   - Log all skipped objects: False
02:44:23.148 | INFO    (572353, stable_pretraining.callbacks.cpu_offload) |   - Will show first/last 10 skipped objects only
02:44:23.149 | SUCCESS (572353, stable_pretraining.callbacks.cpu_offload) | ✓ CUDA available: 1 GPU(s) detected
02:44:23.230 | INFO    (572353, stable_pretraining.callbacks.cpu_offload) |   - GPU 0: NVIDIA RTX 4000 Ada Generation (21.0 GB)
02:44:23.230 | SUCCESS (572353, stable_pretraining.callbacks.cpu_offload) | CPUOffloadCallback initialized successfully
02:44:23.230 | INFO    (572353, stable_pretraining.callbacks.cpu_offload) | ============================================================
Adding 10 callbacks from entry point 'stablepretraining_callbacks': ModuleRegistryCallback, LoggingCallback, EnvironmentDumpCallback, TrainerInfo, SklearnCheckpoint, WandbCheckpoint, ModuleSummary, SLURMInfo, LogUnusedParametersOnce, CPUOffloadCallback
GPU available: True (cuda), used: True
TPU available: False, using: 0 TPU cores
💡 Tip: For seamless cloud logging and experiment tracking, try installing [litlogger](https://pypi.org/project/litlogger/) to enable LitLogger, which logs metrics and artifacts automatically to the Lightning Experiments platform.
02:44:23.233 | WARNING (572353, stable_pretraining.manager) | User didn't specify seed, runs won't be exactly reproducible!
02:44:23.234 | INFO    (572353, stable_pretraining.manager) | 📁📁📁 CURRENT WORKING DIR: /home/aarav/wms/le-wm 📁📁📁
02:44:23.234 | INFO    (572353, stable_pretraining.manager) | 🌱🌱🌱 SEEDING EVERYTHING with self.seed=None 🌱🌱🌱
/home/aarav/wms/le-wm/le-wm/lib/python3.11/site-packages/lightning/fabric/utilities/seed.py:44: No seed found, seed set to 0
Seed set to 0
02:44:23.328 | INFO    (572353, stable_pretraining.manager) | 📈📈📈 Using Wandb 📈📈📈
02:44:23.329 | INFO    (572353, stable_pretraining.manager) | 		a Wandb™ config is provided, not uploading Hydra's:
02:44:23.329 | INFO    (572353, stable_pretraining.manager) | 📈📈📈 WandbLogger setup 📈📈📈
02:44:23.329 | INFO    (572353, stable_pretraining.manager) | 📈📈📈 init={'name': 'lewm_lp_p1.0', 'project': 'le-wm', 'dir': '.', 'id': 'lewm_lp_tworoom_v2', 'resume': True, 'anonymous': None, 'entity': 'wms_at_iitb'} 📈📈📈
02:44:23.329 | INFO    (572353, stable_pretraining.manager) | 	● 👂👂👂 SIGNALS HANDLERS 👂👂👂
02:44:23.329 | INFO    (572353, stable_pretraining.manager) | 		- SIGUSR1: `0`
02:44:23.330 | INFO    (572353, stable_pretraining.manager) | 		- SIGUSR2: `0`
02:44:23.330 | INFO    (572353, stable_pretraining.manager) | 		- SIGCONT: `0`
02:44:23.330 | INFO    (572353, stable_pretraining.manager) | 		- SIGTERM: `0`
02:44:23.330 | INFO    (572353, stable_pretraining.manager) | 	● 📞📞📞 CALLBACKS 📞📞📞
02:44:23.330 | INFO    (572353, stable_pretraining.manager) | 		 - we found 14 callbacks
02:44:23.330 | INFO    (572353, stable_pretraining.manager) | 	● 📞📞📞 CHECKPOINTING SETUP 📞📞📞
02:44:23.330 | WARNING (572353, stable_pretraining.manager) | 		 Checkpoint mismatch: `manager.ckpt_path` (/home/aarav/wms/le-wm/dataset/lewm_lp_p1.0_weights.ckpt) was provided, but no matching `ModelCheckpoint` callback was found.
02:44:23.330 | WARNING (572353, stable_pretraining.manager) | 		 Automatically creating a `ModelCheckpoint` to save to the specified path to prevent data loss.
02:44:23.331 | WARNING (572353, stable_pretraining.manager) | 		 - Automatic `ModelCheckpoint` callback has been added to the trainer.
02:44:23.331 | INFO    (572353, stable_pretraining.manager) | 📣📣📣 CALLING trainer.fit with ckpt_path='/home/aarav/wms/le-wm/dataset/lewm_lp_p1.0_weights.ckpt' 📣📣📣
💡 Tip: For seamless cloud uploads and versioning, try installing [litmodels](https://pypi.org/project/litmodels/) to enable LitModelCheckpoint, which syncs automatically with the Lightning model registry.
You are using a CUDA device ('NVIDIA RTX 4000 Ada Generation') that has Tensor Cores. To properly utilize them, you should set `torch.set_float32_matmul_precision('medium' | 'high')` which will trade-off precision for performance. For more details, read https://pytorch.org/docs/stable/generated/torch.set_float32_matmul_precision.html#torch.set_float32_matmul_precision
02:44:23.446 | INFO    (572353, stable_pretraining.data.module) | dataset for TrainerFn.FITTING loaded!  ✅
02:44:23.446 | INFO    (572353, stable_pretraining.data.module) | 	● setup was done by user
02:44:23.446 | INFO    (572353, stable_pretraining.callbacks.env_info) | ======================================================================
02:44:23.447 | INFO    (572353, stable_pretraining.callbacks.env_info) | 🔍 Starting environment configuration dump...
02:44:23.447 | INFO    (572353, stable_pretraining.callbacks.env_info) | ======================================================================
02:44:23.447 | INFO    (572353, stable_pretraining.callbacks.env_info) | EnvironmentDumpCallback  log_dir=PosixPath('/home/aarav/wms/le-wm')
02:44:23.447 | INFO    (572353, stable_pretraining.callbacks.env_info) | ⚡ Running environment dump in background thread (non-blocking)
02:44:23.447 | INFO    (572353, stable_pretraining.callbacks.env_info) | 📁 Log directory: /home/aarav/wms/le-wm
02:44:23.447 | INFO    (572353, stable_pretraining.callbacks.env_info) | 📊 Collecting environment information...
02:44:23.448 | SUCCESS (572353, stable_pretraining.callbacks.env_info) | ✓ Background thread started successfully
02:44:23.448 | SUCCESS (572353, stable_pretraining.callbacks.env_info) |   ✓ Python 3.11.15
02:44:23.448 | INFO    (572353, stable_pretraining.callbacks.trainer_info) | 	 linking trainer to DataModule! 🔧
02:44:23.448 | SUCCESS (572353, stable_pretraining.callbacks.env_info) |   ✓ System: Linux 6.17.0-20-generic (x86_64)
02:44:23.448 | INFO    (572353, stable_pretraining.callbacks.checkpoint_sklearn) | Setting up SklearnCheckpoint callback!
02:44:23.449 | INFO    (572353, stable_pretraining.callbacks.env_info) |      Hostname: dm
02:44:23.449 | INFO    (572353, stable_pretraining.callbacks.checkpoint_sklearn) | Sklearn Modules:
02:44:23.450 | INFO    (572353, stable_pretraining.callbacks.checkpoint_sklearn) | 
┏━━━━━━━━━━┳━━━━━━━━┳━━━━━━━━┓
┃ Module   ┃ Name   ┃ Type   ┃
┣━━━━━━━━━━╋━━━━━━━━╋━━━━━━━━┫
┗━━━━━━━━━━┻━━━━━━━━┻━━━━━━━━┛
02:44:23.450 | INFO    (572353, stable_pretraining.callbacks.checkpoint_sklearn) | Setting up WandbCheckpoint callback!
02:44:23.450 | INFO    (572353, stable_pretraining.callbacks.trainer_info) | PyTorch Modules:
02:44:23.450 | WARNING (572353, stable_pretraining.module) | You are calling self.parameters which also gives callbacks parameters, to remove then, pass `with_callbacks=False`
02:44:23.467 | INFO    (572353, stable_pretraining.callbacks.trainer_info) | \n+---------------------------------------------------------------------------+----------------------+--------------------------+--------------------------+---------+
| Module                                                                    | Trainable parameters | Non Trainable parameters | Uninitialized parameters | Buffers |
+---------------------------------------------------------------------------+----------------------+--------------------------+--------------------------+---------+
|                                                                           |             18588206 |                        0 |                        0 |    8194 |
| callbacks_modules                                                         |                    0 |                        0 |                        0 |       0 |
| callbacks_metrics                                                         |                    0 |                        0 |                        0 |       0 |
| model                                                                     |             18588206 |                        0 |                        0 |    8194 |
| model._orig_mod                                                           |             18588206 |                        0 |                        0 |    8194 |
| model._orig_mod.encoder                                                   |              5464512 |                        0 |                        0 |       0 |
| model._orig_mod.encoder.embeddings                                        |               125760 |                        0 |                        0 |       0 |
| model._orig_mod.encoder.embeddings.patch_embeddings                       |               113088 |                        0 |                        0 |       0 |
| model._orig_mod.encoder.embeddings.patch_embeddings.projection            |               113088 |                        0 |                        0 |       0 |
| model._orig_mod.encoder.embeddings.dropout                                |                    0 |                        0 |                        0 |       0 |
| model._orig_mod.encoder.encoder                                           |              5338368 |                        0 |                        0 |       0 |
| model._orig_mod.encoder.encoder.layer                                     |              5338368 |                        0 |                        0 |       0 |
| model._orig_mod.encoder.encoder.layer.0                                   |               444864 |                        0 |                        0 |       0 |
| model._orig_mod.encoder.encoder.layer.0.attention                         |               148224 |                        0 |                        0 |       0 |
| model._orig_mod.encoder.encoder.layer.0.attention.attention               |               111168 |                        0 |                        0 |       0 |
| model._orig_mod.encoder.encoder.layer.0.attention.attention.query         |                37056 |                        0 |                        0 |       0 |
| model._orig_mod.encoder.encoder.layer.0.attention.attention.key           |                37056 |                        0 |                        0 |       0 |
| model._orig_mod.encoder.encoder.layer.0.attention.attention.value         |                37056 |                        0 |                        0 |       0 |
| model._orig_mod.encoder.encoder.layer.0.attention.output                  |                37056 |                        0 |                        0 |       0 |
| model._orig_mod.encoder.encoder.layer.0.attention.output.dense            |                37056 |                        0 |                        0 |       0 |
| model._orig_mod.encoder.encoder.layer.0.attention.output.dropout          |                    0 |                        0 |                        0 |       0 |
| model._orig_mod.encoder.encoder.layer.0.intermediate                      |               148224 |                        0 |                        0 |       0 |
| model._orig_mod.encoder.encoder.layer.0.intermediate.dense                |               148224 |                        0 |                        0 |       0 |
| model._orig_mod.encoder.encoder.layer.0.intermediate.intermediate_act_fn  |                    0 |                        0 |                        0 |       0 |
| model._orig_mod.encoder.encoder.layer.0.output                            |               147648 |                        0 |                        0 |       0 |
| model._orig_mod.encoder.encoder.layer.0.output.dense                      |               147648 |                        0 |                        0 |       0 |
| model._orig_mod.encoder.encoder.layer.0.output.dropout                    |                    0 |                        0 |                        0 |       0 |
| model._orig_mod.encoder.encoder.layer.0.layernorm_before                  |                  384 |                        0 |                        0 |       0 |
| model._orig_mod.encoder.encoder.layer.0.layernorm_after                   |                  384 |                        0 |                        0 |       0 |
| model._orig_mod.encoder.encoder.layer.1                                   |               444864 |                        0 |                        0 |       0 |
| model._orig_mod.encoder.encoder.layer.1.attention                         |               148224 |                        0 |                        0 |       0 |
| model._orig_mod.encoder.encoder.layer.1.attention.attention               |               111168 |                        0 |                        0 |       0 |
| model._orig_mod.encoder.encoder.layer.1.attention.attention.query         |                37056 |                        0 |                        0 |       0 |
| model._orig_mod.encoder.encoder.layer.1.attention.attention.key           |                37056 |                        0 |                        0 |       0 |
| model._orig_mod.encoder.encoder.layer.1.attention.attention.value         |                37056 |                        0 |                        0 |       0 |
| model._orig_mod.encoder.encoder.layer.1.attention.output                  |                37056 |                        0 |                        0 |       0 |
| model._orig_mod.encoder.encoder.layer.1.attention.output.dense            |                37056 |                        0 |                        0 |       0 |
| model._orig_mod.encoder.encoder.layer.1.attention.output.dropout          |                    0 |                        0 |                        0 |       0 |
| model._orig_mod.encoder.encoder.layer.1.intermediate                      |               148224 |                        0 |                        0 |       0 |
| model._orig_mod.encoder.encoder.layer.1.intermediate.dense                |               148224 |                        0 |                        0 |       0 |
| model._orig_mod.encoder.encoder.layer.1.intermediate.intermediate_act_fn  |                    0 |                        0 |                        0 |       0 |
| model._orig_mod.encoder.encoder.layer.1.output                            |               147648 |                        0 |                        0 |       0 |
| model._orig_mod.encoder.encoder.layer.1.output.dense                      |               147648 |                        0 |                        0 |       0 |
| model._orig_mod.encoder.encoder.layer.1.output.dropout                    |                    0 |                        0 |                        0 |       0 |
| model._orig_mod.encoder.encoder.layer.1.layernorm_before                  |                  384 |                        0 |                        0 |       0 |
| model._orig_mod.encoder.encoder.layer.1.layernorm_after                   |                  384 |                        0 |                        0 |       0 |
| model._orig_mod.encoder.encoder.layer.2                                   |               444864 |                        0 |                        0 |       0 |
| model._orig_mod.encoder.encoder.layer.2.attention                         |               148224 |                        0 |                        0 |       0 |
| model._orig_mod.encoder.encoder.layer.2.attention.attention               |               111168 |                        0 |                        0 |       0 |
| model._orig_mod.encoder.encoder.layer.2.attention.attention.query         |                37056 |                        0 |                        0 |       0 |
| model._orig_mod.encoder.encoder.layer.2.attention.attention.key           |                37056 |                        0 |                        0 |       0 |
| model._orig_mod.encoder.encoder.layer.2.attention.attention.value         |                37056 |                        0 |                        0 |       0 |
| model._orig_mod.encoder.encoder.layer.2.attention.output                  |                37056 |                        0 |                        0 |       0 |
| model._orig_mod.encoder.encoder.layer.2.attention.output.dense            |                37056 |                        0 |                        0 |       0 |
| model._orig_mod.encoder.encoder.layer.2.attention.output.dropout          |                    0 |                        0 |                        0 |       0 |
| model._orig_mod.encoder.encoder.layer.2.intermediate                      |               148224 |                        0 |                        0 |       0 |
| model._orig_mod.encoder.encoder.layer.2.intermediate.dense                |               148224 |                        0 |                        0 |       0 |
| model._orig_mod.encoder.encoder.layer.2.intermediate.intermediate_act_fn  |                    0 |                        0 |                        0 |       0 |
| model._orig_mod.encoder.encoder.layer.2.output                            |               147648 |                        0 |                        0 |       0 |
| model._orig_mod.encoder.encoder.layer.2.output.dense                      |               147648 |                        0 |                        0 |       0 |
| model._orig_mod.encoder.encoder.layer.2.output.dropout                    |                    0 |                        0 |                        0 |       0 |
| model._orig_mod.encoder.encoder.layer.2.layernorm_before                  |                  384 |                        0 |                        0 |       0 |
| model._orig_mod.encoder.encoder.layer.2.layernorm_after                   |                  384 |                        0 |                        0 |       0 |
| model._orig_mod.encoder.encoder.layer.3                                   |               444864 |                        0 |                        0 |       0 |
| model._orig_mod.encoder.encoder.layer.3.attention                         |               148224 |                        0 |                        0 |       0 |
| model._orig_mod.encoder.encoder.layer.3.attention.attention               |               111168 |                        0 |                        0 |       0 |
| model._orig_mod.encoder.encoder.layer.3.attention.attention.query         |                37056 |                        0 |                        0 |       0 |
| model._orig_mod.encoder.encoder.layer.3.attention.attention.key           |                37056 |                        0 |                        0 |       0 |
| model._orig_mod.encoder.encoder.layer.3.attention.attention.value         |                37056 |                        0 |                        0 |       0 |
| model._orig_mod.encoder.encoder.layer.3.attention.output                  |                37056 |                        0 |                        0 |       0 |
| model._orig_mod.encoder.encoder.layer.3.attention.output.dense            |                37056 |                        0 |                        0 |       0 |
| model._orig_mod.encoder.encoder.layer.3.attention.output.dropout          |                    0 |                        0 |                        0 |       0 |
| model._orig_mod.encoder.encoder.layer.3.intermediate                      |               148224 |                        0 |                        0 |       0 |
| model._orig_mod.encoder.encoder.layer.3.intermediate.dense                |               148224 |                        0 |                        0 |       0 |
| model._orig_mod.encoder.encoder.layer.3.intermediate.intermediate_act_fn  |                    0 |                        0 |                        0 |       0 |
| model._orig_mod.encoder.encoder.layer.3.output                            |               147648 |                        0 |                        0 |       0 |
| model._orig_mod.encoder.encoder.layer.3.output.dense                      |               147648 |                        0 |                        0 |       0 |
| model._orig_mod.encoder.encoder.layer.3.output.dropout                    |                    0 |                        0 |                        0 |       0 |
| model._orig_mod.encoder.encoder.layer.3.layernorm_before                  |                  384 |                        0 |                        0 |       0 |
| model._orig_mod.encoder.encoder.layer.3.layernorm_after                   |                  384 |                        0 |                        0 |       0 |
| model._orig_mod.encoder.encoder.layer.4                                   |               444864 |                        0 |                        0 |       0 |
| model._orig_mod.encoder.encoder.layer.4.attention                         |               148224 |                        0 |                        0 |       0 |
| model._orig_mod.encoder.encoder.layer.4.attention.attention               |               111168 |                        0 |                        0 |       0 |
| model._orig_mod.encoder.encoder.layer.4.attention.attention.query         |                37056 |                        0 |                        0 |       0 |
| model._orig_mod.encoder.encoder.layer.4.attention.attention.key           |                37056 |                        0 |                        0 |       0 |
| model._orig_mod.encoder.encoder.layer.4.attention.attention.value         |                37056 |                        0 |                        0 |       0 |
| model._orig_mod.encoder.encoder.layer.4.attention.output                  |                37056 |                        0 |                        0 |       0 |
| model._orig_mod.encoder.encoder.layer.4.attention.output.dense            |                37056 |                        0 |                        0 |       0 |
| model._orig_mod.encoder.encoder.layer.4.attention.output.dropout          |                    0 |                        0 |                        0 |       0 |
| model._orig_mod.encoder.encoder.layer.4.intermediate                      |               148224 |                        0 |                        0 |       0 |
| model._orig_mod.encoder.encoder.layer.4.intermediate.dense                |               148224 |                        0 |                        0 |       0 |
| model._orig_mod.encoder.encoder.layer.4.intermediate.intermediate_act_fn  |                    0 |                        0 |                        0 |       0 |
| model._orig_mod.encoder.encoder.layer.4.output                            |               147648 |                        0 |                        0 |       0 |
| model._orig_mod.encoder.encoder.layer.4.output.dense                      |               147648 |                        0 |                        0 |       0 |
| model._orig_mod.encoder.encoder.layer.4.output.dropout                    |                    0 |                        0 |                        0 |       0 |
| model._orig_mod.encoder.encoder.layer.4.layernorm_before                  |                  384 |                        0 |                        0 |       0 |
| model._orig_mod.encoder.encoder.layer.4.layernorm_after                   |                  384 |                        0 |                        0 |       0 |
| model._orig_mod.encoder.encoder.layer.5                                   |               444864 |                        0 |                        0 |       0 |
| model._orig_mod.encoder.encoder.layer.5.attention                         |               148224 |                        0 |                        0 |       0 |
| model._orig_mod.encoder.encoder.layer.5.attention.attention               |               111168 |                        0 |                        0 |       0 |
| model._orig_mod.encoder.encoder.layer.5.attention.attention.query         |                37056 |                        0 |                        0 |       0 |
| model._orig_mod.encoder.encoder.layer.5.attention.attention.key           |                37056 |                        0 |                        0 |       0 |
| model._orig_mod.encoder.encoder.layer.5.attention.attention.value         |                37056 |                        0 |                        0 |       0 |
| model._orig_mod.encoder.encoder.layer.5.attention.output                  |                37056 |                        0 |                        0 |       0 |
| model._orig_mod.encoder.encoder.layer.5.attention.output.dense            |                37056 |                        0 |                        0 |       0 |
| model._orig_mod.encoder.encoder.layer.5.attention.output.dropout          |                    0 |                        0 |                        0 |       0 |
| model._orig_mod.encoder.encoder.layer.5.intermediate                      |               148224 |                        0 |                        0 |       0 |
| model._orig_mod.encoder.encoder.layer.5.intermediate.dense                |               148224 |                        0 |                        0 |       0 |
| model._orig_mod.encoder.encoder.layer.5.intermediate.intermediate_act_fn  |                    0 |                        0 |                        0 |       0 |
| model._orig_mod.encoder.encoder.layer.5.output                            |               147648 |                        0 |                        0 |       0 |
| model._orig_mod.encoder.encoder.layer.5.output.dense                      |               147648 |                        0 |                        0 |       0 |
| model._orig_mod.encoder.encoder.layer.5.output.dropout                    |                    0 |                        0 |                        0 |       0 |
| model._orig_mod.encoder.encoder.layer.5.layernorm_before                  |                  384 |                        0 |                        0 |       0 |
| model._orig_mod.encoder.encoder.layer.5.layernorm_after                   |                  384 |                        0 |                        0 |       0 |
| model._orig_mod.encoder.encoder.layer.6                                   |               444864 |                        0 |                        0 |       0 |
| model._orig_mod.encoder.encoder.layer.6.attention                         |               148224 |                        0 |                        0 |       0 |
| model._orig_mod.encoder.encoder.layer.6.attention.attention               |               111168 |                        0 |                        0 |       0 |
| model._orig_mod.encoder.encoder.layer.6.attention.attention.query         |                37056 |                        0 |                        0 |       0 |
| model._orig_mod.encoder.encoder.layer.6.attention.attention.key           |                37056 |                        0 |                        0 |       0 |
| model._orig_mod.encoder.encoder.layer.6.attention.attention.value         |                37056 |                        0 |                        0 |       0 |
| model._orig_mod.encoder.encoder.layer.6.attention.output                  |                37056 |                        0 |                        0 |       0 |
| model._orig_mod.encoder.encoder.layer.6.attention.output.dense            |                37056 |                        0 |                        0 |       0 |
| model._orig_mod.encoder.encoder.layer.6.attention.output.dropout          |                    0 |                        0 |                        0 |       0 |
| model._orig_mod.encoder.encoder.layer.6.intermediate                      |               148224 |                        0 |                        0 |       0 |
| model._orig_mod.encoder.encoder.layer.6.intermediate.dense                |               148224 |                        0 |                        0 |       0 |
| model._orig_mod.encoder.encoder.layer.6.intermediate.intermediate_act_fn  |                    0 |                        0 |                        0 |       0 |
| model._orig_mod.encoder.encoder.layer.6.output                            |               147648 |                        0 |                        0 |       0 |
| model._orig_mod.encoder.encoder.layer.6.output.dense                      |               147648 |                        0 |                        0 |       0 |
| model._orig_mod.encoder.encoder.layer.6.output.dropout                    |                    0 |                        0 |                        0 |       0 |
| model._orig_mod.encoder.encoder.layer.6.layernorm_before                  |                  384 |                        0 |                        0 |       0 |
| model._orig_mod.encoder.encoder.layer.6.layernorm_after                   |                  384 |                        0 |                        0 |       0 |
| model._orig_mod.encoder.encoder.layer.7                                   |               444864 |                        0 |                        0 |       0 |
| model._orig_mod.encoder.encoder.layer.7.attention                         |               148224 |                        0 |                        0 |       0 |
| model._orig_mod.encoder.encoder.layer.7.attention.attention               |               111168 |                        0 |                        0 |       0 |
| model._orig_mod.encoder.encoder.layer.7.attention.attention.query         |                37056 |                        0 |                        0 |       0 |
| model._orig_mod.encoder.encoder.layer.7.attention.attention.key           |                37056 |                        0 |                        0 |       0 |
| model._orig_mod.encoder.encoder.layer.7.attention.attention.value         |                37056 |                        0 |                        0 |       0 |
| model._orig_mod.encoder.encoder.layer.7.attention.output                  |                37056 |                        0 |                        0 |       0 |
| model._orig_mod.encoder.encoder.layer.7.attention.output.dense            |                37056 |                        0 |                        0 |       0 |
| model._orig_mod.encoder.encoder.layer.7.attention.output.dropout          |                    0 |                        0 |                        0 |       0 |
| model._orig_mod.encoder.encoder.layer.7.intermediate                      |               148224 |                        0 |                        0 |       0 |
| model._orig_mod.encoder.encoder.layer.7.intermediate.dense                |               148224 |                        0 |                        0 |       0 |
| model._orig_mod.encoder.encoder.layer.7.intermediate.intermediate_act_fn  |                    0 |                        0 |                        0 |       0 |
| model._orig_mod.encoder.encoder.layer.7.output                            |               147648 |                        0 |                        0 |       0 |
| model._orig_mod.encoder.encoder.layer.7.output.dense                      |               147648 |                        0 |                        0 |       0 |
| model._orig_mod.encoder.encoder.layer.7.output.dropout                    |                    0 |                        0 |                        0 |       0 |
| model._orig_mod.encoder.encoder.layer.7.layernorm_before                  |                  384 |                        0 |                        0 |       0 |
| model._orig_mod.encoder.encoder.layer.7.layernorm_after                   |                  384 |                        0 |                        0 |       0 |
| model._orig_mod.encoder.encoder.layer.8                                   |               444864 |                        0 |                        0 |       0 |
| model._orig_mod.encoder.encoder.layer.8.attention                         |               148224 |                        0 |                        0 |       0 |
| model._orig_mod.encoder.encoder.layer.8.attention.attention               |               111168 |                        0 |                        0 |       0 |
| model._orig_mod.encoder.encoder.layer.8.attention.attention.query         |                37056 |                        0 |                        0 |       0 |
| model._orig_mod.encoder.encoder.layer.8.attention.attention.key           |                37056 |                        0 |                        0 |       0 |
| model._orig_mod.encoder.encoder.layer.8.attention.attention.value         |                37056 |                        0 |                        0 |       0 |
| model._orig_mod.encoder.encoder.layer.8.attention.output                  |                37056 |                        0 |                        0 |       0 |
| model._orig_mod.encoder.encoder.layer.8.attention.output.dense            |                37056 |                        0 |                        0 |       0 |
| model._orig_mod.encoder.encoder.layer.8.attention.output.dropout          |                    0 |                        0 |                        0 |       0 |
| model._orig_mod.encoder.encoder.layer.8.intermediate                      |               148224 |                        0 |                        0 |       0 |
| model._orig_mod.encoder.encoder.layer.8.intermediate.dense                |               148224 |                        0 |                        0 |       0 |
| model._orig_mod.encoder.encoder.layer.8.intermediate.intermediate_act_fn  |                    0 |                        0 |                        0 |       0 |
| model._orig_mod.encoder.encoder.layer.8.output                            |               147648 |                        0 |                        0 |       0 |
| model._orig_mod.encoder.encoder.layer.8.output.dense                      |               147648 |                        0 |                        0 |       0 |
| model._orig_mod.encoder.encoder.layer.8.output.dropout                    |                    0 |                        0 |                        0 |       0 |
| model._orig_mod.encoder.encoder.layer.8.layernorm_before                  |                  384 |                        0 |                        0 |       0 |
| model._orig_mod.encoder.encoder.layer.8.layernorm_after                   |                  384 |                        0 |                        0 |       0 |
| model._orig_mod.encoder.encoder.layer.9                                   |               444864 |                        0 |                        0 |       0 |
| model._orig_mod.encoder.encoder.layer.9.attention                         |               148224 |                        0 |                        0 |       0 |
| model._orig_mod.encoder.encoder.layer.9.attention.attention               |               111168 |                        0 |                        0 |       0 |
| model._orig_mod.encoder.encoder.layer.9.attention.attention.query         |                37056 |                        0 |                        0 |       0 |
| model._orig_mod.encoder.encoder.layer.9.attention.attention.key           |                37056 |                        0 |                        0 |       0 |
| model._orig_mod.encoder.encoder.layer.9.attention.attention.value         |                37056 |                        0 |                        0 |       0 |
| model._orig_mod.encoder.encoder.layer.9.attention.output                  |                37056 |                        0 |                        0 |       0 |
| model._orig_mod.encoder.encoder.layer.9.attention.output.dense            |                37056 |                        0 |                        0 |       0 |
| model._orig_mod.encoder.encoder.layer.9.attention.output.dropout          |                    0 |                        0 |                        0 |       0 |
| model._orig_mod.encoder.encoder.layer.9.intermediate                      |               148224 |                        0 |                        0 |       0 |
| model._orig_mod.encoder.encoder.layer.9.intermediate.dense                |               148224 |                        0 |                        0 |       0 |
| model._orig_mod.encoder.encoder.layer.9.intermediate.intermediate_act_fn  |                    0 |                        0 |                        0 |       0 |
| model._orig_mod.encoder.encoder.layer.9.output                            |               147648 |                        0 |                        0 |       0 |
| model._orig_mod.encoder.encoder.layer.9.output.dense                      |               147648 |                        0 |                        0 |       0 |
| model._orig_mod.encoder.encoder.layer.9.output.dropout                    |                    0 |                        0 |                        0 |       0 |
| model._orig_mod.encoder.encoder.layer.9.layernorm_before                  |                  384 |                        0 |                        0 |       0 |
| model._orig_mod.encoder.encoder.layer.9.layernorm_after                   |                  384 |                        0 |                        0 |       0 |
| model._orig_mod.encoder.encoder.layer.10                                  |               444864 |                        0 |                        0 |       0 |
| model._orig_mod.encoder.encoder.layer.10.attention                        |               148224 |                        0 |                        0 |       0 |
| model._orig_mod.encoder.encoder.layer.10.attention.attention              |               111168 |                        0 |                        0 |       0 |
| model._orig_mod.encoder.encoder.layer.10.attention.attention.query        |                37056 |                        0 |                        0 |       0 |
| model._orig_mod.encoder.encoder.layer.10.attention.attention.key          |                37056 |                        0 |                        0 |       0 |
| model._orig_mod.encoder.encoder.layer.10.attention.attention.value        |                37056 |                        0 |                        0 |       0 |
| model._orig_mod.encoder.encoder.layer.10.attention.output                 |                37056 |                        0 |                        0 |       0 |
| model._orig_mod.encoder.encoder.layer.10.attention.output.dense           |                37056 |                        0 |                        0 |       0 |
| model._orig_mod.encoder.encoder.layer.10.attention.output.dropout         |                    0 |                        0 |                        0 |       0 |
| model._orig_mod.encoder.encoder.layer.10.intermediate                     |               148224 |                        0 |                        0 |       0 |
| model._orig_mod.encoder.encoder.layer.10.intermediate.dense               |               148224 |                        0 |                        0 |       0 |
| model._orig_mod.encoder.encoder.layer.10.intermediate.intermediate_act_fn |                    0 |                        0 |                        0 |       0 |
| model._orig_mod.encoder.encoder.layer.10.output                           |               147648 |                        0 |                        0 |       0 |
| model._orig_mod.encoder.encoder.layer.10.output.dense                     |               147648 |                        0 |                        0 |       0 |
| model._orig_mod.encoder.encoder.layer.10.output.dropout                   |                    0 |                        0 |                        0 |       0 |
| model._orig_mod.encoder.encoder.layer.10.layernorm_before                 |                  384 |                        0 |                        0 |       0 |
| model._orig_mod.encoder.encoder.layer.10.layernorm_after                  |                  384 |                        0 |                        0 |       0 |
| model._orig_mod.encoder.encoder.layer.11                                  |               444864 |                        0 |                        0 |       0 |
| model._orig_mod.encoder.encoder.layer.11.attention                        |               148224 |                        0 |                        0 |       0 |
| model._orig_mod.encoder.encoder.layer.11.attention.attention              |               111168 |                        0 |                        0 |       0 |
| model._orig_mod.encoder.encoder.layer.11.attention.attention.query        |                37056 |                        0 |                        0 |       0 |
| model._orig_mod.encoder.encoder.layer.11.attention.attention.key          |                37056 |                        0 |                        0 |       0 |
| model._orig_mod.encoder.encoder.layer.11.attention.attention.value        |                37056 |                        0 |                        0 |       0 |
| model._orig_mod.encoder.encoder.layer.11.attention.output                 |                37056 |                        0 |                        0 |       0 |
| model._orig_mod.encoder.encoder.layer.11.attention.output.dense           |                37056 |                        0 |                        0 |       0 |
| model._orig_mod.encoder.encoder.layer.11.attention.output.dropout         |                    0 |                        0 |                        0 |       0 |
| model._orig_mod.encoder.encoder.layer.11.intermediate                     |               148224 |                        0 |                        0 |       0 |
| model._orig_mod.encoder.encoder.layer.11.intermediate.dense               |               148224 |                        0 |                        0 |       0 |
| model._orig_mod.encoder.encoder.layer.11.intermediate.intermediate_act_fn |                    0 |                        0 |                        0 |       0 |
| model._orig_mod.encoder.encoder.layer.11.output                           |               147648 |                        0 |                        0 |       0 |
| model._orig_mod.encoder.encoder.layer.11.output.dense                     |               147648 |                        0 |                        0 |       0 |
| model._orig_mod.encoder.encoder.layer.11.output.dropout                   |                    0 |                        0 |                        0 |       0 |
| model._orig_mod.encoder.encoder.layer.11.layernorm_before                 |                  384 |                        0 |                        0 |       0 |
| model._orig_mod.encoder.encoder.layer.11.layernorm_after                  |                  384 |                        0 |                        0 |       0 |
| model._orig_mod.encoder.layernorm                                         |                  384 |                        0 |                        0 |       0 |
| model._orig_mod.predictor                                                 |             10791360 |                        0 |                        0 |       0 |
| model._orig_mod.predictor.dropout                                         |                    0 |                        0 |                        0 |       0 |
| model._orig_mod.predictor.transformer                                     |             10790784 |                        0 |                        0 |       0 |
| model._orig_mod.predictor.transformer.norm                                |                  384 |                        0 |                        0 |       0 |
| model._orig_mod.predictor.transformer.layers                              |             10790400 |                        0 |                        0 |       0 |
| model._orig_mod.predictor.transformer.layers.0                            |              1798400 |                        0 |                        0 |       0 |
| model._orig_mod.predictor.transformer.layers.0.attn                       |               787008 |                        0 |                        0 |       0 |
| model._orig_mod.predictor.transformer.layers.0.attn.norm                  |                  384 |                        0 |                        0 |       0 |
| model._orig_mod.predictor.transformer.layers.0.attn.attend                |                    0 |                        0 |                        0 |       0 |
| model._orig_mod.predictor.transformer.layers.0.attn.to_qkv                |               589824 |                        0 |                        0 |       0 |
| model._orig_mod.predictor.transformer.layers.0.attn.to_out                |               196800 |                        0 |                        0 |       0 |
| model._orig_mod.predictor.transformer.layers.0.attn.to_out.0              |               196800 |                        0 |                        0 |       0 |
| model._orig_mod.predictor.transformer.layers.0.attn.to_out.1              |                    0 |                        0 |                        0 |       0 |
| model._orig_mod.predictor.transformer.layers.0.mlp                        |               789056 |                        0 |                        0 |       0 |
| model._orig_mod.predictor.transformer.layers.0.mlp.net                    |               789056 |                        0 |                        0 |       0 |
| model._orig_mod.predictor.transformer.layers.0.mlp.net.0                  |                  384 |                        0 |                        0 |       0 |
| model._orig_mod.predictor.transformer.layers.0.mlp.net.1                  |               395264 |                        0 |                        0 |       0 |
| model._orig_mod.predictor.transformer.layers.0.mlp.net.2                  |                    0 |                        0 |                        0 |       0 |
| model._orig_mod.predictor.transformer.layers.0.mlp.net.3                  |                    0 |                        0 |                        0 |       0 |
| model._orig_mod.predictor.transformer.layers.0.mlp.net.4                  |               393408 |                        0 |                        0 |       0 |
| model._orig_mod.predictor.transformer.layers.0.mlp.net.5                  |                    0 |                        0 |                        0 |       0 |
| model._orig_mod.predictor.transformer.layers.0.norm1                      |                    0 |                        0 |                        0 |       0 |
| model._orig_mod.predictor.transformer.layers.0.norm2                      |                    0 |                        0 |                        0 |       0 |
| model._orig_mod.predictor.transformer.layers.0.adaLN_modulation           |               222336 |                        0 |                        0 |       0 |
| model._orig_mod.predictor.transformer.layers.0.adaLN_modulation.0         |                    0 |                        0 |                        0 |       0 |
| model._orig_mod.predictor.transformer.layers.0.adaLN_modulation.1         |               222336 |                        0 |                        0 |       0 |
| model._orig_mod.predictor.transformer.layers.1                            |              1798400 |                        0 |                        0 |       0 |
| model._orig_mod.predictor.transformer.layers.1.attn                       |               787008 |                        0 |                        0 |       0 |
| model._orig_mod.predictor.transformer.layers.1.attn.norm                  |                  384 |                        0 |                        0 |       0 |
| model._orig_mod.predictor.transformer.layers.1.attn.attend                |                    0 |                        0 |                        0 |       0 |
| model._orig_mod.predictor.transformer.layers.1.attn.to_qkv                |               589824 |                        0 |                        0 |       0 |
| model._orig_mod.predictor.transformer.layers.1.attn.to_out                |               196800 |                        0 |                        0 |       0 |
| model._orig_mod.predictor.transformer.layers.1.attn.to_out.0              |               196800 |                        0 |                        0 |       0 |
| model._orig_mod.predictor.transformer.layers.1.attn.to_out.1              |                    0 |                        0 |                        0 |       0 |
| model._orig_mod.predictor.transformer.layers.1.mlp                        |               789056 |                        0 |                        0 |       0 |
| model._orig_mod.predictor.transformer.layers.1.mlp.net                    |               789056 |                        0 |                        0 |       0 |
| model._orig_mod.predictor.transformer.layers.1.mlp.net.0                  |                  384 |                        0 |                        0 |       0 |
| model._orig_mod.predictor.transformer.layers.1.mlp.net.1                  |               395264 |                        0 |                        0 |       0 |
| model._orig_mod.predictor.transformer.layers.1.mlp.net.2                  |                    0 |                        0 |                        0 |       0 |
| model._orig_mod.predictor.transformer.layers.1.mlp.net.3                  |                    0 |                        0 |                        0 |       0 |
| model._orig_mod.predictor.transformer.layers.1.mlp.net.4                  |               393408 |                        0 |                        0 |       0 |
| model._orig_mod.predictor.transformer.layers.1.mlp.net.5                  |                    0 |                        0 |                        0 |       0 |
| model._orig_mod.predictor.transformer.layers.1.norm1                      |                    0 |                        0 |                        0 |       0 |
| model._orig_mod.predictor.transformer.layers.1.norm2                      |                    0 |                        0 |                        0 |       0 |
| model._orig_mod.predictor.transformer.layers.1.adaLN_modulation           |               222336 |                        0 |                        0 |       0 |
| model._orig_mod.predictor.transformer.layers.1.adaLN_modulation.0         |                    0 |                        0 |                        0 |       0 |
| model._orig_mod.predictor.transformer.layers.1.adaLN_modulation.1         |               222336 |                        0 |                        0 |       0 |
| model._orig_mod.predictor.transformer.layers.2                            |              1798400 |                        0 |                        0 |       0 |
| model._orig_mod.predictor.transformer.layers.2.attn                       |               787008 |                        0 |                        0 |       0 |
| model._orig_mod.predictor.transformer.layers.2.attn.norm                  |                  384 |                        0 |                        0 |       0 |
| model._orig_mod.predictor.transformer.layers.2.attn.attend                |                    0 |                        0 |                        0 |       0 |
| model._orig_mod.predictor.transformer.layers.2.attn.to_qkv                |               589824 |                        0 |                        0 |       0 |
| model._orig_mod.predictor.transformer.layers.2.attn.to_out                |               196800 |                        0 |                        0 |       0 |
| model._orig_mod.predictor.transformer.layers.2.attn.to_out.0              |               196800 |                        0 |                        0 |       0 |
| model._orig_mod.predictor.transformer.layers.2.attn.to_out.1              |                    0 |                        0 |                        0 |       0 |
| model._orig_mod.predictor.transformer.layers.2.mlp                        |               789056 |                        0 |                        0 |       0 |
| model._orig_mod.predictor.transformer.layers.2.mlp.net                    |               789056 |                        0 |                        0 |       0 |
| model._orig_mod.predictor.transformer.layers.2.mlp.net.0                  |                  384 |                        0 |                        0 |       0 |
| model._orig_mod.predictor.transformer.layers.2.mlp.net.1                  |               395264 |                        0 |                        0 |       0 |
| model._orig_mod.predictor.transformer.layers.2.mlp.net.2                  |                    0 |                        0 |                        0 |       0 |
| model._orig_mod.predictor.transformer.layers.2.mlp.net.3                  |                    0 |                        0 |                        0 |       0 |
| model._orig_mod.predictor.transformer.layers.2.mlp.net.4                  |               393408 |                        0 |                        0 |       0 |
| model._orig_mod.predictor.transformer.layers.2.mlp.net.5                  |                    0 |                        0 |                        0 |       0 |
| model._orig_mod.predictor.transformer.layers.2.norm1                      |                    0 |                        0 |                        0 |       0 |
| model._orig_mod.predictor.transformer.layers.2.norm2                      |                    0 |                        0 |                        0 |       0 |
| model._orig_mod.predictor.transformer.layers.2.adaLN_modulation           |               222336 |                        0 |                        0 |       0 |
| model._orig_mod.predictor.transformer.layers.2.adaLN_modulation.0         |                    0 |                        0 |                        0 |       0 |
| model._orig_mod.predictor.transformer.layers.2.adaLN_modulation.1         |               222336 |                        0 |                        0 |       0 |
| model._orig_mod.predictor.transformer.layers.3                            |              1798400 |                        0 |                        0 |       0 |
| model._orig_mod.predictor.transformer.layers.3.attn                       |               787008 |                        0 |                        0 |       0 |
| model._orig_mod.predictor.transformer.layers.3.attn.norm                  |                  384 |                        0 |                        0 |       0 |
| model._orig_mod.predictor.transformer.layers.3.attn.attend                |                    0 |                        0 |                        0 |       0 |
| model._orig_mod.predictor.transformer.layers.3.attn.to_qkv                |               589824 |                        0 |                        0 |       0 |
| model._orig_mod.predictor.transformer.layers.3.attn.to_out                |               196800 |                        0 |                        0 |       0 |
| model._orig_mod.predictor.transformer.layers.3.attn.to_out.0              |               196800 |                        0 |                        0 |       0 |
| model._orig_mod.predictor.transformer.layers.3.attn.to_out.1              |                    0 |                        0 |                        0 |       0 |
| model._orig_mod.predictor.transformer.layers.3.mlp                        |               789056 |                        0 |                        0 |       0 |
| model._orig_mod.predictor.transformer.layers.3.mlp.net                    |               789056 |                        0 |                        0 |       0 |
| model._orig_mod.predictor.transformer.layers.3.mlp.net.0                  |                  384 |                        0 |                        0 |       0 |
| model._orig_mod.predictor.transformer.layers.3.mlp.net.1                  |               395264 |                        0 |                        0 |       0 |
| model._orig_mod.predictor.transformer.layers.3.mlp.net.2                  |                    0 |                        0 |                        0 |       0 |
| model._orig_mod.predictor.transformer.layers.3.mlp.net.3                  |                    0 |                        0 |                        0 |       0 |
| model._orig_mod.predictor.transformer.layers.3.mlp.net.4                  |               393408 |                        0 |                        0 |       0 |
| model._orig_mod.predictor.transformer.layers.3.mlp.net.5                  |                    0 |                        0 |                        0 |       0 |
| model._orig_mod.predictor.transformer.layers.3.norm1                      |                    0 |                        0 |                        0 |       0 |
| model._orig_mod.predictor.transformer.layers.3.norm2                      |                    0 |                        0 |                        0 |       0 |
| model._orig_mod.predictor.transformer.layers.3.adaLN_modulation           |               222336 |                        0 |                        0 |       0 |
| model._orig_mod.predictor.transformer.layers.3.adaLN_modulation.0         |                    0 |                        0 |                        0 |       0 |
| model._orig_mod.predictor.transformer.layers.3.adaLN_modulation.1         |               222336 |                        0 |                        0 |       0 |
| model._orig_mod.predictor.transformer.layers.4                            |              1798400 |                        0 |                        0 |       0 |
| model._orig_mod.predictor.transformer.layers.4.attn                       |               787008 |                        0 |                        0 |       0 |
| model._orig_mod.predictor.transformer.layers.4.attn.norm                  |                  384 |                        0 |                        0 |       0 |
| model._orig_mod.predictor.transformer.layers.4.attn.attend                |                    0 |                        0 |                        0 |       0 |
| model._orig_mod.predictor.transformer.layers.4.attn.to_qkv                |               589824 |                        0 |                        0 |       0 |
| model._orig_mod.predictor.transformer.layers.4.attn.to_out                |               196800 |                        0 |                        0 |       0 |
| model._orig_mod.predictor.transformer.layers.4.attn.to_out.0              |               196800 |                        0 |                        0 |       0 |
| model._orig_mod.predictor.transformer.layers.4.attn.to_out.1              |                    0 |                        0 |                        0 |       0 |
| model._orig_mod.predictor.transformer.layers.4.mlp                        |               789056 |                        0 |                        0 |       0 |
| model._orig_mod.predictor.transformer.layers.4.mlp.net                    |               789056 |                        0 |                        0 |       0 |
| model._orig_mod.predictor.transformer.layers.4.mlp.net.0                  |                  384 |                        0 |                        0 |       0 |
| model._orig_mod.predictor.transformer.layers.4.mlp.net.1                  |               395264 |                        0 |                        0 |       0 |
| model._orig_mod.predictor.transformer.layers.4.mlp.net.2                  |                    0 |                        0 |                        0 |       0 |
| model._orig_mod.predictor.transformer.layers.4.mlp.net.3                  |                    0 |                        0 |                        0 |       0 |
| model._orig_mod.predictor.transformer.layers.4.mlp.net.4                  |               393408 |                        0 |                        0 |       0 |
| model._orig_mod.predictor.transformer.layers.4.mlp.net.5                  |                    0 |                        0 |                        0 |       0 |
| model._orig_mod.predictor.transformer.layers.4.norm1                      |                    0 |                        0 |                        0 |       0 |
| model._orig_mod.predictor.transformer.layers.4.norm2                      |                    0 |                        0 |                        0 |       0 |
| model._orig_mod.predictor.transformer.layers.4.adaLN_modulation           |               222336 |                        0 |                        0 |       0 |
| model._orig_mod.predictor.transformer.layers.4.adaLN_modulation.0         |                    0 |                        0 |                        0 |       0 |
| model._orig_mod.predictor.transformer.layers.4.adaLN_modulation.1         |               222336 |                        0 |                        0 |       0 |
| model._orig_mod.predictor.transformer.layers.5                            |              1798400 |                        0 |                        0 |       0 |
| model._orig_mod.predictor.transformer.layers.5.attn                       |               787008 |                        0 |                        0 |       0 |
| model._orig_mod.predictor.transformer.layers.5.attn.norm                  |                  384 |                        0 |                        0 |       0 |
| model._orig_mod.predictor.transformer.layers.5.attn.attend                |                    0 |                        0 |                        0 |       0 |
| model._orig_mod.predictor.transformer.layers.5.attn.to_qkv                |               589824 |                        0 |                        0 |       0 |
| model._orig_mod.predictor.transformer.layers.5.attn.to_out                |               196800 |                        0 |                        0 |       0 |
| model._orig_mod.predictor.transformer.layers.5.attn.to_out.0              |               196800 |                        0 |                        0 |       0 |
| model._orig_mod.predictor.transformer.layers.5.attn.to_out.1              |                    0 |                        0 |                        0 |       0 |
| model._orig_mod.predictor.transformer.layers.5.mlp                        |               789056 |                        0 |                        0 |       0 |
| model._orig_mod.predictor.transformer.layers.5.mlp.net                    |               789056 |                        0 |                        0 |       0 |
| model._orig_mod.predictor.transformer.layers.5.mlp.net.0                  |                  384 |                        0 |                        0 |       0 |
| model._orig_mod.predictor.transformer.layers.5.mlp.net.1                  |               395264 |                        0 |                        0 |       0 |
| model._orig_mod.predictor.transformer.layers.5.mlp.net.2                  |                    0 |                        0 |                        0 |       0 |
| model._orig_mod.predictor.transformer.layers.5.mlp.net.3                  |                    0 |                        0 |                        0 |       0 |
| model._orig_mod.predictor.transformer.layers.5.mlp.net.4                  |               393408 |                        0 |                        0 |       0 |
| model._orig_mod.predictor.transformer.layers.5.mlp.net.5                  |                    0 |                        0 |                        0 |       0 |
| model._orig_mod.predictor.transformer.layers.5.norm1                      |                    0 |                        0 |                        0 |       0 |
| model._orig_mod.predictor.transformer.layers.5.norm2                      |                    0 |                        0 |                        0 |       0 |
| model._orig_mod.predictor.transformer.layers.5.adaLN_modulation           |               222336 |                        0 |                        0 |       0 |
| model._orig_mod.predictor.transformer.layers.5.adaLN_modulation.0         |                    0 |                        0 |                        0 |       0 |
| model._orig_mod.predictor.transformer.layers.5.adaLN_modulation.1         |               222336 |                        0 |                        0 |       0 |
| model._orig_mod.predictor.transformer.input_proj                          |                    0 |                        0 |                        0 |       0 |
| model._orig_mod.predictor.transformer.cond_proj                           |                    0 |                        0 |                        0 |       0 |
| model._orig_mod.predictor.transformer.output_proj                         |                    0 |                        0 |                        0 |       0 |
| model._orig_mod.action_encoder                                            |               746798 |                        0 |                        0 |       0 |
| model._orig_mod.action_encoder.patch_embed                                |                  110 |                        0 |                        0 |       0 |
| model._orig_mod.action_encoder.embed                                      |               746688 |                        0 |                        0 |       0 |
| model._orig_mod.action_encoder.embed.0                                    |                 8448 |                        0 |                        0 |       0 |
| model._orig_mod.action_encoder.embed.1                                    |                    0 |                        0 |                        0 |       0 |
| model._orig_mod.action_encoder.embed.2                                    |               590592 |                        0 |                        0 |       0 |
| model._orig_mod.action_encoder.embed.3                                    |                    0 |                        0 |                        0 |       0 |
| model._orig_mod.action_encoder.embed.4                                    |               147648 |                        0 |                        0 |       0 |
| model._orig_mod.projector                                                 |               792768 |                        0 |                        0 |    4097 |
| model._orig_mod.projector.net                                             |               792768 |                        0 |                        0 |    4097 |
| model._orig_mod.projector.net.0                                           |               395264 |                        0 |                        0 |       0 |
| model._orig_mod.projector.net.1                                           |                 4096 |                        0 |                        0 |    4097 |
| model._orig_mod.projector.net.2                                           |                    0 |                        0 |                        0 |       0 |
| model._orig_mod.projector.net.3                                           |               393408 |                        0 |                        0 |       0 |
| model._orig_mod.pred_proj                                                 |               792768 |                        0 |                        0 |    4097 |
| model._orig_mod.pred_proj.net                                             |               792768 |                        0 |                        0 |    4097 |
| model._orig_mod.pred_proj.net.0                                           |               395264 |                        0 |                        0 |       0 |
| model._orig_mod.pred_proj.net.1                                           |                 4096 |                        0 |                        0 |    4097 |
| model._orig_mod.pred_proj.net.2                                           |                    0 |                        0 |                        0 |       0 |
| model._orig_mod.pred_proj.net.3                                           |               393408 |                        0 |                        0 |       0 |
| rdmreg                                                                    |                    0 |                        0 |                        0 |       0 |
+---------------------------------------------------------------------------+----------------------+--------------------------+--------------------------+---------+
02:44:23.468 | INFO    (572353, stable_pretraining.callbacks.trainer_info) | ---- SLURM INFO ---- 🔧
02:44:23.468 | INFO    (572353, stable_pretraining.callbacks.trainer_info) | Job ID: N/A
02:44:23.468 | INFO    (572353, stable_pretraining.callbacks.trainer_info) | Task ID: N/A
02:44:23.468 | INFO    (572353, stable_pretraining.callbacks.trainer_info) | Job Name: N/A
02:44:23.468 | INFO    (572353, stable_pretraining.callbacks.trainer_info) | Nodes: N/A
02:44:23.468 | INFO    (572353, stable_pretraining.callbacks.trainer_info) | Tasks: N/A
02:44:23.468 | INFO    (572353, stable_pretraining.callbacks.trainer_info) | CPUs per node: N/A
02:44:23.468 | INFO    (572353, stable_pretraining.callbacks.trainer_info) | CPUs per task: N/A
02:44:23.468 | INFO    (572353, stable_pretraining.callbacks.trainer_info) | Memory per node: N/A
02:44:23.468 | INFO    (572353, stable_pretraining.callbacks.trainer_info) | Memory per CPU: N/A
02:44:23.468 | INFO    (572353, stable_pretraining.callbacks.trainer_info) | Time limit: N/A
02:44:23.468 | INFO    (572353, stable_pretraining.callbacks.trainer_info) | Partition: N/A
02:44:23.468 | INFO    (572353, stable_pretraining.callbacks.trainer_info) | Node List: N/A
02:44:23.468 | INFO    (572353, stable_pretraining.callbacks.trainer_info) | Submit Directory: N/A
02:44:23.469 | INFO    (572353, stable_pretraining.callbacks.cpu_offload) | CPUOffloadCallback: Setup called for stage 'TrainerFn.FITTING'
02:44:23.469 | INFO    (572353, stable_pretraining.callbacks.cpu_offload) |   - Trainer rank: 0/1
02:44:23.469 | INFO    (572353, stable_pretraining.callbacks.cpu_offload) |   - Strategy: SingleDeviceStrategy
02:44:23.469 | SUCCESS (572353, stable_pretraining.callbacks.cpu_offload) | ✓ Strategy 'SingleDeviceStrategy' is compatible with CPU offload
02:44:23.469 | SUCCESS (572353, stable_pretraining.callbacks.cpu_offload) | ✓ CPUOffloadCallback ENABLED for strategy 'SingleDeviceStrategy'
02:44:23.469 | INFO    (572353, stable_pretraining.callbacks.cpu_offload) |   - This rank will handle checkpoint saving and CPU offload
02:44:23.469 | WARNING (572353, stable_pretraining.callbacks.env_info) |      ⚠️  pip freeze failed: Command '['/home/aarav/wms/le-wm/le-wm/bin/python', '-m', 'pip', 'freeze']' returned non-zero exit status 1.
02:44:23.469 | SUCCESS (572353, stable_pretraining.callbacks.env_info) |   ✓ Packages: 0 packages collected in 0.02s
/home/aarav/wms/le-wm/le-wm/lib/python3.11/site-packages/lightning/pytorch/callbacks/model_checkpoint.py:881: Checkpoint directory /home/aarav/wms/le-wm/dataset exists and is not empty.
Restoring states from the checkpoint path at /home/aarav/wms/le-wm/dataset/lewm_lp_p1.0_weights.ckpt
02:44:23.506 | SUCCESS (572353, stable_pretraining.callbacks.env_info) |   ✓ NVIDIA Driver: 580.126.09
02:44:23.513 | SUCCESS (572353, stable_pretraining.callbacks.env_info) |   ✓ Git: main @ abdc04e2
02:44:23.513 | INFO    (572353, stable_pretraining.callbacks.env_info) |      Remote: https://github.com/Planning-for-WMs/le-wm.git
02:44:23.514 | WARNING (572353, stable_pretraining.callbacks.env_info) |      ⚠️  Working directory has uncommitted changes!
02:44:23.514 | SUCCESS (572353, stable_pretraining.callbacks.env_info) |   ✓ Environment: 2 relevant variables captured
02:44:23.514 | INFO    (572353, stable_pretraining.callbacks.env_info) | 🔄 Serializing environment data...
02:44:23.515 | INFO    (572353, stable_pretraining.callbacks.env_info) | 📋 File exists, using version 4: environment_v4.json
02:44:23.515 | INFO    (572353, stable_pretraining.callbacks.env_info) | 📋 File exists, using version 4: requirements_frozen_v4.txt
02:44:23.516 | INFO    (572353, stable_pretraining.callbacks.env_info) | 📁 Save directory: /home/aarav/wms/le-wm
02:44:23.516 | INFO    (572353, stable_pretraining.callbacks.env_info) | 💾 Writing environment to temp file...
02:44:23.517 | INFO    (572353, stable_pretraining.callbacks.env_info) | 💾 Moving to: environment_v4.json
02:44:23.518 | SUCCESS (572353, stable_pretraining.callbacks.env_info) | ✓ Environment file saved (2.1 KB)
02:44:23.518 | SUCCESS (572353, stable_pretraining.callbacks.env_info) | ✓ Requirements file saved (0.1 KB)
02:44:25.412 | INFO    (572353, stable_pretraining.callbacks.checkpoint_sklearn) | Checking for non PyTorch modules to load... 🔧
02:44:25.413 | INFO    (572353, stable_pretraining.callbacks.checkpoint_sklearn) | Checking for Wandb init params... 🔧
02:44:25.413 | INFO    (572353, stable_pretraining.callbacks.checkpoint_sklearn) | Wandb info in checkpoint!!! Restoring same run... 🔧
02:44:25.413 | INFO    (572353, stable_pretraining.callbacks.checkpoint_sklearn) | Trainer has a WandbLogger!
02:44:25.413 | INFO    (572353, stable_pretraining.callbacks.checkpoint_sklearn) | Deleting current run wms_at_iitb/le-wm/lewm_lp_tworoom_v2... 🔧
wandb: updating run metadata
wandb: uploading wandb-summary.json; uploading config.yaml; uploading wandb-metadata.json; uploading requirements.txt; uploading output.log
wandb: uploading wandb-summary.json; uploading config.yaml; uploading wandb-metadata.json; uploading requirements.txt
wandb: uploading summary, console lines 0-481
wandb: 🚀 View run lewm_lp_p1.0 at: https://wandb.ai/wms_at_iitb/le-wm/runs/lewm_lp_tworoom_v2
wandb: ⭐️ View project at: https://wandb.ai/wms_at_iitb/le-wm
wandb: Synced 5 W&B file(s), 0 media file(s), 0 artifact file(s) and 0 other file(s)
wandb: Find logs at: wandb/run-20260412_024421-lewm_lp_tworoom_v2/logs
wandb: setting up run 8587y5gu
wandb: Tracking run with wandb version 0.25.1
wandb: Run data is saved locally in wandb/run-20260412_024431-8587y5gu
wandb: Run `wandb offline` to turn off syncing.
wandb: Resuming run lewm_lp_p1.0
wandb: ⭐️ View project at https://wandb.ai/wms_at_iitb/le-wm
wandb: 🚀 View run at https://wandb.ai/wms_at_iitb/le-wm/runs/8587y5gu
02:44:33.150 | INFO    (572353, stable_pretraining.callbacks.checkpoint_sklearn) | New run wms_at_iitb/le-wm/8587y5gu... 🔧
02:44:33.150 | INFO    (572353, stable_pretraining.callbacks.cpu_offload) | CPUOffloadCallback: Loading state from checkpoint
02:44:33.150 | INFO    (572353, stable_pretraining.callbacks.cpu_offload) | Restored state:
02:44:33.150 | INFO    (572353, stable_pretraining.callbacks.cpu_offload) |   - Checkpoint count: 15
02:44:33.150 | INFO    (572353, stable_pretraining.callbacks.cpu_offload) |   - Total time saved: 1.50s
02:44:33.150 | INFO    (572353, stable_pretraining.callbacks.cpu_offload) |   - Total memory freed: 0.00 GB
02:44:33.150 | INFO    (572353, stable_pretraining.callbacks.cpu_offload) |   - Was enabled: True
/home/aarav/wms/le-wm/le-wm/lib/python3.11/site-packages/lightning/pytorch/callbacks/model_checkpoint.py:566: The dirpath has changed from '/home/aarav/wms/le-wm/dataset' to './le-wm/lewm_lp_tworoom_v2/checkpoints', therefore `best_model_score`, `kth_best_model_path`, `kth_value`, `last_model_path` and `best_k_models` won't be reloaded. Only `best_model_path` will be reloaded.
LOCAL_RANK: 0 - CUDA_VISIBLE_DEVICES: [0]
02:44:33.170 | INFO    (572353, stable_pretraining.module) | Configuring optimizers and learning rate schedulers...
02:44:33.170 | INFO    (572353, stable_pretraining.module) | 	Optimizer specified by Dict with keys ['model_opt']... 🔧
02:44:33.172 | INFO    (572353, stable_pretraining.module) | 
┏━━━━━━━━━━━━━┳━━━━━━━━━━━┳━━━━━━━━━━━━━━━━━━━┳━━━━━━━━━━━━━━━━━┳━━━━━━━━━━━━━━━━┳━━━━━━━━━━━━━━━━━━━━━━━━┓
┃ Optimizer   ┃ Pattern   ┃   Matched Modules ┃   Param Tensors ┃   Total Params ┃   RequiresGrad Tensors ┃
┣━━━━━━━━━━━━━╋━━━━━━━━━━━╋━━━━━━━━━━━━━━━━━━━╋━━━━━━━━━━━━━━━━━╋━━━━━━━━━━━━━━━━╋━━━━━━━━━━━━━━━━━━━━━━━━┫
┃ model_opt   ┃ model     ┃               368 ┃             299 ┃       18588206 ┃                    299 ┃
┗━━━━━━━━━━━━━┻━━━━━━━━━━━┻━━━━━━━━━━━━━━━━━━━┻━━━━━━━━━━━━━━━━━┻━━━━━━━━━━━━━━━━┻━━━━━━━━━━━━━━━━━━━━━━━━┛
02:44:33.172 | INFO    (572353, stable_pretraining.optim.lr_scheduler) | 	User provided a dict
Loading `train_dataloader` to estimate number of stepping batches.
/home/aarav/wms/le-wm/le-wm/lib/python3.11/site-packages/lightning/pytorch/utilities/_pytree.py:21: `isinstance(treespec, LeafSpec)` is deprecated, use `isinstance(treespec, TreeSpec) and treespec.is_leaf()` instead.
02:44:33.348 | INFO    (572353, stable_pretraining.module) | Configured optimizer 'model_opt' (modules=368, param_tensors=299, total_params=18588206) with LinearWarmupCosineAnnealingLR scheduler.
/home/aarav/wms/le-wm/le-wm/lib/python3.11/site-packages/lightning/pytorch/utilities/model_summary/model_summary.py:242: Precision bf16-mixed is not supported by the model summary.  Estimated model size in MB will not be accurate. Using 32 bits instead.
02:44:33.355 | WARNING (572353, stable_pretraining.module) | You are calling self.parameters which also gives callbacks parameters, to remove then, pass `with_callbacks=False`
02:44:33.356 | WARNING (572353, stable_pretraining.module) | You are calling self.parameters which also gives callbacks parameters, to remove then, pass `with_callbacks=False`
02:44:33.357 | WARNING (572353, stable_pretraining.module) | You are calling self.parameters which also gives callbacks parameters, to remove then, pass `with_callbacks=False`
02:44:33.358 | WARNING (572353, stable_pretraining.module) | You are calling self.parameters which also gives callbacks parameters, to remove then, pass `with_callbacks=False`
┏━━━┳━━━━━━━━━━━━━━━━━━━┳━━━━━━━━━━━━━━━━━┳━━━━━━━━┳━━━━━━━┳━━━━━━━┓
┃   ┃ Name              ┃ Type            ┃ Params ┃ Mode  ┃ FLOPs ┃
┡━━━╇━━━━━━━━━━━━━━━━━━━╇━━━━━━━━━━━━━━━━━╇━━━━━━━━╇━━━━━━━╇━━━━━━━┩
│ 0 │ callbacks_modules │ ModuleDict      │      0 │ train │     0 │
│ 1 │ callbacks_metrics │ ModuleDict      │      0 │ train │     0 │
│ 2 │ model             │ OptimizedModule │ 18.6 M │ train │     0 │
│ 3 │ rdmreg            │ RDMReg          │      0 │ train │     0 │
└───┴───────────────────┴─────────────────┴────────┴───────┴───────┘
Trainable params: 18.6 M                                                        
Non-trainable params: 0                                                         
Total params: 18.6 M                                                            
Total estimated model params size (MB): 74                                      
Modules in train mode: 371                                                      
Modules in eval mode: 0                                                         
Total FLOPs: 0                                                                  
Restored all states from the checkpoint at /home/aarav/wms/le-wm/dataset/lewm_lp_p1.0_weights.ckpt
02:44:33.425 | WARNING (572353, stable_pretraining.module) | You are calling self.parameters which also gives callbacks parameters, to remove then, pass `with_callbacks=False`
/home/aarav/wms/le-wm/le-wm/lib/python3.11/site-packages/lightning/pytorch/utilities/data.py:79: Trying to infer the `batch_size` from an ambiguous collection. The batch size we found is 512. To avoid any miscalculations, use `self.log(..., batch_size=batch_size)`.
02:44:49.693 | INFO    (572353, stable_pretraining.callbacks.trainer_info) | \n+----------------------------+---------------------+
|           Metric           |        Value        |
+----------------------------+---------------------+
|       [0;34;40mvalidate/loss[0m        |  [0;32;40m0.9543154239654541[0m |
|    [0;34;40mvalidate/loss_epoch[0m     |  [0;32;40m0.9543154239654541[0m |
|     [0;34;40mvalidate/pred_loss[0m     | [0;32;40m0.45439475774765015[0m |
|  [0;34;40mvalidate/pred_loss_epoch[0m  | [0;32;40m0.45439475774765015[0m |
|    [0;34;40mvalidate/rdmreg_loss[0m    | [0;32;40m0.49992063641548157[0m |
| [0;34;40mvalidate/rdmreg_loss_epoch[0m | [0;32;40m0.49992063641548157[0m |
+----------------------------+---------------------+
02:44:49.758 | INFO    (572353, stable_pretraining.callbacks.cpu_offload) | CPUOffloadCallback: Training started
02:44:49.760 | WARNING (572353, stable_pretraining.module) | You are calling self.parameters which also gives callbacks parameters, to remove then, pass `with_callbacks=False`
02:44:49.762 | WARNING (572353, stable_pretraining.module) | You are calling self.parameters which also gives callbacks parameters, to remove then, pass `with_callbacks=False`
02:44:49.764 | INFO    (572353, stable_pretraining.callbacks.cpu_offload) | Model statistics:
02:44:49.764 | INFO    (572353, stable_pretraining.callbacks.cpu_offload) |   - Total parameters: 18,588,206
02:44:49.765 | INFO    (572353, stable_pretraining.callbacks.cpu_offload) |   - Trainable parameters: 18,588,206
02:44:49.765 | INFO    (572353, stable_pretraining.callbacks.cpu_offload) |   - Model size (bf16): ~0.04 GB
02:44:49.765 | INFO    (572353, stable_pretraining.callbacks.cpu_offload) |   - Estimated checkpoint size (with optimizer): ~0.11 GB
02:44:49.765 | INFO    (572353, stable_pretraining.module) | Double checking optimizers!
02:44:49.766 | INFO    (572353, stable_pretraining.module) | `self.optimizers() gave us 1 optimizers
02:44:49.766 | WARNING (572353, stable_pretraining.module) | No clip val found for optimizer default_0
02:44:49.766 | WARNING (572353, stable_pretraining.module) | -> we will use the Trainer's value of 1.0
02:44:49.766 | WARNING (572353, stable_pretraining.module) | No clip algorithm found for optimizer default_0
02:44:49.766 | WARNING (572353, stable_pretraining.module) | -> we will use the Trainer's value of None
02:44:49.767 | SUCCESS (572353, stable_pretraining.module) | We are done checking your optimizers! Here is the summary:
+------------+-----------+----------------+-----------+-----------+
| Opt. Index | Opt. name |      opt       | clip val. | clip alg. |
+------------+-----------+----------------+-----------+-----------+
|     0      | default_0 | LightningAdamW |    1.0    |    None   |
+------------+-----------+----------------+-----------+-----------+
02:44:50.877 | WARNING (572353, stable_pretraining.module) | You are calling self.parameters which also gives callbacks parameters, to remove then, pass `with_callbacks=False`
02:44:50.882 | INFO    (572353, stable_pretraining.callbacks.unused_parameters) | [LogUnusedParametersOnce] All tracked parameters received gradients on the first backward pass.
02:44:50.883 | INFO    (572353, stable_pretraining.callbacks.unused_parameters) | [LogUnusedParametersOnce] Hooks removed, callback disabled.
03:07:44.320 | WARNING (572353, stable_pretraining.module) | You are calling self.parameters which also gives callbacks parameters, to remove then, pass `with_callbacks=False`
/home/aarav/wms/le-wm/le-wm/lib/python3.11/site-packages/lightning/pytorch/utilities/data.py:79: Trying to infer the `batch_size` from an ambiguous collection. The batch size we found is 376. To avoid any miscalculations, use `self.log(..., batch_size=batch_size)`.
03:10:18.190 | INFO    (572353, stable_pretraining.callbacks.trainer_info) | \n+----------------------------+----------------------+
|           Metric           |        Value         |
+----------------------------+----------------------+
|          [0;34;40mfit/loss[0m          | [0;32;40m0.01571524515748024[0m  |
|       [0;34;40mfit/pred_loss[0m        | [0;32;40m0.004090880509465933[0m |
|      [0;34;40mfit/rdmreg_loss[0m       | [0;32;40m0.01162436418235302[0m  |
|       [0;34;40mvalidate/loss[0m        |  [0;32;40m1.5146377086639404[0m  |
|    [0;34;40mvalidate/loss_epoch[0m     |  [0;32;40m1.5146377086639404[0m  |
|     [0;34;40mvalidate/pred_loss[0m     |  [0;32;40m0.7864513397216797[0m  |
|  [0;34;40mvalidate/pred_loss_epoch[0m  |  [0;32;40m0.7864513397216797[0m  |
|    [0;34;40mvalidate/rdmreg_loss[0m    |  [0;32;40m0.7281867265701294[0m  |
| [0;34;40mvalidate/rdmreg_loss_epoch[0m |  [0;32;40m0.7281867265701294[0m  |
+----------------------------+----------------------+
03:10:18.548 | INFO    (572353, stable_pretraining.callbacks.checkpoint_sklearn) | Checking for non PyTorch modules to save... 🔧
03:10:18.553 | INFO    (572353, stable_pretraining.callbacks.checkpoint_sklearn) | Checking for Wandb params to save... 🔧
03:10:18.553 | INFO    (572353, stable_pretraining.callbacks.checkpoint_sklearn) | Saving Wandb params {'id': '8587y5gu'}
03:10:18.553 | INFO    (572353, stable_pretraining.callbacks.checkpoint_sklearn) | Checking for Wandb params to save... Done!
03:10:18.553 | INFO    (572353, stable_pretraining.callbacks.cpu_offload) | ============================================================
03:10:18.553 | INFO    (572353, stable_pretraining.callbacks.cpu_offload) | CPUOffloadCallback: Starting checkpoint CPU offload (#16)
03:10:18.554 | INFO    (572353, stable_pretraining.callbacks.cpu_offload) |   - Global step: 11556
03:10:18.554 | INFO    (572353, stable_pretraining.callbacks.cpu_offload) |   - Epoch: 8
03:10:18.554 | INFO    (572353, stable_pretraining.callbacks.cpu_offload) | Checkpoint contains 11 keys: ['callbacks', 'epoch', 'global_step', 'hparams_name', 'hyper_parameters', 'loops', 'lr_schedulers', 'optimizer_states', 'pytorch-lightning_version', 'state_dict', 'wandb']
03:10:18.555 | INFO    (572353, stable_pretraining.callbacks.cpu_offload) | GPU memory before offload:
03:10:18.555 | INFO    (572353, stable_pretraining.callbacks.cpu_offload) |   - Allocated: 0.24 GB
03:10:18.555 | INFO    (572353, stable_pretraining.callbacks.cpu_offload) |   - Reserved: 16.73 GB
03:10:18.555 | INFO    (572353, stable_pretraining.callbacks.cpu_offload) | Processing checkpoint key: 'state_dict'
03:10:18.587 | SUCCESS (572353, stable_pretraining.callbacks.cpu_offload) | ✓ Completed 'state_dict' in 0.03s
03:10:18.588 | INFO    (572353, stable_pretraining.callbacks.cpu_offload) | Processing checkpoint key: 'optimizer_states'
03:10:18.653 | SUCCESS (572353, stable_pretraining.callbacks.cpu_offload) | ✓ Completed 'optimizer_states' in 0.06s
03:10:18.653 | INFO    (572353, stable_pretraining.callbacks.cpu_offload) | Processing checkpoint key: 'lr_schedulers'
03:10:18.653 | SUCCESS (572353, stable_pretraining.callbacks.cpu_offload) | ✓ Completed 'lr_schedulers' in 0.00s
03:10:18.653 | WARNING (572353, stable_pretraining.callbacks.cpu_offload) | Skipped 322 custom object(s)
03:10:18.653 | WARNING (572353, stable_pretraining.callbacks.cpu_offload) | First 10 skipped objects:
03:10:18.654 | WARNING (572353, stable_pretraining.callbacks.cpu_offload) |   - float at 'optimizer_states[0].param_groups[0].lr'
03:10:18.654 | WARNING (572353, stable_pretraining.callbacks.cpu_offload) |   - float at 'optimizer_states[0].param_groups[0].betas[0]'
03:10:18.654 | WARNING (572353, stable_pretraining.callbacks.cpu_offload) |   - float at 'optimizer_states[0].param_groups[0].betas[1]'
03:10:18.654 | WARNING (572353, stable_pretraining.callbacks.cpu_offload) |   - float at 'optimizer_states[0].param_groups[0].eps'
03:10:18.654 | WARNING (572353, stable_pretraining.callbacks.cpu_offload) |   - float at 'optimizer_states[0].param_groups[0].weight_decay'
03:10:18.654 | WARNING (572353, stable_pretraining.callbacks.cpu_offload) |   - bool at 'optimizer_states[0].param_groups[0].amsgrad'
03:10:18.654 | WARNING (572353, stable_pretraining.callbacks.cpu_offload) |   - bool at 'optimizer_states[0].param_groups[0].maximize'
03:10:18.654 | WARNING (572353, stable_pretraining.callbacks.cpu_offload) |   - NoneType at 'optimizer_states[0].param_groups[0].foreach'
03:10:18.654 | WARNING (572353, stable_pretraining.callbacks.cpu_offload) |   - bool at 'optimizer_states[0].param_groups[0].capturable'
03:10:18.654 | WARNING (572353, stable_pretraining.callbacks.cpu_offload) |   - bool at 'optimizer_states[0].param_groups[0].differentiable'
03:10:18.654 | WARNING (572353, stable_pretraining.callbacks.cpu_offload) | ... (302 more skipped) ...
03:10:18.654 | WARNING (572353, stable_pretraining.callbacks.cpu_offload) | Last 10 skipped objects:
03:10:18.654 | WARNING (572353, stable_pretraining.callbacks.cpu_offload) |   - int at 'lr_schedulers[0].warmup_steps'
03:10:18.654 | WARNING (572353, stable_pretraining.callbacks.cpu_offload) |   - int at 'lr_schedulers[0].max_steps'
03:10:18.655 | WARNING (572353, stable_pretraining.callbacks.cpu_offload) |   - float at 'lr_schedulers[0].warmup_start_lr'
03:10:18.655 | WARNING (572353, stable_pretraining.callbacks.cpu_offload) |   - float at 'lr_schedulers[0].eta_min'
03:10:18.655 | WARNING (572353, stable_pretraining.callbacks.cpu_offload) |   - float at 'lr_schedulers[0].base_lrs[0]'
03:10:18.655 | WARNING (572353, stable_pretraining.callbacks.cpu_offload) |   - int at 'lr_schedulers[0].last_epoch'
03:10:18.655 | WARNING (572353, stable_pretraining.callbacks.cpu_offload) |   - int at 'lr_schedulers[0]._step_count'
03:10:18.655 | WARNING (572353, stable_pretraining.callbacks.cpu_offload) |   - bool at 'lr_schedulers[0]._is_initial'
03:10:18.655 | WARNING (572353, stable_pretraining.callbacks.cpu_offload) |   - bool at 'lr_schedulers[0]._get_lr_called_within_step'
03:10:18.655 | WARNING (572353, stable_pretraining.callbacks.cpu_offload) |   - float at 'lr_schedulers[0]._last_lr[0]'
03:10:18.655 | INFO    (572353, stable_pretraining.callbacks.cpu_offload) | To see all 322 skipped objects, set log_skipped=True
03:10:18.655 | INFO    (572353, stable_pretraining.callbacks.cpu_offload) | GPU memory after offload:
03:10:18.655 | INFO    (572353, stable_pretraining.callbacks.cpu_offload) |   - Allocated: 0.24 GB
03:10:18.655 | INFO    (572353, stable_pretraining.callbacks.cpu_offload) |   - Reserved: 16.73 GB
03:10:18.655 | INFO    (572353, stable_pretraining.callbacks.cpu_offload) | GPU memory freed: 0.00 GB
03:10:18.655 | SUCCESS (572353, stable_pretraining.callbacks.cpu_offload) | CPUOffloadCallback: Checkpoint #16 completed in 0.10s
03:10:18.655 | INFO    (572353, stable_pretraining.callbacks.cpu_offload) | Successfully processed keys: ['state_dict', 'optimizer_states', 'lr_schedulers']
03:10:18.655 | INFO    (572353, stable_pretraining.callbacks.cpu_offload) | Cumulative stats:
03:10:18.656 | INFO    (572353, stable_pretraining.callbacks.cpu_offload) |   - Total checkpoints saved: 16
03:10:18.656 | INFO    (572353, stable_pretraining.callbacks.cpu_offload) |   - Total time in offload: 1.61s
03:10:18.656 | INFO    (572353, stable_pretraining.callbacks.cpu_offload) |   - Total memory freed: 0.00 GB
03:10:18.656 | INFO    (572353, stable_pretraining.callbacks.cpu_offload) |   - Average time per checkpoint: 0.10s
03:10:18.656 | INFO    (572353, stable_pretraining.callbacks.cpu_offload) | ============================================================
03:10:19.031 | INFO    (572353, stable_pretraining.callbacks.checkpoint_sklearn) | Checking for non PyTorch modules to save... 🔧
03:10:19.031 | INFO    (572353, stable_pretraining.callbacks.checkpoint_sklearn) | Checking for Wandb params to save... 🔧
03:10:19.031 | INFO    (572353, stable_pretraining.callbacks.checkpoint_sklearn) | Saving Wandb params {'id': '8587y5gu'}
03:10:19.031 | INFO    (572353, stable_pretraining.callbacks.checkpoint_sklearn) | Checking for Wandb params to save... Done!
03:10:19.031 | INFO    (572353, stable_pretraining.callbacks.cpu_offload) | ============================================================
03:10:19.031 | INFO    (572353, stable_pretraining.callbacks.cpu_offload) | CPUOffloadCallback: Starting checkpoint CPU offload (#17)
03:10:19.031 | INFO    (572353, stable_pretraining.callbacks.cpu_offload) |   - Global step: 11556
03:10:19.031 | INFO    (572353, stable_pretraining.callbacks.cpu_offload) |   - Epoch: 8
03:10:19.032 | INFO    (572353, stable_pretraining.callbacks.cpu_offload) | Checkpoint contains 11 keys: ['callbacks', 'epoch', 'global_step', 'hparams_name', 'hyper_parameters', 'loops', 'lr_schedulers', 'optimizer_states', 'pytorch-lightning_version', 'state_dict', 'wandb']
03:10:19.032 | INFO    (572353, stable_pretraining.callbacks.cpu_offload) | GPU memory before offload:
03:10:19.032 | INFO    (572353, stable_pretraining.callbacks.cpu_offload) |   - Allocated: 0.24 GB
03:10:19.032 | INFO    (572353, stable_pretraining.callbacks.cpu_offload) |   - Reserved: 16.73 GB
03:10:19.032 | INFO    (572353, stable_pretraining.callbacks.cpu_offload) | Processing checkpoint key: 'state_dict'
03:10:19.065 | SUCCESS (572353, stable_pretraining.callbacks.cpu_offload) | ✓ Completed 'state_dict' in 0.03s
03:10:19.065 | INFO    (572353, stable_pretraining.callbacks.cpu_offload) | Processing checkpoint key: 'optimizer_states'
03:10:19.131 | SUCCESS (572353, stable_pretraining.callbacks.cpu_offload) | ✓ Completed 'optimizer_states' in 0.07s
03:10:19.131 | INFO    (572353, stable_pretraining.callbacks.cpu_offload) | Processing checkpoint key: 'lr_schedulers'
03:10:19.131 | SUCCESS (572353, stable_pretraining.callbacks.cpu_offload) | ✓ Completed 'lr_schedulers' in 0.00s
03:10:19.131 | WARNING (572353, stable_pretraining.callbacks.cpu_offload) | Skipped 322 custom object(s)
03:10:19.131 | WARNING (572353, stable_pretraining.callbacks.cpu_offload) | First 10 skipped objects:
03:10:19.131 | WARNING (572353, stable_pretraining.callbacks.cpu_offload) |   - float at 'optimizer_states[0].param_groups[0].lr'
03:10:19.131 | WARNING (572353, stable_pretraining.callbacks.cpu_offload) |   - float at 'optimizer_states[0].param_groups[0].betas[0]'
03:10:19.131 | WARNING (572353, stable_pretraining.callbacks.cpu_offload) |   - float at 'optimizer_states[0].param_groups[0].betas[1]'
03:10:19.131 | WARNING (572353, stable_pretraining.callbacks.cpu_offload) |   - float at 'optimizer_states[0].param_groups[0].eps'
03:10:19.131 | WARNING (572353, stable_pretraining.callbacks.cpu_offload) |   - float at 'optimizer_states[0].param_groups[0].weight_decay'
03:10:19.132 | WARNING (572353, stable_pretraining.callbacks.cpu_offload) |   - bool at 'optimizer_states[0].param_groups[0].amsgrad'
03:10:19.132 | WARNING (572353, stable_pretraining.callbacks.cpu_offload) |   - bool at 'optimizer_states[0].param_groups[0].maximize'
03:10:19.133 | WARNING (572353, stable_pretraining.callbacks.cpu_offload) |   - NoneType at 'optimizer_states[0].param_groups[0].foreach'
03:10:19.133 | WARNING (572353, stable_pretraining.callbacks.cpu_offload) |   - bool at 'optimizer_states[0].param_groups[0].capturable'
03:10:19.133 | WARNING (572353, stable_pretraining.callbacks.cpu_offload) |   - bool at 'optimizer_states[0].param_groups[0].differentiable'
03:10:19.133 | WARNING (572353, stable_pretraining.callbacks.cpu_offload) | ... (302 more skipped) ...
03:10:19.133 | WARNING (572353, stable_pretraining.callbacks.cpu_offload) | Last 10 skipped objects:
03:10:19.133 | WARNING (572353, stable_pretraining.callbacks.cpu_offload) |   - int at 'lr_schedulers[0].warmup_steps'
03:10:19.133 | WARNING (572353, stable_pretraining.callbacks.cpu_offload) |   - int at 'lr_schedulers[0].max_steps'
03:10:19.133 | WARNING (572353, stable_pretraining.callbacks.cpu_offload) |   - float at 'lr_schedulers[0].warmup_start_lr'
03:10:19.133 | WARNING (572353, stable_pretraining.callbacks.cpu_offload) |   - float at 'lr_schedulers[0].eta_min'
03:10:19.133 | WARNING (572353, stable_pretraining.callbacks.cpu_offload) |   - float at 'lr_schedulers[0].base_lrs[0]'
03:10:19.133 | WARNING (572353, stable_pretraining.callbacks.cpu_offload) |   - int at 'lr_schedulers[0].last_epoch'
03:10:19.133 | WARNING (572353, stable_pretraining.callbacks.cpu_offload) |   - int at 'lr_schedulers[0]._step_count'
03:10:19.133 | WARNING (572353, stable_pretraining.callbacks.cpu_offload) |   - bool at 'lr_schedulers[0]._is_initial'
03:10:19.133 | WARNING (572353, stable_pretraining.callbacks.cpu_offload) |   - bool at 'lr_schedulers[0]._get_lr_called_within_step'
03:10:19.133 | WARNING (572353, stable_pretraining.callbacks.cpu_offload) |   - float at 'lr_schedulers[0]._last_lr[0]'
03:10:19.133 | INFO    (572353, stable_pretraining.callbacks.cpu_offload) | To see all 322 skipped objects, set log_skipped=True
03:10:19.134 | INFO    (572353, stable_pretraining.callbacks.cpu_offload) | GPU memory after offload:
03:10:19.134 | INFO    (572353, stable_pretraining.callbacks.cpu_offload) |   - Allocated: 0.24 GB
03:10:19.134 | INFO    (572353, stable_pretraining.callbacks.cpu_offload) |   - Reserved: 16.73 GB
03:10:19.134 | INFO    (572353, stable_pretraining.callbacks.cpu_offload) | GPU memory freed: 0.00 GB
03:10:19.134 | SUCCESS (572353, stable_pretraining.callbacks.cpu_offload) | CPUOffloadCallback: Checkpoint #17 completed in 0.10s
03:10:19.134 | INFO    (572353, stable_pretraining.callbacks.cpu_offload) | Successfully processed keys: ['state_dict', 'optimizer_states', 'lr_schedulers']
03:10:19.134 | INFO    (572353, stable_pretraining.callbacks.cpu_offload) | Cumulative stats:
03:10:19.134 | INFO    (572353, stable_pretraining.callbacks.cpu_offload) |   - Total checkpoints saved: 17
03:10:19.134 | INFO    (572353, stable_pretraining.callbacks.cpu_offload) |   - Total time in offload: 1.71s
03:10:19.134 | INFO    (572353, stable_pretraining.callbacks.cpu_offload) |   - Total memory freed: 0.00 GB
03:10:19.134 | INFO    (572353, stable_pretraining.callbacks.cpu_offload) |   - Average time per checkpoint: 0.10s
03:10:19.134 | INFO    (572353, stable_pretraining.callbacks.cpu_offload) | ============================================================
03:32:15.988 | WARNING (572353, stable_pretraining.module) | You are calling self.parameters which also gives callbacks parameters, to remove then, pass `with_callbacks=False`
03:34:49.510 | INFO    (572353, stable_pretraining.callbacks.trainer_info) | \n+----------------------------+----------------------+
|           Metric           |        Value         |
+----------------------------+----------------------+
|          [0;34;40mfit/loss[0m          | [0;32;40m0.015412657521665096[0m |
|       [0;34;40mfit/pred_loss[0m        | [0;32;40m0.004162557423114777[0m |
|      [0;34;40mfit/rdmreg_loss[0m       | [0;32;40m0.01125010009855032[0m  |
|       [0;34;40mvalidate/loss[0m        |  [0;32;40m4.925624847412109[0m   |
|    [0;34;40mvalidate/loss_epoch[0m     |  [0;32;40m4.925624847412109[0m   |
|     [0;34;40mvalidate/pred_loss[0m     |  [0;32;40m2.4356088638305664[0m  |
|  [0;34;40mvalidate/pred_loss_epoch[0m  |  [0;32;40m2.4356088638305664[0m  |
|    [0;34;40mvalidate/rdmreg_loss[0m    |  [0;32;40m2.490018367767334[0m   |
| [0;34;40mvalidate/rdmreg_loss_epoch[0m |  [0;32;40m2.490018367767334[0m   |
+----------------------------+----------------------+
03:34:50.063 | INFO    (572353, stable_pretraining.callbacks.checkpoint_sklearn) | Checking for non PyTorch modules to save... 🔧
03:34:50.063 | INFO    (572353, stable_pretraining.callbacks.checkpoint_sklearn) | Checking for Wandb params to save... 🔧
03:34:50.063 | INFO    (572353, stable_pretraining.callbacks.checkpoint_sklearn) | Saving Wandb params {'id': '8587y5gu'}
03:34:50.063 | INFO    (572353, stable_pretraining.callbacks.checkpoint_sklearn) | Checking for Wandb params to save... Done!
03:34:50.064 | INFO    (572353, stable_pretraining.callbacks.cpu_offload) | ============================================================
03:34:50.064 | INFO    (572353, stable_pretraining.callbacks.cpu_offload) | CPUOffloadCallback: Starting checkpoint CPU offload (#18)
03:34:50.064 | INFO    (572353, stable_pretraining.callbacks.cpu_offload) |   - Global step: 12840
03:34:50.064 | INFO    (572353, stable_pretraining.callbacks.cpu_offload) |   - Epoch: 9
03:34:50.064 | INFO    (572353, stable_pretraining.callbacks.cpu_offload) | Checkpoint contains 11 keys: ['callbacks', 'epoch', 'global_step', 'hparams_name', 'hyper_parameters', 'loops', 'lr_schedulers', 'optimizer_states', 'pytorch-lightning_version', 'state_dict', 'wandb']
03:34:50.064 | INFO    (572353, stable_pretraining.callbacks.cpu_offload) | GPU memory before offload:
03:34:50.065 | INFO    (572353, stable_pretraining.callbacks.cpu_offload) |   - Allocated: 0.24 GB
03:34:50.065 | INFO    (572353, stable_pretraining.callbacks.cpu_offload) |   - Reserved: 16.73 GB
03:34:50.065 | INFO    (572353, stable_pretraining.callbacks.cpu_offload) | Processing checkpoint key: 'state_dict'
03:34:50.099 | SUCCESS (572353, stable_pretraining.callbacks.cpu_offload) | ✓ Completed 'state_dict' in 0.03s
03:34:50.099 | INFO    (572353, stable_pretraining.callbacks.cpu_offload) | Processing checkpoint key: 'optimizer_states'
03:34:50.165 | SUCCESS (572353, stable_pretraining.callbacks.cpu_offload) | ✓ Completed 'optimizer_states' in 0.07s
03:34:50.165 | INFO    (572353, stable_pretraining.callbacks.cpu_offload) | Processing checkpoint key: 'lr_schedulers'
03:34:50.165 | SUCCESS (572353, stable_pretraining.callbacks.cpu_offload) | ✓ Completed 'lr_schedulers' in 0.00s
03:34:50.165 | WARNING (572353, stable_pretraining.callbacks.cpu_offload) | Skipped 322 custom object(s)
03:34:50.166 | WARNING (572353, stable_pretraining.callbacks.cpu_offload) | First 10 skipped objects:
03:34:50.166 | WARNING (572353, stable_pretraining.callbacks.cpu_offload) |   - float at 'optimizer_states[0].param_groups[0].lr'
03:34:50.166 | WARNING (572353, stable_pretraining.callbacks.cpu_offload) |   - float at 'optimizer_states[0].param_groups[0].betas[0]'
03:34:50.166 | WARNING (572353, stable_pretraining.callbacks.cpu_offload) |   - float at 'optimizer_states[0].param_groups[0].betas[1]'
03:34:50.166 | WARNING (572353, stable_pretraining.callbacks.cpu_offload) |   - float at 'optimizer_states[0].param_groups[0].eps'
03:34:50.166 | WARNING (572353, stable_pretraining.callbacks.cpu_offload) |   - float at 'optimizer_states[0].param_groups[0].weight_decay'
03:34:50.166 | WARNING (572353, stable_pretraining.callbacks.cpu_offload) |   - bool at 'optimizer_states[0].param_groups[0].amsgrad'
03:34:50.166 | WARNING (572353, stable_pretraining.callbacks.cpu_offload) |   - bool at 'optimizer_states[0].param_groups[0].maximize'
03:34:50.166 | WARNING (572353, stable_pretraining.callbacks.cpu_offload) |   - NoneType at 'optimizer_states[0].param_groups[0].foreach'
03:34:50.166 | WARNING (572353, stable_pretraining.callbacks.cpu_offload) |   - bool at 'optimizer_states[0].param_groups[0].capturable'
03:34:50.166 | WARNING (572353, stable_pretraining.callbacks.cpu_offload) |   - bool at 'optimizer_states[0].param_groups[0].differentiable'
03:34:50.166 | WARNING (572353, stable_pretraining.callbacks.cpu_offload) | ... (302 more skipped) ...
03:34:50.166 | WARNING (572353, stable_pretraining.callbacks.cpu_offload) | Last 10 skipped objects:
03:34:50.166 | WARNING (572353, stable_pretraining.callbacks.cpu_offload) |   - int at 'lr_schedulers[0].warmup_steps'
03:34:50.166 | WARNING (572353, stable_pretraining.callbacks.cpu_offload) |   - int at 'lr_schedulers[0].max_steps'
03:34:50.166 | WARNING (572353, stable_pretraining.callbacks.cpu_offload) |   - float at 'lr_schedulers[0].warmup_start_lr'
03:34:50.166 | WARNING (572353, stable_pretraining.callbacks.cpu_offload) |   - float at 'lr_schedulers[0].eta_min'
03:34:50.166 | WARNING (572353, stable_pretraining.callbacks.cpu_offload) |   - float at 'lr_schedulers[0].base_lrs[0]'
03:34:50.167 | WARNING (572353, stable_pretraining.callbacks.cpu_offload) |   - int at 'lr_schedulers[0].last_epoch'
03:34:50.167 | WARNING (572353, stable_pretraining.callbacks.cpu_offload) |   - int at 'lr_schedulers[0]._step_count'
03:34:50.167 | WARNING (572353, stable_pretraining.callbacks.cpu_offload) |   - bool at 'lr_schedulers[0]._is_initial'
03:34:50.167 | WARNING (572353, stable_pretraining.callbacks.cpu_offload) |   - bool at 'lr_schedulers[0]._get_lr_called_within_step'
03:34:50.167 | WARNING (572353, stable_pretraining.callbacks.cpu_offload) |   - float at 'lr_schedulers[0]._last_lr[0]'
03:34:50.167 | INFO    (572353, stable_pretraining.callbacks.cpu_offload) | To see all 322 skipped objects, set log_skipped=True
03:34:50.167 | INFO    (572353, stable_pretraining.callbacks.cpu_offload) | GPU memory after offload:
03:34:50.167 | INFO    (572353, stable_pretraining.callbacks.cpu_offload) |   - Allocated: 0.24 GB
03:34:50.167 | INFO    (572353, stable_pretraining.callbacks.cpu_offload) |   - Reserved: 16.73 GB
03:34:50.167 | INFO    (572353, stable_pretraining.callbacks.cpu_offload) | GPU memory freed: 0.00 GB
03:34:50.167 | SUCCESS (572353, stable_pretraining.callbacks.cpu_offload) | CPUOffloadCallback: Checkpoint #18 completed in 0.10s
03:34:50.167 | INFO    (572353, stable_pretraining.callbacks.cpu_offload) | Successfully processed keys: ['state_dict', 'optimizer_states', 'lr_schedulers']
03:34:50.167 | INFO    (572353, stable_pretraining.callbacks.cpu_offload) | Cumulative stats:
03:34:50.167 | INFO    (572353, stable_pretraining.callbacks.cpu_offload) |   - Total checkpoints saved: 18
03:34:50.167 | INFO    (572353, stable_pretraining.callbacks.cpu_offload) |   - Total time in offload: 1.81s
03:34:50.167 | INFO    (572353, stable_pretraining.callbacks.cpu_offload) |   - Total memory freed: 0.00 GB
03:34:50.167 | INFO    (572353, stable_pretraining.callbacks.cpu_offload) |   - Average time per checkpoint: 0.10s
03:34:50.168 | INFO    (572353, stable_pretraining.callbacks.cpu_offload) | ============================================================
03:34:50.516 | INFO    (572353, stable_pretraining.callbacks.checkpoint_sklearn) | Checking for non PyTorch modules to save... 🔧
03:34:50.517 | INFO    (572353, stable_pretraining.callbacks.checkpoint_sklearn) | Checking for Wandb params to save... 🔧
03:34:50.517 | INFO    (572353, stable_pretraining.callbacks.checkpoint_sklearn) | Saving Wandb params {'id': '8587y5gu'}
03:34:50.517 | INFO    (572353, stable_pretraining.callbacks.checkpoint_sklearn) | Checking for Wandb params to save... Done!
03:34:50.517 | INFO    (572353, stable_pretraining.callbacks.cpu_offload) | ============================================================
03:34:50.517 | INFO    (572353, stable_pretraining.callbacks.cpu_offload) | CPUOffloadCallback: Starting checkpoint CPU offload (#19)
03:34:50.517 | INFO    (572353, stable_pretraining.callbacks.cpu_offload) |   - Global step: 12840
03:34:50.517 | INFO    (572353, stable_pretraining.callbacks.cpu_offload) |   - Epoch: 9
03:34:50.517 | INFO    (572353, stable_pretraining.callbacks.cpu_offload) | Checkpoint contains 11 keys: ['callbacks', 'epoch', 'global_step', 'hparams_name', 'hyper_parameters', 'loops', 'lr_schedulers', 'optimizer_states', 'pytorch-lightning_version', 'state_dict', 'wandb']
03:34:50.517 | INFO    (572353, stable_pretraining.callbacks.cpu_offload) | GPU memory before offload:
03:34:50.517 | INFO    (572353, stable_pretraining.callbacks.cpu_offload) |   - Allocated: 0.24 GB
03:34:50.517 | INFO    (572353, stable_pretraining.callbacks.cpu_offload) |   - Reserved: 16.73 GB
03:34:50.517 | INFO    (572353, stable_pretraining.callbacks.cpu_offload) | Processing checkpoint key: 'state_dict'
03:34:50.550 | SUCCESS (572353, stable_pretraining.callbacks.cpu_offload) | ✓ Completed 'state_dict' in 0.03s
03:34:50.550 | INFO    (572353, stable_pretraining.callbacks.cpu_offload) | Processing checkpoint key: 'optimizer_states'
03:34:50.617 | SUCCESS (572353, stable_pretraining.callbacks.cpu_offload) | ✓ Completed 'optimizer_states' in 0.07s
03:34:50.617 | INFO    (572353, stable_pretraining.callbacks.cpu_offload) | Processing checkpoint key: 'lr_schedulers'
03:34:50.617 | SUCCESS (572353, stable_pretraining.callbacks.cpu_offload) | ✓ Completed 'lr_schedulers' in 0.00s
03:34:50.617 | WARNING (572353, stable_pretraining.callbacks.cpu_offload) | Skipped 322 custom object(s)
03:34:50.618 | WARNING (572353, stable_pretraining.callbacks.cpu_offload) | First 10 skipped objects:
03:34:50.618 | WARNING (572353, stable_pretraining.callbacks.cpu_offload) |   - float at 'optimizer_states[0].param_groups[0].lr'
03:34:50.618 | WARNING (572353, stable_pretraining.callbacks.cpu_offload) |   - float at 'optimizer_states[0].param_groups[0].betas[0]'
03:34:50.618 | WARNING (572353, stable_pretraining.callbacks.cpu_offload) |   - float at 'optimizer_states[0].param_groups[0].betas[1]'
03:34:50.618 | WARNING (572353, stable_pretraining.callbacks.cpu_offload) |   - float at 'optimizer_states[0].param_groups[0].eps'
03:34:50.618 | WARNING (572353, stable_pretraining.callbacks.cpu_offload) |   - float at 'optimizer_states[0].param_groups[0].weight_decay'
03:34:50.618 | WARNING (572353, stable_pretraining.callbacks.cpu_offload) |   - bool at 'optimizer_states[0].param_groups[0].amsgrad'
03:34:50.618 | WARNING (572353, stable_pretraining.callbacks.cpu_offload) |   - bool at 'optimizer_states[0].param_groups[0].maximize'
03:34:50.618 | WARNING (572353, stable_pretraining.callbacks.cpu_offload) |   - NoneType at 'optimizer_states[0].param_groups[0].foreach'
03:34:50.618 | WARNING (572353, stable_pretraining.callbacks.cpu_offload) |   - bool at 'optimizer_states[0].param_groups[0].capturable'
03:34:50.618 | WARNING (572353, stable_pretraining.callbacks.cpu_offload) |   - bool at 'optimizer_states[0].param_groups[0].differentiable'
03:34:50.618 | WARNING (572353, stable_pretraining.callbacks.cpu_offload) | ... (302 more skipped) ...
03:34:50.618 | WARNING (572353, stable_pretraining.callbacks.cpu_offload) | Last 10 skipped objects:
03:34:50.618 | WARNING (572353, stable_pretraining.callbacks.cpu_offload) |   - int at 'lr_schedulers[0].warmup_steps'
03:34:50.618 | WARNING (572353, stable_pretraining.callbacks.cpu_offload) |   - int at 'lr_schedulers[0].max_steps'
03:34:50.618 | WARNING (572353, stable_pretraining.callbacks.cpu_offload) |   - float at 'lr_schedulers[0].warmup_start_lr'
03:34:50.618 | WARNING (572353, stable_pretraining.callbacks.cpu_offload) |   - float at 'lr_schedulers[0].eta_min'
03:34:50.618 | WARNING (572353, stable_pretraining.callbacks.cpu_offload) |   - float at 'lr_schedulers[0].base_lrs[0]'
03:34:50.619 | WARNING (572353, stable_pretraining.callbacks.cpu_offload) |   - int at 'lr_schedulers[0].last_epoch'
03:34:50.619 | WARNING (572353, stable_pretraining.callbacks.cpu_offload) |   - int at 'lr_schedulers[0]._step_count'
03:34:50.620 | WARNING (572353, stable_pretraining.callbacks.cpu_offload) |   - bool at 'lr_schedulers[0]._is_initial'
03:34:50.620 | WARNING (572353, stable_pretraining.callbacks.cpu_offload) |   - bool at 'lr_schedulers[0]._get_lr_called_within_step'
03:34:50.620 | WARNING (572353, stable_pretraining.callbacks.cpu_offload) |   - float at 'lr_schedulers[0]._last_lr[0]'
03:34:50.620 | INFO    (572353, stable_pretraining.callbacks.cpu_offload) | To see all 322 skipped objects, set log_skipped=True
03:34:50.620 | INFO    (572353, stable_pretraining.callbacks.cpu_offload) | GPU memory after offload:
03:34:50.620 | INFO    (572353, stable_pretraining.callbacks.cpu_offload) |   - Allocated: 0.24 GB
03:34:50.620 | INFO    (572353, stable_pretraining.callbacks.cpu_offload) |   - Reserved: 16.73 GB
03:34:50.620 | INFO    (572353, stable_pretraining.callbacks.cpu_offload) | GPU memory freed: 0.00 GB
03:34:50.620 | SUCCESS (572353, stable_pretraining.callbacks.cpu_offload) | CPUOffloadCallback: Checkpoint #19 completed in 0.10s
03:34:50.620 | INFO    (572353, stable_pretraining.callbacks.cpu_offload) | Successfully processed keys: ['state_dict', 'optimizer_states', 'lr_schedulers']
03:34:50.620 | INFO    (572353, stable_pretraining.callbacks.cpu_offload) | Cumulative stats:
03:34:50.621 | INFO    (572353, stable_pretraining.callbacks.cpu_offload) |   - Total checkpoints saved: 19
03:34:50.621 | INFO    (572353, stable_pretraining.callbacks.cpu_offload) |   - Total time in offload: 1.92s
03:34:50.621 | INFO    (572353, stable_pretraining.callbacks.cpu_offload) |   - Total memory freed: 0.00 GB
03:34:50.621 | INFO    (572353, stable_pretraining.callbacks.cpu_offload) |   - Average time per checkpoint: 0.10s
03:34:50.621 | INFO    (572353, stable_pretraining.callbacks.cpu_offload) | ============================================================
`Trainer.fit` stopped: `max_epochs=10` reached.
03:34:52.033 | INFO    (572353, stable_pretraining.callbacks.cpu_offload) | ============================================================
03:34:52.033 | INFO    (572353, stable_pretraining.callbacks.cpu_offload) | CPUOffloadCallback: Training completed
03:34:52.033 | INFO    (572353, stable_pretraining.callbacks.cpu_offload) | Final statistics:
03:34:52.033 | INFO    (572353, stable_pretraining.callbacks.cpu_offload) |   - Total checkpoints saved: 19
03:34:52.033 | INFO    (572353, stable_pretraining.callbacks.cpu_offload) |   - Total time in offload: 1.92s
03:34:52.033 | INFO    (572353, stable_pretraining.callbacks.cpu_offload) |   - Total GPU memory freed: 0.00 GB
03:34:52.033 | INFO    (572353, stable_pretraining.callbacks.cpu_offload) |   - Average time per checkpoint: 0.10s
03:34:52.033 | INFO    (572353, stable_pretraining.callbacks.cpu_offload) |   - Average memory freed per checkpoint: 0.00 GB
03:34:52.033 | SUCCESS (572353, stable_pretraining.callbacks.cpu_offload) | CPUOffloadCallback: All checkpoints saved successfully
03:34:52.033 | INFO    (572353, stable_pretraining.callbacks.cpu_offload) | ============================================================
Epoch 9/9  ━━━━━━━━━━━━━━━━━━━━ 1284/1284 0:21:55 • 0:00:00 1.08it/s v_num: y5gu
03:34:52.555 | INFO    (572353, stable_pretraining.callbacks.cpu_offload) | CPUOffloadCallback: Teardown called for stage 'TrainerFn.FITTING'
[1;34mwandb[0m: 
[1;34mwandb[0m: 🚀 View run [33mlewm_lp_p1.0[0m at: [34mhttps://wandb.ai/wms_at_iitb/le-wm/runs/8587y5gu[0m
TRAINING_EXITED_0
