[2026-04-12 02:08:33,584][root][INFO] - Cached 'action' from '/home/aarav/wms/le-wm/dataset/pusht_50steps.h5'
[2026-04-12 02:08:33,592][root][INFO] - Cached 'proprio' from '/home/aarav/wms/le-wm/dataset/pusht_50steps.h5'
[2026-04-12 02:08:33,593][root][INFO] - Cached 'state' from '/home/aarav/wms/le-wm/dataset/pusht_50steps.h5'
02:08:33.673 | INFO    (551124, stable_pretraining.backbone.utils) | Created ViT-tiny from scratch with config: {'hidden_size': 192, 'num_hidden_layers': 12, 'num_attention_heads': 3, 'intermediate_size': 768, 'image_size': 112, 'patch_size': 14}
02:08:34.581 | INFO    (551124, stable_pretraining.data.module) | Setting up DataModule
02:08:34.581 | INFO    (551124, stable_pretraining.module) | Initializing Module configuration...
02:08:34.581 | WARNING (551124, stable_pretraining.module) | No hyperparameters provided - hyperparameter logging is disabled.
02:08:34.581 | INFO    (551124, stable_pretraining.module) | Setting custom forward method.
02:08:34.581 | INFO    (551124, stable_pretraining.module) | Setting attribute: self.model = <class 'torch._dynamo.eval_frame.OptimizedModule'>
02:08:34.581 | INFO    (551124, stable_pretraining.module) | Setting attribute: self.rdmreg = <class 'rdmreg.RDMReg'>
02:08:34.581 | INFO    (551124, stable_pretraining.module) | Setting attribute: self.optim = <class 'dict'>
02:08:34.581 | INFO    (551124, stable_pretraining.module) | No metrics configuration provided - automatic metric tracking is disabled.
wandb: WARNING The anonymous setting has no effect and will be removed in a future version.
wandb: [wandb.login()] Loaded credentials for https://api.wandb.ai from /home/aarav/.netrc.
wandb: Currently logged in as: narendraaironi (wms_at_iitb) to https://api.wandb.ai. Use `wandb login --relogin` to force relogin
wandb: WARNING Ignoring ID 8587y5gu loaded due to resume='auto' because the run ID is set to lewm_lp_pusht_v2.
wandb: setting up run lewm_lp_pusht_v2
wandb: Tracking run with wandb version 0.25.1
wandb: Run data is saved locally in wandb/run-20260412_020835-lewm_lp_pusht_v2
wandb: Run `wandb offline` to turn off syncing.
wandb: Syncing run lewm_lp_p1.0_pusht
wandb: ⭐️ View project at https://wandb.ai/wms_at_iitb/le-wm
wandb: 🚀 View run at https://wandb.ai/wms_at_iitb/le-wm/runs/lewm_lp_pusht_v2
/home/aarav/wms/le-wm/le-wm/lib/python3.11/site-packages/lightning/fabric/connector.py:571: `precision=bf16` is supported for historical reasons but its usage is discouraged. Please set your precision to bf16-mixed instead!
Using bfloat16 Automatic Mixed Precision (AMP)
02:08:37.196 | INFO    (551124, stable_pretraining.callbacks.env_info) | EnvironmentDumpCallback initialized (filename=environment.json, async=True)
02:08:37.196 | INFO    (551124, stable_pretraining.callbacks.cpu_offload) | ============================================================
02:08:37.196 | INFO    (551124, stable_pretraining.callbacks.cpu_offload) | Initializing CPUOffloadCallback
02:08:37.196 | INFO    (551124, stable_pretraining.callbacks.cpu_offload) | Configuration:
02:08:37.196 | INFO    (551124, stable_pretraining.callbacks.cpu_offload) |   - Offload keys: ['state_dict', 'optimizer_states', 'lr_schedulers']
02:08:37.196 | INFO    (551124, stable_pretraining.callbacks.cpu_offload) |   - Log all skipped objects: False
02:08:37.196 | INFO    (551124, stable_pretraining.callbacks.cpu_offload) |   - Will show first/last 10 skipped objects only
02:08:37.197 | SUCCESS (551124, stable_pretraining.callbacks.cpu_offload) | ✓ CUDA available: 1 GPU(s) detected
02:08:37.276 | INFO    (551124, stable_pretraining.callbacks.cpu_offload) |   - GPU 0: NVIDIA RTX 4000 Ada Generation (21.0 GB)
02:08:37.276 | SUCCESS (551124, stable_pretraining.callbacks.cpu_offload) | CPUOffloadCallback initialized successfully
02:08:37.276 | INFO    (551124, stable_pretraining.callbacks.cpu_offload) | ============================================================
Adding 10 callbacks from entry point 'stablepretraining_callbacks': ModuleRegistryCallback, LoggingCallback, EnvironmentDumpCallback, TrainerInfo, SklearnCheckpoint, WandbCheckpoint, ModuleSummary, SLURMInfo, LogUnusedParametersOnce, CPUOffloadCallback
GPU available: True (cuda), used: True
TPU available: False, using: 0 TPU cores
💡 Tip: For seamless cloud logging and experiment tracking, try installing [litlogger](https://pypi.org/project/litlogger/) to enable LitLogger, which logs metrics and artifacts automatically to the Lightning Experiments platform.
02:08:37.278 | WARNING (551124, stable_pretraining.manager) | User didn't specify seed, runs won't be exactly reproducible!
02:08:37.279 | INFO    (551124, stable_pretraining.manager) | 📁📁📁 CURRENT WORKING DIR: /home/aarav/wms/le-wm 📁📁📁
02:08:37.279 | INFO    (551124, stable_pretraining.manager) | 🌱🌱🌱 SEEDING EVERYTHING with self.seed=None 🌱🌱🌱
/home/aarav/wms/le-wm/le-wm/lib/python3.11/site-packages/lightning/fabric/utilities/seed.py:44: No seed found, seed set to 0
Seed set to 0
02:08:37.349 | INFO    (551124, stable_pretraining.manager) | 📈📈📈 Using Wandb 📈📈📈
02:08:37.350 | INFO    (551124, stable_pretraining.manager) | 		a Wandb™ config is provided, not uploading Hydra's:
02:08:37.350 | INFO    (551124, stable_pretraining.manager) | 📈📈📈 WandbLogger setup 📈📈📈
02:08:37.350 | INFO    (551124, stable_pretraining.manager) | 📈📈📈 init={'name': 'lewm_lp_p1.0_pusht', 'project': 'le-wm', 'dir': '.', 'id': 'lewm_lp_pusht_v2', 'resume': True, 'anonymous': None, 'entity': 'wms_at_iitb'} 📈📈📈
02:08:37.350 | INFO    (551124, stable_pretraining.manager) | 	● 👂👂👂 SIGNALS HANDLERS 👂👂👂
02:08:37.350 | INFO    (551124, stable_pretraining.manager) | 		- SIGUSR1: `0`
02:08:37.350 | INFO    (551124, stable_pretraining.manager) | 		- SIGUSR2: `0`
02:08:37.350 | INFO    (551124, stable_pretraining.manager) | 		- SIGCONT: `0`
02:08:37.350 | INFO    (551124, stable_pretraining.manager) | 		- SIGTERM: `0`
02:08:37.350 | INFO    (551124, stable_pretraining.manager) | 	● 📞📞📞 CALLBACKS 📞📞📞
02:08:37.350 | INFO    (551124, stable_pretraining.manager) | 		 - we found 14 callbacks
02:08:37.350 | INFO    (551124, stable_pretraining.manager) | 	● 📞📞📞 CHECKPOINTING SETUP 📞📞📞
02:08:37.351 | WARNING (551124, stable_pretraining.manager) | 		 Checkpoint mismatch: `manager.ckpt_path` (/home/aarav/wms/le-wm/dataset/lewm_lp_p1.0_pusht_weights.ckpt) was provided, but no matching `ModelCheckpoint` callback was found.
02:08:37.351 | WARNING (551124, stable_pretraining.manager) | 		 Automatically creating a `ModelCheckpoint` to save to the specified path to prevent data loss.
02:08:37.351 | WARNING (551124, stable_pretraining.manager) | 		 - Automatic `ModelCheckpoint` callback has been added to the trainer.
02:08:37.351 | WARNING (551124, stable_pretraining.manager) | /home/aarav/wms/le-wm/dataset/lewm_lp_p1.0_pusht_weights.ckpt specified, but does not exist, using None for now!
02:08:37.351 | INFO    (551124, stable_pretraining.manager) | 📣📣📣 CALLING trainer.fit with ckpt_path=None 📣📣📣
💡 Tip: For seamless cloud uploads and versioning, try installing [litmodels](https://pypi.org/project/litmodels/) to enable LitModelCheckpoint, which syncs automatically with the Lightning model registry.
You are using a CUDA device ('NVIDIA RTX 4000 Ada Generation') that has Tensor Cores. To properly utilize them, you should set `torch.set_float32_matmul_precision('medium' | 'high')` which will trade-off precision for performance. For more details, read https://pytorch.org/docs/stable/generated/torch.set_float32_matmul_precision.html#torch.set_float32_matmul_precision
02:08:37.438 | INFO    (551124, stable_pretraining.data.module) | dataset for TrainerFn.FITTING loaded!  ✅
02:08:37.439 | INFO    (551124, stable_pretraining.data.module) | 	● setup was done by user
02:08:37.439 | INFO    (551124, stable_pretraining.callbacks.env_info) | ======================================================================
02:08:37.439 | INFO    (551124, stable_pretraining.callbacks.env_info) | 🔍 Starting environment configuration dump...
02:08:37.439 | INFO    (551124, stable_pretraining.callbacks.env_info) | ======================================================================
02:08:37.439 | INFO    (551124, stable_pretraining.callbacks.env_info) | EnvironmentDumpCallback  log_dir=PosixPath('/home/aarav/wms/le-wm')
02:08:37.439 | INFO    (551124, stable_pretraining.callbacks.env_info) | ⚡ Running environment dump in background thread (non-blocking)
02:08:37.439 | INFO    (551124, stable_pretraining.callbacks.env_info) | 📁 Log directory: /home/aarav/wms/le-wm
02:08:37.439 | INFO    (551124, stable_pretraining.callbacks.env_info) | 📊 Collecting environment information...
02:08:37.440 | SUCCESS (551124, stable_pretraining.callbacks.env_info) | ✓ Background thread started successfully
02:08:37.440 | SUCCESS (551124, stable_pretraining.callbacks.env_info) |   ✓ Python 3.11.15
02:08:37.440 | INFO    (551124, stable_pretraining.callbacks.trainer_info) | 	 linking trainer to DataModule! 🔧
02:08:37.440 | SUCCESS (551124, stable_pretraining.callbacks.env_info) |   ✓ System: Linux 6.17.0-20-generic (x86_64)
02:08:37.441 | INFO    (551124, stable_pretraining.callbacks.checkpoint_sklearn) | Setting up SklearnCheckpoint callback!
02:08:37.441 | INFO    (551124, stable_pretraining.callbacks.env_info) |      Hostname: dm
02:08:37.442 | INFO    (551124, stable_pretraining.callbacks.checkpoint_sklearn) | Sklearn Modules:
02:08:37.442 | INFO    (551124, stable_pretraining.callbacks.checkpoint_sklearn) | 
┏━━━━━━━━━━┳━━━━━━━━┳━━━━━━━━┓
┃ Module   ┃ Name   ┃ Type   ┃
┣━━━━━━━━━━╋━━━━━━━━╋━━━━━━━━┫
┗━━━━━━━━━━┻━━━━━━━━┻━━━━━━━━┛
02:08:37.442 | INFO    (551124, stable_pretraining.callbacks.checkpoint_sklearn) | Setting up WandbCheckpoint callback!
02:08:37.443 | INFO    (551124, stable_pretraining.callbacks.trainer_info) | PyTorch Modules:
02:08:37.443 | WARNING (551124, stable_pretraining.module) | You are calling self.parameters which also gives callbacks parameters, to remove then, pass `with_callbacks=False`
02:08:37.455 | INFO    (551124, stable_pretraining.callbacks.trainer_info) | \n+---------------------------------------------------------------------------+----------------------+--------------------------+--------------------------+---------+
| Module                                                                    | Trainable parameters | Non Trainable parameters | Uninitialized parameters | Buffers |
+---------------------------------------------------------------------------+----------------------+--------------------------+--------------------------+---------+
|                                                                           |             18588206 |                        0 |                        0 |    8194 |
| callbacks_modules                                                         |                    0 |                        0 |                        0 |       0 |
| callbacks_metrics                                                         |                    0 |                        0 |                        0 |       0 |
| model                                                                     |             18588206 |                        0 |                        0 |    8194 |
| model._orig_mod                                                           |             18588206 |                        0 |                        0 |    8194 |
| model._orig_mod.encoder                                                   |              5464512 |                        0 |                        0 |       0 |
| model._orig_mod.encoder.embeddings                                        |               125760 |                        0 |                        0 |       0 |
| model._orig_mod.encoder.embeddings.patch_embeddings                       |               113088 |                        0 |                        0 |       0 |
| model._orig_mod.encoder.embeddings.patch_embeddings.projection            |               113088 |                        0 |                        0 |       0 |
| model._orig_mod.encoder.embeddings.dropout                                |                    0 |                        0 |                        0 |       0 |
| model._orig_mod.encoder.encoder                                           |              5338368 |                        0 |                        0 |       0 |
| model._orig_mod.encoder.encoder.layer                                     |              5338368 |                        0 |                        0 |       0 |
| model._orig_mod.encoder.encoder.layer.0                                   |               444864 |                        0 |                        0 |       0 |
| model._orig_mod.encoder.encoder.layer.0.attention                         |               148224 |                        0 |                        0 |       0 |
| model._orig_mod.encoder.encoder.layer.0.attention.attention               |               111168 |                        0 |                        0 |       0 |
| model._orig_mod.encoder.encoder.layer.0.attention.attention.query         |                37056 |                        0 |                        0 |       0 |
| model._orig_mod.encoder.encoder.layer.0.attention.attention.key           |                37056 |                        0 |                        0 |       0 |
| model._orig_mod.encoder.encoder.layer.0.attention.attention.value         |                37056 |                        0 |                        0 |       0 |
| model._orig_mod.encoder.encoder.layer.0.attention.output                  |                37056 |                        0 |                        0 |       0 |
| model._orig_mod.encoder.encoder.layer.0.attention.output.dense            |                37056 |                        0 |                        0 |       0 |
| model._orig_mod.encoder.encoder.layer.0.attention.output.dropout          |                    0 |                        0 |                        0 |       0 |
| model._orig_mod.encoder.encoder.layer.0.intermediate                      |               148224 |                        0 |                        0 |       0 |
| model._orig_mod.encoder.encoder.layer.0.intermediate.dense                |               148224 |                        0 |                        0 |       0 |
| model._orig_mod.encoder.encoder.layer.0.intermediate.intermediate_act_fn  |                    0 |                        0 |                        0 |       0 |
| model._orig_mod.encoder.encoder.layer.0.output                            |               147648 |                        0 |                        0 |       0 |
| model._orig_mod.encoder.encoder.layer.0.output.dense                      |               147648 |                        0 |                        0 |       0 |
| model._orig_mod.encoder.encoder.layer.0.output.dropout                    |                    0 |                        0 |                        0 |       0 |
| model._orig_mod.encoder.encoder.layer.0.layernorm_before                  |                  384 |                        0 |                        0 |       0 |
| model._orig_mod.encoder.encoder.layer.0.layernorm_after                   |                  384 |                        0 |                        0 |       0 |
| model._orig_mod.encoder.encoder.layer.1                                   |               444864 |                        0 |                        0 |       0 |
| model._orig_mod.encoder.encoder.layer.1.attention                         |               148224 |                        0 |                        0 |       0 |
| model._orig_mod.encoder.encoder.layer.1.attention.attention               |               111168 |                        0 |                        0 |       0 |
| model._orig_mod.encoder.encoder.layer.1.attention.attention.query         |                37056 |                        0 |                        0 |       0 |
| model._orig_mod.encoder.encoder.layer.1.attention.attention.key           |                37056 |                        0 |                        0 |       0 |
| model._orig_mod.encoder.encoder.layer.1.attention.attention.value         |                37056 |                        0 |                        0 |       0 |
| model._orig_mod.encoder.encoder.layer.1.attention.output                  |                37056 |                        0 |                        0 |       0 |
| model._orig_mod.encoder.encoder.layer.1.attention.output.dense            |                37056 |                        0 |                        0 |       0 |
| model._orig_mod.encoder.encoder.layer.1.attention.output.dropout          |                    0 |                        0 |                        0 |       0 |
| model._orig_mod.encoder.encoder.layer.1.intermediate                      |               148224 |                        0 |                        0 |       0 |
| model._orig_mod.encoder.encoder.layer.1.intermediate.dense                |               148224 |                        0 |                        0 |       0 |
| model._orig_mod.encoder.encoder.layer.1.intermediate.intermediate_act_fn  |                    0 |                        0 |                        0 |       0 |
| model._orig_mod.encoder.encoder.layer.1.output                            |               147648 |                        0 |                        0 |       0 |
| model._orig_mod.encoder.encoder.layer.1.output.dense                      |               147648 |                        0 |                        0 |       0 |
| model._orig_mod.encoder.encoder.layer.1.output.dropout                    |                    0 |                        0 |                        0 |       0 |
| model._orig_mod.encoder.encoder.layer.1.layernorm_before                  |                  384 |                        0 |                        0 |       0 |
| model._orig_mod.encoder.encoder.layer.1.layernorm_after                   |                  384 |                        0 |                        0 |       0 |
| model._orig_mod.encoder.encoder.layer.2                                   |               444864 |                        0 |                        0 |       0 |
| model._orig_mod.encoder.encoder.layer.2.attention                         |               148224 |                        0 |                        0 |       0 |
| model._orig_mod.encoder.encoder.layer.2.attention.attention               |               111168 |                        0 |                        0 |       0 |
| model._orig_mod.encoder.encoder.layer.2.attention.attention.query         |                37056 |                        0 |                        0 |       0 |
| model._orig_mod.encoder.encoder.layer.2.attention.attention.key           |                37056 |                        0 |                        0 |       0 |
| model._orig_mod.encoder.encoder.layer.2.attention.attention.value         |                37056 |                        0 |                        0 |       0 |
| model._orig_mod.encoder.encoder.layer.2.attention.output                  |                37056 |                        0 |                        0 |       0 |
| model._orig_mod.encoder.encoder.layer.2.attention.output.dense            |                37056 |                        0 |                        0 |       0 |
| model._orig_mod.encoder.encoder.layer.2.attention.output.dropout          |                    0 |                        0 |                        0 |       0 |
| model._orig_mod.encoder.encoder.layer.2.intermediate                      |               148224 |                        0 |                        0 |       0 |
| model._orig_mod.encoder.encoder.layer.2.intermediate.dense                |               148224 |                        0 |                        0 |       0 |
| model._orig_mod.encoder.encoder.layer.2.intermediate.intermediate_act_fn  |                    0 |                        0 |                        0 |       0 |
| model._orig_mod.encoder.encoder.layer.2.output                            |               147648 |                        0 |                        0 |       0 |
| model._orig_mod.encoder.encoder.layer.2.output.dense                      |               147648 |                        0 |                        0 |       0 |
| model._orig_mod.encoder.encoder.layer.2.output.dropout                    |                    0 |                        0 |                        0 |       0 |
| model._orig_mod.encoder.encoder.layer.2.layernorm_before                  |                  384 |                        0 |                        0 |       0 |
| model._orig_mod.encoder.encoder.layer.2.layernorm_after                   |                  384 |                        0 |                        0 |       0 |
| model._orig_mod.encoder.encoder.layer.3                                   |               444864 |                        0 |                        0 |       0 |
| model._orig_mod.encoder.encoder.layer.3.attention                         |               148224 |                        0 |                        0 |       0 |
| model._orig_mod.encoder.encoder.layer.3.attention.attention               |               111168 |                        0 |                        0 |       0 |
| model._orig_mod.encoder.encoder.layer.3.attention.attention.query         |                37056 |                        0 |                        0 |       0 |
| model._orig_mod.encoder.encoder.layer.3.attention.attention.key           |                37056 |                        0 |                        0 |       0 |
| model._orig_mod.encoder.encoder.layer.3.attention.attention.value         |                37056 |                        0 |                        0 |       0 |
| model._orig_mod.encoder.encoder.layer.3.attention.output                  |                37056 |                        0 |                        0 |       0 |
| model._orig_mod.encoder.encoder.layer.3.attention.output.dense            |                37056 |                        0 |                        0 |       0 |
| model._orig_mod.encoder.encoder.layer.3.attention.output.dropout          |                    0 |                        0 |                        0 |       0 |
| model._orig_mod.encoder.encoder.layer.3.intermediate                      |               148224 |                        0 |                        0 |       0 |
| model._orig_mod.encoder.encoder.layer.3.intermediate.dense                |               148224 |                        0 |                        0 |       0 |
| model._orig_mod.encoder.encoder.layer.3.intermediate.intermediate_act_fn  |                    0 |                        0 |                        0 |       0 |
| model._orig_mod.encoder.encoder.layer.3.output                            |               147648 |                        0 |                        0 |       0 |
| model._orig_mod.encoder.encoder.layer.3.output.dense                      |               147648 |                        0 |                        0 |       0 |
| model._orig_mod.encoder.encoder.layer.3.output.dropout                    |                    0 |                        0 |                        0 |       0 |
| model._orig_mod.encoder.encoder.layer.3.layernorm_before                  |                  384 |                        0 |                        0 |       0 |
| model._orig_mod.encoder.encoder.layer.3.layernorm_after                   |                  384 |                        0 |                        0 |       0 |
| model._orig_mod.encoder.encoder.layer.4                                   |               444864 |                        0 |                        0 |       0 |
| model._orig_mod.encoder.encoder.layer.4.attention                         |               148224 |                        0 |                        0 |       0 |
| model._orig_mod.encoder.encoder.layer.4.attention.attention               |               111168 |                        0 |                        0 |       0 |
| model._orig_mod.encoder.encoder.layer.4.attention.attention.query         |                37056 |                        0 |                        0 |       0 |
| model._orig_mod.encoder.encoder.layer.4.attention.attention.key           |                37056 |                        0 |                        0 |       0 |
| model._orig_mod.encoder.encoder.layer.4.attention.attention.value         |                37056 |                        0 |                        0 |       0 |
| model._orig_mod.encoder.encoder.layer.4.attention.output                  |                37056 |                        0 |                        0 |       0 |
| model._orig_mod.encoder.encoder.layer.4.attention.output.dense            |                37056 |                        0 |                        0 |       0 |
| model._orig_mod.encoder.encoder.layer.4.attention.output.dropout          |                    0 |                        0 |                        0 |       0 |
| model._orig_mod.encoder.encoder.layer.4.intermediate                      |               148224 |                        0 |                        0 |       0 |
| model._orig_mod.encoder.encoder.layer.4.intermediate.dense                |               148224 |                        0 |                        0 |       0 |
| model._orig_mod.encoder.encoder.layer.4.intermediate.intermediate_act_fn  |                    0 |                        0 |                        0 |       0 |
| model._orig_mod.encoder.encoder.layer.4.output                            |               147648 |                        0 |                        0 |       0 |
| model._orig_mod.encoder.encoder.layer.4.output.dense                      |               147648 |                        0 |                        0 |       0 |
| model._orig_mod.encoder.encoder.layer.4.output.dropout                    |                    0 |                        0 |                        0 |       0 |
| model._orig_mod.encoder.encoder.layer.4.layernorm_before                  |                  384 |                        0 |                        0 |       0 |
| model._orig_mod.encoder.encoder.layer.4.layernorm_after                   |                  384 |                        0 |                        0 |       0 |
| model._orig_mod.encoder.encoder.layer.5                                   |               444864 |                        0 |                        0 |       0 |
| model._orig_mod.encoder.encoder.layer.5.attention                         |               148224 |                        0 |                        0 |       0 |
| model._orig_mod.encoder.encoder.layer.5.attention.attention               |               111168 |                        0 |                        0 |       0 |
| model._orig_mod.encoder.encoder.layer.5.attention.attention.query         |                37056 |                        0 |                        0 |       0 |
| model._orig_mod.encoder.encoder.layer.5.attention.attention.key           |                37056 |                        0 |                        0 |       0 |
| model._orig_mod.encoder.encoder.layer.5.attention.attention.value         |                37056 |                        0 |                        0 |       0 |
| model._orig_mod.encoder.encoder.layer.5.attention.output                  |                37056 |                        0 |                        0 |       0 |
| model._orig_mod.encoder.encoder.layer.5.attention.output.dense            |                37056 |                        0 |                        0 |       0 |
| model._orig_mod.encoder.encoder.layer.5.attention.output.dropout          |                    0 |                        0 |                        0 |       0 |
| model._orig_mod.encoder.encoder.layer.5.intermediate                      |               148224 |                        0 |                        0 |       0 |
| model._orig_mod.encoder.encoder.layer.5.intermediate.dense                |               148224 |                        0 |                        0 |       0 |
| model._orig_mod.encoder.encoder.layer.5.intermediate.intermediate_act_fn  |                    0 |                        0 |                        0 |       0 |
| model._orig_mod.encoder.encoder.layer.5.output                            |               147648 |                        0 |                        0 |       0 |
| model._orig_mod.encoder.encoder.layer.5.output.dense                      |               147648 |                        0 |                        0 |       0 |
| model._orig_mod.encoder.encoder.layer.5.output.dropout                    |                    0 |                        0 |                        0 |       0 |
| model._orig_mod.encoder.encoder.layer.5.layernorm_before                  |                  384 |                        0 |                        0 |       0 |
| model._orig_mod.encoder.encoder.layer.5.layernorm_after                   |                  384 |                        0 |                        0 |       0 |
| model._orig_mod.encoder.encoder.layer.6                                   |               444864 |                        0 |                        0 |       0 |
| model._orig_mod.encoder.encoder.layer.6.attention                         |               148224 |                        0 |                        0 |       0 |
| model._orig_mod.encoder.encoder.layer.6.attention.attention               |               111168 |                        0 |                        0 |       0 |
| model._orig_mod.encoder.encoder.layer.6.attention.attention.query         |                37056 |                        0 |                        0 |       0 |
| model._orig_mod.encoder.encoder.layer.6.attention.attention.key           |                37056 |                        0 |                        0 |       0 |
| model._orig_mod.encoder.encoder.layer.6.attention.attention.value         |                37056 |                        0 |                        0 |       0 |
| model._orig_mod.encoder.encoder.layer.6.attention.output                  |                37056 |                        0 |                        0 |       0 |
| model._orig_mod.encoder.encoder.layer.6.attention.output.dense            |                37056 |                        0 |                        0 |       0 |
| model._orig_mod.encoder.encoder.layer.6.attention.output.dropout          |                    0 |                        0 |                        0 |       0 |
| model._orig_mod.encoder.encoder.layer.6.intermediate                      |               148224 |                        0 |                        0 |       0 |
| model._orig_mod.encoder.encoder.layer.6.intermediate.dense                |               148224 |                        0 |                        0 |       0 |
| model._orig_mod.encoder.encoder.layer.6.intermediate.intermediate_act_fn  |                    0 |                        0 |                        0 |       0 |
| model._orig_mod.encoder.encoder.layer.6.output                            |               147648 |                        0 |                        0 |       0 |
| model._orig_mod.encoder.encoder.layer.6.output.dense                      |               147648 |                        0 |                        0 |       0 |
| model._orig_mod.encoder.encoder.layer.6.output.dropout                    |                    0 |                        0 |                        0 |       0 |
| model._orig_mod.encoder.encoder.layer.6.layernorm_before                  |                  384 |                        0 |                        0 |       0 |
| model._orig_mod.encoder.encoder.layer.6.layernorm_after                   |                  384 |                        0 |                        0 |       0 |
| model._orig_mod.encoder.encoder.layer.7                                   |               444864 |                        0 |                        0 |       0 |
| model._orig_mod.encoder.encoder.layer.7.attention                         |               148224 |                        0 |                        0 |       0 |
| model._orig_mod.encoder.encoder.layer.7.attention.attention               |               111168 |                        0 |                        0 |       0 |
| model._orig_mod.encoder.encoder.layer.7.attention.attention.query         |                37056 |                        0 |                        0 |       0 |
| model._orig_mod.encoder.encoder.layer.7.attention.attention.key           |                37056 |                        0 |                        0 |       0 |
| model._orig_mod.encoder.encoder.layer.7.attention.attention.value         |                37056 |                        0 |                        0 |       0 |
| model._orig_mod.encoder.encoder.layer.7.attention.output                  |                37056 |                        0 |                        0 |       0 |
| model._orig_mod.encoder.encoder.layer.7.attention.output.dense            |                37056 |                        0 |                        0 |       0 |
| model._orig_mod.encoder.encoder.layer.7.attention.output.dropout          |                    0 |                        0 |                        0 |       0 |
| model._orig_mod.encoder.encoder.layer.7.intermediate                      |               148224 |                        0 |                        0 |       0 |
| model._orig_mod.encoder.encoder.layer.7.intermediate.dense                |               148224 |                        0 |                        0 |       0 |
| model._orig_mod.encoder.encoder.layer.7.intermediate.intermediate_act_fn  |                    0 |                        0 |                        0 |       0 |
| model._orig_mod.encoder.encoder.layer.7.output                            |               147648 |                        0 |                        0 |       0 |
| model._orig_mod.encoder.encoder.layer.7.output.dense                      |               147648 |                        0 |                        0 |       0 |
| model._orig_mod.encoder.encoder.layer.7.output.dropout                    |                    0 |                        0 |                        0 |       0 |
| model._orig_mod.encoder.encoder.layer.7.layernorm_before                  |                  384 |                        0 |                        0 |       0 |
| model._orig_mod.encoder.encoder.layer.7.layernorm_after                   |                  384 |                        0 |                        0 |       0 |
| model._orig_mod.encoder.encoder.layer.8                                   |               444864 |                        0 |                        0 |       0 |
| model._orig_mod.encoder.encoder.layer.8.attention                         |               148224 |                        0 |                        0 |       0 |
| model._orig_mod.encoder.encoder.layer.8.attention.attention               |               111168 |                        0 |                        0 |       0 |
| model._orig_mod.encoder.encoder.layer.8.attention.attention.query         |                37056 |                        0 |                        0 |       0 |
| model._orig_mod.encoder.encoder.layer.8.attention.attention.key           |                37056 |                        0 |                        0 |       0 |
| model._orig_mod.encoder.encoder.layer.8.attention.attention.value         |                37056 |                        0 |                        0 |       0 |
| model._orig_mod.encoder.encoder.layer.8.attention.output                  |                37056 |                        0 |                        0 |       0 |
| model._orig_mod.encoder.encoder.layer.8.attention.output.dense            |                37056 |                        0 |                        0 |       0 |
| model._orig_mod.encoder.encoder.layer.8.attention.output.dropout          |                    0 |                        0 |                        0 |       0 |
| model._orig_mod.encoder.encoder.layer.8.intermediate                      |               148224 |                        0 |                        0 |       0 |
| model._orig_mod.encoder.encoder.layer.8.intermediate.dense                |               148224 |                        0 |                        0 |       0 |
| model._orig_mod.encoder.encoder.layer.8.intermediate.intermediate_act_fn  |                    0 |                        0 |                        0 |       0 |
| model._orig_mod.encoder.encoder.layer.8.output                            |               147648 |                        0 |                        0 |       0 |
| model._orig_mod.encoder.encoder.layer.8.output.dense                      |               147648 |                        0 |                        0 |       0 |
| model._orig_mod.encoder.encoder.layer.8.output.dropout                    |                    0 |                        0 |                        0 |       0 |
| model._orig_mod.encoder.encoder.layer.8.layernorm_before                  |                  384 |                        0 |                        0 |       0 |
| model._orig_mod.encoder.encoder.layer.8.layernorm_after                   |                  384 |                        0 |                        0 |       0 |
| model._orig_mod.encoder.encoder.layer.9                                   |               444864 |                        0 |                        0 |       0 |
| model._orig_mod.encoder.encoder.layer.9.attention                         |               148224 |                        0 |                        0 |       0 |
| model._orig_mod.encoder.encoder.layer.9.attention.attention               |               111168 |                        0 |                        0 |       0 |
| model._orig_mod.encoder.encoder.layer.9.attention.attention.query         |                37056 |                        0 |                        0 |       0 |
| model._orig_mod.encoder.encoder.layer.9.attention.attention.key           |                37056 |                        0 |                        0 |       0 |
| model._orig_mod.encoder.encoder.layer.9.attention.attention.value         |                37056 |                        0 |                        0 |       0 |
| model._orig_mod.encoder.encoder.layer.9.attention.output                  |                37056 |                        0 |                        0 |       0 |
| model._orig_mod.encoder.encoder.layer.9.attention.output.dense            |                37056 |                        0 |                        0 |       0 |
| model._orig_mod.encoder.encoder.layer.9.attention.output.dropout          |                    0 |                        0 |                        0 |       0 |
| model._orig_mod.encoder.encoder.layer.9.intermediate                      |               148224 |                        0 |                        0 |       0 |
| model._orig_mod.encoder.encoder.layer.9.intermediate.dense                |               148224 |                        0 |                        0 |       0 |
| model._orig_mod.encoder.encoder.layer.9.intermediate.intermediate_act_fn  |                    0 |                        0 |                        0 |       0 |
| model._orig_mod.encoder.encoder.layer.9.output                            |               147648 |                        0 |                        0 |       0 |
| model._orig_mod.encoder.encoder.layer.9.output.dense                      |               147648 |                        0 |                        0 |       0 |
| model._orig_mod.encoder.encoder.layer.9.output.dropout                    |                    0 |                        0 |                        0 |       0 |
| model._orig_mod.encoder.encoder.layer.9.layernorm_before                  |                  384 |                        0 |                        0 |       0 |
| model._orig_mod.encoder.encoder.layer.9.layernorm_after                   |                  384 |                        0 |                        0 |       0 |
| model._orig_mod.encoder.encoder.layer.10                                  |               444864 |                        0 |                        0 |       0 |
| model._orig_mod.encoder.encoder.layer.10.attention                        |               148224 |                        0 |                        0 |       0 |
| model._orig_mod.encoder.encoder.layer.10.attention.attention              |               111168 |                        0 |                        0 |       0 |
| model._orig_mod.encoder.encoder.layer.10.attention.attention.query        |                37056 |                        0 |                        0 |       0 |
| model._orig_mod.encoder.encoder.layer.10.attention.attention.key          |                37056 |                        0 |                        0 |       0 |
| model._orig_mod.encoder.encoder.layer.10.attention.attention.value        |                37056 |                        0 |                        0 |       0 |
| model._orig_mod.encoder.encoder.layer.10.attention.output                 |                37056 |                        0 |                        0 |       0 |
| model._orig_mod.encoder.encoder.layer.10.attention.output.dense           |                37056 |                        0 |                        0 |       0 |
| model._orig_mod.encoder.encoder.layer.10.attention.output.dropout         |                    0 |                        0 |                        0 |       0 |
| model._orig_mod.encoder.encoder.layer.10.intermediate                     |               148224 |                        0 |                        0 |       0 |
| model._orig_mod.encoder.encoder.layer.10.intermediate.dense               |               148224 |                        0 |                        0 |       0 |
| model._orig_mod.encoder.encoder.layer.10.intermediate.intermediate_act_fn |                    0 |                        0 |                        0 |       0 |
| model._orig_mod.encoder.encoder.layer.10.output                           |               147648 |                        0 |                        0 |       0 |
| model._orig_mod.encoder.encoder.layer.10.output.dense                     |               147648 |                        0 |                        0 |       0 |
| model._orig_mod.encoder.encoder.layer.10.output.dropout                   |                    0 |                        0 |                        0 |       0 |
| model._orig_mod.encoder.encoder.layer.10.layernorm_before                 |                  384 |                        0 |                        0 |       0 |
| model._orig_mod.encoder.encoder.layer.10.layernorm_after                  |                  384 |                        0 |                        0 |       0 |
| model._orig_mod.encoder.encoder.layer.11                                  |               444864 |                        0 |                        0 |       0 |
| model._orig_mod.encoder.encoder.layer.11.attention                        |               148224 |                        0 |                        0 |       0 |
| model._orig_mod.encoder.encoder.layer.11.attention.attention              |               111168 |                        0 |                        0 |       0 |
| model._orig_mod.encoder.encoder.layer.11.attention.attention.query        |                37056 |                        0 |                        0 |       0 |
| model._orig_mod.encoder.encoder.layer.11.attention.attention.key          |                37056 |                        0 |                        0 |       0 |
| model._orig_mod.encoder.encoder.layer.11.attention.attention.value        |                37056 |                        0 |                        0 |       0 |
| model._orig_mod.encoder.encoder.layer.11.attention.output                 |                37056 |                        0 |                        0 |       0 |
| model._orig_mod.encoder.encoder.layer.11.attention.output.dense           |                37056 |                        0 |                        0 |       0 |
| model._orig_mod.encoder.encoder.layer.11.attention.output.dropout         |                    0 |                        0 |                        0 |       0 |
| model._orig_mod.encoder.encoder.layer.11.intermediate                     |               148224 |                        0 |                        0 |       0 |
| model._orig_mod.encoder.encoder.layer.11.intermediate.dense               |               148224 |                        0 |                        0 |       0 |
| model._orig_mod.encoder.encoder.layer.11.intermediate.intermediate_act_fn |                    0 |                        0 |                        0 |       0 |
| model._orig_mod.encoder.encoder.layer.11.output                           |               147648 |                        0 |                        0 |       0 |
| model._orig_mod.encoder.encoder.layer.11.output.dense                     |               147648 |                        0 |                        0 |       0 |
| model._orig_mod.encoder.encoder.layer.11.output.dropout                   |                    0 |                        0 |                        0 |       0 |
| model._orig_mod.encoder.encoder.layer.11.layernorm_before                 |                  384 |                        0 |                        0 |       0 |
| model._orig_mod.encoder.encoder.layer.11.layernorm_after                  |                  384 |                        0 |                        0 |       0 |
| model._orig_mod.encoder.layernorm                                         |                  384 |                        0 |                        0 |       0 |
| model._orig_mod.predictor                                                 |             10791360 |                        0 |                        0 |       0 |
| model._orig_mod.predictor.dropout                                         |                    0 |                        0 |                        0 |       0 |
| model._orig_mod.predictor.transformer                                     |             10790784 |                        0 |                        0 |       0 |
| model._orig_mod.predictor.transformer.norm                                |                  384 |                        0 |                        0 |       0 |
| model._orig_mod.predictor.transformer.layers                              |             10790400 |                        0 |                        0 |       0 |
| model._orig_mod.predictor.transformer.layers.0                            |              1798400 |                        0 |                        0 |       0 |
| model._orig_mod.predictor.transformer.layers.0.attn                       |               787008 |                        0 |                        0 |       0 |
| model._orig_mod.predictor.transformer.layers.0.attn.norm                  |                  384 |                        0 |                        0 |       0 |
| model._orig_mod.predictor.transformer.layers.0.attn.attend                |                    0 |                        0 |                        0 |       0 |
| model._orig_mod.predictor.transformer.layers.0.attn.to_qkv                |               589824 |                        0 |                        0 |       0 |
| model._orig_mod.predictor.transformer.layers.0.attn.to_out                |               196800 |                        0 |                        0 |       0 |
| model._orig_mod.predictor.transformer.layers.0.attn.to_out.0              |               196800 |                        0 |                        0 |       0 |
| model._orig_mod.predictor.transformer.layers.0.attn.to_out.1              |                    0 |                        0 |                        0 |       0 |
| model._orig_mod.predictor.transformer.layers.0.mlp                        |               789056 |                        0 |                        0 |       0 |
| model._orig_mod.predictor.transformer.layers.0.mlp.net                    |               789056 |                        0 |                        0 |       0 |
| model._orig_mod.predictor.transformer.layers.0.mlp.net.0                  |                  384 |                        0 |                        0 |       0 |
| model._orig_mod.predictor.transformer.layers.0.mlp.net.1                  |               395264 |                        0 |                        0 |       0 |
| model._orig_mod.predictor.transformer.layers.0.mlp.net.2                  |                    0 |                        0 |                        0 |       0 |
| model._orig_mod.predictor.transformer.layers.0.mlp.net.3                  |                    0 |                        0 |                        0 |       0 |
| model._orig_mod.predictor.transformer.layers.0.mlp.net.4                  |               393408 |                        0 |                        0 |       0 |
| model._orig_mod.predictor.transformer.layers.0.mlp.net.5                  |                    0 |                        0 |                        0 |       0 |
| model._orig_mod.predictor.transformer.layers.0.norm1                      |                    0 |                        0 |                        0 |       0 |
| model._orig_mod.predictor.transformer.layers.0.norm2                      |                    0 |                        0 |                        0 |       0 |
| model._orig_mod.predictor.transformer.layers.0.adaLN_modulation           |               222336 |                        0 |                        0 |       0 |
| model._orig_mod.predictor.transformer.layers.0.adaLN_modulation.0         |                    0 |                        0 |                        0 |       0 |
| model._orig_mod.predictor.transformer.layers.0.adaLN_modulation.1         |               222336 |                        0 |                        0 |       0 |
| model._orig_mod.predictor.transformer.layers.1                            |              1798400 |                        0 |                        0 |       0 |
| model._orig_mod.predictor.transformer.layers.1.attn                       |               787008 |                        0 |                        0 |       0 |
| model._orig_mod.predictor.transformer.layers.1.attn.norm                  |                  384 |                        0 |                        0 |       0 |
| model._orig_mod.predictor.transformer.layers.1.attn.attend                |                    0 |                        0 |                        0 |       0 |
| model._orig_mod.predictor.transformer.layers.1.attn.to_qkv                |               589824 |                        0 |                        0 |       0 |
| model._orig_mod.predictor.transformer.layers.1.attn.to_out                |               196800 |                        0 |                        0 |       0 |
| model._orig_mod.predictor.transformer.layers.1.attn.to_out.0              |               196800 |                        0 |                        0 |       0 |
| model._orig_mod.predictor.transformer.layers.1.attn.to_out.1              |                    0 |                        0 |                        0 |       0 |
| model._orig_mod.predictor.transformer.layers.1.mlp                        |               789056 |                        0 |                        0 |       0 |
| model._orig_mod.predictor.transformer.layers.1.mlp.net                    |               789056 |                        0 |                        0 |       0 |
| model._orig_mod.predictor.transformer.layers.1.mlp.net.0                  |                  384 |                        0 |                        0 |       0 |
| model._orig_mod.predictor.transformer.layers.1.mlp.net.1                  |               395264 |                        0 |                        0 |       0 |
| model._orig_mod.predictor.transformer.layers.1.mlp.net.2                  |                    0 |                        0 |                        0 |       0 |
| model._orig_mod.predictor.transformer.layers.1.mlp.net.3                  |                    0 |                        0 |                        0 |       0 |
| model._orig_mod.predictor.transformer.layers.1.mlp.net.4                  |               393408 |                        0 |                        0 |       0 |
| model._orig_mod.predictor.transformer.layers.1.mlp.net.5                  |                    0 |                        0 |                        0 |       0 |
| model._orig_mod.predictor.transformer.layers.1.norm1                      |                    0 |                        0 |                        0 |       0 |
| model._orig_mod.predictor.transformer.layers.1.norm2                      |                    0 |                        0 |                        0 |       0 |
| model._orig_mod.predictor.transformer.layers.1.adaLN_modulation           |               222336 |                        0 |                        0 |       0 |
| model._orig_mod.predictor.transformer.layers.1.adaLN_modulation.0         |                    0 |                        0 |                        0 |       0 |
| model._orig_mod.predictor.transformer.layers.1.adaLN_modulation.1         |               222336 |                        0 |                        0 |       0 |
| model._orig_mod.predictor.transformer.layers.2                            |              1798400 |                        0 |                        0 |       0 |
| model._orig_mod.predictor.transformer.layers.2.attn                       |               787008 |                        0 |                        0 |       0 |
| model._orig_mod.predictor.transformer.layers.2.attn.norm                  |                  384 |                        0 |                        0 |       0 |
| model._orig_mod.predictor.transformer.layers.2.attn.attend                |                    0 |                        0 |                        0 |       0 |
| model._orig_mod.predictor.transformer.layers.2.attn.to_qkv                |               589824 |                        0 |                        0 |       0 |
| model._orig_mod.predictor.transformer.layers.2.attn.to_out                |               196800 |                        0 |                        0 |       0 |
| model._orig_mod.predictor.transformer.layers.2.attn.to_out.0              |               196800 |                        0 |                        0 |       0 |
| model._orig_mod.predictor.transformer.layers.2.attn.to_out.1              |                    0 |                        0 |                        0 |       0 |
| model._orig_mod.predictor.transformer.layers.2.mlp                        |               789056 |                        0 |                        0 |       0 |
| model._orig_mod.predictor.transformer.layers.2.mlp.net                    |               789056 |                        0 |                        0 |       0 |
| model._orig_mod.predictor.transformer.layers.2.mlp.net.0                  |                  384 |                        0 |                        0 |       0 |
| model._orig_mod.predictor.transformer.layers.2.mlp.net.1                  |               395264 |                        0 |                        0 |       0 |
| model._orig_mod.predictor.transformer.layers.2.mlp.net.2                  |                    0 |                        0 |                        0 |       0 |
| model._orig_mod.predictor.transformer.layers.2.mlp.net.3                  |                    0 |                        0 |                        0 |       0 |
| model._orig_mod.predictor.transformer.layers.2.mlp.net.4                  |               393408 |                        0 |                        0 |       0 |
| model._orig_mod.predictor.transformer.layers.2.mlp.net.5                  |                    0 |                        0 |                        0 |       0 |
| model._orig_mod.predictor.transformer.layers.2.norm1                      |                    0 |                        0 |                        0 |       0 |
| model._orig_mod.predictor.transformer.layers.2.norm2                      |                    0 |                        0 |                        0 |       0 |
| model._orig_mod.predictor.transformer.layers.2.adaLN_modulation           |               222336 |                        0 |                        0 |       0 |
| model._orig_mod.predictor.transformer.layers.2.adaLN_modulation.0         |                    0 |                        0 |                        0 |       0 |
| model._orig_mod.predictor.transformer.layers.2.adaLN_modulation.1         |               222336 |                        0 |                        0 |       0 |
| model._orig_mod.predictor.transformer.layers.3                            |              1798400 |                        0 |                        0 |       0 |
| model._orig_mod.predictor.transformer.layers.3.attn                       |               787008 |                        0 |                        0 |       0 |
| model._orig_mod.predictor.transformer.layers.3.attn.norm                  |                  384 |                        0 |                        0 |       0 |
| model._orig_mod.predictor.transformer.layers.3.attn.attend                |                    0 |                        0 |                        0 |       0 |
| model._orig_mod.predictor.transformer.layers.3.attn.to_qkv                |               589824 |                        0 |                        0 |       0 |
| model._orig_mod.predictor.transformer.layers.3.attn.to_out                |               196800 |                        0 |                        0 |       0 |
| model._orig_mod.predictor.transformer.layers.3.attn.to_out.0              |               196800 |                        0 |                        0 |       0 |
| model._orig_mod.predictor.transformer.layers.3.attn.to_out.1              |                    0 |                        0 |                        0 |       0 |
| model._orig_mod.predictor.transformer.layers.3.mlp                        |               789056 |                        0 |                        0 |       0 |
| model._orig_mod.predictor.transformer.layers.3.mlp.net                    |               789056 |                        0 |                        0 |       0 |
| model._orig_mod.predictor.transformer.layers.3.mlp.net.0                  |                  384 |                        0 |                        0 |       0 |
| model._orig_mod.predictor.transformer.layers.3.mlp.net.1                  |               395264 |                        0 |                        0 |       0 |
| model._orig_mod.predictor.transformer.layers.3.mlp.net.2                  |                    0 |                        0 |                        0 |       0 |
| model._orig_mod.predictor.transformer.layers.3.mlp.net.3                  |                    0 |                        0 |                        0 |       0 |
| model._orig_mod.predictor.transformer.layers.3.mlp.net.4                  |               393408 |                        0 |                        0 |       0 |
| model._orig_mod.predictor.transformer.layers.3.mlp.net.5                  |                    0 |                        0 |                        0 |       0 |
| model._orig_mod.predictor.transformer.layers.3.norm1                      |                    0 |                        0 |                        0 |       0 |
| model._orig_mod.predictor.transformer.layers.3.norm2                      |                    0 |                        0 |                        0 |       0 |
| model._orig_mod.predictor.transformer.layers.3.adaLN_modulation           |               222336 |                        0 |                        0 |       0 |
| model._orig_mod.predictor.transformer.layers.3.adaLN_modulation.0         |                    0 |                        0 |                        0 |       0 |
| model._orig_mod.predictor.transformer.layers.3.adaLN_modulation.1         |               222336 |                        0 |                        0 |       0 |
| model._orig_mod.predictor.transformer.layers.4                            |              1798400 |                        0 |                        0 |       0 |
| model._orig_mod.predictor.transformer.layers.4.attn                       |               787008 |                        0 |                        0 |       0 |
| model._orig_mod.predictor.transformer.layers.4.attn.norm                  |                  384 |                        0 |                        0 |       0 |
| model._orig_mod.predictor.transformer.layers.4.attn.attend                |                    0 |                        0 |                        0 |       0 |
| model._orig_mod.predictor.transformer.layers.4.attn.to_qkv                |               589824 |                        0 |                        0 |       0 |
| model._orig_mod.predictor.transformer.layers.4.attn.to_out                |               196800 |                        0 |                        0 |       0 |
| model._orig_mod.predictor.transformer.layers.4.attn.to_out.0              |               196800 |                        0 |                        0 |       0 |
| model._orig_mod.predictor.transformer.layers.4.attn.to_out.1              |                    0 |                        0 |                        0 |       0 |
| model._orig_mod.predictor.transformer.layers.4.mlp                        |               789056 |                        0 |                        0 |       0 |
| model._orig_mod.predictor.transformer.layers.4.mlp.net                    |               789056 |                        0 |                        0 |       0 |
| model._orig_mod.predictor.transformer.layers.4.mlp.net.0                  |                  384 |                        0 |                        0 |       0 |
| model._orig_mod.predictor.transformer.layers.4.mlp.net.1                  |               395264 |                        0 |                        0 |       0 |
| model._orig_mod.predictor.transformer.layers.4.mlp.net.2                  |                    0 |                        0 |                        0 |       0 |
| model._orig_mod.predictor.transformer.layers.4.mlp.net.3                  |                    0 |                        0 |                        0 |       0 |
| model._orig_mod.predictor.transformer.layers.4.mlp.net.4                  |               393408 |                        0 |                        0 |       0 |
| model._orig_mod.predictor.transformer.layers.4.mlp.net.5                  |                    0 |                        0 |                        0 |       0 |
| model._orig_mod.predictor.transformer.layers.4.norm1                      |                    0 |                        0 |                        0 |       0 |
| model._orig_mod.predictor.transformer.layers.4.norm2                      |                    0 |                        0 |                        0 |       0 |
| model._orig_mod.predictor.transformer.layers.4.adaLN_modulation           |               222336 |                        0 |                        0 |       0 |
| model._orig_mod.predictor.transformer.layers.4.adaLN_modulation.0         |                    0 |                        0 |                        0 |       0 |
| model._orig_mod.predictor.transformer.layers.4.adaLN_modulation.1         |               222336 |                        0 |                        0 |       0 |
| model._orig_mod.predictor.transformer.layers.5                            |              1798400 |                        0 |                        0 |       0 |
| model._orig_mod.predictor.transformer.layers.5.attn                       |               787008 |                        0 |                        0 |       0 |
| model._orig_mod.predictor.transformer.layers.5.attn.norm                  |                  384 |                        0 |                        0 |       0 |
| model._orig_mod.predictor.transformer.layers.5.attn.attend                |                    0 |                        0 |                        0 |       0 |
| model._orig_mod.predictor.transformer.layers.5.attn.to_qkv                |               589824 |                        0 |                        0 |       0 |
| model._orig_mod.predictor.transformer.layers.5.attn.to_out                |               196800 |                        0 |                        0 |       0 |
| model._orig_mod.predictor.transformer.layers.5.attn.to_out.0              |               196800 |                        0 |                        0 |       0 |
| model._orig_mod.predictor.transformer.layers.5.attn.to_out.1              |                    0 |                        0 |                        0 |       0 |
| model._orig_mod.predictor.transformer.layers.5.mlp                        |               789056 |                        0 |                        0 |       0 |
| model._orig_mod.predictor.transformer.layers.5.mlp.net                    |               789056 |                        0 |                        0 |       0 |
| model._orig_mod.predictor.transformer.layers.5.mlp.net.0                  |                  384 |                        0 |                        0 |       0 |
| model._orig_mod.predictor.transformer.layers.5.mlp.net.1                  |               395264 |                        0 |                        0 |       0 |
| model._orig_mod.predictor.transformer.layers.5.mlp.net.2                  |                    0 |                        0 |                        0 |       0 |
| model._orig_mod.predictor.transformer.layers.5.mlp.net.3                  |                    0 |                        0 |                        0 |       0 |
| model._orig_mod.predictor.transformer.layers.5.mlp.net.4                  |               393408 |                        0 |                        0 |       0 |
| model._orig_mod.predictor.transformer.layers.5.mlp.net.5                  |                    0 |                        0 |                        0 |       0 |
| model._orig_mod.predictor.transformer.layers.5.norm1                      |                    0 |                        0 |                        0 |       0 |
| model._orig_mod.predictor.transformer.layers.5.norm2                      |                    0 |                        0 |                        0 |       0 |
| model._orig_mod.predictor.transformer.layers.5.adaLN_modulation           |               222336 |                        0 |                        0 |       0 |
| model._orig_mod.predictor.transformer.layers.5.adaLN_modulation.0         |                    0 |                        0 |                        0 |       0 |
| model._orig_mod.predictor.transformer.layers.5.adaLN_modulation.1         |               222336 |                        0 |                        0 |       0 |
| model._orig_mod.predictor.transformer.input_proj                          |                    0 |                        0 |                        0 |       0 |
| model._orig_mod.predictor.transformer.cond_proj                           |                    0 |                        0 |                        0 |       0 |
| model._orig_mod.predictor.transformer.output_proj                         |                    0 |                        0 |                        0 |       0 |
| model._orig_mod.action_encoder                                            |               746798 |                        0 |                        0 |       0 |
| model._orig_mod.action_encoder.patch_embed                                |                  110 |                        0 |                        0 |       0 |
| model._orig_mod.action_encoder.embed                                      |               746688 |                        0 |                        0 |       0 |
| model._orig_mod.action_encoder.embed.0                                    |                 8448 |                        0 |                        0 |       0 |
| model._orig_mod.action_encoder.embed.1                                    |                    0 |                        0 |                        0 |       0 |
| model._orig_mod.action_encoder.embed.2                                    |               590592 |                        0 |                        0 |       0 |
| model._orig_mod.action_encoder.embed.3                                    |                    0 |                        0 |                        0 |       0 |
| model._orig_mod.action_encoder.embed.4                                    |               147648 |                        0 |                        0 |       0 |
| model._orig_mod.projector                                                 |               792768 |                        0 |                        0 |    4097 |
| model._orig_mod.projector.net                                             |               792768 |                        0 |                        0 |    4097 |
| model._orig_mod.projector.net.0                                           |               395264 |                        0 |                        0 |       0 |
| model._orig_mod.projector.net.1                                           |                 4096 |                        0 |                        0 |    4097 |
| model._orig_mod.projector.net.2                                           |                    0 |                        0 |                        0 |       0 |
| model._orig_mod.projector.net.3                                           |               393408 |                        0 |                        0 |       0 |
| model._orig_mod.pred_proj                                                 |               792768 |                        0 |                        0 |    4097 |
| model._orig_mod.pred_proj.net                                             |               792768 |                        0 |                        0 |    4097 |
| model._orig_mod.pred_proj.net.0                                           |               395264 |                        0 |                        0 |       0 |
| model._orig_mod.pred_proj.net.1                                           |                 4096 |                        0 |                        0 |    4097 |
| model._orig_mod.pred_proj.net.2                                           |                    0 |                        0 |                        0 |       0 |
| model._orig_mod.pred_proj.net.3                                           |               393408 |                        0 |                        0 |       0 |
| rdmreg                                                                    |                    0 |                        0 |                        0 |       0 |
+---------------------------------------------------------------------------+----------------------+--------------------------+--------------------------+---------+
02:08:37.455 | INFO    (551124, stable_pretraining.callbacks.trainer_info) | ---- SLURM INFO ---- 🔧
02:08:37.455 | INFO    (551124, stable_pretraining.callbacks.trainer_info) | Job ID: N/A
02:08:37.456 | INFO    (551124, stable_pretraining.callbacks.trainer_info) | Task ID: N/A
02:08:37.456 | INFO    (551124, stable_pretraining.callbacks.trainer_info) | Job Name: N/A
02:08:37.456 | INFO    (551124, stable_pretraining.callbacks.trainer_info) | Nodes: N/A
02:08:37.456 | INFO    (551124, stable_pretraining.callbacks.trainer_info) | Tasks: N/A
02:08:37.456 | INFO    (551124, stable_pretraining.callbacks.trainer_info) | CPUs per node: N/A
02:08:37.456 | INFO    (551124, stable_pretraining.callbacks.trainer_info) | CPUs per task: N/A
02:08:37.456 | INFO    (551124, stable_pretraining.callbacks.trainer_info) | Memory per node: N/A
02:08:37.456 | INFO    (551124, stable_pretraining.callbacks.trainer_info) | Memory per CPU: N/A
02:08:37.456 | INFO    (551124, stable_pretraining.callbacks.trainer_info) | Time limit: N/A
02:08:37.456 | INFO    (551124, stable_pretraining.callbacks.trainer_info) | Partition: N/A
02:08:37.456 | INFO    (551124, stable_pretraining.callbacks.trainer_info) | Node List: N/A
02:08:37.456 | INFO    (551124, stable_pretraining.callbacks.trainer_info) | Submit Directory: N/A
02:08:37.456 | INFO    (551124, stable_pretraining.callbacks.cpu_offload) | CPUOffloadCallback: Setup called for stage 'TrainerFn.FITTING'
02:08:37.456 | INFO    (551124, stable_pretraining.callbacks.cpu_offload) |   - Trainer rank: 0/1
02:08:37.456 | INFO    (551124, stable_pretraining.callbacks.cpu_offload) |   - Strategy: SingleDeviceStrategy
02:08:37.456 | SUCCESS (551124, stable_pretraining.callbacks.cpu_offload) | ✓ Strategy 'SingleDeviceStrategy' is compatible with CPU offload
02:08:37.456 | SUCCESS (551124, stable_pretraining.callbacks.cpu_offload) | ✓ CPUOffloadCallback ENABLED for strategy 'SingleDeviceStrategy'
02:08:37.457 | INFO    (551124, stable_pretraining.callbacks.cpu_offload) |   - This rank will handle checkpoint saving and CPU offload
/home/aarav/wms/le-wm/le-wm/lib/python3.11/site-packages/lightning/pytorch/callbacks/model_checkpoint.py:881: Checkpoint directory /home/aarav/wms/le-wm/dataset exists and is not empty.
LOCAL_RANK: 0 - CUDA_VISIBLE_DEVICES: [0]
02:08:37.474 | WARNING (551124, stable_pretraining.callbacks.env_info) |      ⚠️  pip freeze failed: Command '['/home/aarav/wms/le-wm/le-wm/bin/python', '-m', 'pip', 'freeze']' returned non-zero exit status 1.
02:08:37.474 | SUCCESS (551124, stable_pretraining.callbacks.env_info) |   ✓ Packages: 0 packages collected in 0.03s
02:08:37.479 | INFO    (551124, stable_pretraining.module) | Configuring optimizers and learning rate schedulers...
02:08:37.479 | INFO    (551124, stable_pretraining.module) | 	Optimizer specified by Dict with keys ['model_opt']... 🔧
02:08:37.481 | INFO    (551124, stable_pretraining.module) | 
┏━━━━━━━━━━━━━┳━━━━━━━━━━━┳━━━━━━━━━━━━━━━━━━━┳━━━━━━━━━━━━━━━━━┳━━━━━━━━━━━━━━━━┳━━━━━━━━━━━━━━━━━━━━━━━━┓
┃ Optimizer   ┃ Pattern   ┃   Matched Modules ┃   Param Tensors ┃   Total Params ┃   RequiresGrad Tensors ┃
┣━━━━━━━━━━━━━╋━━━━━━━━━━━╋━━━━━━━━━━━━━━━━━━━╋━━━━━━━━━━━━━━━━━╋━━━━━━━━━━━━━━━━╋━━━━━━━━━━━━━━━━━━━━━━━━┫
┃ model_opt   ┃ model     ┃               368 ┃             299 ┃       18588206 ┃                    299 ┃
┗━━━━━━━━━━━━━┻━━━━━━━━━━━┻━━━━━━━━━━━━━━━━━━━┻━━━━━━━━━━━━━━━━━┻━━━━━━━━━━━━━━━━┻━━━━━━━━━━━━━━━━━━━━━━━━┛
02:08:37.481 | INFO    (551124, stable_pretraining.optim.lr_scheduler) | 	User provided a dict
Loading `train_dataloader` to estimate number of stepping batches.
/home/aarav/wms/le-wm/le-wm/lib/python3.11/site-packages/lightning/pytorch/utilities/_pytree.py:21: `isinstance(treespec, LeafSpec)` is deprecated, use `isinstance(treespec, TreeSpec) and treespec.is_leaf()` instead.
02:08:37.507 | SUCCESS (551124, stable_pretraining.callbacks.env_info) |   ✓ NVIDIA Driver: 580.126.09
/home/aarav/wms/le-wm/le-wm/lib/python3.11/site-packages/lightning/pytorch/loops/fit_loop.py:317: The number of training batches (22) is smaller than the logging interval Trainer(log_every_n_steps=50). Set a lower value for log_every_n_steps if you want to see logs for the training epoch.
02:08:37.572 | INFO    (551124, stable_pretraining.module) | Configured optimizer 'model_opt' (modules=368, param_tensors=299, total_params=18588206) with LinearWarmupCosineAnnealingLR scheduler.
/home/aarav/wms/le-wm/le-wm/lib/python3.11/site-packages/lightning/pytorch/utilities/model_summary/model_summary.py:242: Precision bf16-mixed is not supported by the model summary.  Estimated model size in MB will not be accurate. Using 32 bits instead.
02:08:37.575 | WARNING (551124, stable_pretraining.module) | You are calling self.parameters which also gives callbacks parameters, to remove then, pass `with_callbacks=False`
02:08:37.578 | WARNING (551124, stable_pretraining.module) | You are calling self.parameters which also gives callbacks parameters, to remove then, pass `with_callbacks=False`
02:08:37.578 | WARNING (551124, stable_pretraining.module) | You are calling self.parameters which also gives callbacks parameters, to remove then, pass `with_callbacks=False`
02:08:37.579 | WARNING (551124, stable_pretraining.module) | You are calling self.parameters which also gives callbacks parameters, to remove then, pass `with_callbacks=False`
┏━━━┳━━━━━━━━━━━━━━━━━━━┳━━━━━━━━━━━━━━━━━┳━━━━━━━━┳━━━━━━━┳━━━━━━━┓
┃   ┃ Name              ┃ Type            ┃ Params ┃ Mode  ┃ FLOPs ┃
┡━━━╇━━━━━━━━━━━━━━━━━━━╇━━━━━━━━━━━━━━━━━╇━━━━━━━━╇━━━━━━━╇━━━━━━━┩
│ 0 │ callbacks_modules │ ModuleDict      │      0 │ train │     0 │
│ 1 │ callbacks_metrics │ ModuleDict      │      0 │ train │     0 │
│ 2 │ model             │ OptimizedModule │ 18.6 M │ train │     0 │
│ 3 │ rdmreg            │ RDMReg          │      0 │ train │     0 │
└───┴───────────────────┴─────────────────┴────────┴───────┴───────┘
Trainable params: 18.6 M                                                        
Non-trainable params: 0                                                         
Total params: 18.6 M                                                            
Total estimated model params size (MB): 74                                      
Modules in train mode: 371                                                      
Modules in eval mode: 0                                                         
Total FLOPs: 0                                                                  
02:08:37.588 | WARNING (551124, stable_pretraining.module) | You are calling self.parameters which also gives callbacks parameters, to remove then, pass `with_callbacks=False`
/home/aarav/wms/le-wm/le-wm/lib/python3.11/site-packages/lightning/pytorch/utilities/_pytree.py:21: `isinstance(treespec, LeafSpec)` is deprecated, use `isinstance(treespec, TreeSpec) and treespec.is_leaf()` instead.
/home/aarav/wms/le-wm/le-wm/lib/python3.11/site-packages/lightning/pytorch/utilities/data.py:79: Trying to infer the `batch_size` from an ambiguous collection. The batch size we found is 64. To avoid any miscalculations, use `self.log(..., batch_size=batch_size)`.
02:08:39.074 | INFO    (551124, stable_pretraining.callbacks.trainer_info) | \n+----------------------------+---------------------+
|           Metric           |        Value        |
+----------------------------+---------------------+
|       [0;34;40mvalidate/loss[0m        |  [0;32;40m0.602613091468811[0m  |
|    [0;34;40mvalidate/loss_epoch[0m     |  [0;32;40m0.602613091468811[0m  |
|     [0;34;40mvalidate/pred_loss[0m     | [0;32;40m0.06866668164730072[0m |
|  [0;34;40mvalidate/pred_loss_epoch[0m  | [0;32;40m0.06866668164730072[0m |
|    [0;34;40mvalidate/rdmreg_loss[0m    |  [0;32;40m0.5339463949203491[0m |
| [0;34;40mvalidate/rdmreg_loss_epoch[0m |  [0;32;40m0.5339463949203491[0m |
+----------------------------+---------------------+
02:08:39.079 | INFO    (551124, stable_pretraining.callbacks.cpu_offload) | CPUOffloadCallback: Training started
02:08:39.079 | WARNING (551124, stable_pretraining.module) | You are calling self.parameters which also gives callbacks parameters, to remove then, pass `with_callbacks=False`
02:08:39.079 | WARNING (551124, stable_pretraining.module) | You are calling self.parameters which also gives callbacks parameters, to remove then, pass `with_callbacks=False`
02:08:39.080 | INFO    (551124, stable_pretraining.callbacks.cpu_offload) | Model statistics:
02:08:39.080 | INFO    (551124, stable_pretraining.callbacks.cpu_offload) |   - Total parameters: 18,588,206
02:08:39.080 | INFO    (551124, stable_pretraining.callbacks.cpu_offload) |   - Trainable parameters: 18,588,206
02:08:39.080 | INFO    (551124, stable_pretraining.callbacks.cpu_offload) |   - Model size (bf16): ~0.04 GB
02:08:39.080 | INFO    (551124, stable_pretraining.callbacks.cpu_offload) |   - Estimated checkpoint size (with optimizer): ~0.11 GB
02:08:39.080 | INFO    (551124, stable_pretraining.module) | Double checking optimizers!
02:08:39.080 | INFO    (551124, stable_pretraining.module) | `self.optimizers() gave us 1 optimizers
02:08:39.080 | WARNING (551124, stable_pretraining.module) | No clip val found for optimizer default_0
02:08:39.080 | WARNING (551124, stable_pretraining.module) | -> we will use the Trainer's value of 1.0
02:08:39.080 | WARNING (551124, stable_pretraining.module) | No clip algorithm found for optimizer default_0
02:08:39.080 | WARNING (551124, stable_pretraining.module) | -> we will use the Trainer's value of None
02:08:39.080 | SUCCESS (551124, stable_pretraining.module) | We are done checking your optimizers! Here is the summary:
+------------+-----------+----------------+-----------+-----------+
| Opt. Index | Opt. name |      opt       | clip val. | clip alg. |
+------------+-----------+----------------+-----------+-----------+
|     0      | default_0 | LightningAdamW |    1.0    |    None   |
+------------+-----------+----------------+-----------+-----------+
02:08:39.095 | WARNING (551124, stable_pretraining.module) | You are calling self.parameters which also gives callbacks parameters, to remove then, pass `with_callbacks=False`
02:08:39.097 | INFO    (551124, stable_pretraining.callbacks.unused_parameters) | [LogUnusedParametersOnce] Registered hooks on 299 leaf parameters.
02:08:39.236 | WARNING (551124, stable_pretraining.module) | You are calling self.parameters which also gives callbacks parameters, to remove then, pass `with_callbacks=False`
02:08:39.237 | INFO    (551124, stable_pretraining.callbacks.unused_parameters) | [LogUnusedParametersOnce] All tracked parameters received gradients on the first backward pass.
02:08:39.237 | INFO    (551124, stable_pretraining.callbacks.unused_parameters) | [LogUnusedParametersOnce] Hooks removed, callback disabled.
02:08:41.693 | WARNING (551124, stable_pretraining.module) | You are calling self.parameters which also gives callbacks parameters, to remove then, pass `with_callbacks=False`
/home/aarav/wms/le-wm/le-wm/lib/python3.11/site-packages/lightning/pytorch/utilities/data.py:79: Trying to infer the `batch_size` from an ambiguous collection. The batch size we found is 31. To avoid any miscalculations, use `self.log(..., batch_size=batch_size)`.
02:08:42.274 | INFO    (551124, stable_pretraining.callbacks.trainer_info) | \n+----------------------------+---------------------+
|           Metric           |        Value        |
+----------------------------+---------------------+
|          [0;34;40mfit/loss[0m          | [0;32;40m0.21461942791938782[0m |
|       [0;34;40mfit/pred_loss[0m        | [0;32;40m0.06566184759140015[0m |
|      [0;34;40mfit/rdmreg_loss[0m       | [0;32;40m0.14895758032798767[0m |
|       [0;34;40mvalidate/loss[0m        |  [0;32;40m1.837199330329895[0m  |
|    [0;34;40mvalidate/loss_epoch[0m     |  [0;32;40m1.837199330329895[0m  |
|     [0;34;40mvalidate/pred_loss[0m     |  [0;32;40m0.6499494910240173[0m |
|  [0;34;40mvalidate/pred_loss_epoch[0m  |  [0;32;40m0.6499494910240173[0m |
|    [0;34;40mvalidate/rdmreg_loss[0m    |  [0;32;40m1.1872496604919434[0m |
| [0;34;40mvalidate/rdmreg_loss_epoch[0m |  [0;32;40m1.1872496604919434[0m |
+----------------------------+---------------------+
02:08:42.351 | INFO    (551124, stable_pretraining.callbacks.checkpoint_sklearn) | Checking for non PyTorch modules to save... 🔧
02:08:42.352 | INFO    (551124, stable_pretraining.callbacks.checkpoint_sklearn) | Checking for Wandb params to save... 🔧
02:08:42.352 | INFO    (551124, stable_pretraining.callbacks.checkpoint_sklearn) | Saving Wandb params {'id': 'lewm_lp_pusht_v2'}
02:08:42.352 | INFO    (551124, stable_pretraining.callbacks.checkpoint_sklearn) | Checking for Wandb params to save... Done!
02:08:42.352 | INFO    (551124, stable_pretraining.callbacks.cpu_offload) | ============================================================
02:08:42.352 | INFO    (551124, stable_pretraining.callbacks.cpu_offload) | CPUOffloadCallback: Starting checkpoint CPU offload (#1)
02:08:42.352 | INFO    (551124, stable_pretraining.callbacks.cpu_offload) |   - Global step: 22
02:08:42.352 | INFO    (551124, stable_pretraining.callbacks.cpu_offload) |   - Epoch: 0
02:08:42.352 | INFO    (551124, stable_pretraining.callbacks.cpu_offload) | Checkpoint contains 11 keys: ['callbacks', 'epoch', 'global_step', 'hparams_name', 'hyper_parameters', 'loops', 'lr_schedulers', 'optimizer_states', 'pytorch-lightning_version', 'state_dict', 'wandb']
02:08:42.353 | INFO    (551124, stable_pretraining.callbacks.cpu_offload) | GPU memory before offload:
02:08:42.353 | INFO    (551124, stable_pretraining.callbacks.cpu_offload) |   - Allocated: 0.24 GB
02:08:42.353 | INFO    (551124, stable_pretraining.callbacks.cpu_offload) |   - Reserved: 2.46 GB
02:08:42.353 | INFO    (551124, stable_pretraining.callbacks.cpu_offload) | Processing checkpoint key: 'state_dict'
02:08:42.383 | SUCCESS (551124, stable_pretraining.callbacks.cpu_offload) | ✓ Completed 'state_dict' in 0.03s
02:08:42.383 | INFO    (551124, stable_pretraining.callbacks.cpu_offload) | Processing checkpoint key: 'optimizer_states'
02:08:42.448 | SUCCESS (551124, stable_pretraining.callbacks.cpu_offload) | ✓ Completed 'optimizer_states' in 0.06s
02:08:42.448 | INFO    (551124, stable_pretraining.callbacks.cpu_offload) | Processing checkpoint key: 'lr_schedulers'
02:08:42.448 | SUCCESS (551124, stable_pretraining.callbacks.cpu_offload) | ✓ Completed 'lr_schedulers' in 0.00s
02:08:42.448 | WARNING (551124, stable_pretraining.callbacks.cpu_offload) | Skipped 322 custom object(s)
02:08:42.448 | WARNING (551124, stable_pretraining.callbacks.cpu_offload) | First 10 skipped objects:
02:08:42.448 | WARNING (551124, stable_pretraining.callbacks.cpu_offload) |   - float at 'optimizer_states[0].param_groups[0].lr'
02:08:42.448 | WARNING (551124, stable_pretraining.callbacks.cpu_offload) |   - float at 'optimizer_states[0].param_groups[0].betas[0]'
02:08:42.448 | WARNING (551124, stable_pretraining.callbacks.cpu_offload) |   - float at 'optimizer_states[0].param_groups[0].betas[1]'
02:08:42.448 | WARNING (551124, stable_pretraining.callbacks.cpu_offload) |   - float at 'optimizer_states[0].param_groups[0].eps'
02:08:42.448 | WARNING (551124, stable_pretraining.callbacks.cpu_offload) |   - float at 'optimizer_states[0].param_groups[0].weight_decay'
02:08:42.448 | WARNING (551124, stable_pretraining.callbacks.cpu_offload) |   - bool at 'optimizer_states[0].param_groups[0].amsgrad'
02:08:42.448 | WARNING (551124, stable_pretraining.callbacks.cpu_offload) |   - bool at 'optimizer_states[0].param_groups[0].maximize'
02:08:42.448 | WARNING (551124, stable_pretraining.callbacks.cpu_offload) |   - NoneType at 'optimizer_states[0].param_groups[0].foreach'
02:08:42.448 | WARNING (551124, stable_pretraining.callbacks.cpu_offload) |   - bool at 'optimizer_states[0].param_groups[0].capturable'
02:08:42.448 | WARNING (551124, stable_pretraining.callbacks.cpu_offload) |   - bool at 'optimizer_states[0].param_groups[0].differentiable'
02:08:42.448 | WARNING (551124, stable_pretraining.callbacks.cpu_offload) | ... (302 more skipped) ...
02:08:42.449 | WARNING (551124, stable_pretraining.callbacks.cpu_offload) | Last 10 skipped objects:
02:08:42.449 | WARNING (551124, stable_pretraining.callbacks.cpu_offload) |   - int at 'lr_schedulers[0].warmup_steps'
02:08:42.449 | WARNING (551124, stable_pretraining.callbacks.cpu_offload) |   - int at 'lr_schedulers[0].max_steps'
02:08:42.449 | WARNING (551124, stable_pretraining.callbacks.cpu_offload) |   - float at 'lr_schedulers[0].warmup_start_lr'
02:08:42.449 | WARNING (551124, stable_pretraining.callbacks.cpu_offload) |   - float at 'lr_schedulers[0].eta_min'
02:08:42.449 | WARNING (551124, stable_pretraining.callbacks.cpu_offload) |   - float at 'lr_schedulers[0].base_lrs[0]'
02:08:42.449 | WARNING (551124, stable_pretraining.callbacks.cpu_offload) |   - int at 'lr_schedulers[0].last_epoch'
02:08:42.449 | WARNING (551124, stable_pretraining.callbacks.cpu_offload) |   - int at 'lr_schedulers[0]._step_count'
02:08:42.449 | WARNING (551124, stable_pretraining.callbacks.cpu_offload) |   - bool at 'lr_schedulers[0]._is_initial'
02:08:42.449 | WARNING (551124, stable_pretraining.callbacks.cpu_offload) |   - bool at 'lr_schedulers[0]._get_lr_called_within_step'
02:08:42.449 | WARNING (551124, stable_pretraining.callbacks.cpu_offload) |   - float at 'lr_schedulers[0]._last_lr[0]'
02:08:42.449 | INFO    (551124, stable_pretraining.callbacks.cpu_offload) | To see all 322 skipped objects, set log_skipped=True
02:08:42.449 | INFO    (551124, stable_pretraining.callbacks.cpu_offload) | GPU memory after offload:
02:08:42.449 | INFO    (551124, stable_pretraining.callbacks.cpu_offload) |   - Allocated: 0.24 GB
02:08:42.449 | INFO    (551124, stable_pretraining.callbacks.cpu_offload) |   - Reserved: 2.46 GB
02:08:42.449 | INFO    (551124, stable_pretraining.callbacks.cpu_offload) | GPU memory freed: 0.00 GB
02:08:42.449 | SUCCESS (551124, stable_pretraining.callbacks.cpu_offload) | CPUOffloadCallback: Checkpoint #1 completed in 0.10s
02:08:42.450 | INFO    (551124, stable_pretraining.callbacks.cpu_offload) | Successfully processed keys: ['state_dict', 'optimizer_states', 'lr_schedulers']
02:08:42.450 | INFO    (551124, stable_pretraining.callbacks.cpu_offload) | Cumulative stats:
02:08:42.450 | INFO    (551124, stable_pretraining.callbacks.cpu_offload) |   - Total checkpoints saved: 1
02:08:42.450 | INFO    (551124, stable_pretraining.callbacks.cpu_offload) |   - Total time in offload: 0.10s
02:08:42.450 | INFO    (551124, stable_pretraining.callbacks.cpu_offload) |   - Total memory freed: 0.00 GB
02:08:42.450 | INFO    (551124, stable_pretraining.callbacks.cpu_offload) |   - Average time per checkpoint: 0.10s
02:08:42.450 | INFO    (551124, stable_pretraining.callbacks.cpu_offload) | ============================================================
02:08:42.765 | INFO    (551124, stable_pretraining.callbacks.checkpoint_sklearn) | Checking for non PyTorch modules to save... 🔧
02:08:42.765 | INFO    (551124, stable_pretraining.callbacks.checkpoint_sklearn) | Checking for Wandb params to save... 🔧
02:08:42.766 | INFO    (551124, stable_pretraining.callbacks.checkpoint_sklearn) | Saving Wandb params {'id': 'lewm_lp_pusht_v2'}
02:08:42.766 | INFO    (551124, stable_pretraining.callbacks.checkpoint_sklearn) | Checking for Wandb params to save... Done!
02:08:42.766 | INFO    (551124, stable_pretraining.callbacks.cpu_offload) | ============================================================
02:08:42.766 | INFO    (551124, stable_pretraining.callbacks.cpu_offload) | CPUOffloadCallback: Starting checkpoint CPU offload (#2)
02:08:42.766 | INFO    (551124, stable_pretraining.callbacks.cpu_offload) |   - Global step: 22
02:08:42.766 | INFO    (551124, stable_pretraining.callbacks.cpu_offload) |   - Epoch: 0
02:08:42.766 | INFO    (551124, stable_pretraining.callbacks.cpu_offload) | Checkpoint contains 11 keys: ['callbacks', 'epoch', 'global_step', 'hparams_name', 'hyper_parameters', 'loops', 'lr_schedulers', 'optimizer_states', 'pytorch-lightning_version', 'state_dict', 'wandb']
02:08:42.767 | INFO    (551124, stable_pretraining.callbacks.cpu_offload) | GPU memory before offload:
02:08:42.767 | INFO    (551124, stable_pretraining.callbacks.cpu_offload) |   - Allocated: 0.24 GB
02:08:42.767 | INFO    (551124, stable_pretraining.callbacks.cpu_offload) |   - Reserved: 2.46 GB
02:08:42.767 | INFO    (551124, stable_pretraining.callbacks.cpu_offload) | Processing checkpoint key: 'state_dict'
02:08:42.802 | SUCCESS (551124, stable_pretraining.callbacks.cpu_offload) | ✓ Completed 'state_dict' in 0.04s
02:08:42.802 | INFO    (551124, stable_pretraining.callbacks.cpu_offload) | Processing checkpoint key: 'optimizer_states'
02:08:42.868 | SUCCESS (551124, stable_pretraining.callbacks.cpu_offload) | ✓ Completed 'optimizer_states' in 0.06s
02:08:42.868 | INFO    (551124, stable_pretraining.callbacks.cpu_offload) | Processing checkpoint key: 'lr_schedulers'
02:08:42.868 | SUCCESS (551124, stable_pretraining.callbacks.cpu_offload) | ✓ Completed 'lr_schedulers' in 0.00s
02:08:42.868 | WARNING (551124, stable_pretraining.callbacks.cpu_offload) | Skipped 322 custom object(s)
02:08:42.868 | WARNING (551124, stable_pretraining.callbacks.cpu_offload) | First 10 skipped objects:
02:08:42.868 | WARNING (551124, stable_pretraining.callbacks.cpu_offload) |   - float at 'optimizer_states[0].param_groups[0].lr'
02:08:42.868 | WARNING (551124, stable_pretraining.callbacks.cpu_offload) |   - float at 'optimizer_states[0].param_groups[0].betas[0]'
02:08:42.868 | WARNING (551124, stable_pretraining.callbacks.cpu_offload) |   - float at 'optimizer_states[0].param_groups[0].betas[1]'
02:08:42.868 | WARNING (551124, stable_pretraining.callbacks.cpu_offload) |   - float at 'optimizer_states[0].param_groups[0].eps'
02:08:42.868 | WARNING (551124, stable_pretraining.callbacks.cpu_offload) |   - float at 'optimizer_states[0].param_groups[0].weight_decay'
02:08:42.868 | WARNING (551124, stable_pretraining.callbacks.cpu_offload) |   - bool at 'optimizer_states[0].param_groups[0].amsgrad'
02:08:42.868 | WARNING (551124, stable_pretraining.callbacks.cpu_offload) |   - bool at 'optimizer_states[0].param_groups[0].maximize'
02:08:42.869 | WARNING (551124, stable_pretraining.callbacks.cpu_offload) |   - NoneType at 'optimizer_states[0].param_groups[0].foreach'
02:08:42.869 | WARNING (551124, stable_pretraining.callbacks.cpu_offload) |   - bool at 'optimizer_states[0].param_groups[0].capturable'
02:08:42.869 | WARNING (551124, stable_pretraining.callbacks.cpu_offload) |   - bool at 'optimizer_states[0].param_groups[0].differentiable'
02:08:42.869 | WARNING (551124, stable_pretraining.callbacks.cpu_offload) | ... (302 more skipped) ...
02:08:42.869 | WARNING (551124, stable_pretraining.callbacks.cpu_offload) | Last 10 skipped objects:
02:08:42.869 | WARNING (551124, stable_pretraining.callbacks.cpu_offload) |   - int at 'lr_schedulers[0].warmup_steps'
02:08:42.869 | WARNING (551124, stable_pretraining.callbacks.cpu_offload) |   - int at 'lr_schedulers[0].max_steps'
02:08:42.869 | WARNING (551124, stable_pretraining.callbacks.cpu_offload) |   - float at 'lr_schedulers[0].warmup_start_lr'
02:08:42.869 | WARNING (551124, stable_pretraining.callbacks.cpu_offload) |   - float at 'lr_schedulers[0].eta_min'
02:08:42.869 | WARNING (551124, stable_pretraining.callbacks.cpu_offload) |   - float at 'lr_schedulers[0].base_lrs[0]'
02:08:42.869 | WARNING (551124, stable_pretraining.callbacks.cpu_offload) |   - int at 'lr_schedulers[0].last_epoch'
02:08:42.869 | WARNING (551124, stable_pretraining.callbacks.cpu_offload) |   - int at 'lr_schedulers[0]._step_count'
02:08:42.869 | WARNING (551124, stable_pretraining.callbacks.cpu_offload) |   - bool at 'lr_schedulers[0]._is_initial'
02:08:42.869 | WARNING (551124, stable_pretraining.callbacks.cpu_offload) |   - bool at 'lr_schedulers[0]._get_lr_called_within_step'
02:08:42.869 | WARNING (551124, stable_pretraining.callbacks.cpu_offload) |   - float at 'lr_schedulers[0]._last_lr[0]'
02:08:42.869 | INFO    (551124, stable_pretraining.callbacks.cpu_offload) | To see all 322 skipped objects, set log_skipped=True
02:08:42.869 | INFO    (551124, stable_pretraining.callbacks.cpu_offload) | GPU memory after offload:
02:08:42.870 | INFO    (551124, stable_pretraining.callbacks.cpu_offload) |   - Allocated: 0.24 GB
02:08:42.870 | INFO    (551124, stable_pretraining.callbacks.cpu_offload) |   - Reserved: 2.46 GB
02:08:42.870 | INFO    (551124, stable_pretraining.callbacks.cpu_offload) | GPU memory freed: 0.00 GB
02:08:42.870 | SUCCESS (551124, stable_pretraining.callbacks.cpu_offload) | CPUOffloadCallback: Checkpoint #2 completed in 0.10s
02:08:42.870 | INFO    (551124, stable_pretraining.callbacks.cpu_offload) | Successfully processed keys: ['state_dict', 'optimizer_states', 'lr_schedulers']
02:08:42.870 | INFO    (551124, stable_pretraining.callbacks.cpu_offload) | Cumulative stats:
02:08:42.870 | INFO    (551124, stable_pretraining.callbacks.cpu_offload) |   - Total checkpoints saved: 2
02:08:42.870 | INFO    (551124, stable_pretraining.callbacks.cpu_offload) |   - Total time in offload: 0.20s
02:08:42.870 | INFO    (551124, stable_pretraining.callbacks.cpu_offload) |   - Total memory freed: 0.00 GB
02:08:42.870 | INFO    (551124, stable_pretraining.callbacks.cpu_offload) |   - Average time per checkpoint: 0.10s
02:08:42.870 | INFO    (551124, stable_pretraining.callbacks.cpu_offload) | ============================================================
02:08:46.771 | WARNING (551124, stable_pretraining.module) | You are calling self.parameters which also gives callbacks parameters, to remove then, pass `with_callbacks=False`
02:08:47.328 | INFO    (551124, stable_pretraining.callbacks.trainer_info) | \n+----------------------------+---------------------+
|           Metric           |        Value        |
+----------------------------+---------------------+
|          [0;34;40mfit/loss[0m          | [0;32;40m0.17877453565597534[0m |
|       [0;34;40mfit/pred_loss[0m        | [0;32;40m0.07057251781225204[0m |
|      [0;34;40mfit/rdmreg_loss[0m       |  [0;32;40m0.1082020252943039[0m |
|       [0;34;40mvalidate/loss[0m        |  [0;32;40m1.0280396938323975[0m |
|    [0;34;40mvalidate/loss_epoch[0m     |  [0;32;40m1.0280396938323975[0m |
|     [0;34;40mvalidate/pred_loss[0m     |  [0;32;40m0.2735362946987152[0m |
|  [0;34;40mvalidate/pred_loss_epoch[0m  |  [0;32;40m0.2735362946987152[0m |
|    [0;34;40mvalidate/rdmreg_loss[0m    |  [0;32;40m0.7545034289360046[0m |
| [0;34;40mvalidate/rdmreg_loss_epoch[0m |  [0;32;40m0.7545034289360046[0m |
+----------------------------+---------------------+
02:08:47.389 | INFO    (551124, stable_pretraining.callbacks.checkpoint_sklearn) | Checking for non PyTorch modules to save... 🔧
02:08:47.389 | INFO    (551124, stable_pretraining.callbacks.checkpoint_sklearn) | Checking for Wandb params to save... 🔧
02:08:47.389 | INFO    (551124, stable_pretraining.callbacks.checkpoint_sklearn) | Saving Wandb params {'id': 'lewm_lp_pusht_v2'}
02:08:47.389 | INFO    (551124, stable_pretraining.callbacks.checkpoint_sklearn) | Checking for Wandb params to save... Done!
02:08:47.390 | INFO    (551124, stable_pretraining.callbacks.cpu_offload) | ============================================================
02:08:47.390 | INFO    (551124, stable_pretraining.callbacks.cpu_offload) | CPUOffloadCallback: Starting checkpoint CPU offload (#3)
02:08:47.390 | INFO    (551124, stable_pretraining.callbacks.cpu_offload) |   - Global step: 44
02:08:47.390 | INFO    (551124, stable_pretraining.callbacks.cpu_offload) |   - Epoch: 1
02:08:47.390 | INFO    (551124, stable_pretraining.callbacks.cpu_offload) | Checkpoint contains 11 keys: ['callbacks', 'epoch', 'global_step', 'hparams_name', 'hyper_parameters', 'loops', 'lr_schedulers', 'optimizer_states', 'pytorch-lightning_version', 'state_dict', 'wandb']
02:08:47.390 | INFO    (551124, stable_pretraining.callbacks.cpu_offload) | GPU memory before offload:
02:08:47.390 | INFO    (551124, stable_pretraining.callbacks.cpu_offload) |   - Allocated: 0.24 GB
02:08:47.390 | INFO    (551124, stable_pretraining.callbacks.cpu_offload) |   - Reserved: 2.46 GB
02:08:47.390 | INFO    (551124, stable_pretraining.callbacks.cpu_offload) | Processing checkpoint key: 'state_dict'
02:08:47.426 | SUCCESS (551124, stable_pretraining.callbacks.cpu_offload) | ✓ Completed 'state_dict' in 0.04s
02:08:47.426 | INFO    (551124, stable_pretraining.callbacks.cpu_offload) | Processing checkpoint key: 'optimizer_states'
02:08:47.488 | SUCCESS (551124, stable_pretraining.callbacks.cpu_offload) | ✓ Completed 'optimizer_states' in 0.06s
02:08:47.488 | INFO    (551124, stable_pretraining.callbacks.cpu_offload) | Processing checkpoint key: 'lr_schedulers'
02:08:47.489 | SUCCESS (551124, stable_pretraining.callbacks.cpu_offload) | ✓ Completed 'lr_schedulers' in 0.00s
02:08:47.489 | WARNING (551124, stable_pretraining.callbacks.cpu_offload) | Skipped 322 custom object(s)
02:08:47.489 | WARNING (551124, stable_pretraining.callbacks.cpu_offload) | First 10 skipped objects:
02:08:47.489 | WARNING (551124, stable_pretraining.callbacks.cpu_offload) |   - float at 'optimizer_states[0].param_groups[0].lr'
02:08:47.489 | WARNING (551124, stable_pretraining.callbacks.cpu_offload) |   - float at 'optimizer_states[0].param_groups[0].betas[0]'
02:08:47.489 | WARNING (551124, stable_pretraining.callbacks.cpu_offload) |   - float at 'optimizer_states[0].param_groups[0].betas[1]'
02:08:47.489 | WARNING (551124, stable_pretraining.callbacks.cpu_offload) |   - float at 'optimizer_states[0].param_groups[0].eps'
02:08:47.489 | WARNING (551124, stable_pretraining.callbacks.cpu_offload) |   - float at 'optimizer_states[0].param_groups[0].weight_decay'
02:08:47.489 | WARNING (551124, stable_pretraining.callbacks.cpu_offload) |   - bool at 'optimizer_states[0].param_groups[0].amsgrad'
02:08:47.489 | WARNING (551124, stable_pretraining.callbacks.cpu_offload) |   - bool at 'optimizer_states[0].param_groups[0].maximize'
02:08:47.489 | WARNING (551124, stable_pretraining.callbacks.cpu_offload) |   - NoneType at 'optimizer_states[0].param_groups[0].foreach'
02:08:47.489 | WARNING (551124, stable_pretraining.callbacks.cpu_offload) |   - bool at 'optimizer_states[0].param_groups[0].capturable'
02:08:47.489 | WARNING (551124, stable_pretraining.callbacks.cpu_offload) |   - bool at 'optimizer_states[0].param_groups[0].differentiable'
02:08:47.489 | WARNING (551124, stable_pretraining.callbacks.cpu_offload) | ... (302 more skipped) ...
02:08:47.489 | WARNING (551124, stable_pretraining.callbacks.cpu_offload) | Last 10 skipped objects:
02:08:47.489 | WARNING (551124, stable_pretraining.callbacks.cpu_offload) |   - int at 'lr_schedulers[0].warmup_steps'
02:08:47.489 | WARNING (551124, stable_pretraining.callbacks.cpu_offload) |   - int at 'lr_schedulers[0].max_steps'
02:08:47.489 | WARNING (551124, stable_pretraining.callbacks.cpu_offload) |   - float at 'lr_schedulers[0].warmup_start_lr'
02:08:47.489 | WARNING (551124, stable_pretraining.callbacks.cpu_offload) |   - float at 'lr_schedulers[0].eta_min'
02:08:47.490 | WARNING (551124, stable_pretraining.callbacks.cpu_offload) |   - float at 'lr_schedulers[0].base_lrs[0]'
02:08:47.490 | WARNING (551124, stable_pretraining.callbacks.cpu_offload) |   - int at 'lr_schedulers[0].last_epoch'
02:08:47.490 | WARNING (551124, stable_pretraining.callbacks.cpu_offload) |   - int at 'lr_schedulers[0]._step_count'
02:08:47.490 | WARNING (551124, stable_pretraining.callbacks.cpu_offload) |   - bool at 'lr_schedulers[0]._is_initial'
02:08:47.490 | WARNING (551124, stable_pretraining.callbacks.cpu_offload) |   - bool at 'lr_schedulers[0]._get_lr_called_within_step'
02:08:47.490 | WARNING (551124, stable_pretraining.callbacks.cpu_offload) |   - float at 'lr_schedulers[0]._last_lr[0]'
02:08:47.490 | INFO    (551124, stable_pretraining.callbacks.cpu_offload) | To see all 322 skipped objects, set log_skipped=True
02:08:47.490 | INFO    (551124, stable_pretraining.callbacks.cpu_offload) | GPU memory after offload:
02:08:47.490 | INFO    (551124, stable_pretraining.callbacks.cpu_offload) |   - Allocated: 0.24 GB
02:08:47.490 | INFO    (551124, stable_pretraining.callbacks.cpu_offload) |   - Reserved: 2.46 GB
02:08:47.490 | INFO    (551124, stable_pretraining.callbacks.cpu_offload) | GPU memory freed: 0.00 GB
02:08:47.490 | SUCCESS (551124, stable_pretraining.callbacks.cpu_offload) | CPUOffloadCallback: Checkpoint #3 completed in 0.10s
02:08:47.490 | INFO    (551124, stable_pretraining.callbacks.cpu_offload) | Successfully processed keys: ['state_dict', 'optimizer_states', 'lr_schedulers']
02:08:47.490 | INFO    (551124, stable_pretraining.callbacks.cpu_offload) | Cumulative stats:
02:08:47.490 | INFO    (551124, stable_pretraining.callbacks.cpu_offload) |   - Total checkpoints saved: 3
02:08:47.491 | INFO    (551124, stable_pretraining.callbacks.cpu_offload) |   - Total time in offload: 0.30s
02:08:47.491 | INFO    (551124, stable_pretraining.callbacks.cpu_offload) |   - Total memory freed: 0.00 GB
02:08:47.491 | INFO    (551124, stable_pretraining.callbacks.cpu_offload) |   - Average time per checkpoint: 0.10s
02:08:47.491 | INFO    (551124, stable_pretraining.callbacks.cpu_offload) | ============================================================
02:08:47.805 | INFO    (551124, stable_pretraining.callbacks.checkpoint_sklearn) | Checking for non PyTorch modules to save... 🔧
02:08:47.806 | INFO    (551124, stable_pretraining.callbacks.checkpoint_sklearn) | Checking for Wandb params to save... 🔧
02:08:47.806 | INFO    (551124, stable_pretraining.callbacks.checkpoint_sklearn) | Saving Wandb params {'id': 'lewm_lp_pusht_v2'}
02:08:47.806 | INFO    (551124, stable_pretraining.callbacks.checkpoint_sklearn) | Checking for Wandb params to save... Done!
02:08:47.806 | INFO    (551124, stable_pretraining.callbacks.cpu_offload) | ============================================================
02:08:47.806 | INFO    (551124, stable_pretraining.callbacks.cpu_offload) | CPUOffloadCallback: Starting checkpoint CPU offload (#4)
02:08:47.806 | INFO    (551124, stable_pretraining.callbacks.cpu_offload) |   - Global step: 44
02:08:47.806 | INFO    (551124, stable_pretraining.callbacks.cpu_offload) |   - Epoch: 1
02:08:47.806 | INFO    (551124, stable_pretraining.callbacks.cpu_offload) | Checkpoint contains 11 keys: ['callbacks', 'epoch', 'global_step', 'hparams_name', 'hyper_parameters', 'loops', 'lr_schedulers', 'optimizer_states', 'pytorch-lightning_version', 'state_dict', 'wandb']
02:08:47.807 | INFO    (551124, stable_pretraining.callbacks.cpu_offload) | GPU memory before offload:
02:08:47.807 | INFO    (551124, stable_pretraining.callbacks.cpu_offload) |   - Allocated: 0.24 GB
02:08:47.807 | INFO    (551124, stable_pretraining.callbacks.cpu_offload) |   - Reserved: 2.46 GB
02:08:47.807 | INFO    (551124, stable_pretraining.callbacks.cpu_offload) | Processing checkpoint key: 'state_dict'
02:08:47.819 | SUCCESS (551124, stable_pretraining.callbacks.cpu_offload) | ✓ Completed 'state_dict' in 0.01s
02:08:47.819 | INFO    (551124, stable_pretraining.callbacks.cpu_offload) | Processing checkpoint key: 'optimizer_states'
02:08:47.845 | SUCCESS (551124, stable_pretraining.callbacks.cpu_offload) | ✓ Completed 'optimizer_states' in 0.03s
02:08:47.845 | INFO    (551124, stable_pretraining.callbacks.cpu_offload) | Processing checkpoint key: 'lr_schedulers'
02:08:47.845 | SUCCESS (551124, stable_pretraining.callbacks.cpu_offload) | ✓ Completed 'lr_schedulers' in 0.00s
02:08:47.845 | WARNING (551124, stable_pretraining.callbacks.cpu_offload) | Skipped 322 custom object(s)
02:08:47.845 | WARNING (551124, stable_pretraining.callbacks.cpu_offload) | First 10 skipped objects:
02:08:47.845 | WARNING (551124, stable_pretraining.callbacks.cpu_offload) |   - float at 'optimizer_states[0].param_groups[0].lr'
02:08:47.846 | WARNING (551124, stable_pretraining.callbacks.cpu_offload) |   - float at 'optimizer_states[0].param_groups[0].betas[0]'
02:08:47.846 | WARNING (551124, stable_pretraining.callbacks.cpu_offload) |   - float at 'optimizer_states[0].param_groups[0].betas[1]'
02:08:47.846 | WARNING (551124, stable_pretraining.callbacks.cpu_offload) |   - float at 'optimizer_states[0].param_groups[0].eps'
02:08:47.846 | WARNING (551124, stable_pretraining.callbacks.cpu_offload) |   - float at 'optimizer_states[0].param_groups[0].weight_decay'
02:08:47.846 | WARNING (551124, stable_pretraining.callbacks.cpu_offload) |   - bool at 'optimizer_states[0].param_groups[0].amsgrad'
02:08:47.846 | WARNING (551124, stable_pretraining.callbacks.cpu_offload) |   - bool at 'optimizer_states[0].param_groups[0].maximize'
02:08:47.846 | WARNING (551124, stable_pretraining.callbacks.cpu_offload) |   - NoneType at 'optimizer_states[0].param_groups[0].foreach'
02:08:47.846 | WARNING (551124, stable_pretraining.callbacks.cpu_offload) |   - bool at 'optimizer_states[0].param_groups[0].capturable'
02:08:47.846 | WARNING (551124, stable_pretraining.callbacks.cpu_offload) |   - bool at 'optimizer_states[0].param_groups[0].differentiable'
02:08:47.846 | WARNING (551124, stable_pretraining.callbacks.cpu_offload) | ... (302 more skipped) ...
02:08:47.846 | WARNING (551124, stable_pretraining.callbacks.cpu_offload) | Last 10 skipped objects:
02:08:47.846 | WARNING (551124, stable_pretraining.callbacks.cpu_offload) |   - int at 'lr_schedulers[0].warmup_steps'
02:08:47.846 | WARNING (551124, stable_pretraining.callbacks.cpu_offload) |   - int at 'lr_schedulers[0].max_steps'
02:08:47.846 | WARNING (551124, stable_pretraining.callbacks.cpu_offload) |   - float at 'lr_schedulers[0].warmup_start_lr'
02:08:47.846 | WARNING (551124, stable_pretraining.callbacks.cpu_offload) |   - float at 'lr_schedulers[0].eta_min'
02:08:47.846 | WARNING (551124, stable_pretraining.callbacks.cpu_offload) |   - float at 'lr_schedulers[0].base_lrs[0]'
02:08:47.846 | WARNING (551124, stable_pretraining.callbacks.cpu_offload) |   - int at 'lr_schedulers[0].last_epoch'
02:08:47.846 | WARNING (551124, stable_pretraining.callbacks.cpu_offload) |   - int at 'lr_schedulers[0]._step_count'
02:08:47.846 | WARNING (551124, stable_pretraining.callbacks.cpu_offload) |   - bool at 'lr_schedulers[0]._is_initial'
02:08:47.847 | WARNING (551124, stable_pretraining.callbacks.cpu_offload) |   - bool at 'lr_schedulers[0]._get_lr_called_within_step'
02:08:47.847 | WARNING (551124, stable_pretraining.callbacks.cpu_offload) |   - float at 'lr_schedulers[0]._last_lr[0]'
02:08:47.847 | INFO    (551124, stable_pretraining.callbacks.cpu_offload) | To see all 322 skipped objects, set log_skipped=True
02:08:47.847 | INFO    (551124, stable_pretraining.callbacks.cpu_offload) | GPU memory after offload:
02:08:47.847 | INFO    (551124, stable_pretraining.callbacks.cpu_offload) |   - Allocated: 0.24 GB
02:08:47.847 | INFO    (551124, stable_pretraining.callbacks.cpu_offload) |   - Reserved: 2.46 GB
02:08:47.847 | INFO    (551124, stable_pretraining.callbacks.cpu_offload) | GPU memory freed: 0.00 GB
02:08:47.847 | SUCCESS (551124, stable_pretraining.callbacks.cpu_offload) | CPUOffloadCallback: Checkpoint #4 completed in 0.04s
02:08:47.847 | INFO    (551124, stable_pretraining.callbacks.cpu_offload) | Successfully processed keys: ['state_dict', 'optimizer_states', 'lr_schedulers']
02:08:47.847 | INFO    (551124, stable_pretraining.callbacks.cpu_offload) | Cumulative stats:
02:08:47.847 | INFO    (551124, stable_pretraining.callbacks.cpu_offload) |   - Total checkpoints saved: 4
02:08:47.847 | INFO    (551124, stable_pretraining.callbacks.cpu_offload) |   - Total time in offload: 0.34s
02:08:47.847 | INFO    (551124, stable_pretraining.callbacks.cpu_offload) |   - Total memory freed: 0.00 GB
02:08:47.847 | INFO    (551124, stable_pretraining.callbacks.cpu_offload) |   - Average time per checkpoint: 0.09s
02:08:47.847 | INFO    (551124, stable_pretraining.callbacks.cpu_offload) | ============================================================
02:08:53.229 | WARNING (551124, stable_pretraining.module) | You are calling self.parameters which also gives callbacks parameters, to remove then, pass `with_callbacks=False`
02:08:53.808 | INFO    (551124, stable_pretraining.callbacks.trainer_info) | \n+----------------------------+---------------------+
|           Metric           |        Value        |
+----------------------------+---------------------+
|          [0;34;40mfit/loss[0m          | [0;32;40m0.15126846730709076[0m |
|       [0;34;40mfit/pred_loss[0m        | [0;32;40m0.05803366377949715[0m |
|      [0;34;40mfit/rdmreg_loss[0m       | [0;32;40m0.09323479980230331[0m |
|       [0;34;40mvalidate/loss[0m        |  [0;32;40m2.6175050735473633[0m |
|    [0;34;40mvalidate/loss_epoch[0m     |  [0;32;40m2.6175050735473633[0m |
|     [0;34;40mvalidate/pred_loss[0m     |  [0;32;40m0.3774191439151764[0m |
|  [0;34;40mvalidate/pred_loss_epoch[0m  |  [0;32;40m0.3774191439151764[0m |
|    [0;34;40mvalidate/rdmreg_loss[0m    |  [0;32;40m2.240086078643799[0m  |
| [0;34;40mvalidate/rdmreg_loss_epoch[0m |  [0;32;40m2.240086078643799[0m  |
+----------------------------+---------------------+
02:08:53.873 | INFO    (551124, stable_pretraining.callbacks.checkpoint_sklearn) | Checking for non PyTorch modules to save... 🔧
02:08:53.874 | INFO    (551124, stable_pretraining.callbacks.checkpoint_sklearn) | Checking for Wandb params to save... 🔧
02:08:53.874 | INFO    (551124, stable_pretraining.callbacks.checkpoint_sklearn) | Saving Wandb params {'id': 'lewm_lp_pusht_v2'}
02:08:53.874 | INFO    (551124, stable_pretraining.callbacks.checkpoint_sklearn) | Checking for Wandb params to save... Done!
02:08:53.874 | INFO    (551124, stable_pretraining.callbacks.cpu_offload) | ============================================================
02:08:53.874 | INFO    (551124, stable_pretraining.callbacks.cpu_offload) | CPUOffloadCallback: Starting checkpoint CPU offload (#5)
02:08:53.874 | INFO    (551124, stable_pretraining.callbacks.cpu_offload) |   - Global step: 66
02:08:53.874 | INFO    (551124, stable_pretraining.callbacks.cpu_offload) |   - Epoch: 2
02:08:53.874 | INFO    (551124, stable_pretraining.callbacks.cpu_offload) | Checkpoint contains 11 keys: ['callbacks', 'epoch', 'global_step', 'hparams_name', 'hyper_parameters', 'loops', 'lr_schedulers', 'optimizer_states', 'pytorch-lightning_version', 'state_dict', 'wandb']
02:08:53.874 | INFO    (551124, stable_pretraining.callbacks.cpu_offload) | GPU memory before offload:
02:08:53.874 | INFO    (551124, stable_pretraining.callbacks.cpu_offload) |   - Allocated: 0.24 GB
02:08:53.874 | INFO    (551124, stable_pretraining.callbacks.cpu_offload) |   - Reserved: 2.46 GB
02:08:53.874 | INFO    (551124, stable_pretraining.callbacks.cpu_offload) | Processing checkpoint key: 'state_dict'
02:08:53.905 | SUCCESS (551124, stable_pretraining.callbacks.cpu_offload) | ✓ Completed 'state_dict' in 0.03s
02:08:53.905 | INFO    (551124, stable_pretraining.callbacks.cpu_offload) | Processing checkpoint key: 'optimizer_states'
02:08:53.968 | SUCCESS (551124, stable_pretraining.callbacks.cpu_offload) | ✓ Completed 'optimizer_states' in 0.06s
02:08:53.968 | INFO    (551124, stable_pretraining.callbacks.cpu_offload) | Processing checkpoint key: 'lr_schedulers'
02:08:53.969 | SUCCESS (551124, stable_pretraining.callbacks.cpu_offload) | ✓ Completed 'lr_schedulers' in 0.00s
02:08:53.969 | WARNING (551124, stable_pretraining.callbacks.cpu_offload) | Skipped 322 custom object(s)
02:08:53.969 | WARNING (551124, stable_pretraining.callbacks.cpu_offload) | First 10 skipped objects:
02:08:53.969 | WARNING (551124, stable_pretraining.callbacks.cpu_offload) |   - float at 'optimizer_states[0].param_groups[0].lr'
02:08:53.969 | WARNING (551124, stable_pretraining.callbacks.cpu_offload) |   - float at 'optimizer_states[0].param_groups[0].betas[0]'
02:08:53.969 | WARNING (551124, stable_pretraining.callbacks.cpu_offload) |   - float at 'optimizer_states[0].param_groups[0].betas[1]'
02:08:53.969 | WARNING (551124, stable_pretraining.callbacks.cpu_offload) |   - float at 'optimizer_states[0].param_groups[0].eps'
02:08:53.969 | WARNING (551124, stable_pretraining.callbacks.cpu_offload) |   - float at 'optimizer_states[0].param_groups[0].weight_decay'
02:08:53.969 | WARNING (551124, stable_pretraining.callbacks.cpu_offload) |   - bool at 'optimizer_states[0].param_groups[0].amsgrad'
02:08:53.969 | WARNING (551124, stable_pretraining.callbacks.cpu_offload) |   - bool at 'optimizer_states[0].param_groups[0].maximize'
02:08:53.969 | WARNING (551124, stable_pretraining.callbacks.cpu_offload) |   - NoneType at 'optimizer_states[0].param_groups[0].foreach'
02:08:53.969 | WARNING (551124, stable_pretraining.callbacks.cpu_offload) |   - bool at 'optimizer_states[0].param_groups[0].capturable'
02:08:53.969 | WARNING (551124, stable_pretraining.callbacks.cpu_offload) |   - bool at 'optimizer_states[0].param_groups[0].differentiable'
02:08:53.969 | WARNING (551124, stable_pretraining.callbacks.cpu_offload) | ... (302 more skipped) ...
02:08:53.969 | WARNING (551124, stable_pretraining.callbacks.cpu_offload) | Last 10 skipped objects:
02:08:53.969 | WARNING (551124, stable_pretraining.callbacks.cpu_offload) |   - int at 'lr_schedulers[0].warmup_steps'
02:08:53.969 | WARNING (551124, stable_pretraining.callbacks.cpu_offload) |   - int at 'lr_schedulers[0].max_steps'
02:08:53.970 | WARNING (551124, stable_pretraining.callbacks.cpu_offload) |   - float at 'lr_schedulers[0].warmup_start_lr'
02:08:53.970 | WARNING (551124, stable_pretraining.callbacks.cpu_offload) |   - float at 'lr_schedulers[0].eta_min'
02:08:53.970 | WARNING (551124, stable_pretraining.callbacks.cpu_offload) |   - float at 'lr_schedulers[0].base_lrs[0]'
02:08:53.970 | WARNING (551124, stable_pretraining.callbacks.cpu_offload) |   - int at 'lr_schedulers[0].last_epoch'
02:08:53.970 | WARNING (551124, stable_pretraining.callbacks.cpu_offload) |   - int at 'lr_schedulers[0]._step_count'
02:08:53.970 | WARNING (551124, stable_pretraining.callbacks.cpu_offload) |   - bool at 'lr_schedulers[0]._is_initial'
02:08:53.970 | WARNING (551124, stable_pretraining.callbacks.cpu_offload) |   - bool at 'lr_schedulers[0]._get_lr_called_within_step'
02:08:53.970 | WARNING (551124, stable_pretraining.callbacks.cpu_offload) |   - float at 'lr_schedulers[0]._last_lr[0]'
02:08:53.970 | INFO    (551124, stable_pretraining.callbacks.cpu_offload) | To see all 322 skipped objects, set log_skipped=True
02:08:53.970 | INFO    (551124, stable_pretraining.callbacks.cpu_offload) | GPU memory after offload:
02:08:53.970 | INFO    (551124, stable_pretraining.callbacks.cpu_offload) |   - Allocated: 0.24 GB
02:08:53.970 | INFO    (551124, stable_pretraining.callbacks.cpu_offload) |   - Reserved: 2.46 GB
02:08:53.970 | INFO    (551124, stable_pretraining.callbacks.cpu_offload) | GPU memory freed: 0.00 GB
02:08:53.970 | SUCCESS (551124, stable_pretraining.callbacks.cpu_offload) | CPUOffloadCallback: Checkpoint #5 completed in 0.10s
02:08:53.971 | INFO    (551124, stable_pretraining.callbacks.cpu_offload) | Successfully processed keys: ['state_dict', 'optimizer_states', 'lr_schedulers']
02:08:53.971 | INFO    (551124, stable_pretraining.callbacks.cpu_offload) | Cumulative stats:
02:08:53.971 | INFO    (551124, stable_pretraining.callbacks.cpu_offload) |   - Total checkpoints saved: 5
02:08:53.971 | INFO    (551124, stable_pretraining.callbacks.cpu_offload) |   - Total time in offload: 0.44s
02:08:53.971 | INFO    (551124, stable_pretraining.callbacks.cpu_offload) |   - Total memory freed: 0.00 GB
02:08:53.971 | INFO    (551124, stable_pretraining.callbacks.cpu_offload) |   - Average time per checkpoint: 0.09s
02:08:53.971 | INFO    (551124, stable_pretraining.callbacks.cpu_offload) | ============================================================
02:08:54.300 | INFO    (551124, stable_pretraining.callbacks.checkpoint_sklearn) | Checking for non PyTorch modules to save... 🔧
02:08:54.301 | INFO    (551124, stable_pretraining.callbacks.checkpoint_sklearn) | Checking for Wandb params to save... 🔧
02:08:54.301 | INFO    (551124, stable_pretraining.callbacks.checkpoint_sklearn) | Saving Wandb params {'id': 'lewm_lp_pusht_v2'}
02:08:54.301 | INFO    (551124, stable_pretraining.callbacks.checkpoint_sklearn) | Checking for Wandb params to save... Done!
02:08:54.301 | INFO    (551124, stable_pretraining.callbacks.cpu_offload) | ============================================================
02:08:54.301 | INFO    (551124, stable_pretraining.callbacks.cpu_offload) | CPUOffloadCallback: Starting checkpoint CPU offload (#6)
02:08:54.301 | INFO    (551124, stable_pretraining.callbacks.cpu_offload) |   - Global step: 66
02:08:54.301 | INFO    (551124, stable_pretraining.callbacks.cpu_offload) |   - Epoch: 2
02:08:54.301 | INFO    (551124, stable_pretraining.callbacks.cpu_offload) | Checkpoint contains 11 keys: ['callbacks', 'epoch', 'global_step', 'hparams_name', 'hyper_parameters', 'loops', 'lr_schedulers', 'optimizer_states', 'pytorch-lightning_version', 'state_dict', 'wandb']
02:08:54.302 | INFO    (551124, stable_pretraining.callbacks.cpu_offload) | GPU memory before offload:
02:08:54.302 | INFO    (551124, stable_pretraining.callbacks.cpu_offload) |   - Allocated: 0.24 GB
02:08:54.302 | INFO    (551124, stable_pretraining.callbacks.cpu_offload) |   - Reserved: 2.46 GB
02:08:54.302 | INFO    (551124, stable_pretraining.callbacks.cpu_offload) | Processing checkpoint key: 'state_dict'
02:08:54.337 | SUCCESS (551124, stable_pretraining.callbacks.cpu_offload) | ✓ Completed 'state_dict' in 0.04s
02:08:54.337 | INFO    (551124, stable_pretraining.callbacks.cpu_offload) | Processing checkpoint key: 'optimizer_states'
02:08:54.402 | SUCCESS (551124, stable_pretraining.callbacks.cpu_offload) | ✓ Completed 'optimizer_states' in 0.06s
02:08:54.402 | INFO    (551124, stable_pretraining.callbacks.cpu_offload) | Processing checkpoint key: 'lr_schedulers'
02:08:54.402 | SUCCESS (551124, stable_pretraining.callbacks.cpu_offload) | ✓ Completed 'lr_schedulers' in 0.00s
02:08:54.402 | WARNING (551124, stable_pretraining.callbacks.cpu_offload) | Skipped 322 custom object(s)
02:08:54.402 | WARNING (551124, stable_pretraining.callbacks.cpu_offload) | First 10 skipped objects:
02:08:54.402 | WARNING (551124, stable_pretraining.callbacks.cpu_offload) |   - float at 'optimizer_states[0].param_groups[0].lr'
02:08:54.402 | WARNING (551124, stable_pretraining.callbacks.cpu_offload) |   - float at 'optimizer_states[0].param_groups[0].betas[0]'
02:08:54.402 | WARNING (551124, stable_pretraining.callbacks.cpu_offload) |   - float at 'optimizer_states[0].param_groups[0].betas[1]'
02:08:54.402 | WARNING (551124, stable_pretraining.callbacks.cpu_offload) |   - float at 'optimizer_states[0].param_groups[0].eps'
02:08:54.402 | WARNING (551124, stable_pretraining.callbacks.cpu_offload) |   - float at 'optimizer_states[0].param_groups[0].weight_decay'
02:08:54.402 | WARNING (551124, stable_pretraining.callbacks.cpu_offload) |   - bool at 'optimizer_states[0].param_groups[0].amsgrad'
02:08:54.403 | WARNING (551124, stable_pretraining.callbacks.cpu_offload) |   - bool at 'optimizer_states[0].param_groups[0].maximize'
02:08:54.403 | WARNING (551124, stable_pretraining.callbacks.cpu_offload) |   - NoneType at 'optimizer_states[0].param_groups[0].foreach'
02:08:54.403 | WARNING (551124, stable_pretraining.callbacks.cpu_offload) |   - bool at 'optimizer_states[0].param_groups[0].capturable'
02:08:54.403 | WARNING (551124, stable_pretraining.callbacks.cpu_offload) |   - bool at 'optimizer_states[0].param_groups[0].differentiable'
02:08:54.403 | WARNING (551124, stable_pretraining.callbacks.cpu_offload) | ... (302 more skipped) ...
02:08:54.403 | WARNING (551124, stable_pretraining.callbacks.cpu_offload) | Last 10 skipped objects:
02:08:54.403 | WARNING (551124, stable_pretraining.callbacks.cpu_offload) |   - int at 'lr_schedulers[0].warmup_steps'
02:08:54.403 | WARNING (551124, stable_pretraining.callbacks.cpu_offload) |   - int at 'lr_schedulers[0].max_steps'
02:08:54.403 | WARNING (551124, stable_pretraining.callbacks.cpu_offload) |   - float at 'lr_schedulers[0].warmup_start_lr'
02:08:54.403 | WARNING (551124, stable_pretraining.callbacks.cpu_offload) |   - float at 'lr_schedulers[0].eta_min'
02:08:54.403 | WARNING (551124, stable_pretraining.callbacks.cpu_offload) |   - float at 'lr_schedulers[0].base_lrs[0]'
02:08:54.403 | WARNING (551124, stable_pretraining.callbacks.cpu_offload) |   - int at 'lr_schedulers[0].last_epoch'
02:08:54.403 | WARNING (551124, stable_pretraining.callbacks.cpu_offload) |   - int at 'lr_schedulers[0]._step_count'
02:08:54.403 | WARNING (551124, stable_pretraining.callbacks.cpu_offload) |   - bool at 'lr_schedulers[0]._is_initial'
02:08:54.403 | WARNING (551124, stable_pretraining.callbacks.cpu_offload) |   - bool at 'lr_schedulers[0]._get_lr_called_within_step'
02:08:54.403 | WARNING (551124, stable_pretraining.callbacks.cpu_offload) |   - float at 'lr_schedulers[0]._last_lr[0]'
02:08:54.403 | INFO    (551124, stable_pretraining.callbacks.cpu_offload) | To see all 322 skipped objects, set log_skipped=True
02:08:54.404 | INFO    (551124, stable_pretraining.callbacks.cpu_offload) | GPU memory after offload:
02:08:54.404 | INFO    (551124, stable_pretraining.callbacks.cpu_offload) |   - Allocated: 0.24 GB
02:08:54.404 | INFO    (551124, stable_pretraining.callbacks.cpu_offload) |   - Reserved: 2.46 GB
02:08:54.404 | INFO    (551124, stable_pretraining.callbacks.cpu_offload) | GPU memory freed: 0.00 GB
02:08:54.404 | SUCCESS (551124, stable_pretraining.callbacks.cpu_offload) | CPUOffloadCallback: Checkpoint #6 completed in 0.10s
02:08:54.404 | INFO    (551124, stable_pretraining.callbacks.cpu_offload) | Successfully processed keys: ['state_dict', 'optimizer_states', 'lr_schedulers']
02:08:54.404 | INFO    (551124, stable_pretraining.callbacks.cpu_offload) | Cumulative stats:
02:08:54.404 | INFO    (551124, stable_pretraining.callbacks.cpu_offload) |   - Total checkpoints saved: 6
02:08:54.404 | INFO    (551124, stable_pretraining.callbacks.cpu_offload) |   - Total time in offload: 0.54s
02:08:54.404 | INFO    (551124, stable_pretraining.callbacks.cpu_offload) |   - Total memory freed: 0.00 GB
02:08:54.404 | INFO    (551124, stable_pretraining.callbacks.cpu_offload) |   - Average time per checkpoint: 0.09s
02:08:54.404 | INFO    (551124, stable_pretraining.callbacks.cpu_offload) | ============================================================
02:08:59.908 | WARNING (551124, stable_pretraining.module) | You are calling self.parameters which also gives callbacks parameters, to remove then, pass `with_callbacks=False`
02:09:00.491 | INFO    (551124, stable_pretraining.callbacks.trainer_info) | \n+----------------------------+----------------------+
|           Metric           |        Value         |
+----------------------------+----------------------+
|          [0;34;40mfit/loss[0m          | [0;32;40m0.13190066814422607[0m  |
|       [0;34;40mfit/pred_loss[0m        | [0;32;40m0.048018258064985275[0m |
|      [0;34;40mfit/rdmreg_loss[0m       |  [0;32;40m0.0838824063539505[0m  |
|       [0;34;40mvalidate/loss[0m        |  [0;32;40m16.19516944885254[0m   |
|    [0;34;40mvalidate/loss_epoch[0m     |  [0;32;40m16.19516944885254[0m   |
|     [0;34;40mvalidate/pred_loss[0m     |  [0;32;40m5.172731399536133[0m   |
|  [0;34;40mvalidate/pred_loss_epoch[0m  |  [0;32;40m5.172731399536133[0m   |
|    [0;34;40mvalidate/rdmreg_loss[0m    |  [0;32;40m11.022439002990723[0m  |
| [0;34;40mvalidate/rdmreg_loss_epoch[0m |  [0;32;40m11.022439002990723[0m  |
+----------------------------+----------------------+
02:09:00.553 | INFO    (551124, stable_pretraining.callbacks.checkpoint_sklearn) | Checking for non PyTorch modules to save... 🔧
02:09:00.554 | INFO    (551124, stable_pretraining.callbacks.checkpoint_sklearn) | Checking for Wandb params to save... 🔧
02:09:00.554 | INFO    (551124, stable_pretraining.callbacks.checkpoint_sklearn) | Saving Wandb params {'id': 'lewm_lp_pusht_v2'}
02:09:00.554 | INFO    (551124, stable_pretraining.callbacks.checkpoint_sklearn) | Checking for Wandb params to save... Done!
02:09:00.554 | INFO    (551124, stable_pretraining.callbacks.cpu_offload) | ============================================================
02:09:00.554 | INFO    (551124, stable_pretraining.callbacks.cpu_offload) | CPUOffloadCallback: Starting checkpoint CPU offload (#7)
02:09:00.554 | INFO    (551124, stable_pretraining.callbacks.cpu_offload) |   - Global step: 88
02:09:00.554 | INFO    (551124, stable_pretraining.callbacks.cpu_offload) |   - Epoch: 3
02:09:00.554 | INFO    (551124, stable_pretraining.callbacks.cpu_offload) | Checkpoint contains 11 keys: ['callbacks', 'epoch', 'global_step', 'hparams_name', 'hyper_parameters', 'loops', 'lr_schedulers', 'optimizer_states', 'pytorch-lightning_version', 'state_dict', 'wandb']
02:09:00.554 | INFO    (551124, stable_pretraining.callbacks.cpu_offload) | GPU memory before offload:
02:09:00.554 | INFO    (551124, stable_pretraining.callbacks.cpu_offload) |   - Allocated: 0.24 GB
02:09:00.554 | INFO    (551124, stable_pretraining.callbacks.cpu_offload) |   - Reserved: 2.46 GB
02:09:00.554 | INFO    (551124, stable_pretraining.callbacks.cpu_offload) | Processing checkpoint key: 'state_dict'
02:09:00.588 | SUCCESS (551124, stable_pretraining.callbacks.cpu_offload) | ✓ Completed 'state_dict' in 0.03s
02:09:00.588 | INFO    (551124, stable_pretraining.callbacks.cpu_offload) | Processing checkpoint key: 'optimizer_states'
02:09:00.649 | SUCCESS (551124, stable_pretraining.callbacks.cpu_offload) | ✓ Completed 'optimizer_states' in 0.06s
02:09:00.650 | INFO    (551124, stable_pretraining.callbacks.cpu_offload) | Processing checkpoint key: 'lr_schedulers'
02:09:00.650 | SUCCESS (551124, stable_pretraining.callbacks.cpu_offload) | ✓ Completed 'lr_schedulers' in 0.00s
02:09:00.650 | WARNING (551124, stable_pretraining.callbacks.cpu_offload) | Skipped 322 custom object(s)
02:09:00.650 | WARNING (551124, stable_pretraining.callbacks.cpu_offload) | First 10 skipped objects:
02:09:00.650 | WARNING (551124, stable_pretraining.callbacks.cpu_offload) |   - float at 'optimizer_states[0].param_groups[0].lr'
02:09:00.650 | WARNING (551124, stable_pretraining.callbacks.cpu_offload) |   - float at 'optimizer_states[0].param_groups[0].betas[0]'
02:09:00.650 | WARNING (551124, stable_pretraining.callbacks.cpu_offload) |   - float at 'optimizer_states[0].param_groups[0].betas[1]'
02:09:00.650 | WARNING (551124, stable_pretraining.callbacks.cpu_offload) |   - float at 'optimizer_states[0].param_groups[0].eps'
02:09:00.650 | WARNING (551124, stable_pretraining.callbacks.cpu_offload) |   - float at 'optimizer_states[0].param_groups[0].weight_decay'
02:09:00.650 | WARNING (551124, stable_pretraining.callbacks.cpu_offload) |   - bool at 'optimizer_states[0].param_groups[0].amsgrad'
02:09:00.650 | WARNING (551124, stable_pretraining.callbacks.cpu_offload) |   - bool at 'optimizer_states[0].param_groups[0].maximize'
02:09:00.650 | WARNING (551124, stable_pretraining.callbacks.cpu_offload) |   - NoneType at 'optimizer_states[0].param_groups[0].foreach'
02:09:00.650 | WARNING (551124, stable_pretraining.callbacks.cpu_offload) |   - bool at 'optimizer_states[0].param_groups[0].capturable'
02:09:00.650 | WARNING (551124, stable_pretraining.callbacks.cpu_offload) |   - bool at 'optimizer_states[0].param_groups[0].differentiable'
02:09:00.650 | WARNING (551124, stable_pretraining.callbacks.cpu_offload) | ... (302 more skipped) ...
02:09:00.650 | WARNING (551124, stable_pretraining.callbacks.cpu_offload) | Last 10 skipped objects:
02:09:00.650 | WARNING (551124, stable_pretraining.callbacks.cpu_offload) |   - int at 'lr_schedulers[0].warmup_steps'
02:09:00.650 | WARNING (551124, stable_pretraining.callbacks.cpu_offload) |   - int at 'lr_schedulers[0].max_steps'
02:09:00.651 | WARNING (551124, stable_pretraining.callbacks.cpu_offload) |   - float at 'lr_schedulers[0].warmup_start_lr'
02:09:00.651 | WARNING (551124, stable_pretraining.callbacks.cpu_offload) |   - float at 'lr_schedulers[0].eta_min'
02:09:00.651 | WARNING (551124, stable_pretraining.callbacks.cpu_offload) |   - float at 'lr_schedulers[0].base_lrs[0]'
02:09:00.651 | WARNING (551124, stable_pretraining.callbacks.cpu_offload) |   - int at 'lr_schedulers[0].last_epoch'
02:09:00.651 | WARNING (551124, stable_pretraining.callbacks.cpu_offload) |   - int at 'lr_schedulers[0]._step_count'
02:09:00.651 | WARNING (551124, stable_pretraining.callbacks.cpu_offload) |   - bool at 'lr_schedulers[0]._is_initial'
02:09:00.651 | WARNING (551124, stable_pretraining.callbacks.cpu_offload) |   - bool at 'lr_schedulers[0]._get_lr_called_within_step'
02:09:00.651 | WARNING (551124, stable_pretraining.callbacks.cpu_offload) |   - float at 'lr_schedulers[0]._last_lr[0]'
02:09:00.651 | INFO    (551124, stable_pretraining.callbacks.cpu_offload) | To see all 322 skipped objects, set log_skipped=True
02:09:00.651 | INFO    (551124, stable_pretraining.callbacks.cpu_offload) | GPU memory after offload:
02:09:00.651 | INFO    (551124, stable_pretraining.callbacks.cpu_offload) |   - Allocated: 0.24 GB
02:09:00.651 | INFO    (551124, stable_pretraining.callbacks.cpu_offload) |   - Reserved: 2.46 GB
02:09:00.651 | INFO    (551124, stable_pretraining.callbacks.cpu_offload) | GPU memory freed: 0.00 GB
02:09:00.651 | SUCCESS (551124, stable_pretraining.callbacks.cpu_offload) | CPUOffloadCallback: Checkpoint #7 completed in 0.10s
02:09:00.651 | INFO    (551124, stable_pretraining.callbacks.cpu_offload) | Successfully processed keys: ['state_dict', 'optimizer_states', 'lr_schedulers']
02:09:00.651 | INFO    (551124, stable_pretraining.callbacks.cpu_offload) | Cumulative stats:
02:09:00.651 | INFO    (551124, stable_pretraining.callbacks.cpu_offload) |   - Total checkpoints saved: 7
02:09:00.652 | INFO    (551124, stable_pretraining.callbacks.cpu_offload) |   - Total time in offload: 0.64s
02:09:00.652 | INFO    (551124, stable_pretraining.callbacks.cpu_offload) |   - Total memory freed: 0.00 GB
02:09:00.652 | INFO    (551124, stable_pretraining.callbacks.cpu_offload) |   - Average time per checkpoint: 0.09s
02:09:00.652 | INFO    (551124, stable_pretraining.callbacks.cpu_offload) | ============================================================
02:09:00.973 | INFO    (551124, stable_pretraining.callbacks.checkpoint_sklearn) | Checking for non PyTorch modules to save... 🔧
02:09:00.974 | INFO    (551124, stable_pretraining.callbacks.checkpoint_sklearn) | Checking for Wandb params to save... 🔧
02:09:00.974 | INFO    (551124, stable_pretraining.callbacks.checkpoint_sklearn) | Saving Wandb params {'id': 'lewm_lp_pusht_v2'}
02:09:00.974 | INFO    (551124, stable_pretraining.callbacks.checkpoint_sklearn) | Checking for Wandb params to save... Done!
02:09:00.974 | INFO    (551124, stable_pretraining.callbacks.cpu_offload) | ============================================================
02:09:00.974 | INFO    (551124, stable_pretraining.callbacks.cpu_offload) | CPUOffloadCallback: Starting checkpoint CPU offload (#8)
02:09:00.974 | INFO    (551124, stable_pretraining.callbacks.cpu_offload) |   - Global step: 88
02:09:00.974 | INFO    (551124, stable_pretraining.callbacks.cpu_offload) |   - Epoch: 3
02:09:00.974 | INFO    (551124, stable_pretraining.callbacks.cpu_offload) | Checkpoint contains 11 keys: ['callbacks', 'epoch', 'global_step', 'hparams_name', 'hyper_parameters', 'loops', 'lr_schedulers', 'optimizer_states', 'pytorch-lightning_version', 'state_dict', 'wandb']
02:09:00.974 | INFO    (551124, stable_pretraining.callbacks.cpu_offload) | GPU memory before offload:
02:09:00.974 | INFO    (551124, stable_pretraining.callbacks.cpu_offload) |   - Allocated: 0.24 GB
02:09:00.974 | INFO    (551124, stable_pretraining.callbacks.cpu_offload) |   - Reserved: 2.46 GB
02:09:00.974 | INFO    (551124, stable_pretraining.callbacks.cpu_offload) | Processing checkpoint key: 'state_dict'
02:09:01.017 | SUCCESS (551124, stable_pretraining.callbacks.cpu_offload) | ✓ Completed 'state_dict' in 0.04s
02:09:01.017 | INFO    (551124, stable_pretraining.callbacks.cpu_offload) | Processing checkpoint key: 'optimizer_states'
02:09:01.079 | SUCCESS (551124, stable_pretraining.callbacks.cpu_offload) | ✓ Completed 'optimizer_states' in 0.06s
02:09:01.079 | INFO    (551124, stable_pretraining.callbacks.cpu_offload) | Processing checkpoint key: 'lr_schedulers'
02:09:01.079 | SUCCESS (551124, stable_pretraining.callbacks.cpu_offload) | ✓ Completed 'lr_schedulers' in 0.00s
02:09:01.079 | WARNING (551124, stable_pretraining.callbacks.cpu_offload) | Skipped 322 custom object(s)
02:09:01.079 | WARNING (551124, stable_pretraining.callbacks.cpu_offload) | First 10 skipped objects:
02:09:01.079 | WARNING (551124, stable_pretraining.callbacks.cpu_offload) |   - float at 'optimizer_states[0].param_groups[0].lr'
02:09:01.079 | WARNING (551124, stable_pretraining.callbacks.cpu_offload) |   - float at 'optimizer_states[0].param_groups[0].betas[0]'
02:09:01.079 | WARNING (551124, stable_pretraining.callbacks.cpu_offload) |   - float at 'optimizer_states[0].param_groups[0].betas[1]'
02:09:01.079 | WARNING (551124, stable_pretraining.callbacks.cpu_offload) |   - float at 'optimizer_states[0].param_groups[0].eps'
02:09:01.079 | WARNING (551124, stable_pretraining.callbacks.cpu_offload) |   - float at 'optimizer_states[0].param_groups[0].weight_decay'
02:09:01.079 | WARNING (551124, stable_pretraining.callbacks.cpu_offload) |   - bool at 'optimizer_states[0].param_groups[0].amsgrad'
02:09:01.079 | WARNING (551124, stable_pretraining.callbacks.cpu_offload) |   - bool at 'optimizer_states[0].param_groups[0].maximize'
02:09:01.080 | WARNING (551124, stable_pretraining.callbacks.cpu_offload) |   - NoneType at 'optimizer_states[0].param_groups[0].foreach'
02:09:01.080 | WARNING (551124, stable_pretraining.callbacks.cpu_offload) |   - bool at 'optimizer_states[0].param_groups[0].capturable'
02:09:01.080 | WARNING (551124, stable_pretraining.callbacks.cpu_offload) |   - bool at 'optimizer_states[0].param_groups[0].differentiable'
02:09:01.080 | WARNING (551124, stable_pretraining.callbacks.cpu_offload) | ... (302 more skipped) ...
02:09:01.080 | WARNING (551124, stable_pretraining.callbacks.cpu_offload) | Last 10 skipped objects:
02:09:01.080 | WARNING (551124, stable_pretraining.callbacks.cpu_offload) |   - int at 'lr_schedulers[0].warmup_steps'
02:09:01.080 | WARNING (551124, stable_pretraining.callbacks.cpu_offload) |   - int at 'lr_schedulers[0].max_steps'
02:09:01.080 | WARNING (551124, stable_pretraining.callbacks.cpu_offload) |   - float at 'lr_schedulers[0].warmup_start_lr'
02:09:01.080 | WARNING (551124, stable_pretraining.callbacks.cpu_offload) |   - float at 'lr_schedulers[0].eta_min'
02:09:01.080 | WARNING (551124, stable_pretraining.callbacks.cpu_offload) |   - float at 'lr_schedulers[0].base_lrs[0]'
02:09:01.080 | WARNING (551124, stable_pretraining.callbacks.cpu_offload) |   - int at 'lr_schedulers[0].last_epoch'
02:09:01.080 | WARNING (551124, stable_pretraining.callbacks.cpu_offload) |   - int at 'lr_schedulers[0]._step_count'
02:09:01.080 | WARNING (551124, stable_pretraining.callbacks.cpu_offload) |   - bool at 'lr_schedulers[0]._is_initial'
02:09:01.080 | WARNING (551124, stable_pretraining.callbacks.cpu_offload) |   - bool at 'lr_schedulers[0]._get_lr_called_within_step'
02:09:01.080 | WARNING (551124, stable_pretraining.callbacks.cpu_offload) |   - float at 'lr_schedulers[0]._last_lr[0]'
02:09:01.080 | INFO    (551124, stable_pretraining.callbacks.cpu_offload) | To see all 322 skipped objects, set log_skipped=True
02:09:01.081 | INFO    (551124, stable_pretraining.callbacks.cpu_offload) | GPU memory after offload:
02:09:01.081 | INFO    (551124, stable_pretraining.callbacks.cpu_offload) |   - Allocated: 0.24 GB
02:09:01.081 | INFO    (551124, stable_pretraining.callbacks.cpu_offload) |   - Reserved: 2.46 GB
02:09:01.081 | INFO    (551124, stable_pretraining.callbacks.cpu_offload) | GPU memory freed: 0.00 GB
02:09:01.081 | SUCCESS (551124, stable_pretraining.callbacks.cpu_offload) | CPUOffloadCallback: Checkpoint #8 completed in 0.11s
02:09:01.081 | INFO    (551124, stable_pretraining.callbacks.cpu_offload) | Successfully processed keys: ['state_dict', 'optimizer_states', 'lr_schedulers']
02:09:01.081 | INFO    (551124, stable_pretraining.callbacks.cpu_offload) | Cumulative stats:
02:09:01.081 | INFO    (551124, stable_pretraining.callbacks.cpu_offload) |   - Total checkpoints saved: 8
02:09:01.081 | INFO    (551124, stable_pretraining.callbacks.cpu_offload) |   - Total time in offload: 0.75s
02:09:01.081 | INFO    (551124, stable_pretraining.callbacks.cpu_offload) |   - Total memory freed: 0.00 GB
02:09:01.081 | INFO    (551124, stable_pretraining.callbacks.cpu_offload) |   - Average time per checkpoint: 0.09s
02:09:01.081 | INFO    (551124, stable_pretraining.callbacks.cpu_offload) | ============================================================
02:09:06.566 | WARNING (551124, stable_pretraining.module) | You are calling self.parameters which also gives callbacks parameters, to remove then, pass `with_callbacks=False`
02:09:07.148 | INFO    (551124, stable_pretraining.callbacks.trainer_info) | \n+----------------------------+----------------------+
|           Metric           |        Value         |
+----------------------------+----------------------+
|          [0;34;40mfit/loss[0m          | [0;32;40m0.10745793581008911[0m  |
|       [0;34;40mfit/pred_loss[0m        | [0;32;40m0.028954919427633286[0m |
|      [0;34;40mfit/rdmreg_loss[0m       | [0;32;40m0.07850301265716553[0m  |
|       [0;34;40mvalidate/loss[0m        |  [0;32;40m2.099144458770752[0m   |
|    [0;34;40mvalidate/loss_epoch[0m     |  [0;32;40m2.099144458770752[0m   |
|     [0;34;40mvalidate/pred_loss[0m     | [0;32;40m0.48655030131340027[0m  |
|  [0;34;40mvalidate/pred_loss_epoch[0m  | [0;32;40m0.48655030131340027[0m  |
|    [0;34;40mvalidate/rdmreg_loss[0m    |  [0;32;40m1.6125941276550293[0m  |
| [0;34;40mvalidate/rdmreg_loss_epoch[0m |  [0;32;40m1.6125941276550293[0m  |
+----------------------------+----------------------+
02:09:07.216 | INFO    (551124, stable_pretraining.callbacks.checkpoint_sklearn) | Checking for non PyTorch modules to save... 🔧
02:09:07.216 | INFO    (551124, stable_pretraining.callbacks.checkpoint_sklearn) | Checking for Wandb params to save... 🔧
02:09:07.216 | INFO    (551124, stable_pretraining.callbacks.checkpoint_sklearn) | Saving Wandb params {'id': 'lewm_lp_pusht_v2'}
02:09:07.216 | INFO    (551124, stable_pretraining.callbacks.checkpoint_sklearn) | Checking for Wandb params to save... Done!
02:09:07.216 | INFO    (551124, stable_pretraining.callbacks.cpu_offload) | ============================================================
02:09:07.216 | INFO    (551124, stable_pretraining.callbacks.cpu_offload) | CPUOffloadCallback: Starting checkpoint CPU offload (#9)
02:09:07.216 | INFO    (551124, stable_pretraining.callbacks.cpu_offload) |   - Global step: 110
02:09:07.216 | INFO    (551124, stable_pretraining.callbacks.cpu_offload) |   - Epoch: 4
02:09:07.216 | INFO    (551124, stable_pretraining.callbacks.cpu_offload) | Checkpoint contains 11 keys: ['callbacks', 'epoch', 'global_step', 'hparams_name', 'hyper_parameters', 'loops', 'lr_schedulers', 'optimizer_states', 'pytorch-lightning_version', 'state_dict', 'wandb']
02:09:07.216 | INFO    (551124, stable_pretraining.callbacks.cpu_offload) | GPU memory before offload:
02:09:07.216 | INFO    (551124, stable_pretraining.callbacks.cpu_offload) |   - Allocated: 0.24 GB
02:09:07.216 | INFO    (551124, stable_pretraining.callbacks.cpu_offload) |   - Reserved: 2.46 GB
02:09:07.217 | INFO    (551124, stable_pretraining.callbacks.cpu_offload) | Processing checkpoint key: 'state_dict'
02:09:07.248 | SUCCESS (551124, stable_pretraining.callbacks.cpu_offload) | ✓ Completed 'state_dict' in 0.03s
02:09:07.248 | INFO    (551124, stable_pretraining.callbacks.cpu_offload) | Processing checkpoint key: 'optimizer_states'
02:09:07.310 | SUCCESS (551124, stable_pretraining.callbacks.cpu_offload) | ✓ Completed 'optimizer_states' in 0.06s
02:09:07.310 | INFO    (551124, stable_pretraining.callbacks.cpu_offload) | Processing checkpoint key: 'lr_schedulers'
02:09:07.311 | SUCCESS (551124, stable_pretraining.callbacks.cpu_offload) | ✓ Completed 'lr_schedulers' in 0.00s
02:09:07.311 | WARNING (551124, stable_pretraining.callbacks.cpu_offload) | Skipped 322 custom object(s)
02:09:07.311 | WARNING (551124, stable_pretraining.callbacks.cpu_offload) | First 10 skipped objects:
02:09:07.311 | WARNING (551124, stable_pretraining.callbacks.cpu_offload) |   - float at 'optimizer_states[0].param_groups[0].lr'
02:09:07.311 | WARNING (551124, stable_pretraining.callbacks.cpu_offload) |   - float at 'optimizer_states[0].param_groups[0].betas[0]'
02:09:07.311 | WARNING (551124, stable_pretraining.callbacks.cpu_offload) |   - float at 'optimizer_states[0].param_groups[0].betas[1]'
02:09:07.311 | WARNING (551124, stable_pretraining.callbacks.cpu_offload) |   - float at 'optimizer_states[0].param_groups[0].eps'
02:09:07.311 | WARNING (551124, stable_pretraining.callbacks.cpu_offload) |   - float at 'optimizer_states[0].param_groups[0].weight_decay'
02:09:07.311 | WARNING (551124, stable_pretraining.callbacks.cpu_offload) |   - bool at 'optimizer_states[0].param_groups[0].amsgrad'
02:09:07.311 | WARNING (551124, stable_pretraining.callbacks.cpu_offload) |   - bool at 'optimizer_states[0].param_groups[0].maximize'
02:09:07.311 | WARNING (551124, stable_pretraining.callbacks.cpu_offload) |   - NoneType at 'optimizer_states[0].param_groups[0].foreach'
02:09:07.311 | WARNING (551124, stable_pretraining.callbacks.cpu_offload) |   - bool at 'optimizer_states[0].param_groups[0].capturable'
02:09:07.311 | WARNING (551124, stable_pretraining.callbacks.cpu_offload) |   - bool at 'optimizer_states[0].param_groups[0].differentiable'
02:09:07.311 | WARNING (551124, stable_pretraining.callbacks.cpu_offload) | ... (302 more skipped) ...
02:09:07.312 | WARNING (551124, stable_pretraining.callbacks.cpu_offload) | Last 10 skipped objects:
02:09:07.312 | WARNING (551124, stable_pretraining.callbacks.cpu_offload) |   - int at 'lr_schedulers[0].warmup_steps'
02:09:07.312 | WARNING (551124, stable_pretraining.callbacks.cpu_offload) |   - int at 'lr_schedulers[0].max_steps'
02:09:07.312 | WARNING (551124, stable_pretraining.callbacks.cpu_offload) |   - float at 'lr_schedulers[0].warmup_start_lr'
02:09:07.312 | WARNING (551124, stable_pretraining.callbacks.cpu_offload) |   - float at 'lr_schedulers[0].eta_min'
02:09:07.312 | WARNING (551124, stable_pretraining.callbacks.cpu_offload) |   - float at 'lr_schedulers[0].base_lrs[0]'
02:09:07.312 | WARNING (551124, stable_pretraining.callbacks.cpu_offload) |   - int at 'lr_schedulers[0].last_epoch'
02:09:07.312 | WARNING (551124, stable_pretraining.callbacks.cpu_offload) |   - int at 'lr_schedulers[0]._step_count'
02:09:07.312 | WARNING (551124, stable_pretraining.callbacks.cpu_offload) |   - bool at 'lr_schedulers[0]._is_initial'
02:09:07.312 | WARNING (551124, stable_pretraining.callbacks.cpu_offload) |   - bool at 'lr_schedulers[0]._get_lr_called_within_step'
02:09:07.312 | WARNING (551124, stable_pretraining.callbacks.cpu_offload) |   - float at 'lr_schedulers[0]._last_lr[0]'
02:09:07.312 | INFO    (551124, stable_pretraining.callbacks.cpu_offload) | To see all 322 skipped objects, set log_skipped=True
02:09:07.312 | INFO    (551124, stable_pretraining.callbacks.cpu_offload) | GPU memory after offload:
02:09:07.312 | INFO    (551124, stable_pretraining.callbacks.cpu_offload) |   - Allocated: 0.24 GB
02:09:07.312 | INFO    (551124, stable_pretraining.callbacks.cpu_offload) |   - Reserved: 2.46 GB
02:09:07.312 | INFO    (551124, stable_pretraining.callbacks.cpu_offload) | GPU memory freed: 0.00 GB
02:09:07.312 | SUCCESS (551124, stable_pretraining.callbacks.cpu_offload) | CPUOffloadCallback: Checkpoint #9 completed in 0.10s
02:09:07.313 | INFO    (551124, stable_pretraining.callbacks.cpu_offload) | Successfully processed keys: ['state_dict', 'optimizer_states', 'lr_schedulers']
02:09:07.313 | INFO    (551124, stable_pretraining.callbacks.cpu_offload) | Cumulative stats:
02:09:07.313 | INFO    (551124, stable_pretraining.callbacks.cpu_offload) |   - Total checkpoints saved: 9
02:09:07.313 | INFO    (551124, stable_pretraining.callbacks.cpu_offload) |   - Total time in offload: 0.84s
02:09:07.313 | INFO    (551124, stable_pretraining.callbacks.cpu_offload) |   - Total memory freed: 0.00 GB
02:09:07.313 | INFO    (551124, stable_pretraining.callbacks.cpu_offload) |   - Average time per checkpoint: 0.09s
02:09:07.313 | INFO    (551124, stable_pretraining.callbacks.cpu_offload) | ============================================================
02:09:07.642 | INFO    (551124, stable_pretraining.callbacks.checkpoint_sklearn) | Checking for non PyTorch modules to save... 🔧
02:09:07.642 | INFO    (551124, stable_pretraining.callbacks.checkpoint_sklearn) | Checking for Wandb params to save... 🔧
02:09:07.642 | INFO    (551124, stable_pretraining.callbacks.checkpoint_sklearn) | Saving Wandb params {'id': 'lewm_lp_pusht_v2'}
02:09:07.642 | INFO    (551124, stable_pretraining.callbacks.checkpoint_sklearn) | Checking for Wandb params to save... Done!
02:09:07.643 | INFO    (551124, stable_pretraining.callbacks.cpu_offload) | ============================================================
02:09:07.643 | INFO    (551124, stable_pretraining.callbacks.cpu_offload) | CPUOffloadCallback: Starting checkpoint CPU offload (#10)
02:09:07.643 | INFO    (551124, stable_pretraining.callbacks.cpu_offload) |   - Global step: 110
02:09:07.643 | INFO    (551124, stable_pretraining.callbacks.cpu_offload) |   - Epoch: 4
02:09:07.643 | INFO    (551124, stable_pretraining.callbacks.cpu_offload) | Checkpoint contains 11 keys: ['callbacks', 'epoch', 'global_step', 'hparams_name', 'hyper_parameters', 'loops', 'lr_schedulers', 'optimizer_states', 'pytorch-lightning_version', 'state_dict', 'wandb']
02:09:07.643 | INFO    (551124, stable_pretraining.callbacks.cpu_offload) | GPU memory before offload:
02:09:07.643 | INFO    (551124, stable_pretraining.callbacks.cpu_offload) |   - Allocated: 0.24 GB
02:09:07.643 | INFO    (551124, stable_pretraining.callbacks.cpu_offload) |   - Reserved: 2.46 GB
02:09:07.643 | INFO    (551124, stable_pretraining.callbacks.cpu_offload) | Processing checkpoint key: 'state_dict'
02:09:07.675 | SUCCESS (551124, stable_pretraining.callbacks.cpu_offload) | ✓ Completed 'state_dict' in 0.03s
02:09:07.676 | INFO    (551124, stable_pretraining.callbacks.cpu_offload) | Processing checkpoint key: 'optimizer_states'
02:09:07.740 | SUCCESS (551124, stable_pretraining.callbacks.cpu_offload) | ✓ Completed 'optimizer_states' in 0.06s
02:09:07.740 | INFO    (551124, stable_pretraining.callbacks.cpu_offload) | Processing checkpoint key: 'lr_schedulers'
02:09:07.740 | SUCCESS (551124, stable_pretraining.callbacks.cpu_offload) | ✓ Completed 'lr_schedulers' in 0.00s
02:09:07.741 | WARNING (551124, stable_pretraining.callbacks.cpu_offload) | Skipped 322 custom object(s)
02:09:07.741 | WARNING (551124, stable_pretraining.callbacks.cpu_offload) | First 10 skipped objects:
02:09:07.741 | WARNING (551124, stable_pretraining.callbacks.cpu_offload) |   - float at 'optimizer_states[0].param_groups[0].lr'
02:09:07.741 | WARNING (551124, stable_pretraining.callbacks.cpu_offload) |   - float at 'optimizer_states[0].param_groups[0].betas[0]'
02:09:07.741 | WARNING (551124, stable_pretraining.callbacks.cpu_offload) |   - float at 'optimizer_states[0].param_groups[0].betas[1]'
02:09:07.741 | WARNING (551124, stable_pretraining.callbacks.cpu_offload) |   - float at 'optimizer_states[0].param_groups[0].eps'
02:09:07.741 | WARNING (551124, stable_pretraining.callbacks.cpu_offload) |   - float at 'optimizer_states[0].param_groups[0].weight_decay'
02:09:07.741 | WARNING (551124, stable_pretraining.callbacks.cpu_offload) |   - bool at 'optimizer_states[0].param_groups[0].amsgrad'
02:09:07.741 | WARNING (551124, stable_pretraining.callbacks.cpu_offload) |   - bool at 'optimizer_states[0].param_groups[0].maximize'
02:09:07.741 | WARNING (551124, stable_pretraining.callbacks.cpu_offload) |   - NoneType at 'optimizer_states[0].param_groups[0].foreach'
02:09:07.741 | WARNING (551124, stable_pretraining.callbacks.cpu_offload) |   - bool at 'optimizer_states[0].param_groups[0].capturable'
02:09:07.741 | WARNING (551124, stable_pretraining.callbacks.cpu_offload) |   - bool at 'optimizer_states[0].param_groups[0].differentiable'
02:09:07.741 | WARNING (551124, stable_pretraining.callbacks.cpu_offload) | ... (302 more skipped) ...
02:09:07.741 | WARNING (551124, stable_pretraining.callbacks.cpu_offload) | Last 10 skipped objects:
02:09:07.741 | WARNING (551124, stable_pretraining.callbacks.cpu_offload) |   - int at 'lr_schedulers[0].warmup_steps'
02:09:07.741 | WARNING (551124, stable_pretraining.callbacks.cpu_offload) |   - int at 'lr_schedulers[0].max_steps'
02:09:07.741 | WARNING (551124, stable_pretraining.callbacks.cpu_offload) |   - float at 'lr_schedulers[0].warmup_start_lr'
02:09:07.741 | WARNING (551124, stable_pretraining.callbacks.cpu_offload) |   - float at 'lr_schedulers[0].eta_min'
02:09:07.741 | WARNING (551124, stable_pretraining.callbacks.cpu_offload) |   - float at 'lr_schedulers[0].base_lrs[0]'
02:09:07.741 | WARNING (551124, stable_pretraining.callbacks.cpu_offload) |   - int at 'lr_schedulers[0].last_epoch'
02:09:07.742 | WARNING (551124, stable_pretraining.callbacks.cpu_offload) |   - int at 'lr_schedulers[0]._step_count'
02:09:07.742 | WARNING (551124, stable_pretraining.callbacks.cpu_offload) |   - bool at 'lr_schedulers[0]._is_initial'
02:09:07.742 | WARNING (551124, stable_pretraining.callbacks.cpu_offload) |   - bool at 'lr_schedulers[0]._get_lr_called_within_step'
02:09:07.742 | WARNING (551124, stable_pretraining.callbacks.cpu_offload) |   - float at 'lr_schedulers[0]._last_lr[0]'
02:09:07.742 | INFO    (551124, stable_pretraining.callbacks.cpu_offload) | To see all 322 skipped objects, set log_skipped=True
02:09:07.742 | INFO    (551124, stable_pretraining.callbacks.cpu_offload) | GPU memory after offload:
02:09:07.742 | INFO    (551124, stable_pretraining.callbacks.cpu_offload) |   - Allocated: 0.24 GB
02:09:07.742 | INFO    (551124, stable_pretraining.callbacks.cpu_offload) |   - Reserved: 2.46 GB
02:09:07.742 | INFO    (551124, stable_pretraining.callbacks.cpu_offload) | GPU memory freed: 0.00 GB
02:09:07.742 | SUCCESS (551124, stable_pretraining.callbacks.cpu_offload) | CPUOffloadCallback: Checkpoint #10 completed in 0.10s
02:09:07.742 | INFO    (551124, stable_pretraining.callbacks.cpu_offload) | Successfully processed keys: ['state_dict', 'optimizer_states', 'lr_schedulers']
02:09:07.742 | INFO    (551124, stable_pretraining.callbacks.cpu_offload) | Cumulative stats:
02:09:07.742 | INFO    (551124, stable_pretraining.callbacks.cpu_offload) |   - Total checkpoints saved: 10
02:09:07.742 | INFO    (551124, stable_pretraining.callbacks.cpu_offload) |   - Total time in offload: 0.94s
02:09:07.742 | INFO    (551124, stable_pretraining.callbacks.cpu_offload) |   - Total memory freed: 0.00 GB
02:09:07.742 | INFO    (551124, stable_pretraining.callbacks.cpu_offload) |   - Average time per checkpoint: 0.09s
02:09:07.743 | INFO    (551124, stable_pretraining.callbacks.cpu_offload) | ============================================================
02:09:13.147 | WARNING (551124, stable_pretraining.module) | You are calling self.parameters which also gives callbacks parameters, to remove then, pass `with_callbacks=False`
02:09:13.716 | INFO    (551124, stable_pretraining.callbacks.trainer_info) | \n+----------------------------+---------------------+
|           Metric           |        Value        |
+----------------------------+---------------------+
|          [0;34;40mfit/loss[0m          | [0;32;40m0.12074558436870575[0m |
|       [0;34;40mfit/pred_loss[0m        |  [0;32;40m0.0413077287375927[0m |
|      [0;34;40mfit/rdmreg_loss[0m       | [0;32;40m0.07943785190582275[0m |
|       [0;34;40mvalidate/loss[0m        |  [0;32;40m2.2814841270446777[0m |
|    [0;34;40mvalidate/loss_epoch[0m     |  [0;32;40m2.2814841270446777[0m |
|     [0;34;40mvalidate/pred_loss[0m     |  [0;32;40m0.480705589056015[0m  |
|  [0;34;40mvalidate/pred_loss_epoch[0m  |  [0;32;40m0.480705589056015[0m  |
|    [0;34;40mvalidate/rdmreg_loss[0m    |  [0;32;40m1.8007785081863403[0m |
| [0;34;40mvalidate/rdmreg_loss_epoch[0m |  [0;32;40m1.8007785081863403[0m |
+----------------------------+---------------------+
02:09:13.781 | INFO    (551124, stable_pretraining.callbacks.checkpoint_sklearn) | Checking for non PyTorch modules to save... 🔧
02:09:13.781 | INFO    (551124, stable_pretraining.callbacks.checkpoint_sklearn) | Checking for Wandb params to save... 🔧
02:09:13.781 | INFO    (551124, stable_pretraining.callbacks.checkpoint_sklearn) | Saving Wandb params {'id': 'lewm_lp_pusht_v2'}
02:09:13.782 | INFO    (551124, stable_pretraining.callbacks.checkpoint_sklearn) | Checking for Wandb params to save... Done!
02:09:13.782 | INFO    (551124, stable_pretraining.callbacks.cpu_offload) | ============================================================
02:09:13.782 | INFO    (551124, stable_pretraining.callbacks.cpu_offload) | CPUOffloadCallback: Starting checkpoint CPU offload (#11)
02:09:13.782 | INFO    (551124, stable_pretraining.callbacks.cpu_offload) |   - Global step: 132
02:09:13.782 | INFO    (551124, stable_pretraining.callbacks.cpu_offload) |   - Epoch: 5
02:09:13.782 | INFO    (551124, stable_pretraining.callbacks.cpu_offload) | Checkpoint contains 11 keys: ['callbacks', 'epoch', 'global_step', 'hparams_name', 'hyper_parameters', 'loops', 'lr_schedulers', 'optimizer_states', 'pytorch-lightning_version', 'state_dict', 'wandb']
02:09:13.782 | INFO    (551124, stable_pretraining.callbacks.cpu_offload) | GPU memory before offload:
02:09:13.782 | INFO    (551124, stable_pretraining.callbacks.cpu_offload) |   - Allocated: 0.24 GB
02:09:13.782 | INFO    (551124, stable_pretraining.callbacks.cpu_offload) |   - Reserved: 2.46 GB
02:09:13.782 | INFO    (551124, stable_pretraining.callbacks.cpu_offload) | Processing checkpoint key: 'state_dict'
02:09:13.814 | SUCCESS (551124, stable_pretraining.callbacks.cpu_offload) | ✓ Completed 'state_dict' in 0.03s
02:09:13.814 | INFO    (551124, stable_pretraining.callbacks.cpu_offload) | Processing checkpoint key: 'optimizer_states'
02:09:13.876 | SUCCESS (551124, stable_pretraining.callbacks.cpu_offload) | ✓ Completed 'optimizer_states' in 0.06s
02:09:13.876 | INFO    (551124, stable_pretraining.callbacks.cpu_offload) | Processing checkpoint key: 'lr_schedulers'
02:09:13.876 | SUCCESS (551124, stable_pretraining.callbacks.cpu_offload) | ✓ Completed 'lr_schedulers' in 0.00s
02:09:13.876 | WARNING (551124, stable_pretraining.callbacks.cpu_offload) | Skipped 322 custom object(s)
02:09:13.876 | WARNING (551124, stable_pretraining.callbacks.cpu_offload) | First 10 skipped objects:
02:09:13.876 | WARNING (551124, stable_pretraining.callbacks.cpu_offload) |   - float at 'optimizer_states[0].param_groups[0].lr'
02:09:13.876 | WARNING (551124, stable_pretraining.callbacks.cpu_offload) |   - float at 'optimizer_states[0].param_groups[0].betas[0]'
02:09:13.877 | WARNING (551124, stable_pretraining.callbacks.cpu_offload) |   - float at 'optimizer_states[0].param_groups[0].betas[1]'
02:09:13.877 | WARNING (551124, stable_pretraining.callbacks.cpu_offload) |   - float at 'optimizer_states[0].param_groups[0].eps'
02:09:13.877 | WARNING (551124, stable_pretraining.callbacks.cpu_offload) |   - float at 'optimizer_states[0].param_groups[0].weight_decay'
02:09:13.877 | WARNING (551124, stable_pretraining.callbacks.cpu_offload) |   - bool at 'optimizer_states[0].param_groups[0].amsgrad'
02:09:13.877 | WARNING (551124, stable_pretraining.callbacks.cpu_offload) |   - bool at 'optimizer_states[0].param_groups[0].maximize'
02:09:13.877 | WARNING (551124, stable_pretraining.callbacks.cpu_offload) |   - NoneType at 'optimizer_states[0].param_groups[0].foreach'
02:09:13.877 | WARNING (551124, stable_pretraining.callbacks.cpu_offload) |   - bool at 'optimizer_states[0].param_groups[0].capturable'
02:09:13.877 | WARNING (551124, stable_pretraining.callbacks.cpu_offload) |   - bool at 'optimizer_states[0].param_groups[0].differentiable'
02:09:13.877 | WARNING (551124, stable_pretraining.callbacks.cpu_offload) | ... (302 more skipped) ...
02:09:13.877 | WARNING (551124, stable_pretraining.callbacks.cpu_offload) | Last 10 skipped objects:
02:09:13.877 | WARNING (551124, stable_pretraining.callbacks.cpu_offload) |   - int at 'lr_schedulers[0].warmup_steps'
02:09:13.877 | WARNING (551124, stable_pretraining.callbacks.cpu_offload) |   - int at 'lr_schedulers[0].max_steps'
02:09:13.877 | WARNING (551124, stable_pretraining.callbacks.cpu_offload) |   - float at 'lr_schedulers[0].warmup_start_lr'
02:09:13.877 | WARNING (551124, stable_pretraining.callbacks.cpu_offload) |   - float at 'lr_schedulers[0].eta_min'
02:09:13.877 | WARNING (551124, stable_pretraining.callbacks.cpu_offload) |   - float at 'lr_schedulers[0].base_lrs[0]'
02:09:13.877 | WARNING (551124, stable_pretraining.callbacks.cpu_offload) |   - int at 'lr_schedulers[0].last_epoch'
02:09:13.877 | WARNING (551124, stable_pretraining.callbacks.cpu_offload) |   - int at 'lr_schedulers[0]._step_count'
02:09:13.877 | WARNING (551124, stable_pretraining.callbacks.cpu_offload) |   - bool at 'lr_schedulers[0]._is_initial'
02:09:13.877 | WARNING (551124, stable_pretraining.callbacks.cpu_offload) |   - bool at 'lr_schedulers[0]._get_lr_called_within_step'
02:09:13.878 | WARNING (551124, stable_pretraining.callbacks.cpu_offload) |   - float at 'lr_schedulers[0]._last_lr[0]'
02:09:13.878 | INFO    (551124, stable_pretraining.callbacks.cpu_offload) | To see all 322 skipped objects, set log_skipped=True
02:09:13.878 | INFO    (551124, stable_pretraining.callbacks.cpu_offload) | GPU memory after offload:
02:09:13.878 | INFO    (551124, stable_pretraining.callbacks.cpu_offload) |   - Allocated: 0.24 GB
02:09:13.878 | INFO    (551124, stable_pretraining.callbacks.cpu_offload) |   - Reserved: 2.46 GB
02:09:13.878 | INFO    (551124, stable_pretraining.callbacks.cpu_offload) | GPU memory freed: 0.00 GB
02:09:13.878 | SUCCESS (551124, stable_pretraining.callbacks.cpu_offload) | CPUOffloadCallback: Checkpoint #11 completed in 0.10s
02:09:13.878 | INFO    (551124, stable_pretraining.callbacks.cpu_offload) | Successfully processed keys: ['state_dict', 'optimizer_states', 'lr_schedulers']
02:09:13.878 | INFO    (551124, stable_pretraining.callbacks.cpu_offload) | Cumulative stats:
02:09:13.878 | INFO    (551124, stable_pretraining.callbacks.cpu_offload) |   - Total checkpoints saved: 11
02:09:13.878 | INFO    (551124, stable_pretraining.callbacks.cpu_offload) |   - Total time in offload: 1.04s
02:09:13.878 | INFO    (551124, stable_pretraining.callbacks.cpu_offload) |   - Total memory freed: 0.00 GB
02:09:13.878 | INFO    (551124, stable_pretraining.callbacks.cpu_offload) |   - Average time per checkpoint: 0.09s
02:09:13.878 | INFO    (551124, stable_pretraining.callbacks.cpu_offload) | ============================================================
02:09:14.213 | INFO    (551124, stable_pretraining.callbacks.checkpoint_sklearn) | Checking for non PyTorch modules to save... 🔧
02:09:14.213 | INFO    (551124, stable_pretraining.callbacks.checkpoint_sklearn) | Checking for Wandb params to save... 🔧
02:09:14.213 | INFO    (551124, stable_pretraining.callbacks.checkpoint_sklearn) | Saving Wandb params {'id': 'lewm_lp_pusht_v2'}
02:09:14.213 | INFO    (551124, stable_pretraining.callbacks.checkpoint_sklearn) | Checking for Wandb params to save... Done!
02:09:14.213 | INFO    (551124, stable_pretraining.callbacks.cpu_offload) | ============================================================
02:09:14.213 | INFO    (551124, stable_pretraining.callbacks.cpu_offload) | CPUOffloadCallback: Starting checkpoint CPU offload (#12)
02:09:14.213 | INFO    (551124, stable_pretraining.callbacks.cpu_offload) |   - Global step: 132
02:09:14.213 | INFO    (551124, stable_pretraining.callbacks.cpu_offload) |   - Epoch: 5
02:09:14.213 | INFO    (551124, stable_pretraining.callbacks.cpu_offload) | Checkpoint contains 11 keys: ['callbacks', 'epoch', 'global_step', 'hparams_name', 'hyper_parameters', 'loops', 'lr_schedulers', 'optimizer_states', 'pytorch-lightning_version', 'state_dict', 'wandb']
02:09:14.214 | INFO    (551124, stable_pretraining.callbacks.cpu_offload) | GPU memory before offload:
02:09:14.214 | INFO    (551124, stable_pretraining.callbacks.cpu_offload) |   - Allocated: 0.24 GB
02:09:14.214 | INFO    (551124, stable_pretraining.callbacks.cpu_offload) |   - Reserved: 2.46 GB
02:09:14.214 | INFO    (551124, stable_pretraining.callbacks.cpu_offload) | Processing checkpoint key: 'state_dict'
02:09:14.245 | SUCCESS (551124, stable_pretraining.callbacks.cpu_offload) | ✓ Completed 'state_dict' in 0.03s
02:09:14.245 | INFO    (551124, stable_pretraining.callbacks.cpu_offload) | Processing checkpoint key: 'optimizer_states'
02:09:14.307 | SUCCESS (551124, stable_pretraining.callbacks.cpu_offload) | ✓ Completed 'optimizer_states' in 0.06s
02:09:14.307 | INFO    (551124, stable_pretraining.callbacks.cpu_offload) | Processing checkpoint key: 'lr_schedulers'
02:09:14.308 | SUCCESS (551124, stable_pretraining.callbacks.cpu_offload) | ✓ Completed 'lr_schedulers' in 0.00s
02:09:14.308 | WARNING (551124, stable_pretraining.callbacks.cpu_offload) | Skipped 322 custom object(s)
02:09:14.308 | WARNING (551124, stable_pretraining.callbacks.cpu_offload) | First 10 skipped objects:
02:09:14.308 | WARNING (551124, stable_pretraining.callbacks.cpu_offload) |   - float at 'optimizer_states[0].param_groups[0].lr'
02:09:14.308 | WARNING (551124, stable_pretraining.callbacks.cpu_offload) |   - float at 'optimizer_states[0].param_groups[0].betas[0]'
02:09:14.308 | WARNING (551124, stable_pretraining.callbacks.cpu_offload) |   - float at 'optimizer_states[0].param_groups[0].betas[1]'
02:09:14.308 | WARNING (551124, stable_pretraining.callbacks.cpu_offload) |   - float at 'optimizer_states[0].param_groups[0].eps'
02:09:14.308 | WARNING (551124, stable_pretraining.callbacks.cpu_offload) |   - float at 'optimizer_states[0].param_groups[0].weight_decay'
02:09:14.308 | WARNING (551124, stable_pretraining.callbacks.cpu_offload) |   - bool at 'optimizer_states[0].param_groups[0].amsgrad'
02:09:14.308 | WARNING (551124, stable_pretraining.callbacks.cpu_offload) |   - bool at 'optimizer_states[0].param_groups[0].maximize'
02:09:14.308 | WARNING (551124, stable_pretraining.callbacks.cpu_offload) |   - NoneType at 'optimizer_states[0].param_groups[0].foreach'
02:09:14.308 | WARNING (551124, stable_pretraining.callbacks.cpu_offload) |   - bool at 'optimizer_states[0].param_groups[0].capturable'
02:09:14.308 | WARNING (551124, stable_pretraining.callbacks.cpu_offload) |   - bool at 'optimizer_states[0].param_groups[0].differentiable'
02:09:14.308 | WARNING (551124, stable_pretraining.callbacks.cpu_offload) | ... (302 more skipped) ...
02:09:14.308 | WARNING (551124, stable_pretraining.callbacks.cpu_offload) | Last 10 skipped objects:
02:09:14.308 | WARNING (551124, stable_pretraining.callbacks.cpu_offload) |   - int at 'lr_schedulers[0].warmup_steps'
02:09:14.308 | WARNING (551124, stable_pretraining.callbacks.cpu_offload) |   - int at 'lr_schedulers[0].max_steps'
02:09:14.309 | WARNING (551124, stable_pretraining.callbacks.cpu_offload) |   - float at 'lr_schedulers[0].warmup_start_lr'
02:09:14.309 | WARNING (551124, stable_pretraining.callbacks.cpu_offload) |   - float at 'lr_schedulers[0].eta_min'
02:09:14.309 | WARNING (551124, stable_pretraining.callbacks.cpu_offload) |   - float at 'lr_schedulers[0].base_lrs[0]'
02:09:14.309 | WARNING (551124, stable_pretraining.callbacks.cpu_offload) |   - int at 'lr_schedulers[0].last_epoch'
02:09:14.309 | WARNING (551124, stable_pretraining.callbacks.cpu_offload) |   - int at 'lr_schedulers[0]._step_count'
02:09:14.309 | WARNING (551124, stable_pretraining.callbacks.cpu_offload) |   - bool at 'lr_schedulers[0]._is_initial'
02:09:14.309 | WARNING (551124, stable_pretraining.callbacks.cpu_offload) |   - bool at 'lr_schedulers[0]._get_lr_called_within_step'
02:09:14.309 | WARNING (551124, stable_pretraining.callbacks.cpu_offload) |   - float at 'lr_schedulers[0]._last_lr[0]'
02:09:14.309 | INFO    (551124, stable_pretraining.callbacks.cpu_offload) | To see all 322 skipped objects, set log_skipped=True
02:09:14.309 | INFO    (551124, stable_pretraining.callbacks.cpu_offload) | GPU memory after offload:
02:09:14.309 | INFO    (551124, stable_pretraining.callbacks.cpu_offload) |   - Allocated: 0.24 GB
02:09:14.310 | INFO    (551124, stable_pretraining.callbacks.cpu_offload) |   - Reserved: 2.46 GB
02:09:14.310 | INFO    (551124, stable_pretraining.callbacks.cpu_offload) | GPU memory freed: 0.00 GB
02:09:14.310 | SUCCESS (551124, stable_pretraining.callbacks.cpu_offload) | CPUOffloadCallback: Checkpoint #12 completed in 0.10s
02:09:14.310 | INFO    (551124, stable_pretraining.callbacks.cpu_offload) | Successfully processed keys: ['state_dict', 'optimizer_states', 'lr_schedulers']
02:09:14.310 | INFO    (551124, stable_pretraining.callbacks.cpu_offload) | Cumulative stats:
02:09:14.310 | INFO    (551124, stable_pretraining.callbacks.cpu_offload) |   - Total checkpoints saved: 12
02:09:14.310 | INFO    (551124, stable_pretraining.callbacks.cpu_offload) |   - Total time in offload: 1.14s
02:09:14.310 | INFO    (551124, stable_pretraining.callbacks.cpu_offload) |   - Total memory freed: 0.00 GB
02:09:14.310 | INFO    (551124, stable_pretraining.callbacks.cpu_offload) |   - Average time per checkpoint: 0.09s
02:09:14.310 | INFO    (551124, stable_pretraining.callbacks.cpu_offload) | ============================================================
02:09:19.613 | WARNING (551124, stable_pretraining.module) | You are calling self.parameters which also gives callbacks parameters, to remove then, pass `with_callbacks=False`
02:09:20.181 | INFO    (551124, stable_pretraining.callbacks.trainer_info) | \n+----------------------------+---------------------+
|           Metric           |        Value        |
+----------------------------+---------------------+
|          [0;34;40mfit/loss[0m          | [0;32;40m0.09975587576627731[0m |
|       [0;34;40mfit/pred_loss[0m        | [0;32;40m0.02749530039727688[0m |
|      [0;34;40mfit/rdmreg_loss[0m       | [0;32;40m0.07226057350635529[0m |
|       [0;34;40mvalidate/loss[0m        |  [0;32;40m1.6884485483169556[0m |
|    [0;34;40mvalidate/loss_epoch[0m     |  [0;32;40m1.6884485483169556[0m |
|     [0;34;40mvalidate/pred_loss[0m     |  [0;32;40m0.5069347620010376[0m |
|  [0;34;40mvalidate/pred_loss_epoch[0m  |  [0;32;40m0.5069347620010376[0m |
|    [0;34;40mvalidate/rdmreg_loss[0m    |  [0;32;40m1.181513786315918[0m  |
| [0;34;40mvalidate/rdmreg_loss_epoch[0m |  [0;32;40m1.181513786315918[0m  |
+----------------------------+---------------------+
02:09:20.245 | INFO    (551124, stable_pretraining.callbacks.checkpoint_sklearn) | Checking for non PyTorch modules to save... 🔧
02:09:20.245 | INFO    (551124, stable_pretraining.callbacks.checkpoint_sklearn) | Checking for Wandb params to save... 🔧
02:09:20.246 | INFO    (551124, stable_pretraining.callbacks.checkpoint_sklearn) | Saving Wandb params {'id': 'lewm_lp_pusht_v2'}
02:09:20.246 | INFO    (551124, stable_pretraining.callbacks.checkpoint_sklearn) | Checking for Wandb params to save... Done!
02:09:20.246 | INFO    (551124, stable_pretraining.callbacks.cpu_offload) | ============================================================
02:09:20.246 | INFO    (551124, stable_pretraining.callbacks.cpu_offload) | CPUOffloadCallback: Starting checkpoint CPU offload (#13)
02:09:20.246 | INFO    (551124, stable_pretraining.callbacks.cpu_offload) |   - Global step: 154
02:09:20.246 | INFO    (551124, stable_pretraining.callbacks.cpu_offload) |   - Epoch: 6
02:09:20.246 | INFO    (551124, stable_pretraining.callbacks.cpu_offload) | Checkpoint contains 11 keys: ['callbacks', 'epoch', 'global_step', 'hparams_name', 'hyper_parameters', 'loops', 'lr_schedulers', 'optimizer_states', 'pytorch-lightning_version', 'state_dict', 'wandb']
02:09:20.246 | INFO    (551124, stable_pretraining.callbacks.cpu_offload) | GPU memory before offload:
02:09:20.246 | INFO    (551124, stable_pretraining.callbacks.cpu_offload) |   - Allocated: 0.24 GB
02:09:20.246 | INFO    (551124, stable_pretraining.callbacks.cpu_offload) |   - Reserved: 2.46 GB
02:09:20.246 | INFO    (551124, stable_pretraining.callbacks.cpu_offload) | Processing checkpoint key: 'state_dict'
02:09:20.279 | SUCCESS (551124, stable_pretraining.callbacks.cpu_offload) | ✓ Completed 'state_dict' in 0.03s
02:09:20.280 | INFO    (551124, stable_pretraining.callbacks.cpu_offload) | Processing checkpoint key: 'optimizer_states'
02:09:20.345 | SUCCESS (551124, stable_pretraining.callbacks.cpu_offload) | ✓ Completed 'optimizer_states' in 0.07s
02:09:20.346 | INFO    (551124, stable_pretraining.callbacks.cpu_offload) | Processing checkpoint key: 'lr_schedulers'
02:09:20.346 | SUCCESS (551124, stable_pretraining.callbacks.cpu_offload) | ✓ Completed 'lr_schedulers' in 0.00s
02:09:20.346 | WARNING (551124, stable_pretraining.callbacks.cpu_offload) | Skipped 322 custom object(s)
02:09:20.346 | WARNING (551124, stable_pretraining.callbacks.cpu_offload) | First 10 skipped objects:
02:09:20.346 | WARNING (551124, stable_pretraining.callbacks.cpu_offload) |   - float at 'optimizer_states[0].param_groups[0].lr'
02:09:20.346 | WARNING (551124, stable_pretraining.callbacks.cpu_offload) |   - float at 'optimizer_states[0].param_groups[0].betas[0]'
02:09:20.346 | WARNING (551124, stable_pretraining.callbacks.cpu_offload) |   - float at 'optimizer_states[0].param_groups[0].betas[1]'
02:09:20.346 | WARNING (551124, stable_pretraining.callbacks.cpu_offload) |   - float at 'optimizer_states[0].param_groups[0].eps'
02:09:20.346 | WARNING (551124, stable_pretraining.callbacks.cpu_offload) |   - float at 'optimizer_states[0].param_groups[0].weight_decay'
02:09:20.346 | WARNING (551124, stable_pretraining.callbacks.cpu_offload) |   - bool at 'optimizer_states[0].param_groups[0].amsgrad'
02:09:20.346 | WARNING (551124, stable_pretraining.callbacks.cpu_offload) |   - bool at 'optimizer_states[0].param_groups[0].maximize'
02:09:20.346 | WARNING (551124, stable_pretraining.callbacks.cpu_offload) |   - NoneType at 'optimizer_states[0].param_groups[0].foreach'
02:09:20.346 | WARNING (551124, stable_pretraining.callbacks.cpu_offload) |   - bool at 'optimizer_states[0].param_groups[0].capturable'
02:09:20.346 | WARNING (551124, stable_pretraining.callbacks.cpu_offload) |   - bool at 'optimizer_states[0].param_groups[0].differentiable'
02:09:20.346 | WARNING (551124, stable_pretraining.callbacks.cpu_offload) | ... (302 more skipped) ...
02:09:20.346 | WARNING (551124, stable_pretraining.callbacks.cpu_offload) | Last 10 skipped objects:
02:09:20.346 | WARNING (551124, stable_pretraining.callbacks.cpu_offload) |   - int at 'lr_schedulers[0].warmup_steps'
02:09:20.346 | WARNING (551124, stable_pretraining.callbacks.cpu_offload) |   - int at 'lr_schedulers[0].max_steps'
02:09:20.347 | WARNING (551124, stable_pretraining.callbacks.cpu_offload) |   - float at 'lr_schedulers[0].warmup_start_lr'
02:09:20.347 | WARNING (551124, stable_pretraining.callbacks.cpu_offload) |   - float at 'lr_schedulers[0].eta_min'
02:09:20.347 | WARNING (551124, stable_pretraining.callbacks.cpu_offload) |   - float at 'lr_schedulers[0].base_lrs[0]'
02:09:20.347 | WARNING (551124, stable_pretraining.callbacks.cpu_offload) |   - int at 'lr_schedulers[0].last_epoch'
02:09:20.347 | WARNING (551124, stable_pretraining.callbacks.cpu_offload) |   - int at 'lr_schedulers[0]._step_count'
02:09:20.347 | WARNING (551124, stable_pretraining.callbacks.cpu_offload) |   - bool at 'lr_schedulers[0]._is_initial'
02:09:20.347 | WARNING (551124, stable_pretraining.callbacks.cpu_offload) |   - bool at 'lr_schedulers[0]._get_lr_called_within_step'
02:09:20.347 | WARNING (551124, stable_pretraining.callbacks.cpu_offload) |   - float at 'lr_schedulers[0]._last_lr[0]'
02:09:20.347 | INFO    (551124, stable_pretraining.callbacks.cpu_offload) | To see all 322 skipped objects, set log_skipped=True
02:09:20.347 | INFO    (551124, stable_pretraining.callbacks.cpu_offload) | GPU memory after offload:
02:09:20.347 | INFO    (551124, stable_pretraining.callbacks.cpu_offload) |   - Allocated: 0.24 GB
02:09:20.347 | INFO    (551124, stable_pretraining.callbacks.cpu_offload) |   - Reserved: 2.46 GB
02:09:20.347 | INFO    (551124, stable_pretraining.callbacks.cpu_offload) | GPU memory freed: 0.00 GB
02:09:20.347 | SUCCESS (551124, stable_pretraining.callbacks.cpu_offload) | CPUOffloadCallback: Checkpoint #13 completed in 0.10s
02:09:20.347 | INFO    (551124, stable_pretraining.callbacks.cpu_offload) | Successfully processed keys: ['state_dict', 'optimizer_states', 'lr_schedulers']
02:09:20.348 | INFO    (551124, stable_pretraining.callbacks.cpu_offload) | Cumulative stats:
02:09:20.348 | INFO    (551124, stable_pretraining.callbacks.cpu_offload) |   - Total checkpoints saved: 13
02:09:20.348 | INFO    (551124, stable_pretraining.callbacks.cpu_offload) |   - Total time in offload: 1.24s
02:09:20.348 | INFO    (551124, stable_pretraining.callbacks.cpu_offload) |   - Total memory freed: 0.00 GB
02:09:20.348 | INFO    (551124, stable_pretraining.callbacks.cpu_offload) |   - Average time per checkpoint: 0.10s
02:09:20.348 | INFO    (551124, stable_pretraining.callbacks.cpu_offload) | ============================================================
02:09:20.690 | INFO    (551124, stable_pretraining.callbacks.checkpoint_sklearn) | Checking for non PyTorch modules to save... 🔧
02:09:20.690 | INFO    (551124, stable_pretraining.callbacks.checkpoint_sklearn) | Checking for Wandb params to save... 🔧
02:09:20.690 | INFO    (551124, stable_pretraining.callbacks.checkpoint_sklearn) | Saving Wandb params {'id': 'lewm_lp_pusht_v2'}
02:09:20.690 | INFO    (551124, stable_pretraining.callbacks.checkpoint_sklearn) | Checking for Wandb params to save... Done!
02:09:20.690 | INFO    (551124, stable_pretraining.callbacks.cpu_offload) | ============================================================
02:09:20.690 | INFO    (551124, stable_pretraining.callbacks.cpu_offload) | CPUOffloadCallback: Starting checkpoint CPU offload (#14)
02:09:20.690 | INFO    (551124, stable_pretraining.callbacks.cpu_offload) |   - Global step: 154
02:09:20.690 | INFO    (551124, stable_pretraining.callbacks.cpu_offload) |   - Epoch: 6
02:09:20.690 | INFO    (551124, stable_pretraining.callbacks.cpu_offload) | Checkpoint contains 11 keys: ['callbacks', 'epoch', 'global_step', 'hparams_name', 'hyper_parameters', 'loops', 'lr_schedulers', 'optimizer_states', 'pytorch-lightning_version', 'state_dict', 'wandb']
02:09:20.691 | INFO    (551124, stable_pretraining.callbacks.cpu_offload) | GPU memory before offload:
02:09:20.691 | INFO    (551124, stable_pretraining.callbacks.cpu_offload) |   - Allocated: 0.24 GB
02:09:20.691 | INFO    (551124, stable_pretraining.callbacks.cpu_offload) |   - Reserved: 2.46 GB
02:09:20.691 | INFO    (551124, stable_pretraining.callbacks.cpu_offload) | Processing checkpoint key: 'state_dict'
02:09:20.723 | SUCCESS (551124, stable_pretraining.callbacks.cpu_offload) | ✓ Completed 'state_dict' in 0.03s
02:09:20.723 | INFO    (551124, stable_pretraining.callbacks.cpu_offload) | Processing checkpoint key: 'optimizer_states'
02:09:20.795 | SUCCESS (551124, stable_pretraining.callbacks.cpu_offload) | ✓ Completed 'optimizer_states' in 0.07s
02:09:20.795 | INFO    (551124, stable_pretraining.callbacks.cpu_offload) | Processing checkpoint key: 'lr_schedulers'
02:09:20.795 | SUCCESS (551124, stable_pretraining.callbacks.cpu_offload) | ✓ Completed 'lr_schedulers' in 0.00s
02:09:20.795 | WARNING (551124, stable_pretraining.callbacks.cpu_offload) | Skipped 322 custom object(s)
02:09:20.795 | WARNING (551124, stable_pretraining.callbacks.cpu_offload) | First 10 skipped objects:
02:09:20.795 | WARNING (551124, stable_pretraining.callbacks.cpu_offload) |   - float at 'optimizer_states[0].param_groups[0].lr'
02:09:20.795 | WARNING (551124, stable_pretraining.callbacks.cpu_offload) |   - float at 'optimizer_states[0].param_groups[0].betas[0]'
02:09:20.795 | WARNING (551124, stable_pretraining.callbacks.cpu_offload) |   - float at 'optimizer_states[0].param_groups[0].betas[1]'
02:09:20.795 | WARNING (551124, stable_pretraining.callbacks.cpu_offload) |   - float at 'optimizer_states[0].param_groups[0].eps'
02:09:20.795 | WARNING (551124, stable_pretraining.callbacks.cpu_offload) |   - float at 'optimizer_states[0].param_groups[0].weight_decay'
02:09:20.795 | WARNING (551124, stable_pretraining.callbacks.cpu_offload) |   - bool at 'optimizer_states[0].param_groups[0].amsgrad'
02:09:20.796 | WARNING (551124, stable_pretraining.callbacks.cpu_offload) |   - bool at 'optimizer_states[0].param_groups[0].maximize'
02:09:20.796 | WARNING (551124, stable_pretraining.callbacks.cpu_offload) |   - NoneType at 'optimizer_states[0].param_groups[0].foreach'
02:09:20.796 | WARNING (551124, stable_pretraining.callbacks.cpu_offload) |   - bool at 'optimizer_states[0].param_groups[0].capturable'
02:09:20.796 | WARNING (551124, stable_pretraining.callbacks.cpu_offload) |   - bool at 'optimizer_states[0].param_groups[0].differentiable'
02:09:20.796 | WARNING (551124, stable_pretraining.callbacks.cpu_offload) | ... (302 more skipped) ...
02:09:20.796 | WARNING (551124, stable_pretraining.callbacks.cpu_offload) | Last 10 skipped objects:
02:09:20.796 | WARNING (551124, stable_pretraining.callbacks.cpu_offload) |   - int at 'lr_schedulers[0].warmup_steps'
02:09:20.796 | WARNING (551124, stable_pretraining.callbacks.cpu_offload) |   - int at 'lr_schedulers[0].max_steps'
02:09:20.796 | WARNING (551124, stable_pretraining.callbacks.cpu_offload) |   - float at 'lr_schedulers[0].warmup_start_lr'
02:09:20.796 | WARNING (551124, stable_pretraining.callbacks.cpu_offload) |   - float at 'lr_schedulers[0].eta_min'
02:09:20.796 | WARNING (551124, stable_pretraining.callbacks.cpu_offload) |   - float at 'lr_schedulers[0].base_lrs[0]'
02:09:20.796 | WARNING (551124, stable_pretraining.callbacks.cpu_offload) |   - int at 'lr_schedulers[0].last_epoch'
02:09:20.796 | WARNING (551124, stable_pretraining.callbacks.cpu_offload) |   - int at 'lr_schedulers[0]._step_count'
02:09:20.796 | WARNING (551124, stable_pretraining.callbacks.cpu_offload) |   - bool at 'lr_schedulers[0]._is_initial'
02:09:20.796 | WARNING (551124, stable_pretraining.callbacks.cpu_offload) |   - bool at 'lr_schedulers[0]._get_lr_called_within_step'
02:09:20.796 | WARNING (551124, stable_pretraining.callbacks.cpu_offload) |   - float at 'lr_schedulers[0]._last_lr[0]'
02:09:20.796 | INFO    (551124, stable_pretraining.callbacks.cpu_offload) | To see all 322 skipped objects, set log_skipped=True
02:09:20.797 | INFO    (551124, stable_pretraining.callbacks.cpu_offload) | GPU memory after offload:
02:09:20.797 | INFO    (551124, stable_pretraining.callbacks.cpu_offload) |   - Allocated: 0.24 GB
02:09:20.797 | INFO    (551124, stable_pretraining.callbacks.cpu_offload) |   - Reserved: 2.46 GB
02:09:20.797 | INFO    (551124, stable_pretraining.callbacks.cpu_offload) | GPU memory freed: 0.00 GB
02:09:20.797 | SUCCESS (551124, stable_pretraining.callbacks.cpu_offload) | CPUOffloadCallback: Checkpoint #14 completed in 0.11s
02:09:20.797 | INFO    (551124, stable_pretraining.callbacks.cpu_offload) | Successfully processed keys: ['state_dict', 'optimizer_states', 'lr_schedulers']
02:09:20.797 | INFO    (551124, stable_pretraining.callbacks.cpu_offload) | Cumulative stats:
02:09:20.797 | INFO    (551124, stable_pretraining.callbacks.cpu_offload) |   - Total checkpoints saved: 14
02:09:20.797 | INFO    (551124, stable_pretraining.callbacks.cpu_offload) |   - Total time in offload: 1.34s
02:09:20.797 | INFO    (551124, stable_pretraining.callbacks.cpu_offload) |   - Total memory freed: 0.00 GB
02:09:20.797 | INFO    (551124, stable_pretraining.callbacks.cpu_offload) |   - Average time per checkpoint: 0.10s
02:09:20.797 | INFO    (551124, stable_pretraining.callbacks.cpu_offload) | ============================================================
02:09:26.089 | WARNING (551124, stable_pretraining.module) | You are calling self.parameters which also gives callbacks parameters, to remove then, pass `with_callbacks=False`
02:09:26.655 | INFO    (551124, stable_pretraining.callbacks.trainer_info) | \n+----------------------------+----------------------+
|           Metric           |        Value         |
+----------------------------+----------------------+
|          [0;34;40mfit/loss[0m          | [0;32;40m0.09956102073192596[0m  |
|       [0;34;40mfit/pred_loss[0m        | [0;32;40m0.028588639572262764[0m |
|      [0;34;40mfit/rdmreg_loss[0m       | [0;32;40m0.07097238302230835[0m  |
|       [0;34;40mvalidate/loss[0m        |  [0;32;40m1.333199381828308[0m   |
|    [0;34;40mvalidate/loss_epoch[0m     |  [0;32;40m1.333199381828308[0m   |
|     [0;34;40mvalidate/pred_loss[0m     |  [0;32;40m0.1325962096452713[0m  |
|  [0;34;40mvalidate/pred_loss_epoch[0m  |  [0;32;40m0.1325962096452713[0m  |
|    [0;34;40mvalidate/rdmreg_loss[0m    |  [0;32;40m1.2006032466888428[0m  |
| [0;34;40mvalidate/rdmreg_loss_epoch[0m |  [0;32;40m1.2006032466888428[0m  |
+----------------------------+----------------------+
02:09:26.714 | INFO    (551124, stable_pretraining.callbacks.checkpoint_sklearn) | Checking for non PyTorch modules to save... 🔧
02:09:26.715 | INFO    (551124, stable_pretraining.callbacks.checkpoint_sklearn) | Checking for Wandb params to save... 🔧
02:09:26.715 | INFO    (551124, stable_pretraining.callbacks.checkpoint_sklearn) | Saving Wandb params {'id': 'lewm_lp_pusht_v2'}
02:09:26.715 | INFO    (551124, stable_pretraining.callbacks.checkpoint_sklearn) | Checking for Wandb params to save... Done!
02:09:26.715 | INFO    (551124, stable_pretraining.callbacks.cpu_offload) | ============================================================
02:09:26.715 | INFO    (551124, stable_pretraining.callbacks.cpu_offload) | CPUOffloadCallback: Starting checkpoint CPU offload (#15)
02:09:26.715 | INFO    (551124, stable_pretraining.callbacks.cpu_offload) |   - Global step: 176
02:09:26.715 | INFO    (551124, stable_pretraining.callbacks.cpu_offload) |   - Epoch: 7
02:09:26.715 | INFO    (551124, stable_pretraining.callbacks.cpu_offload) | Checkpoint contains 11 keys: ['callbacks', 'epoch', 'global_step', 'hparams_name', 'hyper_parameters', 'loops', 'lr_schedulers', 'optimizer_states', 'pytorch-lightning_version', 'state_dict', 'wandb']
02:09:26.715 | INFO    (551124, stable_pretraining.callbacks.cpu_offload) | GPU memory before offload:
02:09:26.716 | INFO    (551124, stable_pretraining.callbacks.cpu_offload) |   - Allocated: 0.24 GB
02:09:26.716 | INFO    (551124, stable_pretraining.callbacks.cpu_offload) |   - Reserved: 2.46 GB
02:09:26.716 | INFO    (551124, stable_pretraining.callbacks.cpu_offload) | Processing checkpoint key: 'state_dict'
02:09:26.747 | SUCCESS (551124, stable_pretraining.callbacks.cpu_offload) | ✓ Completed 'state_dict' in 0.03s
02:09:26.747 | INFO    (551124, stable_pretraining.callbacks.cpu_offload) | Processing checkpoint key: 'optimizer_states'
02:09:26.813 | SUCCESS (551124, stable_pretraining.callbacks.cpu_offload) | ✓ Completed 'optimizer_states' in 0.07s
02:09:26.813 | INFO    (551124, stable_pretraining.callbacks.cpu_offload) | Processing checkpoint key: 'lr_schedulers'
02:09:26.813 | SUCCESS (551124, stable_pretraining.callbacks.cpu_offload) | ✓ Completed 'lr_schedulers' in 0.00s
02:09:26.813 | WARNING (551124, stable_pretraining.callbacks.cpu_offload) | Skipped 322 custom object(s)
02:09:26.813 | WARNING (551124, stable_pretraining.callbacks.cpu_offload) | First 10 skipped objects:
02:09:26.813 | WARNING (551124, stable_pretraining.callbacks.cpu_offload) |   - float at 'optimizer_states[0].param_groups[0].lr'
02:09:26.813 | WARNING (551124, stable_pretraining.callbacks.cpu_offload) |   - float at 'optimizer_states[0].param_groups[0].betas[0]'
02:09:26.813 | WARNING (551124, stable_pretraining.callbacks.cpu_offload) |   - float at 'optimizer_states[0].param_groups[0].betas[1]'
02:09:26.813 | WARNING (551124, stable_pretraining.callbacks.cpu_offload) |   - float at 'optimizer_states[0].param_groups[0].eps'
02:09:26.813 | WARNING (551124, stable_pretraining.callbacks.cpu_offload) |   - float at 'optimizer_states[0].param_groups[0].weight_decay'
02:09:26.813 | WARNING (551124, stable_pretraining.callbacks.cpu_offload) |   - bool at 'optimizer_states[0].param_groups[0].amsgrad'
02:09:26.813 | WARNING (551124, stable_pretraining.callbacks.cpu_offload) |   - bool at 'optimizer_states[0].param_groups[0].maximize'
02:09:26.813 | WARNING (551124, stable_pretraining.callbacks.cpu_offload) |   - NoneType at 'optimizer_states[0].param_groups[0].foreach'
02:09:26.813 | WARNING (551124, stable_pretraining.callbacks.cpu_offload) |   - bool at 'optimizer_states[0].param_groups[0].capturable'
02:09:26.813 | WARNING (551124, stable_pretraining.callbacks.cpu_offload) |   - bool at 'optimizer_states[0].param_groups[0].differentiable'
02:09:26.813 | WARNING (551124, stable_pretraining.callbacks.cpu_offload) | ... (302 more skipped) ...
02:09:26.814 | WARNING (551124, stable_pretraining.callbacks.cpu_offload) | Last 10 skipped objects:
02:09:26.814 | WARNING (551124, stable_pretraining.callbacks.cpu_offload) |   - int at 'lr_schedulers[0].warmup_steps'
02:09:26.814 | WARNING (551124, stable_pretraining.callbacks.cpu_offload) |   - int at 'lr_schedulers[0].max_steps'
02:09:26.814 | WARNING (551124, stable_pretraining.callbacks.cpu_offload) |   - float at 'lr_schedulers[0].warmup_start_lr'
02:09:26.814 | WARNING (551124, stable_pretraining.callbacks.cpu_offload) |   - float at 'lr_schedulers[0].eta_min'
02:09:26.814 | WARNING (551124, stable_pretraining.callbacks.cpu_offload) |   - float at 'lr_schedulers[0].base_lrs[0]'
02:09:26.814 | WARNING (551124, stable_pretraining.callbacks.cpu_offload) |   - int at 'lr_schedulers[0].last_epoch'
02:09:26.814 | WARNING (551124, stable_pretraining.callbacks.cpu_offload) |   - int at 'lr_schedulers[0]._step_count'
02:09:26.814 | WARNING (551124, stable_pretraining.callbacks.cpu_offload) |   - bool at 'lr_schedulers[0]._is_initial'
02:09:26.814 | WARNING (551124, stable_pretraining.callbacks.cpu_offload) |   - bool at 'lr_schedulers[0]._get_lr_called_within_step'
02:09:26.814 | WARNING (551124, stable_pretraining.callbacks.cpu_offload) |   - float at 'lr_schedulers[0]._last_lr[0]'
02:09:26.814 | INFO    (551124, stable_pretraining.callbacks.cpu_offload) | To see all 322 skipped objects, set log_skipped=True
02:09:26.814 | INFO    (551124, stable_pretraining.callbacks.cpu_offload) | GPU memory after offload:
02:09:26.814 | INFO    (551124, stable_pretraining.callbacks.cpu_offload) |   - Allocated: 0.24 GB
02:09:26.814 | INFO    (551124, stable_pretraining.callbacks.cpu_offload) |   - Reserved: 2.46 GB
02:09:26.815 | INFO    (551124, stable_pretraining.callbacks.cpu_offload) | GPU memory freed: 0.00 GB
02:09:26.815 | SUCCESS (551124, stable_pretraining.callbacks.cpu_offload) | CPUOffloadCallback: Checkpoint #15 completed in 0.10s
02:09:26.815 | INFO    (551124, stable_pretraining.callbacks.cpu_offload) | Successfully processed keys: ['state_dict', 'optimizer_states', 'lr_schedulers']
02:09:26.815 | INFO    (551124, stable_pretraining.callbacks.cpu_offload) | Cumulative stats:
02:09:26.815 | INFO    (551124, stable_pretraining.callbacks.cpu_offload) |   - Total checkpoints saved: 15
02:09:26.815 | INFO    (551124, stable_pretraining.callbacks.cpu_offload) |   - Total time in offload: 1.44s
02:09:26.815 | INFO    (551124, stable_pretraining.callbacks.cpu_offload) |   - Total memory freed: 0.00 GB
02:09:26.815 | INFO    (551124, stable_pretraining.callbacks.cpu_offload) |   - Average time per checkpoint: 0.10s
02:09:26.815 | INFO    (551124, stable_pretraining.callbacks.cpu_offload) | ============================================================
02:09:27.155 | INFO    (551124, stable_pretraining.callbacks.checkpoint_sklearn) | Checking for non PyTorch modules to save... 🔧
02:09:27.156 | INFO    (551124, stable_pretraining.callbacks.checkpoint_sklearn) | Checking for Wandb params to save... 🔧
02:09:27.156 | INFO    (551124, stable_pretraining.callbacks.checkpoint_sklearn) | Saving Wandb params {'id': 'lewm_lp_pusht_v2'}
02:09:27.156 | INFO    (551124, stable_pretraining.callbacks.checkpoint_sklearn) | Checking for Wandb params to save... Done!
02:09:27.156 | INFO    (551124, stable_pretraining.callbacks.cpu_offload) | ============================================================
02:09:27.156 | INFO    (551124, stable_pretraining.callbacks.cpu_offload) | CPUOffloadCallback: Starting checkpoint CPU offload (#16)
02:09:27.156 | INFO    (551124, stable_pretraining.callbacks.cpu_offload) |   - Global step: 176
02:09:27.156 | INFO    (551124, stable_pretraining.callbacks.cpu_offload) |   - Epoch: 7
02:09:27.156 | INFO    (551124, stable_pretraining.callbacks.cpu_offload) | Checkpoint contains 11 keys: ['callbacks', 'epoch', 'global_step', 'hparams_name', 'hyper_parameters', 'loops', 'lr_schedulers', 'optimizer_states', 'pytorch-lightning_version', 'state_dict', 'wandb']
02:09:27.156 | INFO    (551124, stable_pretraining.callbacks.cpu_offload) | GPU memory before offload:
02:09:27.156 | INFO    (551124, stable_pretraining.callbacks.cpu_offload) |   - Allocated: 0.24 GB
02:09:27.157 | INFO    (551124, stable_pretraining.callbacks.cpu_offload) |   - Reserved: 2.46 GB
02:09:27.157 | INFO    (551124, stable_pretraining.callbacks.cpu_offload) | Processing checkpoint key: 'state_dict'
02:09:27.189 | SUCCESS (551124, stable_pretraining.callbacks.cpu_offload) | ✓ Completed 'state_dict' in 0.03s
02:09:27.189 | INFO    (551124, stable_pretraining.callbacks.cpu_offload) | Processing checkpoint key: 'optimizer_states'
02:09:27.253 | SUCCESS (551124, stable_pretraining.callbacks.cpu_offload) | ✓ Completed 'optimizer_states' in 0.06s
02:09:27.253 | INFO    (551124, stable_pretraining.callbacks.cpu_offload) | Processing checkpoint key: 'lr_schedulers'
02:09:27.254 | SUCCESS (551124, stable_pretraining.callbacks.cpu_offload) | ✓ Completed 'lr_schedulers' in 0.00s
02:09:27.254 | WARNING (551124, stable_pretraining.callbacks.cpu_offload) | Skipped 322 custom object(s)
02:09:27.254 | WARNING (551124, stable_pretraining.callbacks.cpu_offload) | First 10 skipped objects:
02:09:27.254 | WARNING (551124, stable_pretraining.callbacks.cpu_offload) |   - float at 'optimizer_states[0].param_groups[0].lr'
02:09:27.254 | WARNING (551124, stable_pretraining.callbacks.cpu_offload) |   - float at 'optimizer_states[0].param_groups[0].betas[0]'
02:09:27.254 | WARNING (551124, stable_pretraining.callbacks.cpu_offload) |   - float at 'optimizer_states[0].param_groups[0].betas[1]'
02:09:27.254 | WARNING (551124, stable_pretraining.callbacks.cpu_offload) |   - float at 'optimizer_states[0].param_groups[0].eps'
02:09:27.254 | WARNING (551124, stable_pretraining.callbacks.cpu_offload) |   - float at 'optimizer_states[0].param_groups[0].weight_decay'
02:09:27.254 | WARNING (551124, stable_pretraining.callbacks.cpu_offload) |   - bool at 'optimizer_states[0].param_groups[0].amsgrad'
02:09:27.254 | WARNING (551124, stable_pretraining.callbacks.cpu_offload) |   - bool at 'optimizer_states[0].param_groups[0].maximize'
02:09:27.254 | WARNING (551124, stable_pretraining.callbacks.cpu_offload) |   - NoneType at 'optimizer_states[0].param_groups[0].foreach'
02:09:27.254 | WARNING (551124, stable_pretraining.callbacks.cpu_offload) |   - bool at 'optimizer_states[0].param_groups[0].capturable'
02:09:27.254 | WARNING (551124, stable_pretraining.callbacks.cpu_offload) |   - bool at 'optimizer_states[0].param_groups[0].differentiable'
02:09:27.254 | WARNING (551124, stable_pretraining.callbacks.cpu_offload) | ... (302 more skipped) ...
02:09:27.254 | WARNING (551124, stable_pretraining.callbacks.cpu_offload) | Last 10 skipped objects:
02:09:27.254 | WARNING (551124, stable_pretraining.callbacks.cpu_offload) |   - int at 'lr_schedulers[0].warmup_steps'
02:09:27.254 | WARNING (551124, stable_pretraining.callbacks.cpu_offload) |   - int at 'lr_schedulers[0].max_steps'
02:09:27.255 | WARNING (551124, stable_pretraining.callbacks.cpu_offload) |   - float at 'lr_schedulers[0].warmup_start_lr'
02:09:27.255 | WARNING (551124, stable_pretraining.callbacks.cpu_offload) |   - float at 'lr_schedulers[0].eta_min'
02:09:27.255 | WARNING (551124, stable_pretraining.callbacks.cpu_offload) |   - float at 'lr_schedulers[0].base_lrs[0]'
02:09:27.255 | WARNING (551124, stable_pretraining.callbacks.cpu_offload) |   - int at 'lr_schedulers[0].last_epoch'
02:09:27.255 | WARNING (551124, stable_pretraining.callbacks.cpu_offload) |   - int at 'lr_schedulers[0]._step_count'
02:09:27.255 | WARNING (551124, stable_pretraining.callbacks.cpu_offload) |   - bool at 'lr_schedulers[0]._is_initial'
02:09:27.256 | WARNING (551124, stable_pretraining.callbacks.cpu_offload) |   - bool at 'lr_schedulers[0]._get_lr_called_within_step'
02:09:27.256 | WARNING (551124, stable_pretraining.callbacks.cpu_offload) |   - float at 'lr_schedulers[0]._last_lr[0]'
02:09:27.256 | INFO    (551124, stable_pretraining.callbacks.cpu_offload) | To see all 322 skipped objects, set log_skipped=True
02:09:27.256 | INFO    (551124, stable_pretraining.callbacks.cpu_offload) | GPU memory after offload:
02:09:27.256 | INFO    (551124, stable_pretraining.callbacks.cpu_offload) |   - Allocated: 0.24 GB
02:09:27.256 | INFO    (551124, stable_pretraining.callbacks.cpu_offload) |   - Reserved: 2.46 GB
02:09:27.256 | INFO    (551124, stable_pretraining.callbacks.cpu_offload) | GPU memory freed: 0.00 GB
02:09:27.256 | SUCCESS (551124, stable_pretraining.callbacks.cpu_offload) | CPUOffloadCallback: Checkpoint #16 completed in 0.10s
02:09:27.257 | INFO    (551124, stable_pretraining.callbacks.cpu_offload) | Successfully processed keys: ['state_dict', 'optimizer_states', 'lr_schedulers']
02:09:27.257 | INFO    (551124, stable_pretraining.callbacks.cpu_offload) | Cumulative stats:
02:09:27.257 | INFO    (551124, stable_pretraining.callbacks.cpu_offload) |   - Total checkpoints saved: 16
02:09:27.257 | INFO    (551124, stable_pretraining.callbacks.cpu_offload) |   - Total time in offload: 1.54s
02:09:27.257 | INFO    (551124, stable_pretraining.callbacks.cpu_offload) |   - Total memory freed: 0.00 GB
02:09:27.257 | INFO    (551124, stable_pretraining.callbacks.cpu_offload) |   - Average time per checkpoint: 0.10s
02:09:27.257 | INFO    (551124, stable_pretraining.callbacks.cpu_offload) | ============================================================
02:09:33.413 | WARNING (551124, stable_pretraining.module) | You are calling self.parameters which also gives callbacks parameters, to remove then, pass `with_callbacks=False`
02:09:33.975 | INFO    (551124, stable_pretraining.callbacks.trainer_info) | \n+----------------------------+----------------------+
|           Metric           |        Value         |
+----------------------------+----------------------+
|          [0;34;40mfit/loss[0m          | [0;32;40m0.09608927369117737[0m  |
|       [0;34;40mfit/pred_loss[0m        | [0;32;40m0.025809485465288162[0m |
|      [0;34;40mfit/rdmreg_loss[0m       |  [0;32;40m0.0702797919511795[0m  |
|       [0;34;40mvalidate/loss[0m        | [0;32;40m0.14832881093025208[0m  |
|    [0;34;40mvalidate/loss_epoch[0m     | [0;32;40m0.14832881093025208[0m  |
|     [0;34;40mvalidate/pred_loss[0m     | [0;32;40m0.03614018112421036[0m  |
|  [0;34;40mvalidate/pred_loss_epoch[0m  | [0;32;40m0.03614018112421036[0m  |
|    [0;34;40mvalidate/rdmreg_loss[0m    | [0;32;40m0.11218863725662231[0m  |
| [0;34;40mvalidate/rdmreg_loss_epoch[0m | [0;32;40m0.11218863725662231[0m  |
+----------------------------+----------------------+
02:09:34.036 | INFO    (551124, stable_pretraining.callbacks.checkpoint_sklearn) | Checking for non PyTorch modules to save... 🔧
02:09:34.036 | INFO    (551124, stable_pretraining.callbacks.checkpoint_sklearn) | Checking for Wandb params to save... 🔧
02:09:34.037 | INFO    (551124, stable_pretraining.callbacks.checkpoint_sklearn) | Saving Wandb params {'id': 'lewm_lp_pusht_v2'}
02:09:34.037 | INFO    (551124, stable_pretraining.callbacks.checkpoint_sklearn) | Checking for Wandb params to save... Done!
02:09:34.037 | INFO    (551124, stable_pretraining.callbacks.cpu_offload) | ============================================================
02:09:34.037 | INFO    (551124, stable_pretraining.callbacks.cpu_offload) | CPUOffloadCallback: Starting checkpoint CPU offload (#17)
02:09:34.037 | INFO    (551124, stable_pretraining.callbacks.cpu_offload) |   - Global step: 198
02:09:34.037 | INFO    (551124, stable_pretraining.callbacks.cpu_offload) |   - Epoch: 8
02:09:34.037 | INFO    (551124, stable_pretraining.callbacks.cpu_offload) | Checkpoint contains 11 keys: ['callbacks', 'epoch', 'global_step', 'hparams_name', 'hyper_parameters', 'loops', 'lr_schedulers', 'optimizer_states', 'pytorch-lightning_version', 'state_dict', 'wandb']
02:09:34.037 | INFO    (551124, stable_pretraining.callbacks.cpu_offload) | GPU memory before offload:
02:09:34.037 | INFO    (551124, stable_pretraining.callbacks.cpu_offload) |   - Allocated: 0.24 GB
02:09:34.037 | INFO    (551124, stable_pretraining.callbacks.cpu_offload) |   - Reserved: 2.46 GB
02:09:34.037 | INFO    (551124, stable_pretraining.callbacks.cpu_offload) | Processing checkpoint key: 'state_dict'
02:09:34.069 | SUCCESS (551124, stable_pretraining.callbacks.cpu_offload) | ✓ Completed 'state_dict' in 0.03s
02:09:34.069 | INFO    (551124, stable_pretraining.callbacks.cpu_offload) | Processing checkpoint key: 'optimizer_states'
02:09:34.131 | SUCCESS (551124, stable_pretraining.callbacks.cpu_offload) | ✓ Completed 'optimizer_states' in 0.06s
02:09:34.132 | INFO    (551124, stable_pretraining.callbacks.cpu_offload) | Processing checkpoint key: 'lr_schedulers'
02:09:34.132 | SUCCESS (551124, stable_pretraining.callbacks.cpu_offload) | ✓ Completed 'lr_schedulers' in 0.00s
02:09:34.132 | WARNING (551124, stable_pretraining.callbacks.cpu_offload) | Skipped 322 custom object(s)
02:09:34.132 | WARNING (551124, stable_pretraining.callbacks.cpu_offload) | First 10 skipped objects:
02:09:34.132 | WARNING (551124, stable_pretraining.callbacks.cpu_offload) |   - float at 'optimizer_states[0].param_groups[0].lr'
02:09:34.132 | WARNING (551124, stable_pretraining.callbacks.cpu_offload) |   - float at 'optimizer_states[0].param_groups[0].betas[0]'
02:09:34.132 | WARNING (551124, stable_pretraining.callbacks.cpu_offload) |   - float at 'optimizer_states[0].param_groups[0].betas[1]'
02:09:34.132 | WARNING (551124, stable_pretraining.callbacks.cpu_offload) |   - float at 'optimizer_states[0].param_groups[0].eps'
02:09:34.132 | WARNING (551124, stable_pretraining.callbacks.cpu_offload) |   - float at 'optimizer_states[0].param_groups[0].weight_decay'
02:09:34.132 | WARNING (551124, stable_pretraining.callbacks.cpu_offload) |   - bool at 'optimizer_states[0].param_groups[0].amsgrad'
02:09:34.132 | WARNING (551124, stable_pretraining.callbacks.cpu_offload) |   - bool at 'optimizer_states[0].param_groups[0].maximize'
02:09:34.133 | WARNING (551124, stable_pretraining.callbacks.cpu_offload) |   - NoneType at 'optimizer_states[0].param_groups[0].foreach'
02:09:34.133 | WARNING (551124, stable_pretraining.callbacks.cpu_offload) |   - bool at 'optimizer_states[0].param_groups[0].capturable'
02:09:34.133 | WARNING (551124, stable_pretraining.callbacks.cpu_offload) |   - bool at 'optimizer_states[0].param_groups[0].differentiable'
02:09:34.133 | WARNING (551124, stable_pretraining.callbacks.cpu_offload) | ... (302 more skipped) ...
02:09:34.133 | WARNING (551124, stable_pretraining.callbacks.cpu_offload) | Last 10 skipped objects:
02:09:34.133 | WARNING (551124, stable_pretraining.callbacks.cpu_offload) |   - int at 'lr_schedulers[0].warmup_steps'
02:09:34.133 | WARNING (551124, stable_pretraining.callbacks.cpu_offload) |   - int at 'lr_schedulers[0].max_steps'
02:09:34.133 | WARNING (551124, stable_pretraining.callbacks.cpu_offload) |   - float at 'lr_schedulers[0].warmup_start_lr'
02:09:34.133 | WARNING (551124, stable_pretraining.callbacks.cpu_offload) |   - float at 'lr_schedulers[0].eta_min'
02:09:34.133 | WARNING (551124, stable_pretraining.callbacks.cpu_offload) |   - float at 'lr_schedulers[0].base_lrs[0]'
02:09:34.133 | WARNING (551124, stable_pretraining.callbacks.cpu_offload) |   - int at 'lr_schedulers[0].last_epoch'
02:09:34.133 | WARNING (551124, stable_pretraining.callbacks.cpu_offload) |   - int at 'lr_schedulers[0]._step_count'
02:09:34.133 | WARNING (551124, stable_pretraining.callbacks.cpu_offload) |   - bool at 'lr_schedulers[0]._is_initial'
02:09:34.133 | WARNING (551124, stable_pretraining.callbacks.cpu_offload) |   - bool at 'lr_schedulers[0]._get_lr_called_within_step'
02:09:34.133 | WARNING (551124, stable_pretraining.callbacks.cpu_offload) |   - float at 'lr_schedulers[0]._last_lr[0]'
02:09:34.133 | INFO    (551124, stable_pretraining.callbacks.cpu_offload) | To see all 322 skipped objects, set log_skipped=True
02:09:34.134 | INFO    (551124, stable_pretraining.callbacks.cpu_offload) | GPU memory after offload:
02:09:34.134 | INFO    (551124, stable_pretraining.callbacks.cpu_offload) |   - Allocated: 0.24 GB
02:09:34.134 | INFO    (551124, stable_pretraining.callbacks.cpu_offload) |   - Reserved: 2.46 GB
02:09:34.134 | INFO    (551124, stable_pretraining.callbacks.cpu_offload) | GPU memory freed: 0.00 GB
02:09:34.134 | SUCCESS (551124, stable_pretraining.callbacks.cpu_offload) | CPUOffloadCallback: Checkpoint #17 completed in 0.10s
02:09:34.134 | INFO    (551124, stable_pretraining.callbacks.cpu_offload) | Successfully processed keys: ['state_dict', 'optimizer_states', 'lr_schedulers']
02:09:34.134 | INFO    (551124, stable_pretraining.callbacks.cpu_offload) | Cumulative stats:
02:09:34.134 | INFO    (551124, stable_pretraining.callbacks.cpu_offload) |   - Total checkpoints saved: 17
02:09:34.134 | INFO    (551124, stable_pretraining.callbacks.cpu_offload) |   - Total time in offload: 1.64s
02:09:34.134 | INFO    (551124, stable_pretraining.callbacks.cpu_offload) |   - Total memory freed: 0.00 GB
02:09:34.134 | INFO    (551124, stable_pretraining.callbacks.cpu_offload) |   - Average time per checkpoint: 0.10s
02:09:34.134 | INFO    (551124, stable_pretraining.callbacks.cpu_offload) | ============================================================
02:09:34.472 | INFO    (551124, stable_pretraining.callbacks.checkpoint_sklearn) | Checking for non PyTorch modules to save... 🔧
02:09:34.472 | INFO    (551124, stable_pretraining.callbacks.checkpoint_sklearn) | Checking for Wandb params to save... 🔧
02:09:34.472 | INFO    (551124, stable_pretraining.callbacks.checkpoint_sklearn) | Saving Wandb params {'id': 'lewm_lp_pusht_v2'}
02:09:34.472 | INFO    (551124, stable_pretraining.callbacks.checkpoint_sklearn) | Checking for Wandb params to save... Done!
02:09:34.472 | INFO    (551124, stable_pretraining.callbacks.cpu_offload) | ============================================================
02:09:34.472 | INFO    (551124, stable_pretraining.callbacks.cpu_offload) | CPUOffloadCallback: Starting checkpoint CPU offload (#18)
02:09:34.472 | INFO    (551124, stable_pretraining.callbacks.cpu_offload) |   - Global step: 198
02:09:34.472 | INFO    (551124, stable_pretraining.callbacks.cpu_offload) |   - Epoch: 8
02:09:34.472 | INFO    (551124, stable_pretraining.callbacks.cpu_offload) | Checkpoint contains 11 keys: ['callbacks', 'epoch', 'global_step', 'hparams_name', 'hyper_parameters', 'loops', 'lr_schedulers', 'optimizer_states', 'pytorch-lightning_version', 'state_dict', 'wandb']
02:09:34.473 | INFO    (551124, stable_pretraining.callbacks.cpu_offload) | GPU memory before offload:
02:09:34.473 | INFO    (551124, stable_pretraining.callbacks.cpu_offload) |   - Allocated: 0.24 GB
02:09:34.473 | INFO    (551124, stable_pretraining.callbacks.cpu_offload) |   - Reserved: 2.46 GB
02:09:34.473 | INFO    (551124, stable_pretraining.callbacks.cpu_offload) | Processing checkpoint key: 'state_dict'
02:09:34.505 | SUCCESS (551124, stable_pretraining.callbacks.cpu_offload) | ✓ Completed 'state_dict' in 0.03s
02:09:34.505 | INFO    (551124, stable_pretraining.callbacks.cpu_offload) | Processing checkpoint key: 'optimizer_states'
02:09:34.570 | SUCCESS (551124, stable_pretraining.callbacks.cpu_offload) | ✓ Completed 'optimizer_states' in 0.07s
02:09:34.570 | INFO    (551124, stable_pretraining.callbacks.cpu_offload) | Processing checkpoint key: 'lr_schedulers'
02:09:34.571 | SUCCESS (551124, stable_pretraining.callbacks.cpu_offload) | ✓ Completed 'lr_schedulers' in 0.00s
02:09:34.571 | WARNING (551124, stable_pretraining.callbacks.cpu_offload) | Skipped 322 custom object(s)
02:09:34.571 | WARNING (551124, stable_pretraining.callbacks.cpu_offload) | First 10 skipped objects:
02:09:34.571 | WARNING (551124, stable_pretraining.callbacks.cpu_offload) |   - float at 'optimizer_states[0].param_groups[0].lr'
02:09:34.571 | WARNING (551124, stable_pretraining.callbacks.cpu_offload) |   - float at 'optimizer_states[0].param_groups[0].betas[0]'
02:09:34.571 | WARNING (551124, stable_pretraining.callbacks.cpu_offload) |   - float at 'optimizer_states[0].param_groups[0].betas[1]'
02:09:34.571 | WARNING (551124, stable_pretraining.callbacks.cpu_offload) |   - float at 'optimizer_states[0].param_groups[0].eps'
02:09:34.571 | WARNING (551124, stable_pretraining.callbacks.cpu_offload) |   - float at 'optimizer_states[0].param_groups[0].weight_decay'
02:09:34.571 | WARNING (551124, stable_pretraining.callbacks.cpu_offload) |   - bool at 'optimizer_states[0].param_groups[0].amsgrad'
02:09:34.572 | WARNING (551124, stable_pretraining.callbacks.cpu_offload) |   - bool at 'optimizer_states[0].param_groups[0].maximize'
02:09:34.572 | WARNING (551124, stable_pretraining.callbacks.cpu_offload) |   - NoneType at 'optimizer_states[0].param_groups[0].foreach'
02:09:34.572 | WARNING (551124, stable_pretraining.callbacks.cpu_offload) |   - bool at 'optimizer_states[0].param_groups[0].capturable'
02:09:34.572 | WARNING (551124, stable_pretraining.callbacks.cpu_offload) |   - bool at 'optimizer_states[0].param_groups[0].differentiable'
02:09:34.572 | WARNING (551124, stable_pretraining.callbacks.cpu_offload) | ... (302 more skipped) ...
02:09:34.572 | WARNING (551124, stable_pretraining.callbacks.cpu_offload) | Last 10 skipped objects:
02:09:34.572 | WARNING (551124, stable_pretraining.callbacks.cpu_offload) |   - int at 'lr_schedulers[0].warmup_steps'
02:09:34.573 | WARNING (551124, stable_pretraining.callbacks.cpu_offload) |   - int at 'lr_schedulers[0].max_steps'
02:09:34.573 | WARNING (551124, stable_pretraining.callbacks.cpu_offload) |   - float at 'lr_schedulers[0].warmup_start_lr'
02:09:34.573 | WARNING (551124, stable_pretraining.callbacks.cpu_offload) |   - float at 'lr_schedulers[0].eta_min'
02:09:34.573 | WARNING (551124, stable_pretraining.callbacks.cpu_offload) |   - float at 'lr_schedulers[0].base_lrs[0]'
02:09:34.573 | WARNING (551124, stable_pretraining.callbacks.cpu_offload) |   - int at 'lr_schedulers[0].last_epoch'
02:09:34.573 | WARNING (551124, stable_pretraining.callbacks.cpu_offload) |   - int at 'lr_schedulers[0]._step_count'
02:09:34.573 | WARNING (551124, stable_pretraining.callbacks.cpu_offload) |   - bool at 'lr_schedulers[0]._is_initial'
02:09:34.573 | WARNING (551124, stable_pretraining.callbacks.cpu_offload) |   - bool at 'lr_schedulers[0]._get_lr_called_within_step'
02:09:34.573 | WARNING (551124, stable_pretraining.callbacks.cpu_offload) |   - float at 'lr_schedulers[0]._last_lr[0]'
02:09:34.573 | INFO    (551124, stable_pretraining.callbacks.cpu_offload) | To see all 322 skipped objects, set log_skipped=True
02:09:34.574 | INFO    (551124, stable_pretraining.callbacks.cpu_offload) | GPU memory after offload:
02:09:34.574 | INFO    (551124, stable_pretraining.callbacks.cpu_offload) |   - Allocated: 0.24 GB
02:09:34.574 | INFO    (551124, stable_pretraining.callbacks.cpu_offload) |   - Reserved: 2.46 GB
02:09:34.574 | INFO    (551124, stable_pretraining.callbacks.cpu_offload) | GPU memory freed: 0.00 GB
02:09:34.574 | SUCCESS (551124, stable_pretraining.callbacks.cpu_offload) | CPUOffloadCallback: Checkpoint #18 completed in 0.10s
02:09:34.574 | INFO    (551124, stable_pretraining.callbacks.cpu_offload) | Successfully processed keys: ['state_dict', 'optimizer_states', 'lr_schedulers']
02:09:34.575 | INFO    (551124, stable_pretraining.callbacks.cpu_offload) | Cumulative stats:
02:09:34.575 | INFO    (551124, stable_pretraining.callbacks.cpu_offload) |   - Total checkpoints saved: 18
02:09:34.575 | INFO    (551124, stable_pretraining.callbacks.cpu_offload) |   - Total time in offload: 1.74s
02:09:34.575 | INFO    (551124, stable_pretraining.callbacks.cpu_offload) |   - Total memory freed: 0.00 GB
02:09:34.575 | INFO    (551124, stable_pretraining.callbacks.cpu_offload) |   - Average time per checkpoint: 0.10s
02:09:34.575 | INFO    (551124, stable_pretraining.callbacks.cpu_offload) | ============================================================
02:09:41.521 | WARNING (551124, stable_pretraining.module) | You are calling self.parameters which also gives callbacks parameters, to remove then, pass `with_callbacks=False`
02:09:42.098 | INFO    (551124, stable_pretraining.callbacks.trainer_info) | \n+----------------------------+---------------------+
|           Metric           |        Value        |
+----------------------------+---------------------+
|          [0;34;40mfit/loss[0m          | [0;32;40m0.08946389704942703[0m |
|       [0;34;40mfit/pred_loss[0m        | [0;32;40m0.02020552195608616[0m |
|      [0;34;40mfit/rdmreg_loss[0m       | [0;32;40m0.06925837695598602[0m |
|       [0;34;40mvalidate/loss[0m        | [0;32;40m0.10639513283967972[0m |
|    [0;34;40mvalidate/loss_epoch[0m     | [0;32;40m0.10639513283967972[0m |
|     [0;34;40mvalidate/pred_loss[0m     | [0;32;40m0.03047279454767704[0m |
|  [0;34;40mvalidate/pred_loss_epoch[0m  | [0;32;40m0.03047279454767704[0m |
|    [0;34;40mvalidate/rdmreg_loss[0m    | [0;32;40m0.07592233270406723[0m |
| [0;34;40mvalidate/rdmreg_loss_epoch[0m | [0;32;40m0.07592233270406723[0m |
+----------------------------+---------------------+
02:09:42.728 | INFO    (551124, stable_pretraining.callbacks.checkpoint_sklearn) | Checking for non PyTorch modules to save... 🔧
02:09:42.729 | INFO    (551124, stable_pretraining.callbacks.checkpoint_sklearn) | Checking for Wandb params to save... 🔧
02:09:42.729 | INFO    (551124, stable_pretraining.callbacks.checkpoint_sklearn) | Saving Wandb params {'id': 'lewm_lp_pusht_v2'}
02:09:42.729 | INFO    (551124, stable_pretraining.callbacks.checkpoint_sklearn) | Checking for Wandb params to save... Done!
02:09:42.729 | INFO    (551124, stable_pretraining.callbacks.cpu_offload) | ============================================================
02:09:42.729 | INFO    (551124, stable_pretraining.callbacks.cpu_offload) | CPUOffloadCallback: Starting checkpoint CPU offload (#19)
02:09:42.729 | INFO    (551124, stable_pretraining.callbacks.cpu_offload) |   - Global step: 220
02:09:42.729 | INFO    (551124, stable_pretraining.callbacks.cpu_offload) |   - Epoch: 9
02:09:42.729 | INFO    (551124, stable_pretraining.callbacks.cpu_offload) | Checkpoint contains 11 keys: ['callbacks', 'epoch', 'global_step', 'hparams_name', 'hyper_parameters', 'loops', 'lr_schedulers', 'optimizer_states', 'pytorch-lightning_version', 'state_dict', 'wandb']
02:09:42.729 | INFO    (551124, stable_pretraining.callbacks.cpu_offload) | GPU memory before offload:
02:09:42.729 | INFO    (551124, stable_pretraining.callbacks.cpu_offload) |   - Allocated: 0.24 GB
02:09:42.729 | INFO    (551124, stable_pretraining.callbacks.cpu_offload) |   - Reserved: 2.46 GB
02:09:42.729 | INFO    (551124, stable_pretraining.callbacks.cpu_offload) | Processing checkpoint key: 'state_dict'
02:09:42.763 | SUCCESS (551124, stable_pretraining.callbacks.cpu_offload) | ✓ Completed 'state_dict' in 0.03s
02:09:42.763 | INFO    (551124, stable_pretraining.callbacks.cpu_offload) | Processing checkpoint key: 'optimizer_states'
02:09:42.825 | SUCCESS (551124, stable_pretraining.callbacks.cpu_offload) | ✓ Completed 'optimizer_states' in 0.06s
02:09:42.826 | INFO    (551124, stable_pretraining.callbacks.cpu_offload) | Processing checkpoint key: 'lr_schedulers'
02:09:42.826 | SUCCESS (551124, stable_pretraining.callbacks.cpu_offload) | ✓ Completed 'lr_schedulers' in 0.00s
02:09:42.826 | WARNING (551124, stable_pretraining.callbacks.cpu_offload) | Skipped 322 custom object(s)
02:09:42.826 | WARNING (551124, stable_pretraining.callbacks.cpu_offload) | First 10 skipped objects:
02:09:42.826 | WARNING (551124, stable_pretraining.callbacks.cpu_offload) |   - float at 'optimizer_states[0].param_groups[0].lr'
02:09:42.826 | WARNING (551124, stable_pretraining.callbacks.cpu_offload) |   - float at 'optimizer_states[0].param_groups[0].betas[0]'
02:09:42.826 | WARNING (551124, stable_pretraining.callbacks.cpu_offload) |   - float at 'optimizer_states[0].param_groups[0].betas[1]'
02:09:42.826 | WARNING (551124, stable_pretraining.callbacks.cpu_offload) |   - float at 'optimizer_states[0].param_groups[0].eps'
02:09:42.826 | WARNING (551124, stable_pretraining.callbacks.cpu_offload) |   - float at 'optimizer_states[0].param_groups[0].weight_decay'
02:09:42.826 | WARNING (551124, stable_pretraining.callbacks.cpu_offload) |   - bool at 'optimizer_states[0].param_groups[0].amsgrad'
02:09:42.826 | WARNING (551124, stable_pretraining.callbacks.cpu_offload) |   - bool at 'optimizer_states[0].param_groups[0].maximize'
02:09:42.826 | WARNING (551124, stable_pretraining.callbacks.cpu_offload) |   - NoneType at 'optimizer_states[0].param_groups[0].foreach'
02:09:42.826 | WARNING (551124, stable_pretraining.callbacks.cpu_offload) |   - bool at 'optimizer_states[0].param_groups[0].capturable'
02:09:42.826 | WARNING (551124, stable_pretraining.callbacks.cpu_offload) |   - bool at 'optimizer_states[0].param_groups[0].differentiable'
02:09:42.826 | WARNING (551124, stable_pretraining.callbacks.cpu_offload) | ... (302 more skipped) ...
02:09:42.826 | WARNING (551124, stable_pretraining.callbacks.cpu_offload) | Last 10 skipped objects:
02:09:42.826 | WARNING (551124, stable_pretraining.callbacks.cpu_offload) |   - int at 'lr_schedulers[0].warmup_steps'
02:09:42.826 | WARNING (551124, stable_pretraining.callbacks.cpu_offload) |   - int at 'lr_schedulers[0].max_steps'
02:09:42.826 | WARNING (551124, stable_pretraining.callbacks.cpu_offload) |   - float at 'lr_schedulers[0].warmup_start_lr'
02:09:42.827 | WARNING (551124, stable_pretraining.callbacks.cpu_offload) |   - float at 'lr_schedulers[0].eta_min'
02:09:42.827 | WARNING (551124, stable_pretraining.callbacks.cpu_offload) |   - float at 'lr_schedulers[0].base_lrs[0]'
02:09:42.827 | WARNING (551124, stable_pretraining.callbacks.cpu_offload) |   - int at 'lr_schedulers[0].last_epoch'
02:09:42.827 | WARNING (551124, stable_pretraining.callbacks.cpu_offload) |   - int at 'lr_schedulers[0]._step_count'
02:09:42.827 | WARNING (551124, stable_pretraining.callbacks.cpu_offload) |   - bool at 'lr_schedulers[0]._is_initial'
02:09:42.827 | WARNING (551124, stable_pretraining.callbacks.cpu_offload) |   - bool at 'lr_schedulers[0]._get_lr_called_within_step'
02:09:42.827 | WARNING (551124, stable_pretraining.callbacks.cpu_offload) |   - float at 'lr_schedulers[0]._last_lr[0]'
02:09:42.827 | INFO    (551124, stable_pretraining.callbacks.cpu_offload) | To see all 322 skipped objects, set log_skipped=True
02:09:42.827 | INFO    (551124, stable_pretraining.callbacks.cpu_offload) | GPU memory after offload:
02:09:42.827 | INFO    (551124, stable_pretraining.callbacks.cpu_offload) |   - Allocated: 0.24 GB
02:09:42.827 | INFO    (551124, stable_pretraining.callbacks.cpu_offload) |   - Reserved: 2.46 GB
02:09:42.827 | INFO    (551124, stable_pretraining.callbacks.cpu_offload) | GPU memory freed: 0.00 GB
02:09:42.827 | SUCCESS (551124, stable_pretraining.callbacks.cpu_offload) | CPUOffloadCallback: Checkpoint #19 completed in 0.10s
02:09:42.827 | INFO    (551124, stable_pretraining.callbacks.cpu_offload) | Successfully processed keys: ['state_dict', 'optimizer_states', 'lr_schedulers']
02:09:42.827 | INFO    (551124, stable_pretraining.callbacks.cpu_offload) | Cumulative stats:
02:09:42.827 | INFO    (551124, stable_pretraining.callbacks.cpu_offload) |   - Total checkpoints saved: 19
02:09:42.828 | INFO    (551124, stable_pretraining.callbacks.cpu_offload) |   - Total time in offload: 1.84s
02:09:42.828 | INFO    (551124, stable_pretraining.callbacks.cpu_offload) |   - Total memory freed: 0.00 GB
02:09:42.828 | INFO    (551124, stable_pretraining.callbacks.cpu_offload) |   - Average time per checkpoint: 0.10s
02:09:42.828 | INFO    (551124, stable_pretraining.callbacks.cpu_offload) | ============================================================
02:09:43.166 | INFO    (551124, stable_pretraining.callbacks.checkpoint_sklearn) | Checking for non PyTorch modules to save... 🔧
02:09:43.166 | INFO    (551124, stable_pretraining.callbacks.checkpoint_sklearn) | Checking for Wandb params to save... 🔧
02:09:43.167 | INFO    (551124, stable_pretraining.callbacks.checkpoint_sklearn) | Saving Wandb params {'id': 'lewm_lp_pusht_v2'}
02:09:43.167 | INFO    (551124, stable_pretraining.callbacks.checkpoint_sklearn) | Checking for Wandb params to save... Done!
02:09:43.167 | INFO    (551124, stable_pretraining.callbacks.cpu_offload) | ============================================================
02:09:43.167 | INFO    (551124, stable_pretraining.callbacks.cpu_offload) | CPUOffloadCallback: Starting checkpoint CPU offload (#20)
02:09:43.167 | INFO    (551124, stable_pretraining.callbacks.cpu_offload) |   - Global step: 220
02:09:43.167 | INFO    (551124, stable_pretraining.callbacks.cpu_offload) |   - Epoch: 9
02:09:43.167 | INFO    (551124, stable_pretraining.callbacks.cpu_offload) | Checkpoint contains 11 keys: ['callbacks', 'epoch', 'global_step', 'hparams_name', 'hyper_parameters', 'loops', 'lr_schedulers', 'optimizer_states', 'pytorch-lightning_version', 'state_dict', 'wandb']
02:09:43.167 | INFO    (551124, stable_pretraining.callbacks.cpu_offload) | GPU memory before offload:
02:09:43.167 | INFO    (551124, stable_pretraining.callbacks.cpu_offload) |   - Allocated: 0.24 GB
02:09:43.167 | INFO    (551124, stable_pretraining.callbacks.cpu_offload) |   - Reserved: 2.46 GB
02:09:43.167 | INFO    (551124, stable_pretraining.callbacks.cpu_offload) | Processing checkpoint key: 'state_dict'
02:09:43.202 | SUCCESS (551124, stable_pretraining.callbacks.cpu_offload) | ✓ Completed 'state_dict' in 0.03s
02:09:43.203 | INFO    (551124, stable_pretraining.callbacks.cpu_offload) | Processing checkpoint key: 'optimizer_states'
02:09:43.274 | SUCCESS (551124, stable_pretraining.callbacks.cpu_offload) | ✓ Completed 'optimizer_states' in 0.07s
02:09:43.275 | INFO    (551124, stable_pretraining.callbacks.cpu_offload) | Processing checkpoint key: 'lr_schedulers'
02:09:43.275 | SUCCESS (551124, stable_pretraining.callbacks.cpu_offload) | ✓ Completed 'lr_schedulers' in 0.00s
02:09:43.275 | WARNING (551124, stable_pretraining.callbacks.cpu_offload) | Skipped 322 custom object(s)
02:09:43.275 | WARNING (551124, stable_pretraining.callbacks.cpu_offload) | First 10 skipped objects:
02:09:43.275 | WARNING (551124, stable_pretraining.callbacks.cpu_offload) |   - float at 'optimizer_states[0].param_groups[0].lr'
02:09:43.275 | WARNING (551124, stable_pretraining.callbacks.cpu_offload) |   - float at 'optimizer_states[0].param_groups[0].betas[0]'
02:09:43.275 | WARNING (551124, stable_pretraining.callbacks.cpu_offload) |   - float at 'optimizer_states[0].param_groups[0].betas[1]'
02:09:43.275 | WARNING (551124, stable_pretraining.callbacks.cpu_offload) |   - float at 'optimizer_states[0].param_groups[0].eps'
02:09:43.275 | WARNING (551124, stable_pretraining.callbacks.cpu_offload) |   - float at 'optimizer_states[0].param_groups[0].weight_decay'
02:09:43.275 | WARNING (551124, stable_pretraining.callbacks.cpu_offload) |   - bool at 'optimizer_states[0].param_groups[0].amsgrad'
02:09:43.275 | WARNING (551124, stable_pretraining.callbacks.cpu_offload) |   - bool at 'optimizer_states[0].param_groups[0].maximize'
02:09:43.275 | WARNING (551124, stable_pretraining.callbacks.cpu_offload) |   - NoneType at 'optimizer_states[0].param_groups[0].foreach'
02:09:43.275 | WARNING (551124, stable_pretraining.callbacks.cpu_offload) |   - bool at 'optimizer_states[0].param_groups[0].capturable'
02:09:43.275 | WARNING (551124, stable_pretraining.callbacks.cpu_offload) |   - bool at 'optimizer_states[0].param_groups[0].differentiable'
02:09:43.276 | WARNING (551124, stable_pretraining.callbacks.cpu_offload) | ... (302 more skipped) ...
02:09:43.276 | WARNING (551124, stable_pretraining.callbacks.cpu_offload) | Last 10 skipped objects:
02:09:43.276 | WARNING (551124, stable_pretraining.callbacks.cpu_offload) |   - int at 'lr_schedulers[0].warmup_steps'
02:09:43.276 | WARNING (551124, stable_pretraining.callbacks.cpu_offload) |   - int at 'lr_schedulers[0].max_steps'
02:09:43.276 | WARNING (551124, stable_pretraining.callbacks.cpu_offload) |   - float at 'lr_schedulers[0].warmup_start_lr'
02:09:43.276 | WARNING (551124, stable_pretraining.callbacks.cpu_offload) |   - float at 'lr_schedulers[0].eta_min'
02:09:43.276 | WARNING (551124, stable_pretraining.callbacks.cpu_offload) |   - float at 'lr_schedulers[0].base_lrs[0]'
02:09:43.276 | WARNING (551124, stable_pretraining.callbacks.cpu_offload) |   - int at 'lr_schedulers[0].last_epoch'
02:09:43.276 | WARNING (551124, stable_pretraining.callbacks.cpu_offload) |   - int at 'lr_schedulers[0]._step_count'
02:09:43.276 | WARNING (551124, stable_pretraining.callbacks.cpu_offload) |   - bool at 'lr_schedulers[0]._is_initial'
02:09:43.276 | WARNING (551124, stable_pretraining.callbacks.cpu_offload) |   - bool at 'lr_schedulers[0]._get_lr_called_within_step'
02:09:43.277 | WARNING (551124, stable_pretraining.callbacks.cpu_offload) |   - float at 'lr_schedulers[0]._last_lr[0]'
02:09:43.277 | INFO    (551124, stable_pretraining.callbacks.cpu_offload) | To see all 322 skipped objects, set log_skipped=True
02:09:43.277 | INFO    (551124, stable_pretraining.callbacks.cpu_offload) | GPU memory after offload:
02:09:43.277 | INFO    (551124, stable_pretraining.callbacks.cpu_offload) |   - Allocated: 0.24 GB
02:09:43.277 | INFO    (551124, stable_pretraining.callbacks.cpu_offload) |   - Reserved: 2.46 GB
02:09:43.277 | INFO    (551124, stable_pretraining.callbacks.cpu_offload) | GPU memory freed: 0.00 GB
02:09:43.277 | SUCCESS (551124, stable_pretraining.callbacks.cpu_offload) | CPUOffloadCallback: Checkpoint #20 completed in 0.11s
02:09:43.277 | INFO    (551124, stable_pretraining.callbacks.cpu_offload) | Successfully processed keys: ['state_dict', 'optimizer_states', 'lr_schedulers']
02:09:43.277 | INFO    (551124, stable_pretraining.callbacks.cpu_offload) | Cumulative stats:
02:09:43.277 | INFO    (551124, stable_pretraining.callbacks.cpu_offload) |   - Total checkpoints saved: 20
02:09:43.277 | INFO    (551124, stable_pretraining.callbacks.cpu_offload) |   - Total time in offload: 1.95s
02:09:43.277 | INFO    (551124, stable_pretraining.callbacks.cpu_offload) |   - Total memory freed: 0.00 GB
02:09:43.277 | INFO    (551124, stable_pretraining.callbacks.cpu_offload) |   - Average time per checkpoint: 0.10s
02:09:43.277 | INFO    (551124, stable_pretraining.callbacks.cpu_offload) | ============================================================
`Trainer.fit` stopped: `max_epochs=10` reached.
02:09:45.383 | INFO    (551124, stable_pretraining.callbacks.cpu_offload) | ============================================================
02:09:45.383 | INFO    (551124, stable_pretraining.callbacks.cpu_offload) | CPUOffloadCallback: Training completed
02:09:45.383 | INFO    (551124, stable_pretraining.callbacks.cpu_offload) | Final statistics:
02:09:45.383 | INFO    (551124, stable_pretraining.callbacks.cpu_offload) |   - Total checkpoints saved: 20
02:09:45.384 | INFO    (551124, stable_pretraining.callbacks.cpu_offload) |   - Total time in offload: 1.95s
02:09:45.384 | INFO    (551124, stable_pretraining.callbacks.cpu_offload) |   - Total GPU memory freed: 0.00 GB
02:09:45.384 | INFO    (551124, stable_pretraining.callbacks.cpu_offload) |   - Average time per checkpoint: 0.10s
02:09:45.384 | INFO    (551124, stable_pretraining.callbacks.cpu_offload) |   - Average memory freed per checkpoint: 0.00 GB
02:09:45.384 | SUCCESS (551124, stable_pretraining.callbacks.cpu_offload) | CPUOffloadCallback: All checkpoints saved successfully
02:09:45.384 | INFO    (551124, stable_pretraining.callbacks.cpu_offload) | ============================================================
02:09:45.571 | SUCCESS (551124, stable_pretraining.callbacks.env_info) |   ✓ Git: main @ abdc04e2
02:09:45.571 | INFO    (551124, stable_pretraining.callbacks.env_info) |      Remote: https://github.com/Planning-for-WMs/le-wm.git
02:09:45.572 | WARNING (551124, stable_pretraining.callbacks.env_info) |      ⚠️  Working directory has uncommitted changes!
02:09:45.572 | SUCCESS (551124, stable_pretraining.callbacks.env_info) |   ✓ Environment: 3 relevant variables captured
02:09:45.572 | INFO    (551124, stable_pretraining.callbacks.env_info) | 🔄 Serializing environment data...
02:09:45.573 | INFO    (551124, stable_pretraining.callbacks.env_info) | 📋 File exists, using version 3: environment_v3.json
02:09:45.573 | INFO    (551124, stable_pretraining.callbacks.env_info) | 📋 File exists, using version 3: requirements_frozen_v3.txt
02:09:45.573 | INFO    (551124, stable_pretraining.callbacks.env_info) | 📁 Save directory: /home/aarav/wms/le-wm
02:09:45.574 | INFO    (551124, stable_pretraining.callbacks.env_info) | 💾 Writing environment to temp file...
02:09:45.574 | INFO    (551124, stable_pretraining.callbacks.env_info) | 💾 Moving to: environment_v3.json
02:09:45.574 | SUCCESS (551124, stable_pretraining.callbacks.env_info) | ✓ Environment file saved (2.1 KB)
02:09:45.575 | SUCCESS (551124, stable_pretraining.callbacks.env_info) | ✓ Requirements file saved (0.1 KB)
Epoch 9/9  ━━━━━━━━━━━━━━━━━━━━━━━━ 22/22 0:00:03 • 0:00:00 8.19it/s v_num: t_v2
02:09:45.739 | INFO    (551124, stable_pretraining.callbacks.cpu_offload) | CPUOffloadCallback: Teardown called for stage 'TrainerFn.FITTING'
[1;34mwandb[0m: 
[1;34mwandb[0m: 🚀 View run [33mlewm_lp_p1.0_pusht[0m at: [34mhttps://wandb.ai/wms_at_iitb/le-wm/runs/lewm_lp_pusht_v2[0m
TRAINING_EXITED_0
