[2026-04-11 20:28:20,438][root][INFO] - Cached 'action' from '/home/aarav/wms/le-wm/dataset/tworoom.h5'
[2026-04-11 20:28:25,482][root][INFO] - Cached 'proprio' from '/home/aarav/wms/le-wm/dataset/tworoom.h5'
20:28:25.754 | INFO    (432628, stable_pretraining.backbone.utils) | Created ViT-tiny from scratch with config: {'hidden_size': 192, 'num_hidden_layers': 12, 'num_attention_heads': 3, 'intermediate_size': 768, 'image_size': 112, 'patch_size': 14}
20:28:26.670 | INFO    (432628, stable_pretraining.data.module) | Setting up DataModule
20:28:26.670 | INFO    (432628, stable_pretraining.module) | Initializing Module configuration...
20:28:26.670 | WARNING (432628, stable_pretraining.module) | No hyperparameters provided - hyperparameter logging is disabled.
20:28:26.670 | INFO    (432628, stable_pretraining.module) | Setting custom forward method.
20:28:26.671 | INFO    (432628, stable_pretraining.module) | Setting attribute: self.model = <class 'torch._dynamo.eval_frame.OptimizedModule'>
20:28:26.671 | INFO    (432628, stable_pretraining.module) | Setting attribute: self.rdmreg = <class 'rdmreg.RDMReg'>
20:28:26.671 | INFO    (432628, stable_pretraining.module) | Setting attribute: self.optim = <class 'dict'>
20:28:26.671 | INFO    (432628, stable_pretraining.module) | No metrics configuration provided - automatic metric tracking is disabled.
wandb: WARNING The anonymous setting has no effect and will be removed in a future version.
wandb: [wandb.login()] Loaded credentials for https://api.wandb.ai from /home/aarav/.netrc.
wandb: Currently logged in as: narendraaironi (wms_at_iitb) to https://api.wandb.ai. Use `wandb login --relogin` to force relogin
wandb: setting up run 8587y5gu
wandb: Tracking run with wandb version 0.25.1
wandb: Run data is saved locally in wandb/run-20260411_202827-8587y5gu
wandb: Run `wandb offline` to turn off syncing.
wandb: Resuming run lewm_lp_p1.0
wandb: ⭐️ View project at https://wandb.ai/wms_at_iitb/le-wm
wandb: 🚀 View run at https://wandb.ai/wms_at_iitb/le-wm/runs/8587y5gu
/home/aarav/wms/le-wm/le-wm/lib/python3.11/site-packages/lightning/fabric/connector.py:571: `precision=bf16` is supported for historical reasons but its usage is discouraged. Please set your precision to bf16-mixed instead!
Using bfloat16 Automatic Mixed Precision (AMP)
20:28:29.137 | INFO    (432628, stable_pretraining.callbacks.env_info) | EnvironmentDumpCallback initialized (filename=environment.json, async=True)
20:28:29.137 | INFO    (432628, stable_pretraining.callbacks.cpu_offload) | ============================================================
20:28:29.137 | INFO    (432628, stable_pretraining.callbacks.cpu_offload) | Initializing CPUOffloadCallback
20:28:29.137 | INFO    (432628, stable_pretraining.callbacks.cpu_offload) | Configuration:
20:28:29.137 | INFO    (432628, stable_pretraining.callbacks.cpu_offload) |   - Offload keys: ['state_dict', 'optimizer_states', 'lr_schedulers']
20:28:29.137 | INFO    (432628, stable_pretraining.callbacks.cpu_offload) |   - Log all skipped objects: False
20:28:29.137 | INFO    (432628, stable_pretraining.callbacks.cpu_offload) |   - Will show first/last 10 skipped objects only
20:28:29.137 | SUCCESS (432628, stable_pretraining.callbacks.cpu_offload) | ✓ CUDA available: 1 GPU(s) detected
20:28:29.196 | INFO    (432628, stable_pretraining.callbacks.cpu_offload) |   - GPU 0: NVIDIA RTX 4000 Ada Generation (21.0 GB)
20:28:29.196 | SUCCESS (432628, stable_pretraining.callbacks.cpu_offload) | CPUOffloadCallback initialized successfully
20:28:29.196 | INFO    (432628, stable_pretraining.callbacks.cpu_offload) | ============================================================
Adding 10 callbacks from entry point 'stablepretraining_callbacks': ModuleRegistryCallback, LoggingCallback, EnvironmentDumpCallback, TrainerInfo, SklearnCheckpoint, WandbCheckpoint, ModuleSummary, SLURMInfo, LogUnusedParametersOnce, CPUOffloadCallback
GPU available: True (cuda), used: True
TPU available: False, using: 0 TPU cores
💡 Tip: For seamless cloud logging and experiment tracking, try installing [litlogger](https://pypi.org/project/litlogger/) to enable LitLogger, which logs metrics and artifacts automatically to the Lightning Experiments platform.
20:28:29.198 | WARNING (432628, stable_pretraining.manager) | User didn't specify seed, runs won't be exactly reproducible!
20:28:29.198 | INFO    (432628, stable_pretraining.manager) | 📁📁📁 CURRENT WORKING DIR: /home/aarav/wms/le-wm 📁📁📁
20:28:29.198 | INFO    (432628, stable_pretraining.manager) | 🌱🌱🌱 SEEDING EVERYTHING with self.seed=None 🌱🌱🌱
/home/aarav/wms/le-wm/le-wm/lib/python3.11/site-packages/lightning/fabric/utilities/seed.py:44: No seed found, seed set to 0
Seed set to 0
20:28:29.212 | INFO    (432628, stable_pretraining.manager) | 📈📈📈 Using Wandb 📈📈📈
20:28:29.212 | INFO    (432628, stable_pretraining.manager) | 		a Wandb™ config is provided, not uploading Hydra's:
20:28:29.212 | INFO    (432628, stable_pretraining.manager) | 📈📈📈 WandbLogger setup 📈📈📈
20:28:29.212 | INFO    (432628, stable_pretraining.manager) | 📈📈📈 init={'name': 'lewm_lp_p1.0', 'project': 'le-wm', 'dir': '.', 'id': None, 'resume': True, 'anonymous': None, 'entity': 'wms_at_iitb'} 📈📈📈
20:28:29.212 | INFO    (432628, stable_pretraining.manager) | 	● 👂👂👂 SIGNALS HANDLERS 👂👂👂
20:28:29.212 | INFO    (432628, stable_pretraining.manager) | 		- SIGUSR1: `0`
20:28:29.212 | INFO    (432628, stable_pretraining.manager) | 		- SIGUSR2: `0`
20:28:29.213 | INFO    (432628, stable_pretraining.manager) | 		- SIGCONT: `0`
20:28:29.213 | INFO    (432628, stable_pretraining.manager) | 		- SIGTERM: `0`
20:28:29.213 | INFO    (432628, stable_pretraining.manager) | 	● 📞📞📞 CALLBACKS 📞📞📞
20:28:29.213 | INFO    (432628, stable_pretraining.manager) | 		 - we found 14 callbacks
20:28:29.213 | INFO    (432628, stable_pretraining.manager) | 	● 📞📞📞 CHECKPOINTING SETUP 📞📞📞
20:28:29.213 | WARNING (432628, stable_pretraining.manager) | 		 Checkpoint mismatch: `manager.ckpt_path` (/home/aarav/wms/le-wm/dataset/lewm_lp_p1.0_weights.ckpt) was provided, but no matching `ModelCheckpoint` callback was found.
20:28:29.213 | WARNING (432628, stable_pretraining.manager) | 		 Automatically creating a `ModelCheckpoint` to save to the specified path to prevent data loss.
20:28:29.214 | WARNING (432628, stable_pretraining.manager) | 		 - Automatic `ModelCheckpoint` callback has been added to the trainer.
20:28:29.214 | WARNING (432628, stable_pretraining.manager) | /home/aarav/wms/le-wm/dataset/lewm_lp_p1.0_weights.ckpt specified, but does not exist, using None for now!
20:28:29.214 | INFO    (432628, stable_pretraining.manager) | 📣📣📣 CALLING trainer.fit with ckpt_path=None 📣📣📣
💡 Tip: For seamless cloud uploads and versioning, try installing [litmodels](https://pypi.org/project/litmodels/) to enable LitModelCheckpoint, which syncs automatically with the Lightning model registry.
You are using a CUDA device ('NVIDIA RTX 4000 Ada Generation') that has Tensor Cores. To properly utilize them, you should set `torch.set_float32_matmul_precision('medium' | 'high')` which will trade-off precision for performance. For more details, read https://pytorch.org/docs/stable/generated/torch.set_float32_matmul_precision.html#torch.set_float32_matmul_precision
20:28:29.455 | INFO    (432628, stable_pretraining.data.module) | dataset for TrainerFn.FITTING loaded!  ✅
20:28:29.455 | INFO    (432628, stable_pretraining.data.module) | 	● setup was done by user
20:28:29.456 | INFO    (432628, stable_pretraining.callbacks.env_info) | ======================================================================
20:28:29.456 | INFO    (432628, stable_pretraining.callbacks.env_info) | 🔍 Starting environment configuration dump...
20:28:29.456 | INFO    (432628, stable_pretraining.callbacks.env_info) | ======================================================================
20:28:29.456 | INFO    (432628, stable_pretraining.callbacks.env_info) | EnvironmentDumpCallback  log_dir=PosixPath('/home/aarav/wms/le-wm')
20:28:29.456 | INFO    (432628, stable_pretraining.callbacks.env_info) | ⚡ Running environment dump in background thread (non-blocking)
20:28:29.457 | INFO    (432628, stable_pretraining.callbacks.env_info) | 📁 Log directory: /home/aarav/wms/le-wm
20:28:29.457 | INFO    (432628, stable_pretraining.callbacks.env_info) | 📊 Collecting environment information...
20:28:29.457 | SUCCESS (432628, stable_pretraining.callbacks.env_info) |   ✓ Python 3.11.15
20:28:29.457 | SUCCESS (432628, stable_pretraining.callbacks.env_info) |   ✓ System: Linux 6.17.0-20-generic (x86_64)
20:28:29.457 | INFO    (432628, stable_pretraining.callbacks.env_info) |      Hostname: dm
20:28:29.457 | SUCCESS (432628, stable_pretraining.callbacks.env_info) | ✓ Background thread started successfully
20:28:29.458 | INFO    (432628, stable_pretraining.callbacks.trainer_info) | 	 linking trainer to DataModule! 🔧
20:28:29.458 | INFO    (432628, stable_pretraining.callbacks.checkpoint_sklearn) | Setting up SklearnCheckpoint callback!
20:28:29.458 | INFO    (432628, stable_pretraining.callbacks.checkpoint_sklearn) | Sklearn Modules:
20:28:29.459 | INFO    (432628, stable_pretraining.callbacks.checkpoint_sklearn) | 
┏━━━━━━━━━━┳━━━━━━━━┳━━━━━━━━┓
┃ Module   ┃ Name   ┃ Type   ┃
┣━━━━━━━━━━╋━━━━━━━━╋━━━━━━━━┫
┗━━━━━━━━━━┻━━━━━━━━┻━━━━━━━━┛
20:28:29.459 | INFO    (432628, stable_pretraining.callbacks.checkpoint_sklearn) | Setting up WandbCheckpoint callback!
20:28:29.459 | INFO    (432628, stable_pretraining.callbacks.trainer_info) | PyTorch Modules:
20:28:29.460 | WARNING (432628, stable_pretraining.module) | You are calling self.parameters which also gives callbacks parameters, to remove then, pass `with_callbacks=False`
20:28:29.474 | INFO    (432628, stable_pretraining.callbacks.trainer_info) | \n+---------------------------------------------------------------------------+----------------------+--------------------------+--------------------------+---------+
| Module                                                                    | Trainable parameters | Non Trainable parameters | Uninitialized parameters | Buffers |
+---------------------------------------------------------------------------+----------------------+--------------------------+--------------------------+---------+
|                                                                           |             18588206 |                        0 |                        0 |    8194 |
| callbacks_modules                                                         |                    0 |                        0 |                        0 |       0 |
| callbacks_metrics                                                         |                    0 |                        0 |                        0 |       0 |
| model                                                                     |             18588206 |                        0 |                        0 |    8194 |
| model._orig_mod                                                           |             18588206 |                        0 |                        0 |    8194 |
| model._orig_mod.encoder                                                   |              5464512 |                        0 |                        0 |       0 |
| model._orig_mod.encoder.embeddings                                        |               125760 |                        0 |                        0 |       0 |
| model._orig_mod.encoder.embeddings.patch_embeddings                       |               113088 |                        0 |                        0 |       0 |
| model._orig_mod.encoder.embeddings.patch_embeddings.projection            |               113088 |                        0 |                        0 |       0 |
| model._orig_mod.encoder.embeddings.dropout                                |                    0 |                        0 |                        0 |       0 |
| model._orig_mod.encoder.encoder                                           |              5338368 |                        0 |                        0 |       0 |
| model._orig_mod.encoder.encoder.layer                                     |              5338368 |                        0 |                        0 |       0 |
| model._orig_mod.encoder.encoder.layer.0                                   |               444864 |                        0 |                        0 |       0 |
| model._orig_mod.encoder.encoder.layer.0.attention                         |               148224 |                        0 |                        0 |       0 |
| model._orig_mod.encoder.encoder.layer.0.attention.attention               |               111168 |                        0 |                        0 |       0 |
| model._orig_mod.encoder.encoder.layer.0.attention.attention.query         |                37056 |                        0 |                        0 |       0 |
| model._orig_mod.encoder.encoder.layer.0.attention.attention.key           |                37056 |                        0 |                        0 |       0 |
| model._orig_mod.encoder.encoder.layer.0.attention.attention.value         |                37056 |                        0 |                        0 |       0 |
| model._orig_mod.encoder.encoder.layer.0.attention.output                  |                37056 |                        0 |                        0 |       0 |
| model._orig_mod.encoder.encoder.layer.0.attention.output.dense            |                37056 |                        0 |                        0 |       0 |
| model._orig_mod.encoder.encoder.layer.0.attention.output.dropout          |                    0 |                        0 |                        0 |       0 |
| model._orig_mod.encoder.encoder.layer.0.intermediate                      |               148224 |                        0 |                        0 |       0 |
| model._orig_mod.encoder.encoder.layer.0.intermediate.dense                |               148224 |                        0 |                        0 |       0 |
| model._orig_mod.encoder.encoder.layer.0.intermediate.intermediate_act_fn  |                    0 |                        0 |                        0 |       0 |
| model._orig_mod.encoder.encoder.layer.0.output                            |               147648 |                        0 |                        0 |       0 |
| model._orig_mod.encoder.encoder.layer.0.output.dense                      |               147648 |                        0 |                        0 |       0 |
| model._orig_mod.encoder.encoder.layer.0.output.dropout                    |                    0 |                        0 |                        0 |       0 |
| model._orig_mod.encoder.encoder.layer.0.layernorm_before                  |                  384 |                        0 |                        0 |       0 |
| model._orig_mod.encoder.encoder.layer.0.layernorm_after                   |                  384 |                        0 |                        0 |       0 |
| model._orig_mod.encoder.encoder.layer.1                                   |               444864 |                        0 |                        0 |       0 |
| model._orig_mod.encoder.encoder.layer.1.attention                         |               148224 |                        0 |                        0 |       0 |
| model._orig_mod.encoder.encoder.layer.1.attention.attention               |               111168 |                        0 |                        0 |       0 |
| model._orig_mod.encoder.encoder.layer.1.attention.attention.query         |                37056 |                        0 |                        0 |       0 |
| model._orig_mod.encoder.encoder.layer.1.attention.attention.key           |                37056 |                        0 |                        0 |       0 |
| model._orig_mod.encoder.encoder.layer.1.attention.attention.value         |                37056 |                        0 |                        0 |       0 |
| model._orig_mod.encoder.encoder.layer.1.attention.output                  |                37056 |                        0 |                        0 |       0 |
| model._orig_mod.encoder.encoder.layer.1.attention.output.dense            |                37056 |                        0 |                        0 |       0 |
| model._orig_mod.encoder.encoder.layer.1.attention.output.dropout          |                    0 |                        0 |                        0 |       0 |
| model._orig_mod.encoder.encoder.layer.1.intermediate                      |               148224 |                        0 |                        0 |       0 |
| model._orig_mod.encoder.encoder.layer.1.intermediate.dense                |               148224 |                        0 |                        0 |       0 |
| model._orig_mod.encoder.encoder.layer.1.intermediate.intermediate_act_fn  |                    0 |                        0 |                        0 |       0 |
| model._orig_mod.encoder.encoder.layer.1.output                            |               147648 |                        0 |                        0 |       0 |
| model._orig_mod.encoder.encoder.layer.1.output.dense                      |               147648 |                        0 |                        0 |       0 |
| model._orig_mod.encoder.encoder.layer.1.output.dropout                    |                    0 |                        0 |                        0 |       0 |
| model._orig_mod.encoder.encoder.layer.1.layernorm_before                  |                  384 |                        0 |                        0 |       0 |
| model._orig_mod.encoder.encoder.layer.1.layernorm_after                   |                  384 |                        0 |                        0 |       0 |
| model._orig_mod.encoder.encoder.layer.2                                   |               444864 |                        0 |                        0 |       0 |
| model._orig_mod.encoder.encoder.layer.2.attention                         |               148224 |                        0 |                        0 |       0 |
| model._orig_mod.encoder.encoder.layer.2.attention.attention               |               111168 |                        0 |                        0 |       0 |
| model._orig_mod.encoder.encoder.layer.2.attention.attention.query         |                37056 |                        0 |                        0 |       0 |
| model._orig_mod.encoder.encoder.layer.2.attention.attention.key           |                37056 |                        0 |                        0 |       0 |
| model._orig_mod.encoder.encoder.layer.2.attention.attention.value         |                37056 |                        0 |                        0 |       0 |
| model._orig_mod.encoder.encoder.layer.2.attention.output                  |                37056 |                        0 |                        0 |       0 |
| model._orig_mod.encoder.encoder.layer.2.attention.output.dense            |                37056 |                        0 |                        0 |       0 |
| model._orig_mod.encoder.encoder.layer.2.attention.output.dropout          |                    0 |                        0 |                        0 |       0 |
| model._orig_mod.encoder.encoder.layer.2.intermediate                      |               148224 |                        0 |                        0 |       0 |
| model._orig_mod.encoder.encoder.layer.2.intermediate.dense                |               148224 |                        0 |                        0 |       0 |
| model._orig_mod.encoder.encoder.layer.2.intermediate.intermediate_act_fn  |                    0 |                        0 |                        0 |       0 |
| model._orig_mod.encoder.encoder.layer.2.output                            |               147648 |                        0 |                        0 |       0 |
| model._orig_mod.encoder.encoder.layer.2.output.dense                      |               147648 |                        0 |                        0 |       0 |
| model._orig_mod.encoder.encoder.layer.2.output.dropout                    |                    0 |                        0 |                        0 |       0 |
| model._orig_mod.encoder.encoder.layer.2.layernorm_before                  |                  384 |                        0 |                        0 |       0 |
| model._orig_mod.encoder.encoder.layer.2.layernorm_after                   |                  384 |                        0 |                        0 |       0 |
| model._orig_mod.encoder.encoder.layer.3                                   |               444864 |                        0 |                        0 |       0 |
| model._orig_mod.encoder.encoder.layer.3.attention                         |               148224 |                        0 |                        0 |       0 |
| model._orig_mod.encoder.encoder.layer.3.attention.attention               |               111168 |                        0 |                        0 |       0 |
| model._orig_mod.encoder.encoder.layer.3.attention.attention.query         |                37056 |                        0 |                        0 |       0 |
| model._orig_mod.encoder.encoder.layer.3.attention.attention.key           |                37056 |                        0 |                        0 |       0 |
| model._orig_mod.encoder.encoder.layer.3.attention.attention.value         |                37056 |                        0 |                        0 |       0 |
| model._orig_mod.encoder.encoder.layer.3.attention.output                  |                37056 |                        0 |                        0 |       0 |
| model._orig_mod.encoder.encoder.layer.3.attention.output.dense            |                37056 |                        0 |                        0 |       0 |
| model._orig_mod.encoder.encoder.layer.3.attention.output.dropout          |                    0 |                        0 |                        0 |       0 |
| model._orig_mod.encoder.encoder.layer.3.intermediate                      |               148224 |                        0 |                        0 |       0 |
| model._orig_mod.encoder.encoder.layer.3.intermediate.dense                |               148224 |                        0 |                        0 |       0 |
| model._orig_mod.encoder.encoder.layer.3.intermediate.intermediate_act_fn  |                    0 |                        0 |                        0 |       0 |
| model._orig_mod.encoder.encoder.layer.3.output                            |               147648 |                        0 |                        0 |       0 |
| model._orig_mod.encoder.encoder.layer.3.output.dense                      |               147648 |                        0 |                        0 |       0 |
| model._orig_mod.encoder.encoder.layer.3.output.dropout                    |                    0 |                        0 |                        0 |       0 |
| model._orig_mod.encoder.encoder.layer.3.layernorm_before                  |                  384 |                        0 |                        0 |       0 |
| model._orig_mod.encoder.encoder.layer.3.layernorm_after                   |                  384 |                        0 |                        0 |       0 |
| model._orig_mod.encoder.encoder.layer.4                                   |               444864 |                        0 |                        0 |       0 |
| model._orig_mod.encoder.encoder.layer.4.attention                         |               148224 |                        0 |                        0 |       0 |
| model._orig_mod.encoder.encoder.layer.4.attention.attention               |               111168 |                        0 |                        0 |       0 |
| model._orig_mod.encoder.encoder.layer.4.attention.attention.query         |                37056 |                        0 |                        0 |       0 |
| model._orig_mod.encoder.encoder.layer.4.attention.attention.key           |                37056 |                        0 |                        0 |       0 |
| model._orig_mod.encoder.encoder.layer.4.attention.attention.value         |                37056 |                        0 |                        0 |       0 |
| model._orig_mod.encoder.encoder.layer.4.attention.output                  |                37056 |                        0 |                        0 |       0 |
| model._orig_mod.encoder.encoder.layer.4.attention.output.dense            |                37056 |                        0 |                        0 |       0 |
| model._orig_mod.encoder.encoder.layer.4.attention.output.dropout          |                    0 |                        0 |                        0 |       0 |
| model._orig_mod.encoder.encoder.layer.4.intermediate                      |               148224 |                        0 |                        0 |       0 |
| model._orig_mod.encoder.encoder.layer.4.intermediate.dense                |               148224 |                        0 |                        0 |       0 |
| model._orig_mod.encoder.encoder.layer.4.intermediate.intermediate_act_fn  |                    0 |                        0 |                        0 |       0 |
| model._orig_mod.encoder.encoder.layer.4.output                            |               147648 |                        0 |                        0 |       0 |
| model._orig_mod.encoder.encoder.layer.4.output.dense                      |               147648 |                        0 |                        0 |       0 |
| model._orig_mod.encoder.encoder.layer.4.output.dropout                    |                    0 |                        0 |                        0 |       0 |
| model._orig_mod.encoder.encoder.layer.4.layernorm_before                  |                  384 |                        0 |                        0 |       0 |
| model._orig_mod.encoder.encoder.layer.4.layernorm_after                   |                  384 |                        0 |                        0 |       0 |
| model._orig_mod.encoder.encoder.layer.5                                   |               444864 |                        0 |                        0 |       0 |
| model._orig_mod.encoder.encoder.layer.5.attention                         |               148224 |                        0 |                        0 |       0 |
| model._orig_mod.encoder.encoder.layer.5.attention.attention               |               111168 |                        0 |                        0 |       0 |
| model._orig_mod.encoder.encoder.layer.5.attention.attention.query         |                37056 |                        0 |                        0 |       0 |
| model._orig_mod.encoder.encoder.layer.5.attention.attention.key           |                37056 |                        0 |                        0 |       0 |
| model._orig_mod.encoder.encoder.layer.5.attention.attention.value         |                37056 |                        0 |                        0 |       0 |
| model._orig_mod.encoder.encoder.layer.5.attention.output                  |                37056 |                        0 |                        0 |       0 |
| model._orig_mod.encoder.encoder.layer.5.attention.output.dense            |                37056 |                        0 |                        0 |       0 |
| model._orig_mod.encoder.encoder.layer.5.attention.output.dropout          |                    0 |                        0 |                        0 |       0 |
| model._orig_mod.encoder.encoder.layer.5.intermediate                      |               148224 |                        0 |                        0 |       0 |
| model._orig_mod.encoder.encoder.layer.5.intermediate.dense                |               148224 |                        0 |                        0 |       0 |
| model._orig_mod.encoder.encoder.layer.5.intermediate.intermediate_act_fn  |                    0 |                        0 |                        0 |       0 |
| model._orig_mod.encoder.encoder.layer.5.output                            |               147648 |                        0 |                        0 |       0 |
| model._orig_mod.encoder.encoder.layer.5.output.dense                      |               147648 |                        0 |                        0 |       0 |
| model._orig_mod.encoder.encoder.layer.5.output.dropout                    |                    0 |                        0 |                        0 |       0 |
| model._orig_mod.encoder.encoder.layer.5.layernorm_before                  |                  384 |                        0 |                        0 |       0 |
| model._orig_mod.encoder.encoder.layer.5.layernorm_after                   |                  384 |                        0 |                        0 |       0 |
| model._orig_mod.encoder.encoder.layer.6                                   |               444864 |                        0 |                        0 |       0 |
| model._orig_mod.encoder.encoder.layer.6.attention                         |               148224 |                        0 |                        0 |       0 |
| model._orig_mod.encoder.encoder.layer.6.attention.attention               |               111168 |                        0 |                        0 |       0 |
| model._orig_mod.encoder.encoder.layer.6.attention.attention.query         |                37056 |                        0 |                        0 |       0 |
| model._orig_mod.encoder.encoder.layer.6.attention.attention.key           |                37056 |                        0 |                        0 |       0 |
| model._orig_mod.encoder.encoder.layer.6.attention.attention.value         |                37056 |                        0 |                        0 |       0 |
| model._orig_mod.encoder.encoder.layer.6.attention.output                  |                37056 |                        0 |                        0 |       0 |
| model._orig_mod.encoder.encoder.layer.6.attention.output.dense            |                37056 |                        0 |                        0 |       0 |
| model._orig_mod.encoder.encoder.layer.6.attention.output.dropout          |                    0 |                        0 |                        0 |       0 |
| model._orig_mod.encoder.encoder.layer.6.intermediate                      |               148224 |                        0 |                        0 |       0 |
| model._orig_mod.encoder.encoder.layer.6.intermediate.dense                |               148224 |                        0 |                        0 |       0 |
| model._orig_mod.encoder.encoder.layer.6.intermediate.intermediate_act_fn  |                    0 |                        0 |                        0 |       0 |
| model._orig_mod.encoder.encoder.layer.6.output                            |               147648 |                        0 |                        0 |       0 |
| model._orig_mod.encoder.encoder.layer.6.output.dense                      |               147648 |                        0 |                        0 |       0 |
| model._orig_mod.encoder.encoder.layer.6.output.dropout                    |                    0 |                        0 |                        0 |       0 |
| model._orig_mod.encoder.encoder.layer.6.layernorm_before                  |                  384 |                        0 |                        0 |       0 |
| model._orig_mod.encoder.encoder.layer.6.layernorm_after                   |                  384 |                        0 |                        0 |       0 |
| model._orig_mod.encoder.encoder.layer.7                                   |               444864 |                        0 |                        0 |       0 |
| model._orig_mod.encoder.encoder.layer.7.attention                         |               148224 |                        0 |                        0 |       0 |
| model._orig_mod.encoder.encoder.layer.7.attention.attention               |               111168 |                        0 |                        0 |       0 |
| model._orig_mod.encoder.encoder.layer.7.attention.attention.query         |                37056 |                        0 |                        0 |       0 |
| model._orig_mod.encoder.encoder.layer.7.attention.attention.key           |                37056 |                        0 |                        0 |       0 |
| model._orig_mod.encoder.encoder.layer.7.attention.attention.value         |                37056 |                        0 |                        0 |       0 |
| model._orig_mod.encoder.encoder.layer.7.attention.output                  |                37056 |                        0 |                        0 |       0 |
| model._orig_mod.encoder.encoder.layer.7.attention.output.dense            |                37056 |                        0 |                        0 |       0 |
| model._orig_mod.encoder.encoder.layer.7.attention.output.dropout          |                    0 |                        0 |                        0 |       0 |
| model._orig_mod.encoder.encoder.layer.7.intermediate                      |               148224 |                        0 |                        0 |       0 |
| model._orig_mod.encoder.encoder.layer.7.intermediate.dense                |               148224 |                        0 |                        0 |       0 |
| model._orig_mod.encoder.encoder.layer.7.intermediate.intermediate_act_fn  |                    0 |                        0 |                        0 |       0 |
| model._orig_mod.encoder.encoder.layer.7.output                            |               147648 |                        0 |                        0 |       0 |
| model._orig_mod.encoder.encoder.layer.7.output.dense                      |               147648 |                        0 |                        0 |       0 |
| model._orig_mod.encoder.encoder.layer.7.output.dropout                    |                    0 |                        0 |                        0 |       0 |
| model._orig_mod.encoder.encoder.layer.7.layernorm_before                  |                  384 |                        0 |                        0 |       0 |
| model._orig_mod.encoder.encoder.layer.7.layernorm_after                   |                  384 |                        0 |                        0 |       0 |
| model._orig_mod.encoder.encoder.layer.8                                   |               444864 |                        0 |                        0 |       0 |
| model._orig_mod.encoder.encoder.layer.8.attention                         |               148224 |                        0 |                        0 |       0 |
| model._orig_mod.encoder.encoder.layer.8.attention.attention               |               111168 |                        0 |                        0 |       0 |
| model._orig_mod.encoder.encoder.layer.8.attention.attention.query         |                37056 |                        0 |                        0 |       0 |
| model._orig_mod.encoder.encoder.layer.8.attention.attention.key           |                37056 |                        0 |                        0 |       0 |
| model._orig_mod.encoder.encoder.layer.8.attention.attention.value         |                37056 |                        0 |                        0 |       0 |
| model._orig_mod.encoder.encoder.layer.8.attention.output                  |                37056 |                        0 |                        0 |       0 |
| model._orig_mod.encoder.encoder.layer.8.attention.output.dense            |                37056 |                        0 |                        0 |       0 |
| model._orig_mod.encoder.encoder.layer.8.attention.output.dropout          |                    0 |                        0 |                        0 |       0 |
| model._orig_mod.encoder.encoder.layer.8.intermediate                      |               148224 |                        0 |                        0 |       0 |
| model._orig_mod.encoder.encoder.layer.8.intermediate.dense                |               148224 |                        0 |                        0 |       0 |
| model._orig_mod.encoder.encoder.layer.8.intermediate.intermediate_act_fn  |                    0 |                        0 |                        0 |       0 |
| model._orig_mod.encoder.encoder.layer.8.output                            |               147648 |                        0 |                        0 |       0 |
| model._orig_mod.encoder.encoder.layer.8.output.dense                      |               147648 |                        0 |                        0 |       0 |
| model._orig_mod.encoder.encoder.layer.8.output.dropout                    |                    0 |                        0 |                        0 |       0 |
| model._orig_mod.encoder.encoder.layer.8.layernorm_before                  |                  384 |                        0 |                        0 |       0 |
| model._orig_mod.encoder.encoder.layer.8.layernorm_after                   |                  384 |                        0 |                        0 |       0 |
| model._orig_mod.encoder.encoder.layer.9                                   |               444864 |                        0 |                        0 |       0 |
| model._orig_mod.encoder.encoder.layer.9.attention                         |               148224 |                        0 |                        0 |       0 |
| model._orig_mod.encoder.encoder.layer.9.attention.attention               |               111168 |                        0 |                        0 |       0 |
| model._orig_mod.encoder.encoder.layer.9.attention.attention.query         |                37056 |                        0 |                        0 |       0 |
| model._orig_mod.encoder.encoder.layer.9.attention.attention.key           |                37056 |                        0 |                        0 |       0 |
| model._orig_mod.encoder.encoder.layer.9.attention.attention.value         |                37056 |                        0 |                        0 |       0 |
| model._orig_mod.encoder.encoder.layer.9.attention.output                  |                37056 |                        0 |                        0 |       0 |
| model._orig_mod.encoder.encoder.layer.9.attention.output.dense            |                37056 |                        0 |                        0 |       0 |
| model._orig_mod.encoder.encoder.layer.9.attention.output.dropout          |                    0 |                        0 |                        0 |       0 |
| model._orig_mod.encoder.encoder.layer.9.intermediate                      |               148224 |                        0 |                        0 |       0 |
| model._orig_mod.encoder.encoder.layer.9.intermediate.dense                |               148224 |                        0 |                        0 |       0 |
| model._orig_mod.encoder.encoder.layer.9.intermediate.intermediate_act_fn  |                    0 |                        0 |                        0 |       0 |
| model._orig_mod.encoder.encoder.layer.9.output                            |               147648 |                        0 |                        0 |       0 |
| model._orig_mod.encoder.encoder.layer.9.output.dense                      |               147648 |                        0 |                        0 |       0 |
| model._orig_mod.encoder.encoder.layer.9.output.dropout                    |                    0 |                        0 |                        0 |       0 |
| model._orig_mod.encoder.encoder.layer.9.layernorm_before                  |                  384 |                        0 |                        0 |       0 |
| model._orig_mod.encoder.encoder.layer.9.layernorm_after                   |                  384 |                        0 |                        0 |       0 |
| model._orig_mod.encoder.encoder.layer.10                                  |               444864 |                        0 |                        0 |       0 |
| model._orig_mod.encoder.encoder.layer.10.attention                        |               148224 |                        0 |                        0 |       0 |
| model._orig_mod.encoder.encoder.layer.10.attention.attention              |               111168 |                        0 |                        0 |       0 |
| model._orig_mod.encoder.encoder.layer.10.attention.attention.query        |                37056 |                        0 |                        0 |       0 |
| model._orig_mod.encoder.encoder.layer.10.attention.attention.key          |                37056 |                        0 |                        0 |       0 |
| model._orig_mod.encoder.encoder.layer.10.attention.attention.value        |                37056 |                        0 |                        0 |       0 |
| model._orig_mod.encoder.encoder.layer.10.attention.output                 |                37056 |                        0 |                        0 |       0 |
| model._orig_mod.encoder.encoder.layer.10.attention.output.dense           |                37056 |                        0 |                        0 |       0 |
| model._orig_mod.encoder.encoder.layer.10.attention.output.dropout         |                    0 |                        0 |                        0 |       0 |
| model._orig_mod.encoder.encoder.layer.10.intermediate                     |               148224 |                        0 |                        0 |       0 |
| model._orig_mod.encoder.encoder.layer.10.intermediate.dense               |               148224 |                        0 |                        0 |       0 |
| model._orig_mod.encoder.encoder.layer.10.intermediate.intermediate_act_fn |                    0 |                        0 |                        0 |       0 |
| model._orig_mod.encoder.encoder.layer.10.output                           |               147648 |                        0 |                        0 |       0 |
| model._orig_mod.encoder.encoder.layer.10.output.dense                     |               147648 |                        0 |                        0 |       0 |
| model._orig_mod.encoder.encoder.layer.10.output.dropout                   |                    0 |                        0 |                        0 |       0 |
| model._orig_mod.encoder.encoder.layer.10.layernorm_before                 |                  384 |                        0 |                        0 |       0 |
| model._orig_mod.encoder.encoder.layer.10.layernorm_after                  |                  384 |                        0 |                        0 |       0 |
| model._orig_mod.encoder.encoder.layer.11                                  |               444864 |                        0 |                        0 |       0 |
| model._orig_mod.encoder.encoder.layer.11.attention                        |               148224 |                        0 |                        0 |       0 |
| model._orig_mod.encoder.encoder.layer.11.attention.attention              |               111168 |                        0 |                        0 |       0 |
| model._orig_mod.encoder.encoder.layer.11.attention.attention.query        |                37056 |                        0 |                        0 |       0 |
| model._orig_mod.encoder.encoder.layer.11.attention.attention.key          |                37056 |                        0 |                        0 |       0 |
| model._orig_mod.encoder.encoder.layer.11.attention.attention.value        |                37056 |                        0 |                        0 |       0 |
| model._orig_mod.encoder.encoder.layer.11.attention.output                 |                37056 |                        0 |                        0 |       0 |
| model._orig_mod.encoder.encoder.layer.11.attention.output.dense           |                37056 |                        0 |                        0 |       0 |
| model._orig_mod.encoder.encoder.layer.11.attention.output.dropout         |                    0 |                        0 |                        0 |       0 |
| model._orig_mod.encoder.encoder.layer.11.intermediate                     |               148224 |                        0 |                        0 |       0 |
| model._orig_mod.encoder.encoder.layer.11.intermediate.dense               |               148224 |                        0 |                        0 |       0 |
| model._orig_mod.encoder.encoder.layer.11.intermediate.intermediate_act_fn |                    0 |                        0 |                        0 |       0 |
| model._orig_mod.encoder.encoder.layer.11.output                           |               147648 |                        0 |                        0 |       0 |
| model._orig_mod.encoder.encoder.layer.11.output.dense                     |               147648 |                        0 |                        0 |       0 |
| model._orig_mod.encoder.encoder.layer.11.output.dropout                   |                    0 |                        0 |                        0 |       0 |
| model._orig_mod.encoder.encoder.layer.11.layernorm_before                 |                  384 |                        0 |                        0 |       0 |
| model._orig_mod.encoder.encoder.layer.11.layernorm_after                  |                  384 |                        0 |                        0 |       0 |
| model._orig_mod.encoder.layernorm                                         |                  384 |                        0 |                        0 |       0 |
| model._orig_mod.predictor                                                 |             10791360 |                        0 |                        0 |       0 |
| model._orig_mod.predictor.dropout                                         |                    0 |                        0 |                        0 |       0 |
| model._orig_mod.predictor.transformer                                     |             10790784 |                        0 |                        0 |       0 |
| model._orig_mod.predictor.transformer.norm                                |                  384 |                        0 |                        0 |       0 |
| model._orig_mod.predictor.transformer.layers                              |             10790400 |                        0 |                        0 |       0 |
| model._orig_mod.predictor.transformer.layers.0                            |              1798400 |                        0 |                        0 |       0 |
| model._orig_mod.predictor.transformer.layers.0.attn                       |               787008 |                        0 |                        0 |       0 |
| model._orig_mod.predictor.transformer.layers.0.attn.norm                  |                  384 |                        0 |                        0 |       0 |
| model._orig_mod.predictor.transformer.layers.0.attn.attend                |                    0 |                        0 |                        0 |       0 |
| model._orig_mod.predictor.transformer.layers.0.attn.to_qkv                |               589824 |                        0 |                        0 |       0 |
| model._orig_mod.predictor.transformer.layers.0.attn.to_out                |               196800 |                        0 |                        0 |       0 |
| model._orig_mod.predictor.transformer.layers.0.attn.to_out.0              |               196800 |                        0 |                        0 |       0 |
| model._orig_mod.predictor.transformer.layers.0.attn.to_out.1              |                    0 |                        0 |                        0 |       0 |
| model._orig_mod.predictor.transformer.layers.0.mlp                        |               789056 |                        0 |                        0 |       0 |
| model._orig_mod.predictor.transformer.layers.0.mlp.net                    |               789056 |                        0 |                        0 |       0 |
| model._orig_mod.predictor.transformer.layers.0.mlp.net.0                  |                  384 |                        0 |                        0 |       0 |
| model._orig_mod.predictor.transformer.layers.0.mlp.net.1                  |               395264 |                        0 |                        0 |       0 |
| model._orig_mod.predictor.transformer.layers.0.mlp.net.2                  |                    0 |                        0 |                        0 |       0 |
| model._orig_mod.predictor.transformer.layers.0.mlp.net.3                  |                    0 |                        0 |                        0 |       0 |
| model._orig_mod.predictor.transformer.layers.0.mlp.net.4                  |               393408 |                        0 |                        0 |       0 |
| model._orig_mod.predictor.transformer.layers.0.mlp.net.5                  |                    0 |                        0 |                        0 |       0 |
| model._orig_mod.predictor.transformer.layers.0.norm1                      |                    0 |                        0 |                        0 |       0 |
| model._orig_mod.predictor.transformer.layers.0.norm2                      |                    0 |                        0 |                        0 |       0 |
| model._orig_mod.predictor.transformer.layers.0.adaLN_modulation           |               222336 |                        0 |                        0 |       0 |
| model._orig_mod.predictor.transformer.layers.0.adaLN_modulation.0         |                    0 |                        0 |                        0 |       0 |
| model._orig_mod.predictor.transformer.layers.0.adaLN_modulation.1         |               222336 |                        0 |                        0 |       0 |
| model._orig_mod.predictor.transformer.layers.1                            |              1798400 |                        0 |                        0 |       0 |
| model._orig_mod.predictor.transformer.layers.1.attn                       |               787008 |                        0 |                        0 |       0 |
| model._orig_mod.predictor.transformer.layers.1.attn.norm                  |                  384 |                        0 |                        0 |       0 |
| model._orig_mod.predictor.transformer.layers.1.attn.attend                |                    0 |                        0 |                        0 |       0 |
| model._orig_mod.predictor.transformer.layers.1.attn.to_qkv                |               589824 |                        0 |                        0 |       0 |
| model._orig_mod.predictor.transformer.layers.1.attn.to_out                |               196800 |                        0 |                        0 |       0 |
| model._orig_mod.predictor.transformer.layers.1.attn.to_out.0              |               196800 |                        0 |                        0 |       0 |
| model._orig_mod.predictor.transformer.layers.1.attn.to_out.1              |                    0 |                        0 |                        0 |       0 |
| model._orig_mod.predictor.transformer.layers.1.mlp                        |               789056 |                        0 |                        0 |       0 |
| model._orig_mod.predictor.transformer.layers.1.mlp.net                    |               789056 |                        0 |                        0 |       0 |
| model._orig_mod.predictor.transformer.layers.1.mlp.net.0                  |                  384 |                        0 |                        0 |       0 |
| model._orig_mod.predictor.transformer.layers.1.mlp.net.1                  |               395264 |                        0 |                        0 |       0 |
| model._orig_mod.predictor.transformer.layers.1.mlp.net.2                  |                    0 |                        0 |                        0 |       0 |
| model._orig_mod.predictor.transformer.layers.1.mlp.net.3                  |                    0 |                        0 |                        0 |       0 |
| model._orig_mod.predictor.transformer.layers.1.mlp.net.4                  |               393408 |                        0 |                        0 |       0 |
| model._orig_mod.predictor.transformer.layers.1.mlp.net.5                  |                    0 |                        0 |                        0 |       0 |
| model._orig_mod.predictor.transformer.layers.1.norm1                      |                    0 |                        0 |                        0 |       0 |
| model._orig_mod.predictor.transformer.layers.1.norm2                      |                    0 |                        0 |                        0 |       0 |
| model._orig_mod.predictor.transformer.layers.1.adaLN_modulation           |               222336 |                        0 |                        0 |       0 |
| model._orig_mod.predictor.transformer.layers.1.adaLN_modulation.0         |                    0 |                        0 |                        0 |       0 |
| model._orig_mod.predictor.transformer.layers.1.adaLN_modulation.1         |               222336 |                        0 |                        0 |       0 |
| model._orig_mod.predictor.transformer.layers.2                            |              1798400 |                        0 |                        0 |       0 |
| model._orig_mod.predictor.transformer.layers.2.attn                       |               787008 |                        0 |                        0 |       0 |
| model._orig_mod.predictor.transformer.layers.2.attn.norm                  |                  384 |                        0 |                        0 |       0 |
| model._orig_mod.predictor.transformer.layers.2.attn.attend                |                    0 |                        0 |                        0 |       0 |
| model._orig_mod.predictor.transformer.layers.2.attn.to_qkv                |               589824 |                        0 |                        0 |       0 |
| model._orig_mod.predictor.transformer.layers.2.attn.to_out                |               196800 |                        0 |                        0 |       0 |
| model._orig_mod.predictor.transformer.layers.2.attn.to_out.0              |               196800 |                        0 |                        0 |       0 |
| model._orig_mod.predictor.transformer.layers.2.attn.to_out.1              |                    0 |                        0 |                        0 |       0 |
| model._orig_mod.predictor.transformer.layers.2.mlp                        |               789056 |                        0 |                        0 |       0 |
| model._orig_mod.predictor.transformer.layers.2.mlp.net                    |               789056 |                        0 |                        0 |       0 |
| model._orig_mod.predictor.transformer.layers.2.mlp.net.0                  |                  384 |                        0 |                        0 |       0 |
| model._orig_mod.predictor.transformer.layers.2.mlp.net.1                  |               395264 |                        0 |                        0 |       0 |
| model._orig_mod.predictor.transformer.layers.2.mlp.net.2                  |                    0 |                        0 |                        0 |       0 |
| model._orig_mod.predictor.transformer.layers.2.mlp.net.3                  |                    0 |                        0 |                        0 |       0 |
| model._orig_mod.predictor.transformer.layers.2.mlp.net.4                  |               393408 |                        0 |                        0 |       0 |
| model._orig_mod.predictor.transformer.layers.2.mlp.net.5                  |                    0 |                        0 |                        0 |       0 |
| model._orig_mod.predictor.transformer.layers.2.norm1                      |                    0 |                        0 |                        0 |       0 |
| model._orig_mod.predictor.transformer.layers.2.norm2                      |                    0 |                        0 |                        0 |       0 |
| model._orig_mod.predictor.transformer.layers.2.adaLN_modulation           |               222336 |                        0 |                        0 |       0 |
| model._orig_mod.predictor.transformer.layers.2.adaLN_modulation.0         |                    0 |                        0 |                        0 |       0 |
| model._orig_mod.predictor.transformer.layers.2.adaLN_modulation.1         |               222336 |                        0 |                        0 |       0 |
| model._orig_mod.predictor.transformer.layers.3                            |              1798400 |                        0 |                        0 |       0 |
| model._orig_mod.predictor.transformer.layers.3.attn                       |               787008 |                        0 |                        0 |       0 |
| model._orig_mod.predictor.transformer.layers.3.attn.norm                  |                  384 |                        0 |                        0 |       0 |
| model._orig_mod.predictor.transformer.layers.3.attn.attend                |                    0 |                        0 |                        0 |       0 |
| model._orig_mod.predictor.transformer.layers.3.attn.to_qkv                |               589824 |                        0 |                        0 |       0 |
| model._orig_mod.predictor.transformer.layers.3.attn.to_out                |               196800 |                        0 |                        0 |       0 |
| model._orig_mod.predictor.transformer.layers.3.attn.to_out.0              |               196800 |                        0 |                        0 |       0 |
| model._orig_mod.predictor.transformer.layers.3.attn.to_out.1              |                    0 |                        0 |                        0 |       0 |
| model._orig_mod.predictor.transformer.layers.3.mlp                        |               789056 |                        0 |                        0 |       0 |
| model._orig_mod.predictor.transformer.layers.3.mlp.net                    |               789056 |                        0 |                        0 |       0 |
| model._orig_mod.predictor.transformer.layers.3.mlp.net.0                  |                  384 |                        0 |                        0 |       0 |
| model._orig_mod.predictor.transformer.layers.3.mlp.net.1                  |               395264 |                        0 |                        0 |       0 |
| model._orig_mod.predictor.transformer.layers.3.mlp.net.2                  |                    0 |                        0 |                        0 |       0 |
| model._orig_mod.predictor.transformer.layers.3.mlp.net.3                  |                    0 |                        0 |                        0 |       0 |
| model._orig_mod.predictor.transformer.layers.3.mlp.net.4                  |               393408 |                        0 |                        0 |       0 |
| model._orig_mod.predictor.transformer.layers.3.mlp.net.5                  |                    0 |                        0 |                        0 |       0 |
| model._orig_mod.predictor.transformer.layers.3.norm1                      |                    0 |                        0 |                        0 |       0 |
| model._orig_mod.predictor.transformer.layers.3.norm2                      |                    0 |                        0 |                        0 |       0 |
| model._orig_mod.predictor.transformer.layers.3.adaLN_modulation           |               222336 |                        0 |                        0 |       0 |
| model._orig_mod.predictor.transformer.layers.3.adaLN_modulation.0         |                    0 |                        0 |                        0 |       0 |
| model._orig_mod.predictor.transformer.layers.3.adaLN_modulation.1         |               222336 |                        0 |                        0 |       0 |
| model._orig_mod.predictor.transformer.layers.4                            |              1798400 |                        0 |                        0 |       0 |
| model._orig_mod.predictor.transformer.layers.4.attn                       |               787008 |                        0 |                        0 |       0 |
| model._orig_mod.predictor.transformer.layers.4.attn.norm                  |                  384 |                        0 |                        0 |       0 |
| model._orig_mod.predictor.transformer.layers.4.attn.attend                |                    0 |                        0 |                        0 |       0 |
| model._orig_mod.predictor.transformer.layers.4.attn.to_qkv                |               589824 |                        0 |                        0 |       0 |
| model._orig_mod.predictor.transformer.layers.4.attn.to_out                |               196800 |                        0 |                        0 |       0 |
| model._orig_mod.predictor.transformer.layers.4.attn.to_out.0              |               196800 |                        0 |                        0 |       0 |
| model._orig_mod.predictor.transformer.layers.4.attn.to_out.1              |                    0 |                        0 |                        0 |       0 |
| model._orig_mod.predictor.transformer.layers.4.mlp                        |               789056 |                        0 |                        0 |       0 |
| model._orig_mod.predictor.transformer.layers.4.mlp.net                    |               789056 |                        0 |                        0 |       0 |
| model._orig_mod.predictor.transformer.layers.4.mlp.net.0                  |                  384 |                        0 |                        0 |       0 |
| model._orig_mod.predictor.transformer.layers.4.mlp.net.1                  |               395264 |                        0 |                        0 |       0 |
| model._orig_mod.predictor.transformer.layers.4.mlp.net.2                  |                    0 |                        0 |                        0 |       0 |
| model._orig_mod.predictor.transformer.layers.4.mlp.net.3                  |                    0 |                        0 |                        0 |       0 |
| model._orig_mod.predictor.transformer.layers.4.mlp.net.4                  |               393408 |                        0 |                        0 |       0 |
| model._orig_mod.predictor.transformer.layers.4.mlp.net.5                  |                    0 |                        0 |                        0 |       0 |
| model._orig_mod.predictor.transformer.layers.4.norm1                      |                    0 |                        0 |                        0 |       0 |
| model._orig_mod.predictor.transformer.layers.4.norm2                      |                    0 |                        0 |                        0 |       0 |
| model._orig_mod.predictor.transformer.layers.4.adaLN_modulation           |               222336 |                        0 |                        0 |       0 |
| model._orig_mod.predictor.transformer.layers.4.adaLN_modulation.0         |                    0 |                        0 |                        0 |       0 |
| model._orig_mod.predictor.transformer.layers.4.adaLN_modulation.1         |               222336 |                        0 |                        0 |       0 |
| model._orig_mod.predictor.transformer.layers.5                            |              1798400 |                        0 |                        0 |       0 |
| model._orig_mod.predictor.transformer.layers.5.attn                       |               787008 |                        0 |                        0 |       0 |
| model._orig_mod.predictor.transformer.layers.5.attn.norm                  |                  384 |                        0 |                        0 |       0 |
| model._orig_mod.predictor.transformer.layers.5.attn.attend                |                    0 |                        0 |                        0 |       0 |
| model._orig_mod.predictor.transformer.layers.5.attn.to_qkv                |               589824 |                        0 |                        0 |       0 |
| model._orig_mod.predictor.transformer.layers.5.attn.to_out                |               196800 |                        0 |                        0 |       0 |
| model._orig_mod.predictor.transformer.layers.5.attn.to_out.0              |               196800 |                        0 |                        0 |       0 |
| model._orig_mod.predictor.transformer.layers.5.attn.to_out.1              |                    0 |                        0 |                        0 |       0 |
| model._orig_mod.predictor.transformer.layers.5.mlp                        |               789056 |                        0 |                        0 |       0 |
| model._orig_mod.predictor.transformer.layers.5.mlp.net                    |               789056 |                        0 |                        0 |       0 |
| model._orig_mod.predictor.transformer.layers.5.mlp.net.0                  |                  384 |                        0 |                        0 |       0 |
| model._orig_mod.predictor.transformer.layers.5.mlp.net.1                  |               395264 |                        0 |                        0 |       0 |
| model._orig_mod.predictor.transformer.layers.5.mlp.net.2                  |                    0 |                        0 |                        0 |       0 |
| model._orig_mod.predictor.transformer.layers.5.mlp.net.3                  |                    0 |                        0 |                        0 |       0 |
| model._orig_mod.predictor.transformer.layers.5.mlp.net.4                  |               393408 |                        0 |                        0 |       0 |
| model._orig_mod.predictor.transformer.layers.5.mlp.net.5                  |                    0 |                        0 |                        0 |       0 |
| model._orig_mod.predictor.transformer.layers.5.norm1                      |                    0 |                        0 |                        0 |       0 |
| model._orig_mod.predictor.transformer.layers.5.norm2                      |                    0 |                        0 |                        0 |       0 |
| model._orig_mod.predictor.transformer.layers.5.adaLN_modulation           |               222336 |                        0 |                        0 |       0 |
| model._orig_mod.predictor.transformer.layers.5.adaLN_modulation.0         |                    0 |                        0 |                        0 |       0 |
| model._orig_mod.predictor.transformer.layers.5.adaLN_modulation.1         |               222336 |                        0 |                        0 |       0 |
| model._orig_mod.predictor.transformer.input_proj                          |                    0 |                        0 |                        0 |       0 |
| model._orig_mod.predictor.transformer.cond_proj                           |                    0 |                        0 |                        0 |       0 |
| model._orig_mod.predictor.transformer.output_proj                         |                    0 |                        0 |                        0 |       0 |
| model._orig_mod.action_encoder                                            |               746798 |                        0 |                        0 |       0 |
| model._orig_mod.action_encoder.patch_embed                                |                  110 |                        0 |                        0 |       0 |
| model._orig_mod.action_encoder.embed                                      |               746688 |                        0 |                        0 |       0 |
| model._orig_mod.action_encoder.embed.0                                    |                 8448 |                        0 |                        0 |       0 |
| model._orig_mod.action_encoder.embed.1                                    |                    0 |                        0 |                        0 |       0 |
| model._orig_mod.action_encoder.embed.2                                    |               590592 |                        0 |                        0 |       0 |
| model._orig_mod.action_encoder.embed.3                                    |                    0 |                        0 |                        0 |       0 |
| model._orig_mod.action_encoder.embed.4                                    |               147648 |                        0 |                        0 |       0 |
| model._orig_mod.projector                                                 |               792768 |                        0 |                        0 |    4097 |
| model._orig_mod.projector.net                                             |               792768 |                        0 |                        0 |    4097 |
| model._orig_mod.projector.net.0                                           |               395264 |                        0 |                        0 |       0 |
| model._orig_mod.projector.net.1                                           |                 4096 |                        0 |                        0 |    4097 |
| model._orig_mod.projector.net.2                                           |                    0 |                        0 |                        0 |       0 |
| model._orig_mod.projector.net.3                                           |               393408 |                        0 |                        0 |       0 |
| model._orig_mod.pred_proj                                                 |               792768 |                        0 |                        0 |    4097 |
| model._orig_mod.pred_proj.net                                             |               792768 |                        0 |                        0 |    4097 |
| model._orig_mod.pred_proj.net.0                                           |               395264 |                        0 |                        0 |       0 |
| model._orig_mod.pred_proj.net.1                                           |                 4096 |                        0 |                        0 |    4097 |
| model._orig_mod.pred_proj.net.2                                           |                    0 |                        0 |                        0 |       0 |
| model._orig_mod.pred_proj.net.3                                           |               393408 |                        0 |                        0 |       0 |
| rdmreg                                                                    |                    0 |                        0 |                        0 |       0 |
+---------------------------------------------------------------------------+----------------------+--------------------------+--------------------------+---------+
20:28:29.474 | INFO    (432628, stable_pretraining.callbacks.trainer_info) | ---- SLURM INFO ---- 🔧
20:28:29.474 | INFO    (432628, stable_pretraining.callbacks.trainer_info) | Job ID: N/A
20:28:29.474 | INFO    (432628, stable_pretraining.callbacks.trainer_info) | Task ID: N/A
20:28:29.474 | INFO    (432628, stable_pretraining.callbacks.trainer_info) | Job Name: N/A
20:28:29.474 | INFO    (432628, stable_pretraining.callbacks.trainer_info) | Nodes: N/A
20:28:29.474 | INFO    (432628, stable_pretraining.callbacks.trainer_info) | Tasks: N/A
20:28:29.475 | INFO    (432628, stable_pretraining.callbacks.trainer_info) | CPUs per node: N/A
20:28:29.475 | INFO    (432628, stable_pretraining.callbacks.trainer_info) | CPUs per task: N/A
20:28:29.475 | INFO    (432628, stable_pretraining.callbacks.trainer_info) | Memory per node: N/A
20:28:29.475 | INFO    (432628, stable_pretraining.callbacks.trainer_info) | Memory per CPU: N/A
20:28:29.475 | INFO    (432628, stable_pretraining.callbacks.trainer_info) | Time limit: N/A
20:28:29.475 | INFO    (432628, stable_pretraining.callbacks.trainer_info) | Partition: N/A
20:28:29.475 | INFO    (432628, stable_pretraining.callbacks.trainer_info) | Node List: N/A
20:28:29.475 | INFO    (432628, stable_pretraining.callbacks.trainer_info) | Submit Directory: N/A
20:28:29.475 | INFO    (432628, stable_pretraining.callbacks.cpu_offload) | CPUOffloadCallback: Setup called for stage 'TrainerFn.FITTING'
20:28:29.475 | INFO    (432628, stable_pretraining.callbacks.cpu_offload) |   - Trainer rank: 0/1
20:28:29.475 | INFO    (432628, stable_pretraining.callbacks.cpu_offload) |   - Strategy: SingleDeviceStrategy
20:28:29.475 | SUCCESS (432628, stable_pretraining.callbacks.cpu_offload) | ✓ Strategy 'SingleDeviceStrategy' is compatible with CPU offload
20:28:29.475 | SUCCESS (432628, stable_pretraining.callbacks.cpu_offload) | ✓ CPUOffloadCallback ENABLED for strategy 'SingleDeviceStrategy'
20:28:29.475 | INFO    (432628, stable_pretraining.callbacks.cpu_offload) |   - This rank will handle checkpoint saving and CPU offload
20:28:29.476 | WARNING (432628, stable_pretraining.callbacks.env_info) |      ⚠️  pip freeze failed: Command '['/home/aarav/wms/le-wm/le-wm/bin/python', '-m', 'pip', 'freeze']' returned non-zero exit status 1.
20:28:29.476 | SUCCESS (432628, stable_pretraining.callbacks.env_info) |   ✓ Packages: 0 packages collected in 0.02s
/home/aarav/wms/le-wm/le-wm/lib/python3.11/site-packages/lightning/pytorch/callbacks/model_checkpoint.py:881: Checkpoint directory /home/aarav/wms/le-wm/dataset exists and is not empty.
LOCAL_RANK: 0 - CUDA_VISIBLE_DEVICES: [0]
20:28:29.500 | INFO    (432628, stable_pretraining.module) | Configuring optimizers and learning rate schedulers...
20:28:29.501 | INFO    (432628, stable_pretraining.module) | 	Optimizer specified by Dict with keys ['model_opt']... 🔧
20:28:29.502 | INFO    (432628, stable_pretraining.module) | 
┏━━━━━━━━━━━━━┳━━━━━━━━━━━┳━━━━━━━━━━━━━━━━━━━┳━━━━━━━━━━━━━━━━━┳━━━━━━━━━━━━━━━━┳━━━━━━━━━━━━━━━━━━━━━━━━┓
┃ Optimizer   ┃ Pattern   ┃   Matched Modules ┃   Param Tensors ┃   Total Params ┃   RequiresGrad Tensors ┃
┣━━━━━━━━━━━━━╋━━━━━━━━━━━╋━━━━━━━━━━━━━━━━━━━╋━━━━━━━━━━━━━━━━━╋━━━━━━━━━━━━━━━━╋━━━━━━━━━━━━━━━━━━━━━━━━┫
┃ model_opt   ┃ model     ┃               368 ┃             299 ┃       18588206 ┃                    299 ┃
┗━━━━━━━━━━━━━┻━━━━━━━━━━━┻━━━━━━━━━━━━━━━━━━━┻━━━━━━━━━━━━━━━━━┻━━━━━━━━━━━━━━━━┻━━━━━━━━━━━━━━━━━━━━━━━━┛
20:28:29.503 | INFO    (432628, stable_pretraining.optim.lr_scheduler) | 	User provided a dict
Loading `train_dataloader` to estimate number of stepping batches.
/home/aarav/wms/le-wm/le-wm/lib/python3.11/site-packages/lightning/pytorch/utilities/_pytree.py:21: `isinstance(treespec, LeafSpec)` is deprecated, use `isinstance(treespec, TreeSpec) and treespec.is_leaf()` instead.
20:28:29.509 | SUCCESS (432628, stable_pretraining.callbacks.env_info) |   ✓ NVIDIA Driver: 580.126.09
20:28:29.517 | SUCCESS (432628, stable_pretraining.callbacks.env_info) |   ✓ Git: main @ abdc04e2
20:28:29.517 | INFO    (432628, stable_pretraining.callbacks.env_info) |      Remote: https://github.com/Planning-for-WMs/le-wm.git
20:28:29.517 | WARNING (432628, stable_pretraining.callbacks.env_info) |      ⚠️  Working directory has uncommitted changes!
20:28:29.517 | SUCCESS (432628, stable_pretraining.callbacks.env_info) |   ✓ Environment: 3 relevant variables captured
20:28:29.517 | INFO    (432628, stable_pretraining.callbacks.env_info) | 🔄 Serializing environment data...
20:28:29.518 | INFO    (432628, stable_pretraining.callbacks.env_info) | 📋 File exists, using version 1: environment_v1.json
20:28:29.518 | INFO    (432628, stable_pretraining.callbacks.env_info) | 📋 File exists, using version 1: requirements_frozen_v1.txt
20:28:29.518 | INFO    (432628, stable_pretraining.callbacks.env_info) | 📁 Save directory: /home/aarav/wms/le-wm
20:28:29.519 | INFO    (432628, stable_pretraining.callbacks.env_info) | 💾 Writing environment to temp file...
20:28:29.519 | INFO    (432628, stable_pretraining.callbacks.env_info) | 💾 Moving to: environment_v1.json
20:28:29.519 | SUCCESS (432628, stable_pretraining.callbacks.env_info) | ✓ Environment file saved (1.9 KB)
20:28:29.519 | SUCCESS (432628, stable_pretraining.callbacks.env_info) | ✓ Requirements file saved (0.1 KB)
20:28:29.838 | INFO    (432628, stable_pretraining.module) | Configured optimizer 'model_opt' (modules=368, param_tensors=299, total_params=18588206) with LinearWarmupCosineAnnealingLR scheduler.
/home/aarav/wms/le-wm/le-wm/lib/python3.11/site-packages/lightning/pytorch/utilities/model_summary/model_summary.py:242: Precision bf16-mixed is not supported by the model summary.  Estimated model size in MB will not be accurate. Using 32 bits instead.
20:28:29.849 | WARNING (432628, stable_pretraining.module) | You are calling self.parameters which also gives callbacks parameters, to remove then, pass `with_callbacks=False`
20:28:29.850 | WARNING (432628, stable_pretraining.module) | You are calling self.parameters which also gives callbacks parameters, to remove then, pass `with_callbacks=False`
20:28:29.851 | WARNING (432628, stable_pretraining.module) | You are calling self.parameters which also gives callbacks parameters, to remove then, pass `with_callbacks=False`
20:28:29.851 | WARNING (432628, stable_pretraining.module) | You are calling self.parameters which also gives callbacks parameters, to remove then, pass `with_callbacks=False`
┏━━━┳━━━━━━━━━━━━━━━━━━━┳━━━━━━━━━━━━━━━━━┳━━━━━━━━┳━━━━━━━┳━━━━━━━┓
┃   ┃ Name              ┃ Type            ┃ Params ┃ Mode  ┃ FLOPs ┃
┡━━━╇━━━━━━━━━━━━━━━━━━━╇━━━━━━━━━━━━━━━━━╇━━━━━━━━╇━━━━━━━╇━━━━━━━┩
│ 0 │ callbacks_modules │ ModuleDict      │      0 │ train │     0 │
│ 1 │ callbacks_metrics │ ModuleDict      │      0 │ train │     0 │
│ 2 │ model             │ OptimizedModule │ 18.6 M │ train │     0 │
│ 3 │ rdmreg            │ RDMReg          │      0 │ train │     0 │
└───┴───────────────────┴─────────────────┴────────┴───────┴───────┘
Trainable params: 18.6 M                                                        
Non-trainable params: 0                                                         
Total params: 18.6 M                                                            
Total estimated model params size (MB): 74                                      
Modules in train mode: 371                                                      
Modules in eval mode: 0                                                         
Total FLOPs: 0                                                                  
20:28:29.859 | WARNING (432628, stable_pretraining.module) | You are calling self.parameters which also gives callbacks parameters, to remove then, pass `with_callbacks=False`
/home/aarav/wms/le-wm/le-wm/lib/python3.11/site-packages/lightning/pytorch/utilities/_pytree.py:21: `isinstance(treespec, LeafSpec)` is deprecated, use `isinstance(treespec, TreeSpec) and treespec.is_leaf()` instead.
/home/aarav/wms/le-wm/le-wm/lib/python3.11/site-packages/lightning/pytorch/utilities/data.py:79: Trying to infer the `batch_size` from an ambiguous collection. The batch size we found is 512. To avoid any miscalculations, use `self.log(..., batch_size=batch_size)`.
20:29:07.481 | INFO    (432628, stable_pretraining.callbacks.trainer_info) | \n+----------------------------+---------------------+
|           Metric           |        Value        |
+----------------------------+---------------------+
|       [0;34;40mvalidate/loss[0m        |  [0;32;40m0.5945826768875122[0m |
|    [0;34;40mvalidate/loss_epoch[0m     |  [0;32;40m0.5945826768875122[0m |
|     [0;34;40mvalidate/pred_loss[0m     | [0;32;40m0.06592892855405807[0m |
|  [0;34;40mvalidate/pred_loss_epoch[0m  | [0;32;40m0.06592892855405807[0m |
|    [0;34;40mvalidate/rdmreg_loss[0m    |  [0;32;40m0.5286537408828735[0m |
| [0;34;40mvalidate/rdmreg_loss_epoch[0m |  [0;32;40m0.5286537408828735[0m |
+----------------------------+---------------------+
20:29:07.502 | INFO    (432628, stable_pretraining.callbacks.cpu_offload) | CPUOffloadCallback: Training started
20:29:07.503 | WARNING (432628, stable_pretraining.module) | You are calling self.parameters which also gives callbacks parameters, to remove then, pass `with_callbacks=False`
20:29:07.503 | WARNING (432628, stable_pretraining.module) | You are calling self.parameters which also gives callbacks parameters, to remove then, pass `with_callbacks=False`
20:29:07.504 | INFO    (432628, stable_pretraining.callbacks.cpu_offload) | Model statistics:
20:29:07.504 | INFO    (432628, stable_pretraining.callbacks.cpu_offload) |   - Total parameters: 18,588,206
20:29:07.504 | INFO    (432628, stable_pretraining.callbacks.cpu_offload) |   - Trainable parameters: 18,588,206
20:29:07.504 | INFO    (432628, stable_pretraining.callbacks.cpu_offload) |   - Model size (bf16): ~0.04 GB
20:29:07.504 | INFO    (432628, stable_pretraining.callbacks.cpu_offload) |   - Estimated checkpoint size (with optimizer): ~0.11 GB
20:29:07.504 | INFO    (432628, stable_pretraining.module) | Double checking optimizers!
20:29:07.504 | INFO    (432628, stable_pretraining.module) | `self.optimizers() gave us 1 optimizers
20:29:07.504 | WARNING (432628, stable_pretraining.module) | No clip val found for optimizer default_0
20:29:07.504 | WARNING (432628, stable_pretraining.module) | -> we will use the Trainer's value of 1.0
20:29:07.504 | WARNING (432628, stable_pretraining.module) | No clip algorithm found for optimizer default_0
20:29:07.504 | WARNING (432628, stable_pretraining.module) | -> we will use the Trainer's value of None
20:29:07.505 | SUCCESS (432628, stable_pretraining.module) | We are done checking your optimizers! Here is the summary:
+------------+-----------+----------------+-----------+-----------+
| Opt. Index | Opt. name |      opt       | clip val. | clip alg. |
+------------+-----------+----------------+-----------+-----------+
|     0      | default_0 | LightningAdamW |    1.0    |    None   |
+------------+-----------+----------------+-----------+-----------+
20:29:07.613 | WARNING (432628, stable_pretraining.module) | You are calling self.parameters which also gives callbacks parameters, to remove then, pass `with_callbacks=False`
20:29:07.615 | INFO    (432628, stable_pretraining.callbacks.unused_parameters) | [LogUnusedParametersOnce] Registered hooks on 299 leaf parameters.
20:29:11.524 | WARNING (432628, stable_pretraining.module) | You are calling self.parameters which also gives callbacks parameters, to remove then, pass `with_callbacks=False`
20:29:11.526 | INFO    (432628, stable_pretraining.callbacks.unused_parameters) | [LogUnusedParametersOnce] All tracked parameters received gradients on the first backward pass.
20:29:11.526 | INFO    (432628, stable_pretraining.callbacks.unused_parameters) | [LogUnusedParametersOnce] Hooks removed, callback disabled.
21:34:42.129 | WARNING (432628, stable_pretraining.module) | You are calling self.parameters which also gives callbacks parameters, to remove then, pass `with_callbacks=False`
/home/aarav/wms/le-wm/le-wm/lib/python3.11/site-packages/lightning/pytorch/utilities/data.py:79: Trying to infer the `batch_size` from an ambiguous collection. The batch size we found is 376. To avoid any miscalculations, use `self.log(..., batch_size=batch_size)`.
21:37:48.466 | INFO    (432628, stable_pretraining.callbacks.trainer_info) | \n+----------------------------+----------------------+
|           Metric           |        Value         |
+----------------------------+----------------------+
|          [0;34;40mfit/loss[0m          | [0;32;40m0.04509979113936424[0m  |
|       [0;34;40mfit/pred_loss[0m        | [0;32;40m0.008392994292080402[0m |
|      [0;34;40mfit/rdmreg_loss[0m       | [0;32;40m0.036706797778606415[0m |
|       [0;34;40mvalidate/loss[0m        |  [0;32;40m2.086289167404175[0m   |
|    [0;34;40mvalidate/loss_epoch[0m     |  [0;32;40m2.086289167404175[0m   |
|     [0;34;40mvalidate/pred_loss[0m     |  [0;32;40m0.8506540656089783[0m  |
|  [0;34;40mvalidate/pred_loss_epoch[0m  |  [0;32;40m0.8506540656089783[0m  |
|    [0;34;40mvalidate/rdmreg_loss[0m    |  [0;32;40m1.2356351613998413[0m  |
| [0;34;40mvalidate/rdmreg_loss_epoch[0m |  [0;32;40m1.2356351613998413[0m  |
+----------------------------+----------------------+
21:37:48.734 | INFO    (432628, stable_pretraining.callbacks.checkpoint_sklearn) | Checking for non PyTorch modules to save... 🔧
21:37:48.734 | INFO    (432628, stable_pretraining.callbacks.checkpoint_sklearn) | Checking for Wandb params to save... 🔧
21:37:48.735 | INFO    (432628, stable_pretraining.callbacks.checkpoint_sklearn) | Saving Wandb params {'id': '8587y5gu'}
21:37:48.735 | INFO    (432628, stable_pretraining.callbacks.checkpoint_sklearn) | Checking for Wandb params to save... Done!
21:37:48.735 | INFO    (432628, stable_pretraining.callbacks.cpu_offload) | ============================================================
21:37:48.735 | INFO    (432628, stable_pretraining.callbacks.cpu_offload) | CPUOffloadCallback: Starting checkpoint CPU offload (#1)
21:37:48.735 | INFO    (432628, stable_pretraining.callbacks.cpu_offload) |   - Global step: 1284
21:37:48.735 | INFO    (432628, stable_pretraining.callbacks.cpu_offload) |   - Epoch: 0
21:37:48.735 | INFO    (432628, stable_pretraining.callbacks.cpu_offload) | Checkpoint contains 11 keys: ['callbacks', 'epoch', 'global_step', 'hparams_name', 'hyper_parameters', 'loops', 'lr_schedulers', 'optimizer_states', 'pytorch-lightning_version', 'state_dict', 'wandb']
21:37:48.735 | INFO    (432628, stable_pretraining.callbacks.cpu_offload) | GPU memory before offload:
21:37:48.735 | INFO    (432628, stable_pretraining.callbacks.cpu_offload) |   - Allocated: 0.24 GB
21:37:48.735 | INFO    (432628, stable_pretraining.callbacks.cpu_offload) |   - Reserved: 16.65 GB
21:37:48.735 | INFO    (432628, stable_pretraining.callbacks.cpu_offload) | Processing checkpoint key: 'state_dict'
21:37:48.769 | SUCCESS (432628, stable_pretraining.callbacks.cpu_offload) | ✓ Completed 'state_dict' in 0.03s
21:37:48.769 | INFO    (432628, stable_pretraining.callbacks.cpu_offload) | Processing checkpoint key: 'optimizer_states'
21:37:48.837 | SUCCESS (432628, stable_pretraining.callbacks.cpu_offload) | ✓ Completed 'optimizer_states' in 0.07s
21:37:48.838 | INFO    (432628, stable_pretraining.callbacks.cpu_offload) | Processing checkpoint key: 'lr_schedulers'
21:37:48.838 | SUCCESS (432628, stable_pretraining.callbacks.cpu_offload) | ✓ Completed 'lr_schedulers' in 0.00s
21:37:48.838 | WARNING (432628, stable_pretraining.callbacks.cpu_offload) | Skipped 322 custom object(s)
21:37:48.838 | WARNING (432628, stable_pretraining.callbacks.cpu_offload) | First 10 skipped objects:
21:37:48.838 | WARNING (432628, stable_pretraining.callbacks.cpu_offload) |   - float at 'optimizer_states[0].param_groups[0].lr'
21:37:48.838 | WARNING (432628, stable_pretraining.callbacks.cpu_offload) |   - float at 'optimizer_states[0].param_groups[0].betas[0]'
21:37:48.838 | WARNING (432628, stable_pretraining.callbacks.cpu_offload) |   - float at 'optimizer_states[0].param_groups[0].betas[1]'
21:37:48.838 | WARNING (432628, stable_pretraining.callbacks.cpu_offload) |   - float at 'optimizer_states[0].param_groups[0].eps'
21:37:48.838 | WARNING (432628, stable_pretraining.callbacks.cpu_offload) |   - float at 'optimizer_states[0].param_groups[0].weight_decay'
21:37:48.838 | WARNING (432628, stable_pretraining.callbacks.cpu_offload) |   - bool at 'optimizer_states[0].param_groups[0].amsgrad'
21:37:48.838 | WARNING (432628, stable_pretraining.callbacks.cpu_offload) |   - bool at 'optimizer_states[0].param_groups[0].maximize'
21:37:48.838 | WARNING (432628, stable_pretraining.callbacks.cpu_offload) |   - NoneType at 'optimizer_states[0].param_groups[0].foreach'
21:37:48.838 | WARNING (432628, stable_pretraining.callbacks.cpu_offload) |   - bool at 'optimizer_states[0].param_groups[0].capturable'
21:37:48.838 | WARNING (432628, stable_pretraining.callbacks.cpu_offload) |   - bool at 'optimizer_states[0].param_groups[0].differentiable'
21:37:48.838 | WARNING (432628, stable_pretraining.callbacks.cpu_offload) | ... (302 more skipped) ...
21:37:48.838 | WARNING (432628, stable_pretraining.callbacks.cpu_offload) | Last 10 skipped objects:
21:37:48.838 | WARNING (432628, stable_pretraining.callbacks.cpu_offload) |   - int at 'lr_schedulers[0].warmup_steps'
21:37:48.838 | WARNING (432628, stable_pretraining.callbacks.cpu_offload) |   - int at 'lr_schedulers[0].max_steps'
21:37:48.839 | WARNING (432628, stable_pretraining.callbacks.cpu_offload) |   - float at 'lr_schedulers[0].warmup_start_lr'
21:37:48.839 | WARNING (432628, stable_pretraining.callbacks.cpu_offload) |   - float at 'lr_schedulers[0].eta_min'
21:37:48.839 | WARNING (432628, stable_pretraining.callbacks.cpu_offload) |   - float at 'lr_schedulers[0].base_lrs[0]'
21:37:48.839 | WARNING (432628, stable_pretraining.callbacks.cpu_offload) |   - int at 'lr_schedulers[0].last_epoch'
21:37:48.839 | WARNING (432628, stable_pretraining.callbacks.cpu_offload) |   - int at 'lr_schedulers[0]._step_count'
21:37:48.839 | WARNING (432628, stable_pretraining.callbacks.cpu_offload) |   - bool at 'lr_schedulers[0]._is_initial'
21:37:48.839 | WARNING (432628, stable_pretraining.callbacks.cpu_offload) |   - bool at 'lr_schedulers[0]._get_lr_called_within_step'
21:37:48.839 | WARNING (432628, stable_pretraining.callbacks.cpu_offload) |   - float at 'lr_schedulers[0]._last_lr[0]'
21:37:48.839 | INFO    (432628, stable_pretraining.callbacks.cpu_offload) | To see all 322 skipped objects, set log_skipped=True
21:37:48.839 | INFO    (432628, stable_pretraining.callbacks.cpu_offload) | GPU memory after offload:
21:37:48.839 | INFO    (432628, stable_pretraining.callbacks.cpu_offload) |   - Allocated: 0.24 GB
21:37:48.839 | INFO    (432628, stable_pretraining.callbacks.cpu_offload) |   - Reserved: 16.65 GB
21:37:48.839 | INFO    (432628, stable_pretraining.callbacks.cpu_offload) | GPU memory freed: 0.00 GB
21:37:48.839 | SUCCESS (432628, stable_pretraining.callbacks.cpu_offload) | CPUOffloadCallback: Checkpoint #1 completed in 0.10s
21:37:48.840 | INFO    (432628, stable_pretraining.callbacks.cpu_offload) | Successfully processed keys: ['state_dict', 'optimizer_states', 'lr_schedulers']
21:37:48.840 | INFO    (432628, stable_pretraining.callbacks.cpu_offload) | Cumulative stats:
21:37:48.840 | INFO    (432628, stable_pretraining.callbacks.cpu_offload) |   - Total checkpoints saved: 1
21:37:48.840 | INFO    (432628, stable_pretraining.callbacks.cpu_offload) |   - Total time in offload: 0.10s
21:37:48.840 | INFO    (432628, stable_pretraining.callbacks.cpu_offload) |   - Total memory freed: 0.00 GB
21:37:48.840 | INFO    (432628, stable_pretraining.callbacks.cpu_offload) |   - Average time per checkpoint: 0.10s
21:37:48.840 | INFO    (432628, stable_pretraining.callbacks.cpu_offload) | ============================================================
21:37:49.275 | INFO    (432628, stable_pretraining.callbacks.checkpoint_sklearn) | Checking for non PyTorch modules to save... 🔧
21:37:49.276 | INFO    (432628, stable_pretraining.callbacks.checkpoint_sklearn) | Checking for Wandb params to save... 🔧
21:37:49.276 | INFO    (432628, stable_pretraining.callbacks.checkpoint_sklearn) | Saving Wandb params {'id': '8587y5gu'}
21:37:49.276 | INFO    (432628, stable_pretraining.callbacks.checkpoint_sklearn) | Checking for Wandb params to save... Done!
21:37:49.276 | INFO    (432628, stable_pretraining.callbacks.cpu_offload) | ============================================================
21:37:49.276 | INFO    (432628, stable_pretraining.callbacks.cpu_offload) | CPUOffloadCallback: Starting checkpoint CPU offload (#2)
21:37:49.276 | INFO    (432628, stable_pretraining.callbacks.cpu_offload) |   - Global step: 1284
21:37:49.276 | INFO    (432628, stable_pretraining.callbacks.cpu_offload) |   - Epoch: 0
21:37:49.276 | INFO    (432628, stable_pretraining.callbacks.cpu_offload) | Checkpoint contains 11 keys: ['callbacks', 'epoch', 'global_step', 'hparams_name', 'hyper_parameters', 'loops', 'lr_schedulers', 'optimizer_states', 'pytorch-lightning_version', 'state_dict', 'wandb']
21:37:49.277 | INFO    (432628, stable_pretraining.callbacks.cpu_offload) | GPU memory before offload:
21:37:49.277 | INFO    (432628, stable_pretraining.callbacks.cpu_offload) |   - Allocated: 0.24 GB
21:37:49.277 | INFO    (432628, stable_pretraining.callbacks.cpu_offload) |   - Reserved: 16.65 GB
21:37:49.277 | INFO    (432628, stable_pretraining.callbacks.cpu_offload) | Processing checkpoint key: 'state_dict'
21:37:49.310 | SUCCESS (432628, stable_pretraining.callbacks.cpu_offload) | ✓ Completed 'state_dict' in 0.03s
21:37:49.310 | INFO    (432628, stable_pretraining.callbacks.cpu_offload) | Processing checkpoint key: 'optimizer_states'
21:37:49.376 | SUCCESS (432628, stable_pretraining.callbacks.cpu_offload) | ✓ Completed 'optimizer_states' in 0.07s
21:37:49.376 | INFO    (432628, stable_pretraining.callbacks.cpu_offload) | Processing checkpoint key: 'lr_schedulers'
21:37:49.376 | SUCCESS (432628, stable_pretraining.callbacks.cpu_offload) | ✓ Completed 'lr_schedulers' in 0.00s
21:37:49.376 | WARNING (432628, stable_pretraining.callbacks.cpu_offload) | Skipped 322 custom object(s)
21:37:49.376 | WARNING (432628, stable_pretraining.callbacks.cpu_offload) | First 10 skipped objects:
21:37:49.377 | WARNING (432628, stable_pretraining.callbacks.cpu_offload) |   - float at 'optimizer_states[0].param_groups[0].lr'
21:37:49.377 | WARNING (432628, stable_pretraining.callbacks.cpu_offload) |   - float at 'optimizer_states[0].param_groups[0].betas[0]'
21:37:49.377 | WARNING (432628, stable_pretraining.callbacks.cpu_offload) |   - float at 'optimizer_states[0].param_groups[0].betas[1]'
21:37:49.377 | WARNING (432628, stable_pretraining.callbacks.cpu_offload) |   - float at 'optimizer_states[0].param_groups[0].eps'
21:37:49.377 | WARNING (432628, stable_pretraining.callbacks.cpu_offload) |   - float at 'optimizer_states[0].param_groups[0].weight_decay'
21:37:49.377 | WARNING (432628, stable_pretraining.callbacks.cpu_offload) |   - bool at 'optimizer_states[0].param_groups[0].amsgrad'
21:37:49.377 | WARNING (432628, stable_pretraining.callbacks.cpu_offload) |   - bool at 'optimizer_states[0].param_groups[0].maximize'
21:37:49.377 | WARNING (432628, stable_pretraining.callbacks.cpu_offload) |   - NoneType at 'optimizer_states[0].param_groups[0].foreach'
21:37:49.377 | WARNING (432628, stable_pretraining.callbacks.cpu_offload) |   - bool at 'optimizer_states[0].param_groups[0].capturable'
21:37:49.377 | WARNING (432628, stable_pretraining.callbacks.cpu_offload) |   - bool at 'optimizer_states[0].param_groups[0].differentiable'
21:37:49.377 | WARNING (432628, stable_pretraining.callbacks.cpu_offload) | ... (302 more skipped) ...
21:37:49.377 | WARNING (432628, stable_pretraining.callbacks.cpu_offload) | Last 10 skipped objects:
21:37:49.377 | WARNING (432628, stable_pretraining.callbacks.cpu_offload) |   - int at 'lr_schedulers[0].warmup_steps'
21:37:49.377 | WARNING (432628, stable_pretraining.callbacks.cpu_offload) |   - int at 'lr_schedulers[0].max_steps'
21:37:49.377 | WARNING (432628, stable_pretraining.callbacks.cpu_offload) |   - float at 'lr_schedulers[0].warmup_start_lr'
21:37:49.377 | WARNING (432628, stable_pretraining.callbacks.cpu_offload) |   - float at 'lr_schedulers[0].eta_min'
21:37:49.378 | WARNING (432628, stable_pretraining.callbacks.cpu_offload) |   - float at 'lr_schedulers[0].base_lrs[0]'
21:37:49.378 | WARNING (432628, stable_pretraining.callbacks.cpu_offload) |   - int at 'lr_schedulers[0].last_epoch'
21:37:49.378 | WARNING (432628, stable_pretraining.callbacks.cpu_offload) |   - int at 'lr_schedulers[0]._step_count'
21:37:49.378 | WARNING (432628, stable_pretraining.callbacks.cpu_offload) |   - bool at 'lr_schedulers[0]._is_initial'
21:37:49.378 | WARNING (432628, stable_pretraining.callbacks.cpu_offload) |   - bool at 'lr_schedulers[0]._get_lr_called_within_step'
21:37:49.378 | WARNING (432628, stable_pretraining.callbacks.cpu_offload) |   - float at 'lr_schedulers[0]._last_lr[0]'
21:37:49.378 | INFO    (432628, stable_pretraining.callbacks.cpu_offload) | To see all 322 skipped objects, set log_skipped=True
21:37:49.378 | INFO    (432628, stable_pretraining.callbacks.cpu_offload) | GPU memory after offload:
21:37:49.378 | INFO    (432628, stable_pretraining.callbacks.cpu_offload) |   - Allocated: 0.24 GB
21:37:49.378 | INFO    (432628, stable_pretraining.callbacks.cpu_offload) |   - Reserved: 16.65 GB
21:37:49.378 | INFO    (432628, stable_pretraining.callbacks.cpu_offload) | GPU memory freed: 0.00 GB
21:37:49.378 | SUCCESS (432628, stable_pretraining.callbacks.cpu_offload) | CPUOffloadCallback: Checkpoint #2 completed in 0.10s
21:37:49.378 | INFO    (432628, stable_pretraining.callbacks.cpu_offload) | Successfully processed keys: ['state_dict', 'optimizer_states', 'lr_schedulers']
21:37:49.379 | INFO    (432628, stable_pretraining.callbacks.cpu_offload) | Cumulative stats:
21:37:49.379 | INFO    (432628, stable_pretraining.callbacks.cpu_offload) |   - Total checkpoints saved: 2
21:37:49.379 | INFO    (432628, stable_pretraining.callbacks.cpu_offload) |   - Total time in offload: 0.21s
21:37:49.379 | INFO    (432628, stable_pretraining.callbacks.cpu_offload) |   - Total memory freed: 0.00 GB
21:37:49.379 | INFO    (432628, stable_pretraining.callbacks.cpu_offload) |   - Average time per checkpoint: 0.10s
21:37:49.379 | INFO    (432628, stable_pretraining.callbacks.cpu_offload) | ============================================================
22:00:11.612 | WARNING (432628, stable_pretraining.module) | You are calling self.parameters which also gives callbacks parameters, to remove then, pass `with_callbacks=False`
22:02:39.928 | INFO    (432628, stable_pretraining.callbacks.trainer_info) | \n+----------------------------+----------------------+
|           Metric           |        Value         |
+----------------------------+----------------------+
|          [0;34;40mfit/loss[0m          |  [0;32;40m0.0356643870472908[0m  |
|       [0;34;40mfit/pred_loss[0m        | [0;32;40m0.004976728931069374[0m |
|      [0;34;40mfit/rdmreg_loss[0m       | [0;32;40m0.030687658116221428[0m |
|       [0;34;40mvalidate/loss[0m        |  [0;32;40m7.119568824768066[0m   |
|    [0;34;40mvalidate/loss_epoch[0m     |  [0;32;40m7.119568824768066[0m   |
|     [0;34;40mvalidate/pred_loss[0m     |  [0;32;40m2.4788191318511963[0m  |
|  [0;34;40mvalidate/pred_loss_epoch[0m  |  [0;32;40m2.4788191318511963[0m  |
|    [0;34;40mvalidate/rdmreg_loss[0m    |  [0;32;40m4.640751361846924[0m   |
| [0;34;40mvalidate/rdmreg_loss_epoch[0m |  [0;32;40m4.640751361846924[0m   |
+----------------------------+----------------------+
22:02:40.007 | INFO    (432628, stable_pretraining.callbacks.checkpoint_sklearn) | Checking for non PyTorch modules to save... 🔧
22:02:40.007 | INFO    (432628, stable_pretraining.callbacks.checkpoint_sklearn) | Checking for Wandb params to save... 🔧
22:02:40.008 | INFO    (432628, stable_pretraining.callbacks.checkpoint_sklearn) | Saving Wandb params {'id': '8587y5gu'}
22:02:40.008 | INFO    (432628, stable_pretraining.callbacks.checkpoint_sklearn) | Checking for Wandb params to save... Done!
22:02:40.008 | INFO    (432628, stable_pretraining.callbacks.cpu_offload) | ============================================================
22:02:40.008 | INFO    (432628, stable_pretraining.callbacks.cpu_offload) | CPUOffloadCallback: Starting checkpoint CPU offload (#3)
22:02:40.008 | INFO    (432628, stable_pretraining.callbacks.cpu_offload) |   - Global step: 2568
22:02:40.008 | INFO    (432628, stable_pretraining.callbacks.cpu_offload) |   - Epoch: 1
22:02:40.008 | INFO    (432628, stable_pretraining.callbacks.cpu_offload) | Checkpoint contains 11 keys: ['callbacks', 'epoch', 'global_step', 'hparams_name', 'hyper_parameters', 'loops', 'lr_schedulers', 'optimizer_states', 'pytorch-lightning_version', 'state_dict', 'wandb']
22:02:40.008 | INFO    (432628, stable_pretraining.callbacks.cpu_offload) | GPU memory before offload:
22:02:40.008 | INFO    (432628, stable_pretraining.callbacks.cpu_offload) |   - Allocated: 0.24 GB
22:02:40.008 | INFO    (432628, stable_pretraining.callbacks.cpu_offload) |   - Reserved: 16.65 GB
22:02:40.008 | INFO    (432628, stable_pretraining.callbacks.cpu_offload) | Processing checkpoint key: 'state_dict'
22:02:40.035 | SUCCESS (432628, stable_pretraining.callbacks.cpu_offload) | ✓ Completed 'state_dict' in 0.03s
22:02:40.035 | INFO    (432628, stable_pretraining.callbacks.cpu_offload) | Processing checkpoint key: 'optimizer_states'
22:02:40.103 | SUCCESS (432628, stable_pretraining.callbacks.cpu_offload) | ✓ Completed 'optimizer_states' in 0.07s
22:02:40.103 | INFO    (432628, stable_pretraining.callbacks.cpu_offload) | Processing checkpoint key: 'lr_schedulers'
22:02:40.103 | SUCCESS (432628, stable_pretraining.callbacks.cpu_offload) | ✓ Completed 'lr_schedulers' in 0.00s
22:02:40.103 | WARNING (432628, stable_pretraining.callbacks.cpu_offload) | Skipped 322 custom object(s)
22:02:40.103 | WARNING (432628, stable_pretraining.callbacks.cpu_offload) | First 10 skipped objects:
22:02:40.103 | WARNING (432628, stable_pretraining.callbacks.cpu_offload) |   - float at 'optimizer_states[0].param_groups[0].lr'
22:02:40.103 | WARNING (432628, stable_pretraining.callbacks.cpu_offload) |   - float at 'optimizer_states[0].param_groups[0].betas[0]'
22:02:40.103 | WARNING (432628, stable_pretraining.callbacks.cpu_offload) |   - float at 'optimizer_states[0].param_groups[0].betas[1]'
22:02:40.103 | WARNING (432628, stable_pretraining.callbacks.cpu_offload) |   - float at 'optimizer_states[0].param_groups[0].eps'
22:02:40.103 | WARNING (432628, stable_pretraining.callbacks.cpu_offload) |   - float at 'optimizer_states[0].param_groups[0].weight_decay'
22:02:40.104 | WARNING (432628, stable_pretraining.callbacks.cpu_offload) |   - bool at 'optimizer_states[0].param_groups[0].amsgrad'
22:02:40.104 | WARNING (432628, stable_pretraining.callbacks.cpu_offload) |   - bool at 'optimizer_states[0].param_groups[0].maximize'
22:02:40.104 | WARNING (432628, stable_pretraining.callbacks.cpu_offload) |   - NoneType at 'optimizer_states[0].param_groups[0].foreach'
22:02:40.104 | WARNING (432628, stable_pretraining.callbacks.cpu_offload) |   - bool at 'optimizer_states[0].param_groups[0].capturable'
22:02:40.104 | WARNING (432628, stable_pretraining.callbacks.cpu_offload) |   - bool at 'optimizer_states[0].param_groups[0].differentiable'
22:02:40.104 | WARNING (432628, stable_pretraining.callbacks.cpu_offload) | ... (302 more skipped) ...
22:02:40.104 | WARNING (432628, stable_pretraining.callbacks.cpu_offload) | Last 10 skipped objects:
22:02:40.104 | WARNING (432628, stable_pretraining.callbacks.cpu_offload) |   - int at 'lr_schedulers[0].warmup_steps'
22:02:40.104 | WARNING (432628, stable_pretraining.callbacks.cpu_offload) |   - int at 'lr_schedulers[0].max_steps'
22:02:40.104 | WARNING (432628, stable_pretraining.callbacks.cpu_offload) |   - float at 'lr_schedulers[0].warmup_start_lr'
22:02:40.104 | WARNING (432628, stable_pretraining.callbacks.cpu_offload) |   - float at 'lr_schedulers[0].eta_min'
22:02:40.104 | WARNING (432628, stable_pretraining.callbacks.cpu_offload) |   - float at 'lr_schedulers[0].base_lrs[0]'
22:02:40.104 | WARNING (432628, stable_pretraining.callbacks.cpu_offload) |   - int at 'lr_schedulers[0].last_epoch'
22:02:40.105 | WARNING (432628, stable_pretraining.callbacks.cpu_offload) |   - int at 'lr_schedulers[0]._step_count'
22:02:40.105 | WARNING (432628, stable_pretraining.callbacks.cpu_offload) |   - bool at 'lr_schedulers[0]._is_initial'
22:02:40.105 | WARNING (432628, stable_pretraining.callbacks.cpu_offload) |   - bool at 'lr_schedulers[0]._get_lr_called_within_step'
22:02:40.105 | WARNING (432628, stable_pretraining.callbacks.cpu_offload) |   - float at 'lr_schedulers[0]._last_lr[0]'
22:02:40.105 | INFO    (432628, stable_pretraining.callbacks.cpu_offload) | To see all 322 skipped objects, set log_skipped=True
22:02:40.105 | INFO    (432628, stable_pretraining.callbacks.cpu_offload) | GPU memory after offload:
22:02:40.105 | INFO    (432628, stable_pretraining.callbacks.cpu_offload) |   - Allocated: 0.24 GB
22:02:40.105 | INFO    (432628, stable_pretraining.callbacks.cpu_offload) |   - Reserved: 16.65 GB
22:02:40.105 | INFO    (432628, stable_pretraining.callbacks.cpu_offload) | GPU memory freed: 0.00 GB
22:02:40.105 | SUCCESS (432628, stable_pretraining.callbacks.cpu_offload) | CPUOffloadCallback: Checkpoint #3 completed in 0.10s
22:02:40.105 | INFO    (432628, stable_pretraining.callbacks.cpu_offload) | Successfully processed keys: ['state_dict', 'optimizer_states', 'lr_schedulers']
22:02:40.105 | INFO    (432628, stable_pretraining.callbacks.cpu_offload) | Cumulative stats:
22:02:40.105 | INFO    (432628, stable_pretraining.callbacks.cpu_offload) |   - Total checkpoints saved: 3
22:02:40.105 | INFO    (432628, stable_pretraining.callbacks.cpu_offload) |   - Total time in offload: 0.30s
22:02:40.105 | INFO    (432628, stable_pretraining.callbacks.cpu_offload) |   - Total memory freed: 0.00 GB
22:02:40.105 | INFO    (432628, stable_pretraining.callbacks.cpu_offload) |   - Average time per checkpoint: 0.10s
22:02:40.106 | INFO    (432628, stable_pretraining.callbacks.cpu_offload) | ============================================================
22:02:40.682 | INFO    (432628, stable_pretraining.callbacks.checkpoint_sklearn) | Checking for non PyTorch modules to save... 🔧
22:02:40.683 | INFO    (432628, stable_pretraining.callbacks.checkpoint_sklearn) | Checking for Wandb params to save... 🔧
22:02:40.683 | INFO    (432628, stable_pretraining.callbacks.checkpoint_sklearn) | Saving Wandb params {'id': '8587y5gu'}
22:02:40.683 | INFO    (432628, stable_pretraining.callbacks.checkpoint_sklearn) | Checking for Wandb params to save... Done!
22:02:40.683 | INFO    (432628, stable_pretraining.callbacks.cpu_offload) | ============================================================
22:02:40.683 | INFO    (432628, stable_pretraining.callbacks.cpu_offload) | CPUOffloadCallback: Starting checkpoint CPU offload (#4)
22:02:40.683 | INFO    (432628, stable_pretraining.callbacks.cpu_offload) |   - Global step: 2568
22:02:40.683 | INFO    (432628, stable_pretraining.callbacks.cpu_offload) |   - Epoch: 1
22:02:40.683 | INFO    (432628, stable_pretraining.callbacks.cpu_offload) | Checkpoint contains 11 keys: ['callbacks', 'epoch', 'global_step', 'hparams_name', 'hyper_parameters', 'loops', 'lr_schedulers', 'optimizer_states', 'pytorch-lightning_version', 'state_dict', 'wandb']
22:02:40.683 | INFO    (432628, stable_pretraining.callbacks.cpu_offload) | GPU memory before offload:
22:02:40.683 | INFO    (432628, stable_pretraining.callbacks.cpu_offload) |   - Allocated: 0.24 GB
22:02:40.683 | INFO    (432628, stable_pretraining.callbacks.cpu_offload) |   - Reserved: 16.65 GB
22:02:40.683 | INFO    (432628, stable_pretraining.callbacks.cpu_offload) | Processing checkpoint key: 'state_dict'
22:02:40.715 | SUCCESS (432628, stable_pretraining.callbacks.cpu_offload) | ✓ Completed 'state_dict' in 0.03s
22:02:40.715 | INFO    (432628, stable_pretraining.callbacks.cpu_offload) | Processing checkpoint key: 'optimizer_states'
22:02:40.780 | SUCCESS (432628, stable_pretraining.callbacks.cpu_offload) | ✓ Completed 'optimizer_states' in 0.07s
22:02:40.781 | INFO    (432628, stable_pretraining.callbacks.cpu_offload) | Processing checkpoint key: 'lr_schedulers'
22:02:40.781 | SUCCESS (432628, stable_pretraining.callbacks.cpu_offload) | ✓ Completed 'lr_schedulers' in 0.00s
22:02:40.781 | WARNING (432628, stable_pretraining.callbacks.cpu_offload) | Skipped 322 custom object(s)
22:02:40.781 | WARNING (432628, stable_pretraining.callbacks.cpu_offload) | First 10 skipped objects:
22:02:40.782 | WARNING (432628, stable_pretraining.callbacks.cpu_offload) |   - float at 'optimizer_states[0].param_groups[0].lr'
22:02:40.782 | WARNING (432628, stable_pretraining.callbacks.cpu_offload) |   - float at 'optimizer_states[0].param_groups[0].betas[0]'
22:02:40.782 | WARNING (432628, stable_pretraining.callbacks.cpu_offload) |   - float at 'optimizer_states[0].param_groups[0].betas[1]'
22:02:40.782 | WARNING (432628, stable_pretraining.callbacks.cpu_offload) |   - float at 'optimizer_states[0].param_groups[0].eps'
22:02:40.782 | WARNING (432628, stable_pretraining.callbacks.cpu_offload) |   - float at 'optimizer_states[0].param_groups[0].weight_decay'
22:02:40.782 | WARNING (432628, stable_pretraining.callbacks.cpu_offload) |   - bool at 'optimizer_states[0].param_groups[0].amsgrad'
22:02:40.782 | WARNING (432628, stable_pretraining.callbacks.cpu_offload) |   - bool at 'optimizer_states[0].param_groups[0].maximize'
22:02:40.782 | WARNING (432628, stable_pretraining.callbacks.cpu_offload) |   - NoneType at 'optimizer_states[0].param_groups[0].foreach'
22:02:40.782 | WARNING (432628, stable_pretraining.callbacks.cpu_offload) |   - bool at 'optimizer_states[0].param_groups[0].capturable'
22:02:40.782 | WARNING (432628, stable_pretraining.callbacks.cpu_offload) |   - bool at 'optimizer_states[0].param_groups[0].differentiable'
22:02:40.782 | WARNING (432628, stable_pretraining.callbacks.cpu_offload) | ... (302 more skipped) ...
22:02:40.782 | WARNING (432628, stable_pretraining.callbacks.cpu_offload) | Last 10 skipped objects:
22:02:40.782 | WARNING (432628, stable_pretraining.callbacks.cpu_offload) |   - int at 'lr_schedulers[0].warmup_steps'
22:02:40.782 | WARNING (432628, stable_pretraining.callbacks.cpu_offload) |   - int at 'lr_schedulers[0].max_steps'
22:02:40.782 | WARNING (432628, stable_pretraining.callbacks.cpu_offload) |   - float at 'lr_schedulers[0].warmup_start_lr'
22:02:40.782 | WARNING (432628, stable_pretraining.callbacks.cpu_offload) |   - float at 'lr_schedulers[0].eta_min'
22:02:40.783 | WARNING (432628, stable_pretraining.callbacks.cpu_offload) |   - float at 'lr_schedulers[0].base_lrs[0]'
22:02:40.783 | WARNING (432628, stable_pretraining.callbacks.cpu_offload) |   - int at 'lr_schedulers[0].last_epoch'
22:02:40.783 | WARNING (432628, stable_pretraining.callbacks.cpu_offload) |   - int at 'lr_schedulers[0]._step_count'
22:02:40.783 | WARNING (432628, stable_pretraining.callbacks.cpu_offload) |   - bool at 'lr_schedulers[0]._is_initial'
22:02:40.783 | WARNING (432628, stable_pretraining.callbacks.cpu_offload) |   - bool at 'lr_schedulers[0]._get_lr_called_within_step'
22:02:40.783 | WARNING (432628, stable_pretraining.callbacks.cpu_offload) |   - float at 'lr_schedulers[0]._last_lr[0]'
22:02:40.783 | INFO    (432628, stable_pretraining.callbacks.cpu_offload) | To see all 322 skipped objects, set log_skipped=True
22:02:40.783 | INFO    (432628, stable_pretraining.callbacks.cpu_offload) | GPU memory after offload:
22:02:40.783 | INFO    (432628, stable_pretraining.callbacks.cpu_offload) |   - Allocated: 0.24 GB
22:02:40.783 | INFO    (432628, stable_pretraining.callbacks.cpu_offload) |   - Reserved: 16.65 GB
22:02:40.783 | INFO    (432628, stable_pretraining.callbacks.cpu_offload) | GPU memory freed: 0.00 GB
22:02:40.783 | SUCCESS (432628, stable_pretraining.callbacks.cpu_offload) | CPUOffloadCallback: Checkpoint #4 completed in 0.10s
22:02:40.783 | INFO    (432628, stable_pretraining.callbacks.cpu_offload) | Successfully processed keys: ['state_dict', 'optimizer_states', 'lr_schedulers']
22:02:40.783 | INFO    (432628, stable_pretraining.callbacks.cpu_offload) | Cumulative stats:
22:02:40.783 | INFO    (432628, stable_pretraining.callbacks.cpu_offload) |   - Total checkpoints saved: 4
22:02:40.783 | INFO    (432628, stable_pretraining.callbacks.cpu_offload) |   - Total time in offload: 0.40s
22:02:40.784 | INFO    (432628, stable_pretraining.callbacks.cpu_offload) |   - Total memory freed: 0.00 GB
22:02:40.784 | INFO    (432628, stable_pretraining.callbacks.cpu_offload) |   - Average time per checkpoint: 0.10s
22:02:40.784 | INFO    (432628, stable_pretraining.callbacks.cpu_offload) | ============================================================
22:24:53.967 | WARNING (432628, stable_pretraining.module) | You are calling self.parameters which also gives callbacks parameters, to remove then, pass `with_callbacks=False`
22:27:20.526 | INFO    (432628, stable_pretraining.callbacks.trainer_info) | \n+----------------------------+----------------------+
|           Metric           |        Value         |
+----------------------------+----------------------+
|          [0;34;40mfit/loss[0m          | [0;32;40m0.026742445304989815[0m |
|       [0;34;40mfit/pred_loss[0m        | [0;32;40m0.005338838789612055[0m |
|      [0;34;40mfit/rdmreg_loss[0m       | [0;32;40m0.021403606981039047[0m |
|       [0;34;40mvalidate/loss[0m        |  [0;32;40m2.909318208694458[0m   |
|    [0;34;40mvalidate/loss_epoch[0m     |  [0;32;40m2.909318208694458[0m   |
|     [0;34;40mvalidate/pred_loss[0m     |  [0;32;40m1.0563055276870728[0m  |
|  [0;34;40mvalidate/pred_loss_epoch[0m  |  [0;32;40m1.0563055276870728[0m  |
|    [0;34;40mvalidate/rdmreg_loss[0m    |  [0;32;40m1.8530120849609375[0m  |
| [0;34;40mvalidate/rdmreg_loss_epoch[0m |  [0;32;40m1.8530120849609375[0m  |
+----------------------------+----------------------+
22:27:20.602 | INFO    (432628, stable_pretraining.callbacks.checkpoint_sklearn) | Checking for non PyTorch modules to save... 🔧
22:27:20.602 | INFO    (432628, stable_pretraining.callbacks.checkpoint_sklearn) | Checking for Wandb params to save... 🔧
22:27:20.602 | INFO    (432628, stable_pretraining.callbacks.checkpoint_sklearn) | Saving Wandb params {'id': '8587y5gu'}
22:27:20.602 | INFO    (432628, stable_pretraining.callbacks.checkpoint_sklearn) | Checking for Wandb params to save... Done!
22:27:20.603 | INFO    (432628, stable_pretraining.callbacks.cpu_offload) | ============================================================
22:27:20.603 | INFO    (432628, stable_pretraining.callbacks.cpu_offload) | CPUOffloadCallback: Starting checkpoint CPU offload (#5)
22:27:20.603 | INFO    (432628, stable_pretraining.callbacks.cpu_offload) |   - Global step: 3852
22:27:20.603 | INFO    (432628, stable_pretraining.callbacks.cpu_offload) |   - Epoch: 2
22:27:20.603 | INFO    (432628, stable_pretraining.callbacks.cpu_offload) | Checkpoint contains 11 keys: ['callbacks', 'epoch', 'global_step', 'hparams_name', 'hyper_parameters', 'loops', 'lr_schedulers', 'optimizer_states', 'pytorch-lightning_version', 'state_dict', 'wandb']
22:27:20.603 | INFO    (432628, stable_pretraining.callbacks.cpu_offload) | GPU memory before offload:
22:27:20.603 | INFO    (432628, stable_pretraining.callbacks.cpu_offload) |   - Allocated: 0.24 GB
22:27:20.603 | INFO    (432628, stable_pretraining.callbacks.cpu_offload) |   - Reserved: 16.65 GB
22:27:20.603 | INFO    (432628, stable_pretraining.callbacks.cpu_offload) | Processing checkpoint key: 'state_dict'
22:27:20.634 | SUCCESS (432628, stable_pretraining.callbacks.cpu_offload) | ✓ Completed 'state_dict' in 0.03s
22:27:20.634 | INFO    (432628, stable_pretraining.callbacks.cpu_offload) | Processing checkpoint key: 'optimizer_states'
22:27:20.700 | SUCCESS (432628, stable_pretraining.callbacks.cpu_offload) | ✓ Completed 'optimizer_states' in 0.07s
22:27:20.700 | INFO    (432628, stable_pretraining.callbacks.cpu_offload) | Processing checkpoint key: 'lr_schedulers'
22:27:20.700 | SUCCESS (432628, stable_pretraining.callbacks.cpu_offload) | ✓ Completed 'lr_schedulers' in 0.00s
22:27:20.700 | WARNING (432628, stable_pretraining.callbacks.cpu_offload) | Skipped 322 custom object(s)
22:27:20.700 | WARNING (432628, stable_pretraining.callbacks.cpu_offload) | First 10 skipped objects:
22:27:20.701 | WARNING (432628, stable_pretraining.callbacks.cpu_offload) |   - float at 'optimizer_states[0].param_groups[0].lr'
22:27:20.701 | WARNING (432628, stable_pretraining.callbacks.cpu_offload) |   - float at 'optimizer_states[0].param_groups[0].betas[0]'
22:27:20.701 | WARNING (432628, stable_pretraining.callbacks.cpu_offload) |   - float at 'optimizer_states[0].param_groups[0].betas[1]'
22:27:20.701 | WARNING (432628, stable_pretraining.callbacks.cpu_offload) |   - float at 'optimizer_states[0].param_groups[0].eps'
22:27:20.701 | WARNING (432628, stable_pretraining.callbacks.cpu_offload) |   - float at 'optimizer_states[0].param_groups[0].weight_decay'
22:27:20.701 | WARNING (432628, stable_pretraining.callbacks.cpu_offload) |   - bool at 'optimizer_states[0].param_groups[0].amsgrad'
22:27:20.701 | WARNING (432628, stable_pretraining.callbacks.cpu_offload) |   - bool at 'optimizer_states[0].param_groups[0].maximize'
22:27:20.701 | WARNING (432628, stable_pretraining.callbacks.cpu_offload) |   - NoneType at 'optimizer_states[0].param_groups[0].foreach'
22:27:20.701 | WARNING (432628, stable_pretraining.callbacks.cpu_offload) |   - bool at 'optimizer_states[0].param_groups[0].capturable'
22:27:20.701 | WARNING (432628, stable_pretraining.callbacks.cpu_offload) |   - bool at 'optimizer_states[0].param_groups[0].differentiable'
22:27:20.701 | WARNING (432628, stable_pretraining.callbacks.cpu_offload) | ... (302 more skipped) ...
22:27:20.701 | WARNING (432628, stable_pretraining.callbacks.cpu_offload) | Last 10 skipped objects:
22:27:20.701 | WARNING (432628, stable_pretraining.callbacks.cpu_offload) |   - int at 'lr_schedulers[0].warmup_steps'
22:27:20.701 | WARNING (432628, stable_pretraining.callbacks.cpu_offload) |   - int at 'lr_schedulers[0].max_steps'
22:27:20.701 | WARNING (432628, stable_pretraining.callbacks.cpu_offload) |   - float at 'lr_schedulers[0].warmup_start_lr'
22:27:20.701 | WARNING (432628, stable_pretraining.callbacks.cpu_offload) |   - float at 'lr_schedulers[0].eta_min'
22:27:20.701 | WARNING (432628, stable_pretraining.callbacks.cpu_offload) |   - float at 'lr_schedulers[0].base_lrs[0]'
22:27:20.701 | WARNING (432628, stable_pretraining.callbacks.cpu_offload) |   - int at 'lr_schedulers[0].last_epoch'
22:27:20.702 | WARNING (432628, stable_pretraining.callbacks.cpu_offload) |   - int at 'lr_schedulers[0]._step_count'
22:27:20.702 | WARNING (432628, stable_pretraining.callbacks.cpu_offload) |   - bool at 'lr_schedulers[0]._is_initial'
22:27:20.702 | WARNING (432628, stable_pretraining.callbacks.cpu_offload) |   - bool at 'lr_schedulers[0]._get_lr_called_within_step'
22:27:20.702 | WARNING (432628, stable_pretraining.callbacks.cpu_offload) |   - float at 'lr_schedulers[0]._last_lr[0]'
22:27:20.702 | INFO    (432628, stable_pretraining.callbacks.cpu_offload) | To see all 322 skipped objects, set log_skipped=True
22:27:20.702 | INFO    (432628, stable_pretraining.callbacks.cpu_offload) | GPU memory after offload:
22:27:20.702 | INFO    (432628, stable_pretraining.callbacks.cpu_offload) |   - Allocated: 0.24 GB
22:27:20.702 | INFO    (432628, stable_pretraining.callbacks.cpu_offload) |   - Reserved: 16.65 GB
22:27:20.702 | INFO    (432628, stable_pretraining.callbacks.cpu_offload) | GPU memory freed: 0.00 GB
22:27:20.702 | SUCCESS (432628, stable_pretraining.callbacks.cpu_offload) | CPUOffloadCallback: Checkpoint #5 completed in 0.10s
22:27:20.702 | INFO    (432628, stable_pretraining.callbacks.cpu_offload) | Successfully processed keys: ['state_dict', 'optimizer_states', 'lr_schedulers']
22:27:20.702 | INFO    (432628, stable_pretraining.callbacks.cpu_offload) | Cumulative stats:
22:27:20.702 | INFO    (432628, stable_pretraining.callbacks.cpu_offload) |   - Total checkpoints saved: 5
22:27:20.702 | INFO    (432628, stable_pretraining.callbacks.cpu_offload) |   - Total time in offload: 0.50s
22:27:20.703 | INFO    (432628, stable_pretraining.callbacks.cpu_offload) |   - Total memory freed: 0.00 GB
22:27:20.703 | INFO    (432628, stable_pretraining.callbacks.cpu_offload) |   - Average time per checkpoint: 0.10s
22:27:20.703 | INFO    (432628, stable_pretraining.callbacks.cpu_offload) | ============================================================
22:27:21.176 | INFO    (432628, stable_pretraining.callbacks.checkpoint_sklearn) | Checking for non PyTorch modules to save... 🔧
22:27:21.176 | INFO    (432628, stable_pretraining.callbacks.checkpoint_sklearn) | Checking for Wandb params to save... 🔧
22:27:21.177 | INFO    (432628, stable_pretraining.callbacks.checkpoint_sklearn) | Saving Wandb params {'id': '8587y5gu'}
22:27:21.177 | INFO    (432628, stable_pretraining.callbacks.checkpoint_sklearn) | Checking for Wandb params to save... Done!
22:27:21.177 | INFO    (432628, stable_pretraining.callbacks.cpu_offload) | ============================================================
22:27:21.177 | INFO    (432628, stable_pretraining.callbacks.cpu_offload) | CPUOffloadCallback: Starting checkpoint CPU offload (#6)
22:27:21.177 | INFO    (432628, stable_pretraining.callbacks.cpu_offload) |   - Global step: 3852
22:27:21.177 | INFO    (432628, stable_pretraining.callbacks.cpu_offload) |   - Epoch: 2
22:27:21.177 | INFO    (432628, stable_pretraining.callbacks.cpu_offload) | Checkpoint contains 11 keys: ['callbacks', 'epoch', 'global_step', 'hparams_name', 'hyper_parameters', 'loops', 'lr_schedulers', 'optimizer_states', 'pytorch-lightning_version', 'state_dict', 'wandb']
22:27:21.177 | INFO    (432628, stable_pretraining.callbacks.cpu_offload) | GPU memory before offload:
22:27:21.177 | INFO    (432628, stable_pretraining.callbacks.cpu_offload) |   - Allocated: 0.24 GB
22:27:21.177 | INFO    (432628, stable_pretraining.callbacks.cpu_offload) |   - Reserved: 16.65 GB
22:27:21.177 | INFO    (432628, stable_pretraining.callbacks.cpu_offload) | Processing checkpoint key: 'state_dict'
22:27:21.215 | SUCCESS (432628, stable_pretraining.callbacks.cpu_offload) | ✓ Completed 'state_dict' in 0.04s
22:27:21.216 | INFO    (432628, stable_pretraining.callbacks.cpu_offload) | Processing checkpoint key: 'optimizer_states'
22:27:21.283 | SUCCESS (432628, stable_pretraining.callbacks.cpu_offload) | ✓ Completed 'optimizer_states' in 0.07s
22:27:21.283 | INFO    (432628, stable_pretraining.callbacks.cpu_offload) | Processing checkpoint key: 'lr_schedulers'
22:27:21.283 | SUCCESS (432628, stable_pretraining.callbacks.cpu_offload) | ✓ Completed 'lr_schedulers' in 0.00s
22:27:21.283 | WARNING (432628, stable_pretraining.callbacks.cpu_offload) | Skipped 322 custom object(s)
22:27:21.283 | WARNING (432628, stable_pretraining.callbacks.cpu_offload) | First 10 skipped objects:
22:27:21.283 | WARNING (432628, stable_pretraining.callbacks.cpu_offload) |   - float at 'optimizer_states[0].param_groups[0].lr'
22:27:21.283 | WARNING (432628, stable_pretraining.callbacks.cpu_offload) |   - float at 'optimizer_states[0].param_groups[0].betas[0]'
22:27:21.283 | WARNING (432628, stable_pretraining.callbacks.cpu_offload) |   - float at 'optimizer_states[0].param_groups[0].betas[1]'
22:27:21.283 | WARNING (432628, stable_pretraining.callbacks.cpu_offload) |   - float at 'optimizer_states[0].param_groups[0].eps'
22:27:21.283 | WARNING (432628, stable_pretraining.callbacks.cpu_offload) |   - float at 'optimizer_states[0].param_groups[0].weight_decay'
22:27:21.283 | WARNING (432628, stable_pretraining.callbacks.cpu_offload) |   - bool at 'optimizer_states[0].param_groups[0].amsgrad'
22:27:21.283 | WARNING (432628, stable_pretraining.callbacks.cpu_offload) |   - bool at 'optimizer_states[0].param_groups[0].maximize'
22:27:21.283 | WARNING (432628, stable_pretraining.callbacks.cpu_offload) |   - NoneType at 'optimizer_states[0].param_groups[0].foreach'
22:27:21.283 | WARNING (432628, stable_pretraining.callbacks.cpu_offload) |   - bool at 'optimizer_states[0].param_groups[0].capturable'
22:27:21.284 | WARNING (432628, stable_pretraining.callbacks.cpu_offload) |   - bool at 'optimizer_states[0].param_groups[0].differentiable'
22:27:21.284 | WARNING (432628, stable_pretraining.callbacks.cpu_offload) | ... (302 more skipped) ...
22:27:21.284 | WARNING (432628, stable_pretraining.callbacks.cpu_offload) | Last 10 skipped objects:
22:27:21.284 | WARNING (432628, stable_pretraining.callbacks.cpu_offload) |   - int at 'lr_schedulers[0].warmup_steps'
22:27:21.284 | WARNING (432628, stable_pretraining.callbacks.cpu_offload) |   - int at 'lr_schedulers[0].max_steps'
22:27:21.284 | WARNING (432628, stable_pretraining.callbacks.cpu_offload) |   - float at 'lr_schedulers[0].warmup_start_lr'
22:27:21.284 | WARNING (432628, stable_pretraining.callbacks.cpu_offload) |   - float at 'lr_schedulers[0].eta_min'
22:27:21.284 | WARNING (432628, stable_pretraining.callbacks.cpu_offload) |   - float at 'lr_schedulers[0].base_lrs[0]'
22:27:21.284 | WARNING (432628, stable_pretraining.callbacks.cpu_offload) |   - int at 'lr_schedulers[0].last_epoch'
22:27:21.284 | WARNING (432628, stable_pretraining.callbacks.cpu_offload) |   - int at 'lr_schedulers[0]._step_count'
22:27:21.284 | WARNING (432628, stable_pretraining.callbacks.cpu_offload) |   - bool at 'lr_schedulers[0]._is_initial'
22:27:21.284 | WARNING (432628, stable_pretraining.callbacks.cpu_offload) |   - bool at 'lr_schedulers[0]._get_lr_called_within_step'
22:27:21.284 | WARNING (432628, stable_pretraining.callbacks.cpu_offload) |   - float at 'lr_schedulers[0]._last_lr[0]'
22:27:21.284 | INFO    (432628, stable_pretraining.callbacks.cpu_offload) | To see all 322 skipped objects, set log_skipped=True
22:27:21.284 | INFO    (432628, stable_pretraining.callbacks.cpu_offload) | GPU memory after offload:
22:27:21.284 | INFO    (432628, stable_pretraining.callbacks.cpu_offload) |   - Allocated: 0.24 GB
22:27:21.285 | INFO    (432628, stable_pretraining.callbacks.cpu_offload) |   - Reserved: 16.65 GB
22:27:21.285 | INFO    (432628, stable_pretraining.callbacks.cpu_offload) | GPU memory freed: 0.00 GB
22:27:21.285 | SUCCESS (432628, stable_pretraining.callbacks.cpu_offload) | CPUOffloadCallback: Checkpoint #6 completed in 0.11s
22:27:21.285 | INFO    (432628, stable_pretraining.callbacks.cpu_offload) | Successfully processed keys: ['state_dict', 'optimizer_states', 'lr_schedulers']
22:27:21.285 | INFO    (432628, stable_pretraining.callbacks.cpu_offload) | Cumulative stats:
22:27:21.285 | INFO    (432628, stable_pretraining.callbacks.cpu_offload) |   - Total checkpoints saved: 6
22:27:21.285 | INFO    (432628, stable_pretraining.callbacks.cpu_offload) |   - Total time in offload: 0.61s
22:27:21.285 | INFO    (432628, stable_pretraining.callbacks.cpu_offload) |   - Total memory freed: 0.00 GB
22:27:21.285 | INFO    (432628, stable_pretraining.callbacks.cpu_offload) |   - Average time per checkpoint: 0.10s
22:27:21.285 | INFO    (432628, stable_pretraining.callbacks.cpu_offload) | ============================================================
22:49:31.322 | WARNING (432628, stable_pretraining.module) | You are calling self.parameters which also gives callbacks parameters, to remove then, pass `with_callbacks=False`
22:51:57.824 | INFO    (432628, stable_pretraining.callbacks.trainer_info) | \n+----------------------------+----------------------+
|           Metric           |        Value         |
+----------------------------+----------------------+
|          [0;34;40mfit/loss[0m          | [0;32;40m0.022377528250217438[0m |
|       [0;34;40mfit/pred_loss[0m        | [0;32;40m0.00468327384442091[0m  |
|      [0;34;40mfit/rdmreg_loss[0m       | [0;32;40m0.017694253474473953[0m |
|       [0;34;40mvalidate/loss[0m        |  [0;32;40m3.546678066253662[0m   |
|    [0;34;40mvalidate/loss_epoch[0m     |  [0;32;40m3.546678066253662[0m   |
|     [0;34;40mvalidate/pred_loss[0m     |  [0;32;40m1.7735726833343506[0m  |
|  [0;34;40mvalidate/pred_loss_epoch[0m  |  [0;32;40m1.7735726833343506[0m  |
|    [0;34;40mvalidate/rdmreg_loss[0m    |  [0;32;40m1.7731045484542847[0m  |
| [0;34;40mvalidate/rdmreg_loss_epoch[0m |  [0;32;40m1.7731045484542847[0m  |
+----------------------------+----------------------+
22:51:57.898 | INFO    (432628, stable_pretraining.callbacks.checkpoint_sklearn) | Checking for non PyTorch modules to save... 🔧
22:51:57.898 | INFO    (432628, stable_pretraining.callbacks.checkpoint_sklearn) | Checking for Wandb params to save... 🔧
22:51:57.898 | INFO    (432628, stable_pretraining.callbacks.checkpoint_sklearn) | Saving Wandb params {'id': '8587y5gu'}
22:51:57.898 | INFO    (432628, stable_pretraining.callbacks.checkpoint_sklearn) | Checking for Wandb params to save... Done!
22:51:57.899 | INFO    (432628, stable_pretraining.callbacks.cpu_offload) | ============================================================
22:51:57.899 | INFO    (432628, stable_pretraining.callbacks.cpu_offload) | CPUOffloadCallback: Starting checkpoint CPU offload (#7)
22:51:57.899 | INFO    (432628, stable_pretraining.callbacks.cpu_offload) |   - Global step: 5136
22:51:57.899 | INFO    (432628, stable_pretraining.callbacks.cpu_offload) |   - Epoch: 3
22:51:57.899 | INFO    (432628, stable_pretraining.callbacks.cpu_offload) | Checkpoint contains 11 keys: ['callbacks', 'epoch', 'global_step', 'hparams_name', 'hyper_parameters', 'loops', 'lr_schedulers', 'optimizer_states', 'pytorch-lightning_version', 'state_dict', 'wandb']
22:51:57.899 | INFO    (432628, stable_pretraining.callbacks.cpu_offload) | GPU memory before offload:
22:51:57.899 | INFO    (432628, stable_pretraining.callbacks.cpu_offload) |   - Allocated: 0.24 GB
22:51:57.899 | INFO    (432628, stable_pretraining.callbacks.cpu_offload) |   - Reserved: 16.65 GB
22:51:57.899 | INFO    (432628, stable_pretraining.callbacks.cpu_offload) | Processing checkpoint key: 'state_dict'
22:51:57.927 | SUCCESS (432628, stable_pretraining.callbacks.cpu_offload) | ✓ Completed 'state_dict' in 0.03s
22:51:57.927 | INFO    (432628, stable_pretraining.callbacks.cpu_offload) | Processing checkpoint key: 'optimizer_states'
22:51:57.992 | SUCCESS (432628, stable_pretraining.callbacks.cpu_offload) | ✓ Completed 'optimizer_states' in 0.06s
22:51:57.992 | INFO    (432628, stable_pretraining.callbacks.cpu_offload) | Processing checkpoint key: 'lr_schedulers'
22:51:57.992 | SUCCESS (432628, stable_pretraining.callbacks.cpu_offload) | ✓ Completed 'lr_schedulers' in 0.00s
22:51:57.992 | WARNING (432628, stable_pretraining.callbacks.cpu_offload) | Skipped 322 custom object(s)
22:51:57.992 | WARNING (432628, stable_pretraining.callbacks.cpu_offload) | First 10 skipped objects:
22:51:57.992 | WARNING (432628, stable_pretraining.callbacks.cpu_offload) |   - float at 'optimizer_states[0].param_groups[0].lr'
22:51:57.992 | WARNING (432628, stable_pretraining.callbacks.cpu_offload) |   - float at 'optimizer_states[0].param_groups[0].betas[0]'
22:51:57.992 | WARNING (432628, stable_pretraining.callbacks.cpu_offload) |   - float at 'optimizer_states[0].param_groups[0].betas[1]'
22:51:57.992 | WARNING (432628, stable_pretraining.callbacks.cpu_offload) |   - float at 'optimizer_states[0].param_groups[0].eps'
22:51:57.992 | WARNING (432628, stable_pretraining.callbacks.cpu_offload) |   - float at 'optimizer_states[0].param_groups[0].weight_decay'
22:51:57.993 | WARNING (432628, stable_pretraining.callbacks.cpu_offload) |   - bool at 'optimizer_states[0].param_groups[0].amsgrad'
22:51:57.993 | WARNING (432628, stable_pretraining.callbacks.cpu_offload) |   - bool at 'optimizer_states[0].param_groups[0].maximize'
22:51:57.993 | WARNING (432628, stable_pretraining.callbacks.cpu_offload) |   - NoneType at 'optimizer_states[0].param_groups[0].foreach'
22:51:57.993 | WARNING (432628, stable_pretraining.callbacks.cpu_offload) |   - bool at 'optimizer_states[0].param_groups[0].capturable'
22:51:57.993 | WARNING (432628, stable_pretraining.callbacks.cpu_offload) |   - bool at 'optimizer_states[0].param_groups[0].differentiable'
22:51:57.993 | WARNING (432628, stable_pretraining.callbacks.cpu_offload) | ... (302 more skipped) ...
22:51:57.993 | WARNING (432628, stable_pretraining.callbacks.cpu_offload) | Last 10 skipped objects:
22:51:57.993 | WARNING (432628, stable_pretraining.callbacks.cpu_offload) |   - int at 'lr_schedulers[0].warmup_steps'
22:51:57.993 | WARNING (432628, stable_pretraining.callbacks.cpu_offload) |   - int at 'lr_schedulers[0].max_steps'
22:51:57.993 | WARNING (432628, stable_pretraining.callbacks.cpu_offload) |   - float at 'lr_schedulers[0].warmup_start_lr'
22:51:57.993 | WARNING (432628, stable_pretraining.callbacks.cpu_offload) |   - float at 'lr_schedulers[0].eta_min'
22:51:57.993 | WARNING (432628, stable_pretraining.callbacks.cpu_offload) |   - float at 'lr_schedulers[0].base_lrs[0]'
22:51:57.993 | WARNING (432628, stable_pretraining.callbacks.cpu_offload) |   - int at 'lr_schedulers[0].last_epoch'
22:51:57.993 | WARNING (432628, stable_pretraining.callbacks.cpu_offload) |   - int at 'lr_schedulers[0]._step_count'
22:51:57.993 | WARNING (432628, stable_pretraining.callbacks.cpu_offload) |   - bool at 'lr_schedulers[0]._is_initial'
22:51:57.993 | WARNING (432628, stable_pretraining.callbacks.cpu_offload) |   - bool at 'lr_schedulers[0]._get_lr_called_within_step'
22:51:57.993 | WARNING (432628, stable_pretraining.callbacks.cpu_offload) |   - float at 'lr_schedulers[0]._last_lr[0]'
22:51:57.993 | INFO    (432628, stable_pretraining.callbacks.cpu_offload) | To see all 322 skipped objects, set log_skipped=True
22:51:57.994 | INFO    (432628, stable_pretraining.callbacks.cpu_offload) | GPU memory after offload:
22:51:57.994 | INFO    (432628, stable_pretraining.callbacks.cpu_offload) |   - Allocated: 0.24 GB
22:51:57.994 | INFO    (432628, stable_pretraining.callbacks.cpu_offload) |   - Reserved: 16.65 GB
22:51:57.994 | INFO    (432628, stable_pretraining.callbacks.cpu_offload) | GPU memory freed: 0.00 GB
22:51:57.994 | SUCCESS (432628, stable_pretraining.callbacks.cpu_offload) | CPUOffloadCallback: Checkpoint #7 completed in 0.10s
22:51:57.994 | INFO    (432628, stable_pretraining.callbacks.cpu_offload) | Successfully processed keys: ['state_dict', 'optimizer_states', 'lr_schedulers']
22:51:57.994 | INFO    (432628, stable_pretraining.callbacks.cpu_offload) | Cumulative stats:
22:51:57.994 | INFO    (432628, stable_pretraining.callbacks.cpu_offload) |   - Total checkpoints saved: 7
22:51:57.994 | INFO    (432628, stable_pretraining.callbacks.cpu_offload) |   - Total time in offload: 0.71s
22:51:57.994 | INFO    (432628, stable_pretraining.callbacks.cpu_offload) |   - Total memory freed: 0.00 GB
22:51:57.994 | INFO    (432628, stable_pretraining.callbacks.cpu_offload) |   - Average time per checkpoint: 0.10s
22:51:57.994 | INFO    (432628, stable_pretraining.callbacks.cpu_offload) | ============================================================
22:51:58.508 | INFO    (432628, stable_pretraining.callbacks.checkpoint_sklearn) | Checking for non PyTorch modules to save... 🔧
22:51:58.508 | INFO    (432628, stable_pretraining.callbacks.checkpoint_sklearn) | Checking for Wandb params to save... 🔧
22:51:58.508 | INFO    (432628, stable_pretraining.callbacks.checkpoint_sklearn) | Saving Wandb params {'id': '8587y5gu'}
22:51:58.508 | INFO    (432628, stable_pretraining.callbacks.checkpoint_sklearn) | Checking for Wandb params to save... Done!
22:51:58.508 | INFO    (432628, stable_pretraining.callbacks.cpu_offload) | ============================================================
22:51:58.508 | INFO    (432628, stable_pretraining.callbacks.cpu_offload) | CPUOffloadCallback: Starting checkpoint CPU offload (#8)
22:51:58.508 | INFO    (432628, stable_pretraining.callbacks.cpu_offload) |   - Global step: 5136
22:51:58.508 | INFO    (432628, stable_pretraining.callbacks.cpu_offload) |   - Epoch: 3
22:51:58.508 | INFO    (432628, stable_pretraining.callbacks.cpu_offload) | Checkpoint contains 11 keys: ['callbacks', 'epoch', 'global_step', 'hparams_name', 'hyper_parameters', 'loops', 'lr_schedulers', 'optimizer_states', 'pytorch-lightning_version', 'state_dict', 'wandb']
22:51:58.508 | INFO    (432628, stable_pretraining.callbacks.cpu_offload) | GPU memory before offload:
22:51:58.508 | INFO    (432628, stable_pretraining.callbacks.cpu_offload) |   - Allocated: 0.24 GB
22:51:58.509 | INFO    (432628, stable_pretraining.callbacks.cpu_offload) |   - Reserved: 16.65 GB
22:51:58.509 | INFO    (432628, stable_pretraining.callbacks.cpu_offload) | Processing checkpoint key: 'state_dict'
22:51:58.541 | SUCCESS (432628, stable_pretraining.callbacks.cpu_offload) | ✓ Completed 'state_dict' in 0.03s
22:51:58.541 | INFO    (432628, stable_pretraining.callbacks.cpu_offload) | Processing checkpoint key: 'optimizer_states'
22:51:58.607 | SUCCESS (432628, stable_pretraining.callbacks.cpu_offload) | ✓ Completed 'optimizer_states' in 0.07s
22:51:58.607 | INFO    (432628, stable_pretraining.callbacks.cpu_offload) | Processing checkpoint key: 'lr_schedulers'
22:51:58.607 | SUCCESS (432628, stable_pretraining.callbacks.cpu_offload) | ✓ Completed 'lr_schedulers' in 0.00s
22:51:58.607 | WARNING (432628, stable_pretraining.callbacks.cpu_offload) | Skipped 322 custom object(s)
22:51:58.607 | WARNING (432628, stable_pretraining.callbacks.cpu_offload) | First 10 skipped objects:
22:51:58.607 | WARNING (432628, stable_pretraining.callbacks.cpu_offload) |   - float at 'optimizer_states[0].param_groups[0].lr'
22:51:58.607 | WARNING (432628, stable_pretraining.callbacks.cpu_offload) |   - float at 'optimizer_states[0].param_groups[0].betas[0]'
22:51:58.608 | WARNING (432628, stable_pretraining.callbacks.cpu_offload) |   - float at 'optimizer_states[0].param_groups[0].betas[1]'
22:51:58.608 | WARNING (432628, stable_pretraining.callbacks.cpu_offload) |   - float at 'optimizer_states[0].param_groups[0].eps'
22:51:58.608 | WARNING (432628, stable_pretraining.callbacks.cpu_offload) |   - float at 'optimizer_states[0].param_groups[0].weight_decay'
22:51:58.608 | WARNING (432628, stable_pretraining.callbacks.cpu_offload) |   - bool at 'optimizer_states[0].param_groups[0].amsgrad'
22:51:58.608 | WARNING (432628, stable_pretraining.callbacks.cpu_offload) |   - bool at 'optimizer_states[0].param_groups[0].maximize'
22:51:58.608 | WARNING (432628, stable_pretraining.callbacks.cpu_offload) |   - NoneType at 'optimizer_states[0].param_groups[0].foreach'
22:51:58.608 | WARNING (432628, stable_pretraining.callbacks.cpu_offload) |   - bool at 'optimizer_states[0].param_groups[0].capturable'
22:51:58.608 | WARNING (432628, stable_pretraining.callbacks.cpu_offload) |   - bool at 'optimizer_states[0].param_groups[0].differentiable'
22:51:58.608 | WARNING (432628, stable_pretraining.callbacks.cpu_offload) | ... (302 more skipped) ...
22:51:58.608 | WARNING (432628, stable_pretraining.callbacks.cpu_offload) | Last 10 skipped objects:
22:51:58.608 | WARNING (432628, stable_pretraining.callbacks.cpu_offload) |   - int at 'lr_schedulers[0].warmup_steps'
22:51:58.608 | WARNING (432628, stable_pretraining.callbacks.cpu_offload) |   - int at 'lr_schedulers[0].max_steps'
22:51:58.608 | WARNING (432628, stable_pretraining.callbacks.cpu_offload) |   - float at 'lr_schedulers[0].warmup_start_lr'
22:51:58.608 | WARNING (432628, stable_pretraining.callbacks.cpu_offload) |   - float at 'lr_schedulers[0].eta_min'
22:51:58.608 | WARNING (432628, stable_pretraining.callbacks.cpu_offload) |   - float at 'lr_schedulers[0].base_lrs[0]'
22:51:58.608 | WARNING (432628, stable_pretraining.callbacks.cpu_offload) |   - int at 'lr_schedulers[0].last_epoch'
22:51:58.608 | WARNING (432628, stable_pretraining.callbacks.cpu_offload) |   - int at 'lr_schedulers[0]._step_count'
22:51:58.608 | WARNING (432628, stable_pretraining.callbacks.cpu_offload) |   - bool at 'lr_schedulers[0]._is_initial'
22:51:58.608 | WARNING (432628, stable_pretraining.callbacks.cpu_offload) |   - bool at 'lr_schedulers[0]._get_lr_called_within_step'
22:51:58.609 | WARNING (432628, stable_pretraining.callbacks.cpu_offload) |   - float at 'lr_schedulers[0]._last_lr[0]'
22:51:58.609 | INFO    (432628, stable_pretraining.callbacks.cpu_offload) | To see all 322 skipped objects, set log_skipped=True
22:51:58.609 | INFO    (432628, stable_pretraining.callbacks.cpu_offload) | GPU memory after offload:
22:51:58.609 | INFO    (432628, stable_pretraining.callbacks.cpu_offload) |   - Allocated: 0.24 GB
22:51:58.609 | INFO    (432628, stable_pretraining.callbacks.cpu_offload) |   - Reserved: 16.65 GB
22:51:58.609 | INFO    (432628, stable_pretraining.callbacks.cpu_offload) | GPU memory freed: 0.00 GB
22:51:58.609 | SUCCESS (432628, stable_pretraining.callbacks.cpu_offload) | CPUOffloadCallback: Checkpoint #8 completed in 0.10s
22:51:58.609 | INFO    (432628, stable_pretraining.callbacks.cpu_offload) | Successfully processed keys: ['state_dict', 'optimizer_states', 'lr_schedulers']
22:51:58.609 | INFO    (432628, stable_pretraining.callbacks.cpu_offload) | Cumulative stats:
22:51:58.609 | INFO    (432628, stable_pretraining.callbacks.cpu_offload) |   - Total checkpoints saved: 8
22:51:58.609 | INFO    (432628, stable_pretraining.callbacks.cpu_offload) |   - Total time in offload: 0.81s
22:51:58.609 | INFO    (432628, stable_pretraining.callbacks.cpu_offload) |   - Total memory freed: 0.00 GB
22:51:58.610 | INFO    (432628, stable_pretraining.callbacks.cpu_offload) |   - Average time per checkpoint: 0.10s
22:51:58.610 | INFO    (432628, stable_pretraining.callbacks.cpu_offload) | ============================================================
23:14:10.254 | WARNING (432628, stable_pretraining.module) | You are calling self.parameters which also gives callbacks parameters, to remove then, pass `with_callbacks=False`
23:16:37.374 | INFO    (432628, stable_pretraining.callbacks.trainer_info) | \n+----------------------------+-----------------------+
|           Metric           |         Value         |
+----------------------------+-----------------------+
|          [0;34;40mfit/loss[0m          |  [0;32;40m0.021245203912258148[0m |
|       [0;34;40mfit/pred_loss[0m        | [0;32;40m0.0056627788580954075[0m |
|      [0;34;40mfit/rdmreg_loss[0m       |  [0;32;40m0.015582425519824028[0m |
|       [0;34;40mvalidate/loss[0m        |   [0;32;40m1.2536556720733643[0m  |
|    [0;34;40mvalidate/loss_epoch[0m     |   [0;32;40m1.2536556720733643[0m  |
|     [0;34;40mvalidate/pred_loss[0m     |   [0;32;40m0.6095709800720215[0m  |
|  [0;34;40mvalidate/pred_loss_epoch[0m  |   [0;32;40m0.6095709800720215[0m  |
|    [0;34;40mvalidate/rdmreg_loss[0m    |   [0;32;40m0.6440849900245667[0m  |
| [0;34;40mvalidate/rdmreg_loss_epoch[0m |   [0;32;40m0.6440849900245667[0m  |
+----------------------------+-----------------------+
23:16:37.449 | INFO    (432628, stable_pretraining.callbacks.checkpoint_sklearn) | Checking for non PyTorch modules to save... 🔧
23:16:37.450 | INFO    (432628, stable_pretraining.callbacks.checkpoint_sklearn) | Checking for Wandb params to save... 🔧
23:16:37.450 | INFO    (432628, stable_pretraining.callbacks.checkpoint_sklearn) | Saving Wandb params {'id': '8587y5gu'}
23:16:37.450 | INFO    (432628, stable_pretraining.callbacks.checkpoint_sklearn) | Checking for Wandb params to save... Done!
23:16:37.450 | INFO    (432628, stable_pretraining.callbacks.cpu_offload) | ============================================================
23:16:37.450 | INFO    (432628, stable_pretraining.callbacks.cpu_offload) | CPUOffloadCallback: Starting checkpoint CPU offload (#9)
23:16:37.450 | INFO    (432628, stable_pretraining.callbacks.cpu_offload) |   - Global step: 6420
23:16:37.450 | INFO    (432628, stable_pretraining.callbacks.cpu_offload) |   - Epoch: 4
23:16:37.450 | INFO    (432628, stable_pretraining.callbacks.cpu_offload) | Checkpoint contains 11 keys: ['callbacks', 'epoch', 'global_step', 'hparams_name', 'hyper_parameters', 'loops', 'lr_schedulers', 'optimizer_states', 'pytorch-lightning_version', 'state_dict', 'wandb']
23:16:37.451 | INFO    (432628, stable_pretraining.callbacks.cpu_offload) | GPU memory before offload:
23:16:37.451 | INFO    (432628, stable_pretraining.callbacks.cpu_offload) |   - Allocated: 0.24 GB
23:16:37.451 | INFO    (432628, stable_pretraining.callbacks.cpu_offload) |   - Reserved: 16.65 GB
23:16:37.451 | INFO    (432628, stable_pretraining.callbacks.cpu_offload) | Processing checkpoint key: 'state_dict'
23:16:37.482 | SUCCESS (432628, stable_pretraining.callbacks.cpu_offload) | ✓ Completed 'state_dict' in 0.03s
23:16:37.482 | INFO    (432628, stable_pretraining.callbacks.cpu_offload) | Processing checkpoint key: 'optimizer_states'
23:16:37.547 | SUCCESS (432628, stable_pretraining.callbacks.cpu_offload) | ✓ Completed 'optimizer_states' in 0.06s
23:16:37.547 | INFO    (432628, stable_pretraining.callbacks.cpu_offload) | Processing checkpoint key: 'lr_schedulers'
23:16:37.547 | SUCCESS (432628, stable_pretraining.callbacks.cpu_offload) | ✓ Completed 'lr_schedulers' in 0.00s
23:16:37.547 | WARNING (432628, stable_pretraining.callbacks.cpu_offload) | Skipped 322 custom object(s)
23:16:37.547 | WARNING (432628, stable_pretraining.callbacks.cpu_offload) | First 10 skipped objects:
23:16:37.547 | WARNING (432628, stable_pretraining.callbacks.cpu_offload) |   - float at 'optimizer_states[0].param_groups[0].lr'
23:16:37.547 | WARNING (432628, stable_pretraining.callbacks.cpu_offload) |   - float at 'optimizer_states[0].param_groups[0].betas[0]'
23:16:37.547 | WARNING (432628, stable_pretraining.callbacks.cpu_offload) |   - float at 'optimizer_states[0].param_groups[0].betas[1]'
23:16:37.547 | WARNING (432628, stable_pretraining.callbacks.cpu_offload) |   - float at 'optimizer_states[0].param_groups[0].eps'
23:16:37.548 | WARNING (432628, stable_pretraining.callbacks.cpu_offload) |   - float at 'optimizer_states[0].param_groups[0].weight_decay'
23:16:37.548 | WARNING (432628, stable_pretraining.callbacks.cpu_offload) |   - bool at 'optimizer_states[0].param_groups[0].amsgrad'
23:16:37.548 | WARNING (432628, stable_pretraining.callbacks.cpu_offload) |   - bool at 'optimizer_states[0].param_groups[0].maximize'
23:16:37.548 | WARNING (432628, stable_pretraining.callbacks.cpu_offload) |   - NoneType at 'optimizer_states[0].param_groups[0].foreach'
23:16:37.548 | WARNING (432628, stable_pretraining.callbacks.cpu_offload) |   - bool at 'optimizer_states[0].param_groups[0].capturable'
23:16:37.548 | WARNING (432628, stable_pretraining.callbacks.cpu_offload) |   - bool at 'optimizer_states[0].param_groups[0].differentiable'
23:16:37.548 | WARNING (432628, stable_pretraining.callbacks.cpu_offload) | ... (302 more skipped) ...
23:16:37.548 | WARNING (432628, stable_pretraining.callbacks.cpu_offload) | Last 10 skipped objects:
23:16:37.548 | WARNING (432628, stable_pretraining.callbacks.cpu_offload) |   - int at 'lr_schedulers[0].warmup_steps'
23:16:37.548 | WARNING (432628, stable_pretraining.callbacks.cpu_offload) |   - int at 'lr_schedulers[0].max_steps'
23:16:37.548 | WARNING (432628, stable_pretraining.callbacks.cpu_offload) |   - float at 'lr_schedulers[0].warmup_start_lr'
23:16:37.548 | WARNING (432628, stable_pretraining.callbacks.cpu_offload) |   - float at 'lr_schedulers[0].eta_min'
23:16:37.548 | WARNING (432628, stable_pretraining.callbacks.cpu_offload) |   - float at 'lr_schedulers[0].base_lrs[0]'
23:16:37.548 | WARNING (432628, stable_pretraining.callbacks.cpu_offload) |   - int at 'lr_schedulers[0].last_epoch'
23:16:37.548 | WARNING (432628, stable_pretraining.callbacks.cpu_offload) |   - int at 'lr_schedulers[0]._step_count'
23:16:37.548 | WARNING (432628, stable_pretraining.callbacks.cpu_offload) |   - bool at 'lr_schedulers[0]._is_initial'
23:16:37.548 | WARNING (432628, stable_pretraining.callbacks.cpu_offload) |   - bool at 'lr_schedulers[0]._get_lr_called_within_step'
23:16:37.548 | WARNING (432628, stable_pretraining.callbacks.cpu_offload) |   - float at 'lr_schedulers[0]._last_lr[0]'
23:16:37.548 | INFO    (432628, stable_pretraining.callbacks.cpu_offload) | To see all 322 skipped objects, set log_skipped=True
23:16:37.549 | INFO    (432628, stable_pretraining.callbacks.cpu_offload) | GPU memory after offload:
23:16:37.549 | INFO    (432628, stable_pretraining.callbacks.cpu_offload) |   - Allocated: 0.24 GB
23:16:37.549 | INFO    (432628, stable_pretraining.callbacks.cpu_offload) |   - Reserved: 16.65 GB
23:16:37.549 | INFO    (432628, stable_pretraining.callbacks.cpu_offload) | GPU memory freed: 0.00 GB
23:16:37.549 | SUCCESS (432628, stable_pretraining.callbacks.cpu_offload) | CPUOffloadCallback: Checkpoint #9 completed in 0.10s
23:16:37.549 | INFO    (432628, stable_pretraining.callbacks.cpu_offload) | Successfully processed keys: ['state_dict', 'optimizer_states', 'lr_schedulers']
23:16:37.549 | INFO    (432628, stable_pretraining.callbacks.cpu_offload) | Cumulative stats:
23:16:37.549 | INFO    (432628, stable_pretraining.callbacks.cpu_offload) |   - Total checkpoints saved: 9
23:16:37.549 | INFO    (432628, stable_pretraining.callbacks.cpu_offload) |   - Total time in offload: 0.91s
23:16:37.549 | INFO    (432628, stable_pretraining.callbacks.cpu_offload) |   - Total memory freed: 0.00 GB
23:16:37.549 | INFO    (432628, stable_pretraining.callbacks.cpu_offload) |   - Average time per checkpoint: 0.10s
23:16:37.549 | INFO    (432628, stable_pretraining.callbacks.cpu_offload) | ============================================================
23:16:37.937 | INFO    (432628, stable_pretraining.callbacks.checkpoint_sklearn) | Checking for non PyTorch modules to save... 🔧
23:16:37.937 | INFO    (432628, stable_pretraining.callbacks.checkpoint_sklearn) | Checking for Wandb params to save... 🔧
23:16:37.937 | INFO    (432628, stable_pretraining.callbacks.checkpoint_sklearn) | Saving Wandb params {'id': '8587y5gu'}
23:16:37.937 | INFO    (432628, stable_pretraining.callbacks.checkpoint_sklearn) | Checking for Wandb params to save... Done!
23:16:37.937 | INFO    (432628, stable_pretraining.callbacks.cpu_offload) | ============================================================
23:16:37.937 | INFO    (432628, stable_pretraining.callbacks.cpu_offload) | CPUOffloadCallback: Starting checkpoint CPU offload (#10)
23:16:37.937 | INFO    (432628, stable_pretraining.callbacks.cpu_offload) |   - Global step: 6420
23:16:37.937 | INFO    (432628, stable_pretraining.callbacks.cpu_offload) |   - Epoch: 4
23:16:37.937 | INFO    (432628, stable_pretraining.callbacks.cpu_offload) | Checkpoint contains 11 keys: ['callbacks', 'epoch', 'global_step', 'hparams_name', 'hyper_parameters', 'loops', 'lr_schedulers', 'optimizer_states', 'pytorch-lightning_version', 'state_dict', 'wandb']
23:16:37.938 | INFO    (432628, stable_pretraining.callbacks.cpu_offload) | GPU memory before offload:
23:16:37.938 | INFO    (432628, stable_pretraining.callbacks.cpu_offload) |   - Allocated: 0.24 GB
23:16:37.938 | INFO    (432628, stable_pretraining.callbacks.cpu_offload) |   - Reserved: 16.65 GB
23:16:37.938 | INFO    (432628, stable_pretraining.callbacks.cpu_offload) | Processing checkpoint key: 'state_dict'
23:16:37.969 | SUCCESS (432628, stable_pretraining.callbacks.cpu_offload) | ✓ Completed 'state_dict' in 0.03s
23:16:37.970 | INFO    (432628, stable_pretraining.callbacks.cpu_offload) | Processing checkpoint key: 'optimizer_states'
23:16:38.038 | SUCCESS (432628, stable_pretraining.callbacks.cpu_offload) | ✓ Completed 'optimizer_states' in 0.07s
23:16:38.038 | INFO    (432628, stable_pretraining.callbacks.cpu_offload) | Processing checkpoint key: 'lr_schedulers'
23:16:38.038 | SUCCESS (432628, stable_pretraining.callbacks.cpu_offload) | ✓ Completed 'lr_schedulers' in 0.00s
23:16:38.038 | WARNING (432628, stable_pretraining.callbacks.cpu_offload) | Skipped 322 custom object(s)
23:16:38.038 | WARNING (432628, stable_pretraining.callbacks.cpu_offload) | First 10 skipped objects:
23:16:38.038 | WARNING (432628, stable_pretraining.callbacks.cpu_offload) |   - float at 'optimizer_states[0].param_groups[0].lr'
23:16:38.038 | WARNING (432628, stable_pretraining.callbacks.cpu_offload) |   - float at 'optimizer_states[0].param_groups[0].betas[0]'
23:16:38.038 | WARNING (432628, stable_pretraining.callbacks.cpu_offload) |   - float at 'optimizer_states[0].param_groups[0].betas[1]'
23:16:38.038 | WARNING (432628, stable_pretraining.callbacks.cpu_offload) |   - float at 'optimizer_states[0].param_groups[0].eps'
23:16:38.038 | WARNING (432628, stable_pretraining.callbacks.cpu_offload) |   - float at 'optimizer_states[0].param_groups[0].weight_decay'
23:16:38.038 | WARNING (432628, stable_pretraining.callbacks.cpu_offload) |   - bool at 'optimizer_states[0].param_groups[0].amsgrad'
23:16:38.039 | WARNING (432628, stable_pretraining.callbacks.cpu_offload) |   - bool at 'optimizer_states[0].param_groups[0].maximize'
23:16:38.039 | WARNING (432628, stable_pretraining.callbacks.cpu_offload) |   - NoneType at 'optimizer_states[0].param_groups[0].foreach'
23:16:38.039 | WARNING (432628, stable_pretraining.callbacks.cpu_offload) |   - bool at 'optimizer_states[0].param_groups[0].capturable'
23:16:38.039 | WARNING (432628, stable_pretraining.callbacks.cpu_offload) |   - bool at 'optimizer_states[0].param_groups[0].differentiable'
23:16:38.039 | WARNING (432628, stable_pretraining.callbacks.cpu_offload) | ... (302 more skipped) ...
23:16:38.039 | WARNING (432628, stable_pretraining.callbacks.cpu_offload) | Last 10 skipped objects:
23:16:38.039 | WARNING (432628, stable_pretraining.callbacks.cpu_offload) |   - int at 'lr_schedulers[0].warmup_steps'
23:16:38.039 | WARNING (432628, stable_pretraining.callbacks.cpu_offload) |   - int at 'lr_schedulers[0].max_steps'
23:16:38.039 | WARNING (432628, stable_pretraining.callbacks.cpu_offload) |   - float at 'lr_schedulers[0].warmup_start_lr'
23:16:38.039 | WARNING (432628, stable_pretraining.callbacks.cpu_offload) |   - float at 'lr_schedulers[0].eta_min'
23:16:38.039 | WARNING (432628, stable_pretraining.callbacks.cpu_offload) |   - float at 'lr_schedulers[0].base_lrs[0]'
23:16:38.039 | WARNING (432628, stable_pretraining.callbacks.cpu_offload) |   - int at 'lr_schedulers[0].last_epoch'
23:16:38.039 | WARNING (432628, stable_pretraining.callbacks.cpu_offload) |   - int at 'lr_schedulers[0]._step_count'
23:16:38.039 | WARNING (432628, stable_pretraining.callbacks.cpu_offload) |   - bool at 'lr_schedulers[0]._is_initial'
23:16:38.040 | WARNING (432628, stable_pretraining.callbacks.cpu_offload) |   - bool at 'lr_schedulers[0]._get_lr_called_within_step'
23:16:38.040 | WARNING (432628, stable_pretraining.callbacks.cpu_offload) |   - float at 'lr_schedulers[0]._last_lr[0]'
23:16:38.040 | INFO    (432628, stable_pretraining.callbacks.cpu_offload) | To see all 322 skipped objects, set log_skipped=True
23:16:38.040 | INFO    (432628, stable_pretraining.callbacks.cpu_offload) | GPU memory after offload:
23:16:38.040 | INFO    (432628, stable_pretraining.callbacks.cpu_offload) |   - Allocated: 0.24 GB
23:16:38.040 | INFO    (432628, stable_pretraining.callbacks.cpu_offload) |   - Reserved: 16.65 GB
23:16:38.040 | INFO    (432628, stable_pretraining.callbacks.cpu_offload) | GPU memory freed: 0.00 GB
23:16:38.040 | SUCCESS (432628, stable_pretraining.callbacks.cpu_offload) | CPUOffloadCallback: Checkpoint #10 completed in 0.10s
23:16:38.040 | INFO    (432628, stable_pretraining.callbacks.cpu_offload) | Successfully processed keys: ['state_dict', 'optimizer_states', 'lr_schedulers']
23:16:38.040 | INFO    (432628, stable_pretraining.callbacks.cpu_offload) | Cumulative stats:
23:16:38.040 | INFO    (432628, stable_pretraining.callbacks.cpu_offload) |   - Total checkpoints saved: 10
23:16:38.040 | INFO    (432628, stable_pretraining.callbacks.cpu_offload) |   - Total time in offload: 1.01s
23:16:38.040 | INFO    (432628, stable_pretraining.callbacks.cpu_offload) |   - Total memory freed: 0.00 GB
23:16:38.040 | INFO    (432628, stable_pretraining.callbacks.cpu_offload) |   - Average time per checkpoint: 0.10s
23:16:38.040 | INFO    (432628, stable_pretraining.callbacks.cpu_offload) | ============================================================
23:38:48.555 | WARNING (432628, stable_pretraining.module) | You are calling self.parameters which also gives callbacks parameters, to remove then, pass `with_callbacks=False`
23:41:15.013 | INFO    (432628, stable_pretraining.callbacks.trainer_info) | \n+----------------------------+----------------------+
|           Metric           |        Value         |
+----------------------------+----------------------+
|          [0;34;40mfit/loss[0m          | [0;32;40m0.01913776621222496[0m  |
|       [0;34;40mfit/pred_loss[0m        | [0;32;40m0.004581063985824585[0m |
|      [0;34;40mfit/rdmreg_loss[0m       |  [0;32;40m0.0145567012950778[0m  |
|       [0;34;40mvalidate/loss[0m        |  [0;32;40m1.0131678581237793[0m  |
|    [0;34;40mvalidate/loss_epoch[0m     |  [0;32;40m1.0131678581237793[0m  |
|     [0;34;40mvalidate/pred_loss[0m     |  [0;32;40m0.4398217499256134[0m  |
|  [0;34;40mvalidate/pred_loss_epoch[0m  |  [0;32;40m0.4398217499256134[0m  |
|    [0;34;40mvalidate/rdmreg_loss[0m    |  [0;32;40m0.5733457207679749[0m  |
| [0;34;40mvalidate/rdmreg_loss_epoch[0m |  [0;32;40m0.5733457207679749[0m  |
+----------------------------+----------------------+
23:41:15.094 | INFO    (432628, stable_pretraining.callbacks.checkpoint_sklearn) | Checking for non PyTorch modules to save... 🔧
23:41:15.094 | INFO    (432628, stable_pretraining.callbacks.checkpoint_sklearn) | Checking for Wandb params to save... 🔧
23:41:15.094 | INFO    (432628, stable_pretraining.callbacks.checkpoint_sklearn) | Saving Wandb params {'id': '8587y5gu'}
23:41:15.094 | INFO    (432628, stable_pretraining.callbacks.checkpoint_sklearn) | Checking for Wandb params to save... Done!
23:41:15.094 | INFO    (432628, stable_pretraining.callbacks.cpu_offload) | ============================================================
23:41:15.094 | INFO    (432628, stable_pretraining.callbacks.cpu_offload) | CPUOffloadCallback: Starting checkpoint CPU offload (#11)
23:41:15.094 | INFO    (432628, stable_pretraining.callbacks.cpu_offload) |   - Global step: 7704
23:41:15.094 | INFO    (432628, stable_pretraining.callbacks.cpu_offload) |   - Epoch: 5
23:41:15.094 | INFO    (432628, stable_pretraining.callbacks.cpu_offload) | Checkpoint contains 11 keys: ['callbacks', 'epoch', 'global_step', 'hparams_name', 'hyper_parameters', 'loops', 'lr_schedulers', 'optimizer_states', 'pytorch-lightning_version', 'state_dict', 'wandb']
23:41:15.095 | INFO    (432628, stable_pretraining.callbacks.cpu_offload) | GPU memory before offload:
23:41:15.095 | INFO    (432628, stable_pretraining.callbacks.cpu_offload) |   - Allocated: 0.24 GB
23:41:15.095 | INFO    (432628, stable_pretraining.callbacks.cpu_offload) |   - Reserved: 16.65 GB
23:41:15.095 | INFO    (432628, stable_pretraining.callbacks.cpu_offload) | Processing checkpoint key: 'state_dict'
23:41:15.125 | SUCCESS (432628, stable_pretraining.callbacks.cpu_offload) | ✓ Completed 'state_dict' in 0.03s
23:41:15.125 | INFO    (432628, stable_pretraining.callbacks.cpu_offload) | Processing checkpoint key: 'optimizer_states'
23:41:15.191 | SUCCESS (432628, stable_pretraining.callbacks.cpu_offload) | ✓ Completed 'optimizer_states' in 0.07s
23:41:15.191 | INFO    (432628, stable_pretraining.callbacks.cpu_offload) | Processing checkpoint key: 'lr_schedulers'
23:41:15.191 | SUCCESS (432628, stable_pretraining.callbacks.cpu_offload) | ✓ Completed 'lr_schedulers' in 0.00s
23:41:15.192 | WARNING (432628, stable_pretraining.callbacks.cpu_offload) | Skipped 322 custom object(s)
23:41:15.192 | WARNING (432628, stable_pretraining.callbacks.cpu_offload) | First 10 skipped objects:
23:41:15.192 | WARNING (432628, stable_pretraining.callbacks.cpu_offload) |   - float at 'optimizer_states[0].param_groups[0].lr'
23:41:15.192 | WARNING (432628, stable_pretraining.callbacks.cpu_offload) |   - float at 'optimizer_states[0].param_groups[0].betas[0]'
23:41:15.192 | WARNING (432628, stable_pretraining.callbacks.cpu_offload) |   - float at 'optimizer_states[0].param_groups[0].betas[1]'
23:41:15.192 | WARNING (432628, stable_pretraining.callbacks.cpu_offload) |   - float at 'optimizer_states[0].param_groups[0].eps'
23:41:15.192 | WARNING (432628, stable_pretraining.callbacks.cpu_offload) |   - float at 'optimizer_states[0].param_groups[0].weight_decay'
23:41:15.192 | WARNING (432628, stable_pretraining.callbacks.cpu_offload) |   - bool at 'optimizer_states[0].param_groups[0].amsgrad'
23:41:15.192 | WARNING (432628, stable_pretraining.callbacks.cpu_offload) |   - bool at 'optimizer_states[0].param_groups[0].maximize'
23:41:15.192 | WARNING (432628, stable_pretraining.callbacks.cpu_offload) |   - NoneType at 'optimizer_states[0].param_groups[0].foreach'
23:41:15.192 | WARNING (432628, stable_pretraining.callbacks.cpu_offload) |   - bool at 'optimizer_states[0].param_groups[0].capturable'
23:41:15.192 | WARNING (432628, stable_pretraining.callbacks.cpu_offload) |   - bool at 'optimizer_states[0].param_groups[0].differentiable'
23:41:15.192 | WARNING (432628, stable_pretraining.callbacks.cpu_offload) | ... (302 more skipped) ...
23:41:15.192 | WARNING (432628, stable_pretraining.callbacks.cpu_offload) | Last 10 skipped objects:
23:41:15.192 | WARNING (432628, stable_pretraining.callbacks.cpu_offload) |   - int at 'lr_schedulers[0].warmup_steps'
23:41:15.192 | WARNING (432628, stable_pretraining.callbacks.cpu_offload) |   - int at 'lr_schedulers[0].max_steps'
23:41:15.192 | WARNING (432628, stable_pretraining.callbacks.cpu_offload) |   - float at 'lr_schedulers[0].warmup_start_lr'
23:41:15.192 | WARNING (432628, stable_pretraining.callbacks.cpu_offload) |   - float at 'lr_schedulers[0].eta_min'
23:41:15.192 | WARNING (432628, stable_pretraining.callbacks.cpu_offload) |   - float at 'lr_schedulers[0].base_lrs[0]'
23:41:15.192 | WARNING (432628, stable_pretraining.callbacks.cpu_offload) |   - int at 'lr_schedulers[0].last_epoch'
23:41:15.193 | WARNING (432628, stable_pretraining.callbacks.cpu_offload) |   - int at 'lr_schedulers[0]._step_count'
23:41:15.193 | WARNING (432628, stable_pretraining.callbacks.cpu_offload) |   - bool at 'lr_schedulers[0]._is_initial'
23:41:15.193 | WARNING (432628, stable_pretraining.callbacks.cpu_offload) |   - bool at 'lr_schedulers[0]._get_lr_called_within_step'
23:41:15.193 | WARNING (432628, stable_pretraining.callbacks.cpu_offload) |   - float at 'lr_schedulers[0]._last_lr[0]'
23:41:15.193 | INFO    (432628, stable_pretraining.callbacks.cpu_offload) | To see all 322 skipped objects, set log_skipped=True
23:41:15.193 | INFO    (432628, stable_pretraining.callbacks.cpu_offload) | GPU memory after offload:
23:41:15.193 | INFO    (432628, stable_pretraining.callbacks.cpu_offload) |   - Allocated: 0.24 GB
23:41:15.193 | INFO    (432628, stable_pretraining.callbacks.cpu_offload) |   - Reserved: 16.65 GB
23:41:15.193 | INFO    (432628, stable_pretraining.callbacks.cpu_offload) | GPU memory freed: 0.00 GB
23:41:15.193 | SUCCESS (432628, stable_pretraining.callbacks.cpu_offload) | CPUOffloadCallback: Checkpoint #11 completed in 0.10s
23:41:15.193 | INFO    (432628, stable_pretraining.callbacks.cpu_offload) | Successfully processed keys: ['state_dict', 'optimizer_states', 'lr_schedulers']
23:41:15.193 | INFO    (432628, stable_pretraining.callbacks.cpu_offload) | Cumulative stats:
23:41:15.194 | INFO    (432628, stable_pretraining.callbacks.cpu_offload) |   - Total checkpoints saved: 11
23:41:15.194 | INFO    (432628, stable_pretraining.callbacks.cpu_offload) |   - Total time in offload: 1.11s
23:41:15.194 | INFO    (432628, stable_pretraining.callbacks.cpu_offload) |   - Total memory freed: 0.00 GB
23:41:15.194 | INFO    (432628, stable_pretraining.callbacks.cpu_offload) |   - Average time per checkpoint: 0.10s
23:41:15.194 | INFO    (432628, stable_pretraining.callbacks.cpu_offload) | ============================================================
23:41:15.631 | INFO    (432628, stable_pretraining.callbacks.checkpoint_sklearn) | Checking for non PyTorch modules to save... 🔧
23:41:15.631 | INFO    (432628, stable_pretraining.callbacks.checkpoint_sklearn) | Checking for Wandb params to save... 🔧
23:41:15.631 | INFO    (432628, stable_pretraining.callbacks.checkpoint_sklearn) | Saving Wandb params {'id': '8587y5gu'}
23:41:15.631 | INFO    (432628, stable_pretraining.callbacks.checkpoint_sklearn) | Checking for Wandb params to save... Done!
23:41:15.631 | INFO    (432628, stable_pretraining.callbacks.cpu_offload) | ============================================================
23:41:15.632 | INFO    (432628, stable_pretraining.callbacks.cpu_offload) | CPUOffloadCallback: Starting checkpoint CPU offload (#12)
23:41:15.632 | INFO    (432628, stable_pretraining.callbacks.cpu_offload) |   - Global step: 7704
23:41:15.632 | INFO    (432628, stable_pretraining.callbacks.cpu_offload) |   - Epoch: 5
23:41:15.632 | INFO    (432628, stable_pretraining.callbacks.cpu_offload) | Checkpoint contains 11 keys: ['callbacks', 'epoch', 'global_step', 'hparams_name', 'hyper_parameters', 'loops', 'lr_schedulers', 'optimizer_states', 'pytorch-lightning_version', 'state_dict', 'wandb']
23:41:15.632 | INFO    (432628, stable_pretraining.callbacks.cpu_offload) | GPU memory before offload:
23:41:15.632 | INFO    (432628, stable_pretraining.callbacks.cpu_offload) |   - Allocated: 0.24 GB
23:41:15.632 | INFO    (432628, stable_pretraining.callbacks.cpu_offload) |   - Reserved: 16.65 GB
23:41:15.632 | INFO    (432628, stable_pretraining.callbacks.cpu_offload) | Processing checkpoint key: 'state_dict'
23:41:15.664 | SUCCESS (432628, stable_pretraining.callbacks.cpu_offload) | ✓ Completed 'state_dict' in 0.03s
23:41:15.664 | INFO    (432628, stable_pretraining.callbacks.cpu_offload) | Processing checkpoint key: 'optimizer_states'
23:41:15.730 | SUCCESS (432628, stable_pretraining.callbacks.cpu_offload) | ✓ Completed 'optimizer_states' in 0.07s
23:41:15.730 | INFO    (432628, stable_pretraining.callbacks.cpu_offload) | Processing checkpoint key: 'lr_schedulers'
23:41:15.730 | SUCCESS (432628, stable_pretraining.callbacks.cpu_offload) | ✓ Completed 'lr_schedulers' in 0.00s
23:41:15.730 | WARNING (432628, stable_pretraining.callbacks.cpu_offload) | Skipped 322 custom object(s)
23:41:15.730 | WARNING (432628, stable_pretraining.callbacks.cpu_offload) | First 10 skipped objects:
23:41:15.730 | WARNING (432628, stable_pretraining.callbacks.cpu_offload) |   - float at 'optimizer_states[0].param_groups[0].lr'
23:41:15.730 | WARNING (432628, stable_pretraining.callbacks.cpu_offload) |   - float at 'optimizer_states[0].param_groups[0].betas[0]'
23:41:15.730 | WARNING (432628, stable_pretraining.callbacks.cpu_offload) |   - float at 'optimizer_states[0].param_groups[0].betas[1]'
23:41:15.730 | WARNING (432628, stable_pretraining.callbacks.cpu_offload) |   - float at 'optimizer_states[0].param_groups[0].eps'
23:41:15.730 | WARNING (432628, stable_pretraining.callbacks.cpu_offload) |   - float at 'optimizer_states[0].param_groups[0].weight_decay'
23:41:15.730 | WARNING (432628, stable_pretraining.callbacks.cpu_offload) |   - bool at 'optimizer_states[0].param_groups[0].amsgrad'
23:41:15.731 | WARNING (432628, stable_pretraining.callbacks.cpu_offload) |   - bool at 'optimizer_states[0].param_groups[0].maximize'
23:41:15.731 | WARNING (432628, stable_pretraining.callbacks.cpu_offload) |   - NoneType at 'optimizer_states[0].param_groups[0].foreach'
23:41:15.731 | WARNING (432628, stable_pretraining.callbacks.cpu_offload) |   - bool at 'optimizer_states[0].param_groups[0].capturable'
23:41:15.731 | WARNING (432628, stable_pretraining.callbacks.cpu_offload) |   - bool at 'optimizer_states[0].param_groups[0].differentiable'
23:41:15.731 | WARNING (432628, stable_pretraining.callbacks.cpu_offload) | ... (302 more skipped) ...
23:41:15.731 | WARNING (432628, stable_pretraining.callbacks.cpu_offload) | Last 10 skipped objects:
23:41:15.731 | WARNING (432628, stable_pretraining.callbacks.cpu_offload) |   - int at 'lr_schedulers[0].warmup_steps'
23:41:15.731 | WARNING (432628, stable_pretraining.callbacks.cpu_offload) |   - int at 'lr_schedulers[0].max_steps'
23:41:15.731 | WARNING (432628, stable_pretraining.callbacks.cpu_offload) |   - float at 'lr_schedulers[0].warmup_start_lr'
23:41:15.731 | WARNING (432628, stable_pretraining.callbacks.cpu_offload) |   - float at 'lr_schedulers[0].eta_min'
23:41:15.731 | WARNING (432628, stable_pretraining.callbacks.cpu_offload) |   - float at 'lr_schedulers[0].base_lrs[0]'
23:41:15.731 | WARNING (432628, stable_pretraining.callbacks.cpu_offload) |   - int at 'lr_schedulers[0].last_epoch'
23:41:15.731 | WARNING (432628, stable_pretraining.callbacks.cpu_offload) |   - int at 'lr_schedulers[0]._step_count'
23:41:15.731 | WARNING (432628, stable_pretraining.callbacks.cpu_offload) |   - bool at 'lr_schedulers[0]._is_initial'
23:41:15.731 | WARNING (432628, stable_pretraining.callbacks.cpu_offload) |   - bool at 'lr_schedulers[0]._get_lr_called_within_step'
23:41:15.731 | WARNING (432628, stable_pretraining.callbacks.cpu_offload) |   - float at 'lr_schedulers[0]._last_lr[0]'
23:41:15.731 | INFO    (432628, stable_pretraining.callbacks.cpu_offload) | To see all 322 skipped objects, set log_skipped=True
23:41:15.732 | INFO    (432628, stable_pretraining.callbacks.cpu_offload) | GPU memory after offload:
23:41:15.732 | INFO    (432628, stable_pretraining.callbacks.cpu_offload) |   - Allocated: 0.24 GB
23:41:15.732 | INFO    (432628, stable_pretraining.callbacks.cpu_offload) |   - Reserved: 16.65 GB
23:41:15.732 | INFO    (432628, stable_pretraining.callbacks.cpu_offload) | GPU memory freed: 0.00 GB
23:41:15.732 | SUCCESS (432628, stable_pretraining.callbacks.cpu_offload) | CPUOffloadCallback: Checkpoint #12 completed in 0.10s
23:41:15.732 | INFO    (432628, stable_pretraining.callbacks.cpu_offload) | Successfully processed keys: ['state_dict', 'optimizer_states', 'lr_schedulers']
23:41:15.732 | INFO    (432628, stable_pretraining.callbacks.cpu_offload) | Cumulative stats:
23:41:15.732 | INFO    (432628, stable_pretraining.callbacks.cpu_offload) |   - Total checkpoints saved: 12
23:41:15.732 | INFO    (432628, stable_pretraining.callbacks.cpu_offload) |   - Total time in offload: 1.21s
23:41:15.732 | INFO    (432628, stable_pretraining.callbacks.cpu_offload) |   - Total memory freed: 0.00 GB
23:41:15.732 | INFO    (432628, stable_pretraining.callbacks.cpu_offload) |   - Average time per checkpoint: 0.10s
23:41:15.732 | INFO    (432628, stable_pretraining.callbacks.cpu_offload) | ============================================================
00:03:26.628 | WARNING (432628, stable_pretraining.module) | You are calling self.parameters which also gives callbacks parameters, to remove then, pass `with_callbacks=False`
00:05:52.536 | INFO    (432628, stable_pretraining.callbacks.trainer_info) | \n+----------------------------+----------------------+
|           Metric           |        Value         |
+----------------------------+----------------------+
|          [0;34;40mfit/loss[0m          | [0;32;40m0.018015969544649124[0m |
|       [0;34;40mfit/pred_loss[0m        | [0;32;40m0.004506042692810297[0m |
|      [0;34;40mfit/rdmreg_loss[0m       | [0;32;40m0.013509927317500114[0m |
|       [0;34;40mvalidate/loss[0m        |  [0;32;40m2.1428706645965576[0m  |
|    [0;34;40mvalidate/loss_epoch[0m     |  [0;32;40m2.1428706645965576[0m  |
|     [0;34;40mvalidate/pred_loss[0m     |  [0;32;40m0.9862579703330994[0m  |
|  [0;34;40mvalidate/pred_loss_epoch[0m  |  [0;32;40m0.9862579703330994[0m  |
|    [0;34;40mvalidate/rdmreg_loss[0m    |  [0;32;40m1.1566118001937866[0m  |
| [0;34;40mvalidate/rdmreg_loss_epoch[0m |  [0;32;40m1.1566118001937866[0m  |
+----------------------------+----------------------+
00:05:52.619 | INFO    (432628, stable_pretraining.callbacks.checkpoint_sklearn) | Checking for non PyTorch modules to save... 🔧
00:05:52.620 | INFO    (432628, stable_pretraining.callbacks.checkpoint_sklearn) | Checking for Wandb params to save... 🔧
00:05:52.620 | INFO    (432628, stable_pretraining.callbacks.checkpoint_sklearn) | Saving Wandb params {'id': '8587y5gu'}
00:05:52.620 | INFO    (432628, stable_pretraining.callbacks.checkpoint_sklearn) | Checking for Wandb params to save... Done!
00:05:52.620 | INFO    (432628, stable_pretraining.callbacks.cpu_offload) | ============================================================
00:05:52.620 | INFO    (432628, stable_pretraining.callbacks.cpu_offload) | CPUOffloadCallback: Starting checkpoint CPU offload (#13)
00:05:52.620 | INFO    (432628, stable_pretraining.callbacks.cpu_offload) |   - Global step: 8988
00:05:52.620 | INFO    (432628, stable_pretraining.callbacks.cpu_offload) |   - Epoch: 6
00:05:52.620 | INFO    (432628, stable_pretraining.callbacks.cpu_offload) | Checkpoint contains 11 keys: ['callbacks', 'epoch', 'global_step', 'hparams_name', 'hyper_parameters', 'loops', 'lr_schedulers', 'optimizer_states', 'pytorch-lightning_version', 'state_dict', 'wandb']
00:05:52.620 | INFO    (432628, stable_pretraining.callbacks.cpu_offload) | GPU memory before offload:
00:05:52.620 | INFO    (432628, stable_pretraining.callbacks.cpu_offload) |   - Allocated: 0.24 GB
00:05:52.621 | INFO    (432628, stable_pretraining.callbacks.cpu_offload) |   - Reserved: 16.65 GB
00:05:52.621 | INFO    (432628, stable_pretraining.callbacks.cpu_offload) | Processing checkpoint key: 'state_dict'
00:05:52.652 | SUCCESS (432628, stable_pretraining.callbacks.cpu_offload) | ✓ Completed 'state_dict' in 0.03s
00:05:52.652 | INFO    (432628, stable_pretraining.callbacks.cpu_offload) | Processing checkpoint key: 'optimizer_states'
00:05:52.715 | SUCCESS (432628, stable_pretraining.callbacks.cpu_offload) | ✓ Completed 'optimizer_states' in 0.06s
00:05:52.716 | INFO    (432628, stable_pretraining.callbacks.cpu_offload) | Processing checkpoint key: 'lr_schedulers'
00:05:52.716 | SUCCESS (432628, stable_pretraining.callbacks.cpu_offload) | ✓ Completed 'lr_schedulers' in 0.00s
00:05:52.716 | WARNING (432628, stable_pretraining.callbacks.cpu_offload) | Skipped 322 custom object(s)
00:05:52.716 | WARNING (432628, stable_pretraining.callbacks.cpu_offload) | First 10 skipped objects:
00:05:52.716 | WARNING (432628, stable_pretraining.callbacks.cpu_offload) |   - float at 'optimizer_states[0].param_groups[0].lr'
00:05:52.716 | WARNING (432628, stable_pretraining.callbacks.cpu_offload) |   - float at 'optimizer_states[0].param_groups[0].betas[0]'
00:05:52.716 | WARNING (432628, stable_pretraining.callbacks.cpu_offload) |   - float at 'optimizer_states[0].param_groups[0].betas[1]'
00:05:52.716 | WARNING (432628, stable_pretraining.callbacks.cpu_offload) |   - float at 'optimizer_states[0].param_groups[0].eps'
00:05:52.716 | WARNING (432628, stable_pretraining.callbacks.cpu_offload) |   - float at 'optimizer_states[0].param_groups[0].weight_decay'
00:05:52.716 | WARNING (432628, stable_pretraining.callbacks.cpu_offload) |   - bool at 'optimizer_states[0].param_groups[0].amsgrad'
00:05:52.716 | WARNING (432628, stable_pretraining.callbacks.cpu_offload) |   - bool at 'optimizer_states[0].param_groups[0].maximize'
00:05:52.716 | WARNING (432628, stable_pretraining.callbacks.cpu_offload) |   - NoneType at 'optimizer_states[0].param_groups[0].foreach'
00:05:52.716 | WARNING (432628, stable_pretraining.callbacks.cpu_offload) |   - bool at 'optimizer_states[0].param_groups[0].capturable'
00:05:52.716 | WARNING (432628, stable_pretraining.callbacks.cpu_offload) |   - bool at 'optimizer_states[0].param_groups[0].differentiable'
00:05:52.716 | WARNING (432628, stable_pretraining.callbacks.cpu_offload) | ... (302 more skipped) ...
00:05:52.717 | WARNING (432628, stable_pretraining.callbacks.cpu_offload) | Last 10 skipped objects:
00:05:52.717 | WARNING (432628, stable_pretraining.callbacks.cpu_offload) |   - int at 'lr_schedulers[0].warmup_steps'
00:05:52.717 | WARNING (432628, stable_pretraining.callbacks.cpu_offload) |   - int at 'lr_schedulers[0].max_steps'
00:05:52.717 | WARNING (432628, stable_pretraining.callbacks.cpu_offload) |   - float at 'lr_schedulers[0].warmup_start_lr'
00:05:52.717 | WARNING (432628, stable_pretraining.callbacks.cpu_offload) |   - float at 'lr_schedulers[0].eta_min'
00:05:52.717 | WARNING (432628, stable_pretraining.callbacks.cpu_offload) |   - float at 'lr_schedulers[0].base_lrs[0]'
00:05:52.717 | WARNING (432628, stable_pretraining.callbacks.cpu_offload) |   - int at 'lr_schedulers[0].last_epoch'
00:05:52.717 | WARNING (432628, stable_pretraining.callbacks.cpu_offload) |   - int at 'lr_schedulers[0]._step_count'
00:05:52.717 | WARNING (432628, stable_pretraining.callbacks.cpu_offload) |   - bool at 'lr_schedulers[0]._is_initial'
00:05:52.717 | WARNING (432628, stable_pretraining.callbacks.cpu_offload) |   - bool at 'lr_schedulers[0]._get_lr_called_within_step'
00:05:52.717 | WARNING (432628, stable_pretraining.callbacks.cpu_offload) |   - float at 'lr_schedulers[0]._last_lr[0]'
00:05:52.717 | INFO    (432628, stable_pretraining.callbacks.cpu_offload) | To see all 322 skipped objects, set log_skipped=True
00:05:52.717 | INFO    (432628, stable_pretraining.callbacks.cpu_offload) | GPU memory after offload:
00:05:52.717 | INFO    (432628, stable_pretraining.callbacks.cpu_offload) |   - Allocated: 0.24 GB
00:05:52.717 | INFO    (432628, stable_pretraining.callbacks.cpu_offload) |   - Reserved: 16.65 GB
00:05:52.717 | INFO    (432628, stable_pretraining.callbacks.cpu_offload) | GPU memory freed: 0.00 GB
00:05:52.718 | SUCCESS (432628, stable_pretraining.callbacks.cpu_offload) | CPUOffloadCallback: Checkpoint #13 completed in 0.10s
00:05:52.718 | INFO    (432628, stable_pretraining.callbacks.cpu_offload) | Successfully processed keys: ['state_dict', 'optimizer_states', 'lr_schedulers']
00:05:52.718 | INFO    (432628, stable_pretraining.callbacks.cpu_offload) | Cumulative stats:
00:05:52.718 | INFO    (432628, stable_pretraining.callbacks.cpu_offload) |   - Total checkpoints saved: 13
00:05:52.718 | INFO    (432628, stable_pretraining.callbacks.cpu_offload) |   - Total time in offload: 1.31s
00:05:52.718 | INFO    (432628, stable_pretraining.callbacks.cpu_offload) |   - Total memory freed: 0.00 GB
00:05:52.718 | INFO    (432628, stable_pretraining.callbacks.cpu_offload) |   - Average time per checkpoint: 0.10s
00:05:52.718 | INFO    (432628, stable_pretraining.callbacks.cpu_offload) | ============================================================
00:05:53.236 | INFO    (432628, stable_pretraining.callbacks.checkpoint_sklearn) | Checking for non PyTorch modules to save... 🔧
00:05:53.236 | INFO    (432628, stable_pretraining.callbacks.checkpoint_sklearn) | Checking for Wandb params to save... 🔧
00:05:53.237 | INFO    (432628, stable_pretraining.callbacks.checkpoint_sklearn) | Saving Wandb params {'id': '8587y5gu'}
00:05:53.237 | INFO    (432628, stable_pretraining.callbacks.checkpoint_sklearn) | Checking for Wandb params to save... Done!
00:05:53.237 | INFO    (432628, stable_pretraining.callbacks.cpu_offload) | ============================================================
00:05:53.237 | INFO    (432628, stable_pretraining.callbacks.cpu_offload) | CPUOffloadCallback: Starting checkpoint CPU offload (#14)
00:05:53.237 | INFO    (432628, stable_pretraining.callbacks.cpu_offload) |   - Global step: 8988
00:05:53.237 | INFO    (432628, stable_pretraining.callbacks.cpu_offload) |   - Epoch: 6
00:05:53.237 | INFO    (432628, stable_pretraining.callbacks.cpu_offload) | Checkpoint contains 11 keys: ['callbacks', 'epoch', 'global_step', 'hparams_name', 'hyper_parameters', 'loops', 'lr_schedulers', 'optimizer_states', 'pytorch-lightning_version', 'state_dict', 'wandb']
00:05:53.237 | INFO    (432628, stable_pretraining.callbacks.cpu_offload) | GPU memory before offload:
00:05:53.237 | INFO    (432628, stable_pretraining.callbacks.cpu_offload) |   - Allocated: 0.24 GB
00:05:53.237 | INFO    (432628, stable_pretraining.callbacks.cpu_offload) |   - Reserved: 16.65 GB
00:05:53.237 | INFO    (432628, stable_pretraining.callbacks.cpu_offload) | Processing checkpoint key: 'state_dict'
00:05:53.270 | SUCCESS (432628, stable_pretraining.callbacks.cpu_offload) | ✓ Completed 'state_dict' in 0.03s
00:05:53.271 | INFO    (432628, stable_pretraining.callbacks.cpu_offload) | Processing checkpoint key: 'optimizer_states'
00:05:53.336 | SUCCESS (432628, stable_pretraining.callbacks.cpu_offload) | ✓ Completed 'optimizer_states' in 0.07s
00:05:53.337 | INFO    (432628, stable_pretraining.callbacks.cpu_offload) | Processing checkpoint key: 'lr_schedulers'
00:05:53.337 | SUCCESS (432628, stable_pretraining.callbacks.cpu_offload) | ✓ Completed 'lr_schedulers' in 0.00s
00:05:53.337 | WARNING (432628, stable_pretraining.callbacks.cpu_offload) | Skipped 322 custom object(s)
00:05:53.337 | WARNING (432628, stable_pretraining.callbacks.cpu_offload) | First 10 skipped objects:
00:05:53.337 | WARNING (432628, stable_pretraining.callbacks.cpu_offload) |   - float at 'optimizer_states[0].param_groups[0].lr'
00:05:53.337 | WARNING (432628, stable_pretraining.callbacks.cpu_offload) |   - float at 'optimizer_states[0].param_groups[0].betas[0]'
00:05:53.337 | WARNING (432628, stable_pretraining.callbacks.cpu_offload) |   - float at 'optimizer_states[0].param_groups[0].betas[1]'
00:05:53.337 | WARNING (432628, stable_pretraining.callbacks.cpu_offload) |   - float at 'optimizer_states[0].param_groups[0].eps'
00:05:53.337 | WARNING (432628, stable_pretraining.callbacks.cpu_offload) |   - float at 'optimizer_states[0].param_groups[0].weight_decay'
00:05:53.337 | WARNING (432628, stable_pretraining.callbacks.cpu_offload) |   - bool at 'optimizer_states[0].param_groups[0].amsgrad'
00:05:53.337 | WARNING (432628, stable_pretraining.callbacks.cpu_offload) |   - bool at 'optimizer_states[0].param_groups[0].maximize'
00:05:53.337 | WARNING (432628, stable_pretraining.callbacks.cpu_offload) |   - NoneType at 'optimizer_states[0].param_groups[0].foreach'
00:05:53.337 | WARNING (432628, stable_pretraining.callbacks.cpu_offload) |   - bool at 'optimizer_states[0].param_groups[0].capturable'
00:05:53.337 | WARNING (432628, stable_pretraining.callbacks.cpu_offload) |   - bool at 'optimizer_states[0].param_groups[0].differentiable'
00:05:53.337 | WARNING (432628, stable_pretraining.callbacks.cpu_offload) | ... (302 more skipped) ...
00:05:53.337 | WARNING (432628, stable_pretraining.callbacks.cpu_offload) | Last 10 skipped objects:
00:05:53.338 | WARNING (432628, stable_pretraining.callbacks.cpu_offload) |   - int at 'lr_schedulers[0].warmup_steps'
00:05:53.338 | WARNING (432628, stable_pretraining.callbacks.cpu_offload) |   - int at 'lr_schedulers[0].max_steps'
00:05:53.338 | WARNING (432628, stable_pretraining.callbacks.cpu_offload) |   - float at 'lr_schedulers[0].warmup_start_lr'
00:05:53.338 | WARNING (432628, stable_pretraining.callbacks.cpu_offload) |   - float at 'lr_schedulers[0].eta_min'
00:05:53.338 | WARNING (432628, stable_pretraining.callbacks.cpu_offload) |   - float at 'lr_schedulers[0].base_lrs[0]'
00:05:53.338 | WARNING (432628, stable_pretraining.callbacks.cpu_offload) |   - int at 'lr_schedulers[0].last_epoch'
00:05:53.338 | WARNING (432628, stable_pretraining.callbacks.cpu_offload) |   - int at 'lr_schedulers[0]._step_count'
00:05:53.338 | WARNING (432628, stable_pretraining.callbacks.cpu_offload) |   - bool at 'lr_schedulers[0]._is_initial'
00:05:53.338 | WARNING (432628, stable_pretraining.callbacks.cpu_offload) |   - bool at 'lr_schedulers[0]._get_lr_called_within_step'
00:05:53.338 | WARNING (432628, stable_pretraining.callbacks.cpu_offload) |   - float at 'lr_schedulers[0]._last_lr[0]'
00:05:53.338 | INFO    (432628, stable_pretraining.callbacks.cpu_offload) | To see all 322 skipped objects, set log_skipped=True
00:05:53.338 | INFO    (432628, stable_pretraining.callbacks.cpu_offload) | GPU memory after offload:
00:05:53.338 | INFO    (432628, stable_pretraining.callbacks.cpu_offload) |   - Allocated: 0.24 GB
00:05:53.338 | INFO    (432628, stable_pretraining.callbacks.cpu_offload) |   - Reserved: 16.65 GB
00:05:53.338 | INFO    (432628, stable_pretraining.callbacks.cpu_offload) | GPU memory freed: 0.00 GB
00:05:53.339 | SUCCESS (432628, stable_pretraining.callbacks.cpu_offload) | CPUOffloadCallback: Checkpoint #14 completed in 0.10s
00:05:53.339 | INFO    (432628, stable_pretraining.callbacks.cpu_offload) | Successfully processed keys: ['state_dict', 'optimizer_states', 'lr_schedulers']
00:05:53.339 | INFO    (432628, stable_pretraining.callbacks.cpu_offload) | Cumulative stats:
00:05:53.339 | INFO    (432628, stable_pretraining.callbacks.cpu_offload) |   - Total checkpoints saved: 14
00:05:53.339 | INFO    (432628, stable_pretraining.callbacks.cpu_offload) |   - Total time in offload: 1.41s
00:05:53.339 | INFO    (432628, stable_pretraining.callbacks.cpu_offload) |   - Total memory freed: 0.00 GB
00:05:53.339 | INFO    (432628, stable_pretraining.callbacks.cpu_offload) |   - Average time per checkpoint: 0.10s
00:05:53.339 | INFO    (432628, stable_pretraining.callbacks.cpu_offload) | ============================================================
00:28:03.599 | WARNING (432628, stable_pretraining.module) | You are calling self.parameters which also gives callbacks parameters, to remove then, pass `with_callbacks=False`
00:30:30.456 | INFO    (432628, stable_pretraining.callbacks.trainer_info) | \n+----------------------------+----------------------+
|           Metric           |        Value         |
+----------------------------+----------------------+
|          [0;34;40mfit/loss[0m          | [0;32;40m0.016642097383737564[0m |
|       [0;34;40mfit/pred_loss[0m        | [0;32;40m0.004120177589356899[0m |
|      [0;34;40mfit/rdmreg_loss[0m       | [0;32;40m0.012521919794380665[0m |
|       [0;34;40mvalidate/loss[0m        |  [0;32;40m0.938362717628479[0m   |
|    [0;34;40mvalidate/loss_epoch[0m     |  [0;32;40m0.938362717628479[0m   |
|     [0;34;40mvalidate/pred_loss[0m     |  [0;32;40m0.4460376799106598[0m  |
|  [0;34;40mvalidate/pred_loss_epoch[0m  |  [0;32;40m0.4460376799106598[0m  |
|    [0;34;40mvalidate/rdmreg_loss[0m    | [0;32;40m0.49232497811317444[0m  |
| [0;34;40mvalidate/rdmreg_loss_epoch[0m | [0;32;40m0.49232497811317444[0m  |
+----------------------------+----------------------+
00:30:30.536 | INFO    (432628, stable_pretraining.callbacks.checkpoint_sklearn) | Checking for non PyTorch modules to save... 🔧
00:30:30.536 | INFO    (432628, stable_pretraining.callbacks.checkpoint_sklearn) | Checking for Wandb params to save... 🔧
00:30:30.536 | INFO    (432628, stable_pretraining.callbacks.checkpoint_sklearn) | Saving Wandb params {'id': '8587y5gu'}
00:30:30.536 | INFO    (432628, stable_pretraining.callbacks.checkpoint_sklearn) | Checking for Wandb params to save... Done!
00:30:30.536 | INFO    (432628, stable_pretraining.callbacks.cpu_offload) | ============================================================
00:30:30.536 | INFO    (432628, stable_pretraining.callbacks.cpu_offload) | CPUOffloadCallback: Starting checkpoint CPU offload (#15)
00:30:30.537 | INFO    (432628, stable_pretraining.callbacks.cpu_offload) |   - Global step: 10272
00:30:30.537 | INFO    (432628, stable_pretraining.callbacks.cpu_offload) |   - Epoch: 7
00:30:30.537 | INFO    (432628, stable_pretraining.callbacks.cpu_offload) | Checkpoint contains 11 keys: ['callbacks', 'epoch', 'global_step', 'hparams_name', 'hyper_parameters', 'loops', 'lr_schedulers', 'optimizer_states', 'pytorch-lightning_version', 'state_dict', 'wandb']
00:30:30.537 | INFO    (432628, stable_pretraining.callbacks.cpu_offload) | GPU memory before offload:
00:30:30.537 | INFO    (432628, stable_pretraining.callbacks.cpu_offload) |   - Allocated: 0.24 GB
00:30:30.537 | INFO    (432628, stable_pretraining.callbacks.cpu_offload) |   - Reserved: 16.65 GB
00:30:30.537 | INFO    (432628, stable_pretraining.callbacks.cpu_offload) | Processing checkpoint key: 'state_dict'
00:30:30.565 | SUCCESS (432628, stable_pretraining.callbacks.cpu_offload) | ✓ Completed 'state_dict' in 0.03s
00:30:30.565 | INFO    (432628, stable_pretraining.callbacks.cpu_offload) | Processing checkpoint key: 'optimizer_states'
00:30:30.630 | SUCCESS (432628, stable_pretraining.callbacks.cpu_offload) | ✓ Completed 'optimizer_states' in 0.06s
00:30:30.630 | INFO    (432628, stable_pretraining.callbacks.cpu_offload) | Processing checkpoint key: 'lr_schedulers'
00:30:30.630 | SUCCESS (432628, stable_pretraining.callbacks.cpu_offload) | ✓ Completed 'lr_schedulers' in 0.00s
00:30:30.630 | WARNING (432628, stable_pretraining.callbacks.cpu_offload) | Skipped 322 custom object(s)
00:30:30.630 | WARNING (432628, stable_pretraining.callbacks.cpu_offload) | First 10 skipped objects:
00:30:30.630 | WARNING (432628, stable_pretraining.callbacks.cpu_offload) |   - float at 'optimizer_states[0].param_groups[0].lr'
00:30:30.630 | WARNING (432628, stable_pretraining.callbacks.cpu_offload) |   - float at 'optimizer_states[0].param_groups[0].betas[0]'
00:30:30.630 | WARNING (432628, stable_pretraining.callbacks.cpu_offload) |   - float at 'optimizer_states[0].param_groups[0].betas[1]'
00:30:30.630 | WARNING (432628, stable_pretraining.callbacks.cpu_offload) |   - float at 'optimizer_states[0].param_groups[0].eps'
00:30:30.630 | WARNING (432628, stable_pretraining.callbacks.cpu_offload) |   - float at 'optimizer_states[0].param_groups[0].weight_decay'
00:30:30.630 | WARNING (432628, stable_pretraining.callbacks.cpu_offload) |   - bool at 'optimizer_states[0].param_groups[0].amsgrad'
00:30:30.630 | WARNING (432628, stable_pretraining.callbacks.cpu_offload) |   - bool at 'optimizer_states[0].param_groups[0].maximize'
00:30:30.630 | WARNING (432628, stable_pretraining.callbacks.cpu_offload) |   - NoneType at 'optimizer_states[0].param_groups[0].foreach'
00:30:30.630 | WARNING (432628, stable_pretraining.callbacks.cpu_offload) |   - bool at 'optimizer_states[0].param_groups[0].capturable'
00:30:30.630 | WARNING (432628, stable_pretraining.callbacks.cpu_offload) |   - bool at 'optimizer_states[0].param_groups[0].differentiable'
00:30:30.630 | WARNING (432628, stable_pretraining.callbacks.cpu_offload) | ... (302 more skipped) ...
00:30:30.631 | WARNING (432628, stable_pretraining.callbacks.cpu_offload) | Last 10 skipped objects:
00:30:30.631 | WARNING (432628, stable_pretraining.callbacks.cpu_offload) |   - int at 'lr_schedulers[0].warmup_steps'
00:30:30.631 | WARNING (432628, stable_pretraining.callbacks.cpu_offload) |   - int at 'lr_schedulers[0].max_steps'
00:30:30.631 | WARNING (432628, stable_pretraining.callbacks.cpu_offload) |   - float at 'lr_schedulers[0].warmup_start_lr'
00:30:30.631 | WARNING (432628, stable_pretraining.callbacks.cpu_offload) |   - float at 'lr_schedulers[0].eta_min'
00:30:30.631 | WARNING (432628, stable_pretraining.callbacks.cpu_offload) |   - float at 'lr_schedulers[0].base_lrs[0]'
00:30:30.631 | WARNING (432628, stable_pretraining.callbacks.cpu_offload) |   - int at 'lr_schedulers[0].last_epoch'
00:30:30.631 | WARNING (432628, stable_pretraining.callbacks.cpu_offload) |   - int at 'lr_schedulers[0]._step_count'
00:30:30.631 | WARNING (432628, stable_pretraining.callbacks.cpu_offload) |   - bool at 'lr_schedulers[0]._is_initial'
00:30:30.631 | WARNING (432628, stable_pretraining.callbacks.cpu_offload) |   - bool at 'lr_schedulers[0]._get_lr_called_within_step'
00:30:30.631 | WARNING (432628, stable_pretraining.callbacks.cpu_offload) |   - float at 'lr_schedulers[0]._last_lr[0]'
00:30:30.631 | INFO    (432628, stable_pretraining.callbacks.cpu_offload) | To see all 322 skipped objects, set log_skipped=True
00:30:30.631 | INFO    (432628, stable_pretraining.callbacks.cpu_offload) | GPU memory after offload:
00:30:30.631 | INFO    (432628, stable_pretraining.callbacks.cpu_offload) |   - Allocated: 0.24 GB
00:30:30.631 | INFO    (432628, stable_pretraining.callbacks.cpu_offload) |   - Reserved: 16.65 GB
00:30:30.631 | INFO    (432628, stable_pretraining.callbacks.cpu_offload) | GPU memory freed: 0.00 GB
00:30:30.632 | SUCCESS (432628, stable_pretraining.callbacks.cpu_offload) | CPUOffloadCallback: Checkpoint #15 completed in 0.10s
00:30:30.632 | INFO    (432628, stable_pretraining.callbacks.cpu_offload) | Successfully processed keys: ['state_dict', 'optimizer_states', 'lr_schedulers']
00:30:30.632 | INFO    (432628, stable_pretraining.callbacks.cpu_offload) | Cumulative stats:
00:30:30.632 | INFO    (432628, stable_pretraining.callbacks.cpu_offload) |   - Total checkpoints saved: 15
00:30:30.632 | INFO    (432628, stable_pretraining.callbacks.cpu_offload) |   - Total time in offload: 1.50s
00:30:30.632 | INFO    (432628, stable_pretraining.callbacks.cpu_offload) |   - Total memory freed: 0.00 GB
00:30:30.632 | INFO    (432628, stable_pretraining.callbacks.cpu_offload) |   - Average time per checkpoint: 0.10s
00:30:30.632 | INFO    (432628, stable_pretraining.callbacks.cpu_offload) | ============================================================
00:30:30.993 | INFO    (432628, stable_pretraining.callbacks.checkpoint_sklearn) | Checking for non PyTorch modules to save... 🔧
00:30:30.993 | INFO    (432628, stable_pretraining.callbacks.checkpoint_sklearn) | Checking for Wandb params to save... 🔧
00:30:30.993 | INFO    (432628, stable_pretraining.callbacks.checkpoint_sklearn) | Saving Wandb params {'id': '8587y5gu'}
00:30:30.993 | INFO    (432628, stable_pretraining.callbacks.checkpoint_sklearn) | Checking for Wandb params to save... Done!
00:30:30.993 | INFO    (432628, stable_pretraining.callbacks.cpu_offload) | ============================================================
00:30:30.993 | INFO    (432628, stable_pretraining.callbacks.cpu_offload) | CPUOffloadCallback: Starting checkpoint CPU offload (#16)
00:30:30.994 | INFO    (432628, stable_pretraining.callbacks.cpu_offload) |   - Global step: 10272
00:30:30.994 | INFO    (432628, stable_pretraining.callbacks.cpu_offload) |   - Epoch: 7
00:30:30.994 | INFO    (432628, stable_pretraining.callbacks.cpu_offload) | Checkpoint contains 11 keys: ['callbacks', 'epoch', 'global_step', 'hparams_name', 'hyper_parameters', 'loops', 'lr_schedulers', 'optimizer_states', 'pytorch-lightning_version', 'state_dict', 'wandb']
00:30:30.994 | INFO    (432628, stable_pretraining.callbacks.cpu_offload) | GPU memory before offload:
00:30:30.994 | INFO    (432628, stable_pretraining.callbacks.cpu_offload) |   - Allocated: 0.24 GB
00:30:30.994 | INFO    (432628, stable_pretraining.callbacks.cpu_offload) |   - Reserved: 16.65 GB
00:30:30.994 | INFO    (432628, stable_pretraining.callbacks.cpu_offload) | Processing checkpoint key: 'state_dict'
00:30:31.027 | SUCCESS (432628, stable_pretraining.callbacks.cpu_offload) | ✓ Completed 'state_dict' in 0.03s
00:30:31.027 | INFO    (432628, stable_pretraining.callbacks.cpu_offload) | Processing checkpoint key: 'optimizer_states'
00:30:31.094 | SUCCESS (432628, stable_pretraining.callbacks.cpu_offload) | ✓ Completed 'optimizer_states' in 0.07s
00:30:31.094 | INFO    (432628, stable_pretraining.callbacks.cpu_offload) | Processing checkpoint key: 'lr_schedulers'
00:30:31.094 | SUCCESS (432628, stable_pretraining.callbacks.cpu_offload) | ✓ Completed 'lr_schedulers' in 0.00s
00:30:31.095 | WARNING (432628, stable_pretraining.callbacks.cpu_offload) | Skipped 322 custom object(s)
00:30:31.095 | WARNING (432628, stable_pretraining.callbacks.cpu_offload) | First 10 skipped objects:
00:30:31.095 | WARNING (432628, stable_pretraining.callbacks.cpu_offload) |   - float at 'optimizer_states[0].param_groups[0].lr'
00:30:31.095 | WARNING (432628, stable_pretraining.callbacks.cpu_offload) |   - float at 'optimizer_states[0].param_groups[0].betas[0]'
00:30:31.095 | WARNING (432628, stable_pretraining.callbacks.cpu_offload) |   - float at 'optimizer_states[0].param_groups[0].betas[1]'
00:30:31.095 | WARNING (432628, stable_pretraining.callbacks.cpu_offload) |   - float at 'optimizer_states[0].param_groups[0].eps'
00:30:31.095 | WARNING (432628, stable_pretraining.callbacks.cpu_offload) |   - float at 'optimizer_states[0].param_groups[0].weight_decay'
00:30:31.095 | WARNING (432628, stable_pretraining.callbacks.cpu_offload) |   - bool at 'optimizer_states[0].param_groups[0].amsgrad'
00:30:31.095 | WARNING (432628, stable_pretraining.callbacks.cpu_offload) |   - bool at 'optimizer_states[0].param_groups[0].maximize'
00:30:31.095 | WARNING (432628, stable_pretraining.callbacks.cpu_offload) |   - NoneType at 'optimizer_states[0].param_groups[0].foreach'
00:30:31.095 | WARNING (432628, stable_pretraining.callbacks.cpu_offload) |   - bool at 'optimizer_states[0].param_groups[0].capturable'
00:30:31.095 | WARNING (432628, stable_pretraining.callbacks.cpu_offload) |   - bool at 'optimizer_states[0].param_groups[0].differentiable'
00:30:31.095 | WARNING (432628, stable_pretraining.callbacks.cpu_offload) | ... (302 more skipped) ...
00:30:31.095 | WARNING (432628, stable_pretraining.callbacks.cpu_offload) | Last 10 skipped objects:
00:30:31.095 | WARNING (432628, stable_pretraining.callbacks.cpu_offload) |   - int at 'lr_schedulers[0].warmup_steps'
00:30:31.095 | WARNING (432628, stable_pretraining.callbacks.cpu_offload) |   - int at 'lr_schedulers[0].max_steps'
00:30:31.095 | WARNING (432628, stable_pretraining.callbacks.cpu_offload) |   - float at 'lr_schedulers[0].warmup_start_lr'
00:30:31.095 | WARNING (432628, stable_pretraining.callbacks.cpu_offload) |   - float at 'lr_schedulers[0].eta_min'
00:30:31.096 | WARNING (432628, stable_pretraining.callbacks.cpu_offload) |   - float at 'lr_schedulers[0].base_lrs[0]'
00:30:31.096 | WARNING (432628, stable_pretraining.callbacks.cpu_offload) |   - int at 'lr_schedulers[0].last_epoch'
00:30:31.096 | WARNING (432628, stable_pretraining.callbacks.cpu_offload) |   - int at 'lr_schedulers[0]._step_count'
00:30:31.096 | WARNING (432628, stable_pretraining.callbacks.cpu_offload) |   - bool at 'lr_schedulers[0]._is_initial'
00:30:31.096 | WARNING (432628, stable_pretraining.callbacks.cpu_offload) |   - bool at 'lr_schedulers[0]._get_lr_called_within_step'
00:30:31.096 | WARNING (432628, stable_pretraining.callbacks.cpu_offload) |   - float at 'lr_schedulers[0]._last_lr[0]'
00:30:31.096 | INFO    (432628, stable_pretraining.callbacks.cpu_offload) | To see all 322 skipped objects, set log_skipped=True
00:30:31.096 | INFO    (432628, stable_pretraining.callbacks.cpu_offload) | GPU memory after offload:
00:30:31.096 | INFO    (432628, stable_pretraining.callbacks.cpu_offload) |   - Allocated: 0.24 GB
00:30:31.096 | INFO    (432628, stable_pretraining.callbacks.cpu_offload) |   - Reserved: 16.65 GB
00:30:31.096 | INFO    (432628, stable_pretraining.callbacks.cpu_offload) | GPU memory freed: 0.00 GB
00:30:31.096 | SUCCESS (432628, stable_pretraining.callbacks.cpu_offload) | CPUOffloadCallback: Checkpoint #16 completed in 0.10s
00:30:31.096 | INFO    (432628, stable_pretraining.callbacks.cpu_offload) | Successfully processed keys: ['state_dict', 'optimizer_states', 'lr_schedulers']
00:30:31.096 | INFO    (432628, stable_pretraining.callbacks.cpu_offload) | Cumulative stats:
00:30:31.097 | INFO    (432628, stable_pretraining.callbacks.cpu_offload) |   - Total checkpoints saved: 16
00:30:31.097 | INFO    (432628, stable_pretraining.callbacks.cpu_offload) |   - Total time in offload: 1.61s
00:30:31.097 | INFO    (432628, stable_pretraining.callbacks.cpu_offload) |   - Total memory freed: 0.00 GB
00:30:31.097 | INFO    (432628, stable_pretraining.callbacks.cpu_offload) |   - Average time per checkpoint: 0.10s
00:30:31.097 | INFO    (432628, stable_pretraining.callbacks.cpu_offload) | ============================================================
