[2026-04-13 02:16:17,637][root][INFO] - Cached 'action' from LMDB
[2026-04-13 02:16:17,639][root][INFO] - Cached 'ep_len' from LMDB
[2026-04-13 02:16:17,641][root][INFO] - Cached 'ep_offset' from LMDB
[2026-04-13 02:16:17,902][root][INFO] - Cached 'episode_idx' from LMDB
[2026-04-13 02:16:18,391][root][INFO] - Cached 'proprio' from LMDB
[2026-04-13 02:16:19,413][root][INFO] - Cached 'state' from LMDB
[2026-04-13 02:16:19,670][root][INFO] - Cached 'step_idx' from LMDB
02:16:20.093 | INFO    (630558, stable_pretraining.backbone.utils) | Created ViT-tiny from scratch with config: {'hidden_size': 192, 'num_hidden_layers': 12, 'num_attention_heads': 3, 'intermediate_size': 768, 'image_size': 112, 'patch_size': 14}
02:16:21.108 | INFO    (630558, stable_pretraining.data.module) | Setting up DataModule
02:16:21.108 | INFO    (630558, stable_pretraining.module) | Initializing Module configuration...
02:16:21.108 | WARNING (630558, stable_pretraining.module) | No hyperparameters provided - hyperparameter logging is disabled.
02:16:21.108 | INFO    (630558, stable_pretraining.module) | Setting custom forward method.
02:16:21.108 | INFO    (630558, stable_pretraining.module) | Setting attribute: self.model = <class 'torch._dynamo.eval_frame.OptimizedModule'>
02:16:21.108 | INFO    (630558, stable_pretraining.module) | Setting attribute: self.rdmreg = <class 'rdmreg.RDMReg'>
02:16:21.108 | INFO    (630558, stable_pretraining.module) | Setting attribute: self.optim = <class 'dict'>
02:16:21.108 | INFO    (630558, stable_pretraining.module) | No metrics configuration provided - automatic metric tracking is disabled.
wandb: WARNING The anonymous setting has no effect and will be removed in a future version.
wandb: [wandb.login()] Loaded credentials for https://api.wandb.ai from /home/aarav/.netrc.
wandb: Currently logged in as: narendraaironi (wms_at_iitb) to https://api.wandb.ai. Use `wandb login --relogin` to force relogin
wandb: setting up run lewm_lp_pusht_expert_v1
wandb: Tracking run with wandb version 0.25.1
wandb: Run data is saved locally in wandb/run-20260413_021622-lewm_lp_pusht_expert_v1
wandb: Run `wandb offline` to turn off syncing.
wandb: Resuming run lewm_lp_p1.0_pusht_expert
wandb: ⭐️ View project at https://wandb.ai/wms_at_iitb/le-wm
wandb: 🚀 View run at https://wandb.ai/wms_at_iitb/le-wm/runs/lewm_lp_pusht_expert_v1
/home/aarav/wms/le-wm/le-wm/lib/python3.11/site-packages/lightning/fabric/connector.py:571: `precision=bf16` is supported for historical reasons but its usage is discouraged. Please set your precision to bf16-mixed instead!
Using bfloat16 Automatic Mixed Precision (AMP)
02:16:24.420 | INFO    (630558, stable_pretraining.callbacks.env_info) | EnvironmentDumpCallback initialized (filename=environment.json, async=True)
02:16:24.420 | INFO    (630558, stable_pretraining.callbacks.cpu_offload) | ============================================================
02:16:24.420 | INFO    (630558, stable_pretraining.callbacks.cpu_offload) | Initializing CPUOffloadCallback
02:16:24.420 | INFO    (630558, stable_pretraining.callbacks.cpu_offload) | Configuration:
02:16:24.420 | INFO    (630558, stable_pretraining.callbacks.cpu_offload) |   - Offload keys: ['state_dict', 'optimizer_states', 'lr_schedulers']
02:16:24.420 | INFO    (630558, stable_pretraining.callbacks.cpu_offload) |   - Log all skipped objects: False
02:16:24.420 | INFO    (630558, stable_pretraining.callbacks.cpu_offload) |   - Will show first/last 10 skipped objects only
02:16:24.421 | SUCCESS (630558, stable_pretraining.callbacks.cpu_offload) | ✓ CUDA available: 1 GPU(s) detected
02:16:24.507 | INFO    (630558, stable_pretraining.callbacks.cpu_offload) |   - GPU 0: NVIDIA RTX 4000 Ada Generation (21.0 GB)
02:16:24.507 | SUCCESS (630558, stable_pretraining.callbacks.cpu_offload) | CPUOffloadCallback initialized successfully
02:16:24.507 | INFO    (630558, stable_pretraining.callbacks.cpu_offload) | ============================================================
Adding 10 callbacks from entry point 'stablepretraining_callbacks': ModuleRegistryCallback, LoggingCallback, EnvironmentDumpCallback, TrainerInfo, SklearnCheckpoint, WandbCheckpoint, ModuleSummary, SLURMInfo, LogUnusedParametersOnce, CPUOffloadCallback
GPU available: True (cuda), used: True
TPU available: False, using: 0 TPU cores
💡 Tip: For seamless cloud logging and experiment tracking, try installing [litlogger](https://pypi.org/project/litlogger/) to enable LitLogger, which logs metrics and artifacts automatically to the Lightning Experiments platform.
02:16:24.509 | WARNING (630558, stable_pretraining.manager) | User didn't specify seed, runs won't be exactly reproducible!
02:16:24.509 | INFO    (630558, stable_pretraining.manager) | 📁📁📁 CURRENT WORKING DIR: /home/aarav/wms/le-wm 📁📁📁
02:16:24.509 | INFO    (630558, stable_pretraining.manager) | 🌱🌱🌱 SEEDING EVERYTHING with self.seed=None 🌱🌱🌱
/home/aarav/wms/le-wm/le-wm/lib/python3.11/site-packages/lightning/fabric/utilities/seed.py:44: No seed found, seed set to 0
Seed set to 0
02:16:24.600 | INFO    (630558, stable_pretraining.manager) | 📈📈📈 Using Wandb 📈📈📈
02:16:24.600 | INFO    (630558, stable_pretraining.manager) | 		a Wandb™ config is provided, not uploading Hydra's:
02:16:24.600 | INFO    (630558, stable_pretraining.manager) | 📈📈📈 WandbLogger setup 📈📈📈
02:16:24.600 | INFO    (630558, stable_pretraining.manager) | 📈📈📈 init={'name': 'lewm_lp_p1.0_pusht_expert', 'project': 'le-wm', 'dir': '.', 'id': 'lewm_lp_pusht_expert_v1', 'resume': 'allow', 'anonymous': None, 'entity': 'wms_at_iitb'} 📈📈📈
02:16:24.601 | INFO    (630558, stable_pretraining.manager) | 	● 👂👂👂 SIGNALS HANDLERS 👂👂👂
02:16:24.601 | INFO    (630558, stable_pretraining.manager) | 		- SIGUSR1: `0`
02:16:24.601 | INFO    (630558, stable_pretraining.manager) | 		- SIGUSR2: `0`
02:16:24.601 | INFO    (630558, stable_pretraining.manager) | 		- SIGCONT: `0`
02:16:24.601 | INFO    (630558, stable_pretraining.manager) | 		- SIGTERM: `0`
02:16:24.601 | INFO    (630558, stable_pretraining.manager) | 	● 📞📞📞 CALLBACKS 📞📞📞
02:16:24.601 | INFO    (630558, stable_pretraining.manager) | 		 - we found 14 callbacks
02:16:24.601 | INFO    (630558, stable_pretraining.manager) | 	● 📞📞📞 CHECKPOINTING SETUP 📞📞📞
02:16:24.601 | WARNING (630558, stable_pretraining.manager) | 		 Checkpoint mismatch: `manager.ckpt_path` (/home/aarav/wms/le-wm/dataset/lewm_lp_p1.0_pusht_expert_weights.ckpt) was provided, but no matching `ModelCheckpoint` callback was found.
02:16:24.601 | WARNING (630558, stable_pretraining.manager) | 		 Automatically creating a `ModelCheckpoint` to save to the specified path to prevent data loss.
02:16:24.602 | WARNING (630558, stable_pretraining.manager) | 		 - Automatic `ModelCheckpoint` callback has been added to the trainer.
02:16:24.602 | WARNING (630558, stable_pretraining.manager) | /home/aarav/wms/le-wm/dataset/lewm_lp_p1.0_pusht_expert_weights.ckpt specified, but does not exist, using None for now!
02:16:24.602 | INFO    (630558, stable_pretraining.manager) | 📣📣📣 CALLING trainer.fit with ckpt_path=None 📣📣📣
💡 Tip: For seamless cloud uploads and versioning, try installing [litmodels](https://pypi.org/project/litmodels/) to enable LitModelCheckpoint, which syncs automatically with the Lightning model registry.
You are using a CUDA device ('NVIDIA RTX 4000 Ada Generation') that has Tensor Cores. To properly utilize them, you should set `torch.set_float32_matmul_precision('medium' | 'high')` which will trade-off precision for performance. For more details, read https://pytorch.org/docs/stable/generated/torch.set_float32_matmul_precision.html#torch.set_float32_matmul_precision
02:16:24.723 | INFO    (630558, stable_pretraining.data.module) | dataset for TrainerFn.FITTING loaded!  ✅
02:16:24.724 | INFO    (630558, stable_pretraining.data.module) | 	● setup was done by user
02:16:24.724 | INFO    (630558, stable_pretraining.callbacks.env_info) | ======================================================================
02:16:24.724 | INFO    (630558, stable_pretraining.callbacks.env_info) | 🔍 Starting environment configuration dump...
02:16:24.724 | INFO    (630558, stable_pretraining.callbacks.env_info) | ======================================================================
02:16:24.724 | INFO    (630558, stable_pretraining.callbacks.env_info) | EnvironmentDumpCallback  log_dir=PosixPath('/home/aarav/wms/le-wm')
02:16:24.724 | INFO    (630558, stable_pretraining.callbacks.env_info) | ⚡ Running environment dump in background thread (non-blocking)
02:16:24.724 | INFO    (630558, stable_pretraining.callbacks.env_info) | 📁 Log directory: /home/aarav/wms/le-wm
02:16:24.724 | INFO    (630558, stable_pretraining.callbacks.env_info) | 📊 Collecting environment information...
02:16:24.724 | SUCCESS (630558, stable_pretraining.callbacks.env_info) | ✓ Background thread started successfully
02:16:24.725 | SUCCESS (630558, stable_pretraining.callbacks.env_info) |   ✓ Python 3.11.15
02:16:24.725 | INFO    (630558, stable_pretraining.callbacks.trainer_info) | 	 linking trainer to DataModule! 🔧
02:16:24.725 | SUCCESS (630558, stable_pretraining.callbacks.env_info) |   ✓ System: Linux 6.17.0-20-generic (x86_64)
02:16:24.725 | INFO    (630558, stable_pretraining.callbacks.checkpoint_sklearn) | Setting up SklearnCheckpoint callback!
02:16:24.726 | INFO    (630558, stable_pretraining.callbacks.env_info) |      Hostname: dm
02:16:24.726 | INFO    (630558, stable_pretraining.callbacks.checkpoint_sklearn) | Sklearn Modules:
02:16:24.726 | INFO    (630558, stable_pretraining.callbacks.checkpoint_sklearn) | 
┏━━━━━━━━━━┳━━━━━━━━┳━━━━━━━━┓
┃ Module   ┃ Name   ┃ Type   ┃
┣━━━━━━━━━━╋━━━━━━━━╋━━━━━━━━┫
┗━━━━━━━━━━┻━━━━━━━━┻━━━━━━━━┛
02:16:24.726 | INFO    (630558, stable_pretraining.callbacks.checkpoint_sklearn) | Setting up WandbCheckpoint callback!
02:16:24.727 | INFO    (630558, stable_pretraining.callbacks.trainer_info) | PyTorch Modules:
02:16:24.727 | WARNING (630558, stable_pretraining.module) | You are calling self.parameters which also gives callbacks parameters, to remove then, pass `with_callbacks=False`
02:16:24.739 | INFO    (630558, stable_pretraining.callbacks.trainer_info) | \n+---------------------------------------------------------------------------+----------------------+--------------------------+--------------------------+---------+
| Module                                                                    | Trainable parameters | Non Trainable parameters | Uninitialized parameters | Buffers |
+---------------------------------------------------------------------------+----------------------+--------------------------+--------------------------+---------+
|                                                                           |             18588206 |                        0 |                        0 |    8194 |
| callbacks_modules                                                         |                    0 |                        0 |                        0 |       0 |
| callbacks_metrics                                                         |                    0 |                        0 |                        0 |       0 |
| model                                                                     |             18588206 |                        0 |                        0 |    8194 |
| model._orig_mod                                                           |             18588206 |                        0 |                        0 |    8194 |
| model._orig_mod.encoder                                                   |              5464512 |                        0 |                        0 |       0 |
| model._orig_mod.encoder.embeddings                                        |               125760 |                        0 |                        0 |       0 |
| model._orig_mod.encoder.embeddings.patch_embeddings                       |               113088 |                        0 |                        0 |       0 |
| model._orig_mod.encoder.embeddings.patch_embeddings.projection            |               113088 |                        0 |                        0 |       0 |
| model._orig_mod.encoder.embeddings.dropout                                |                    0 |                        0 |                        0 |       0 |
| model._orig_mod.encoder.encoder                                           |              5338368 |                        0 |                        0 |       0 |
| model._orig_mod.encoder.encoder.layer                                     |              5338368 |                        0 |                        0 |       0 |
| model._orig_mod.encoder.encoder.layer.0                                   |               444864 |                        0 |                        0 |       0 |
| model._orig_mod.encoder.encoder.layer.0.attention                         |               148224 |                        0 |                        0 |       0 |
| model._orig_mod.encoder.encoder.layer.0.attention.attention               |               111168 |                        0 |                        0 |       0 |
| model._orig_mod.encoder.encoder.layer.0.attention.attention.query         |                37056 |                        0 |                        0 |       0 |
| model._orig_mod.encoder.encoder.layer.0.attention.attention.key           |                37056 |                        0 |                        0 |       0 |
| model._orig_mod.encoder.encoder.layer.0.attention.attention.value         |                37056 |                        0 |                        0 |       0 |
| model._orig_mod.encoder.encoder.layer.0.attention.output                  |                37056 |                        0 |                        0 |       0 |
| model._orig_mod.encoder.encoder.layer.0.attention.output.dense            |                37056 |                        0 |                        0 |       0 |
| model._orig_mod.encoder.encoder.layer.0.attention.output.dropout          |                    0 |                        0 |                        0 |       0 |
| model._orig_mod.encoder.encoder.layer.0.intermediate                      |               148224 |                        0 |                        0 |       0 |
| model._orig_mod.encoder.encoder.layer.0.intermediate.dense                |               148224 |                        0 |                        0 |       0 |
| model._orig_mod.encoder.encoder.layer.0.intermediate.intermediate_act_fn  |                    0 |                        0 |                        0 |       0 |
| model._orig_mod.encoder.encoder.layer.0.output                            |               147648 |                        0 |                        0 |       0 |
| model._orig_mod.encoder.encoder.layer.0.output.dense                      |               147648 |                        0 |                        0 |       0 |
| model._orig_mod.encoder.encoder.layer.0.output.dropout                    |                    0 |                        0 |                        0 |       0 |
| model._orig_mod.encoder.encoder.layer.0.layernorm_before                  |                  384 |                        0 |                        0 |       0 |
| model._orig_mod.encoder.encoder.layer.0.layernorm_after                   |                  384 |                        0 |                        0 |       0 |
| model._orig_mod.encoder.encoder.layer.1                                   |               444864 |                        0 |                        0 |       0 |
| model._orig_mod.encoder.encoder.layer.1.attention                         |               148224 |                        0 |                        0 |       0 |
| model._orig_mod.encoder.encoder.layer.1.attention.attention               |               111168 |                        0 |                        0 |       0 |
| model._orig_mod.encoder.encoder.layer.1.attention.attention.query         |                37056 |                        0 |                        0 |       0 |
| model._orig_mod.encoder.encoder.layer.1.attention.attention.key           |                37056 |                        0 |                        0 |       0 |
| model._orig_mod.encoder.encoder.layer.1.attention.attention.value         |                37056 |                        0 |                        0 |       0 |
| model._orig_mod.encoder.encoder.layer.1.attention.output                  |                37056 |                        0 |                        0 |       0 |
| model._orig_mod.encoder.encoder.layer.1.attention.output.dense            |                37056 |                        0 |                        0 |       0 |
| model._orig_mod.encoder.encoder.layer.1.attention.output.dropout          |                    0 |                        0 |                        0 |       0 |
| model._orig_mod.encoder.encoder.layer.1.intermediate                      |               148224 |                        0 |                        0 |       0 |
| model._orig_mod.encoder.encoder.layer.1.intermediate.dense                |               148224 |                        0 |                        0 |       0 |
| model._orig_mod.encoder.encoder.layer.1.intermediate.intermediate_act_fn  |                    0 |                        0 |                        0 |       0 |
| model._orig_mod.encoder.encoder.layer.1.output                            |               147648 |                        0 |                        0 |       0 |
| model._orig_mod.encoder.encoder.layer.1.output.dense                      |               147648 |                        0 |                        0 |       0 |
| model._orig_mod.encoder.encoder.layer.1.output.dropout                    |                    0 |                        0 |                        0 |       0 |
| model._orig_mod.encoder.encoder.layer.1.layernorm_before                  |                  384 |                        0 |                        0 |       0 |
| model._orig_mod.encoder.encoder.layer.1.layernorm_after                   |                  384 |                        0 |                        0 |       0 |
| model._orig_mod.encoder.encoder.layer.2                                   |               444864 |                        0 |                        0 |       0 |
| model._orig_mod.encoder.encoder.layer.2.attention                         |               148224 |                        0 |                        0 |       0 |
| model._orig_mod.encoder.encoder.layer.2.attention.attention               |               111168 |                        0 |                        0 |       0 |
| model._orig_mod.encoder.encoder.layer.2.attention.attention.query         |                37056 |                        0 |                        0 |       0 |
| model._orig_mod.encoder.encoder.layer.2.attention.attention.key           |                37056 |                        0 |                        0 |       0 |
| model._orig_mod.encoder.encoder.layer.2.attention.attention.value         |                37056 |                        0 |                        0 |       0 |
| model._orig_mod.encoder.encoder.layer.2.attention.output                  |                37056 |                        0 |                        0 |       0 |
| model._orig_mod.encoder.encoder.layer.2.attention.output.dense            |                37056 |                        0 |                        0 |       0 |
| model._orig_mod.encoder.encoder.layer.2.attention.output.dropout          |                    0 |                        0 |                        0 |       0 |
| model._orig_mod.encoder.encoder.layer.2.intermediate                      |               148224 |                        0 |                        0 |       0 |
| model._orig_mod.encoder.encoder.layer.2.intermediate.dense                |               148224 |                        0 |                        0 |       0 |
| model._orig_mod.encoder.encoder.layer.2.intermediate.intermediate_act_fn  |                    0 |                        0 |                        0 |       0 |
| model._orig_mod.encoder.encoder.layer.2.output                            |               147648 |                        0 |                        0 |       0 |
| model._orig_mod.encoder.encoder.layer.2.output.dense                      |               147648 |                        0 |                        0 |       0 |
| model._orig_mod.encoder.encoder.layer.2.output.dropout                    |                    0 |                        0 |                        0 |       0 |
| model._orig_mod.encoder.encoder.layer.2.layernorm_before                  |                  384 |                        0 |                        0 |       0 |
| model._orig_mod.encoder.encoder.layer.2.layernorm_after                   |                  384 |                        0 |                        0 |       0 |
| model._orig_mod.encoder.encoder.layer.3                                   |               444864 |                        0 |                        0 |       0 |
| model._orig_mod.encoder.encoder.layer.3.attention                         |               148224 |                        0 |                        0 |       0 |
| model._orig_mod.encoder.encoder.layer.3.attention.attention               |               111168 |                        0 |                        0 |       0 |
| model._orig_mod.encoder.encoder.layer.3.attention.attention.query         |                37056 |                        0 |                        0 |       0 |
| model._orig_mod.encoder.encoder.layer.3.attention.attention.key           |                37056 |                        0 |                        0 |       0 |
| model._orig_mod.encoder.encoder.layer.3.attention.attention.value         |                37056 |                        0 |                        0 |       0 |
| model._orig_mod.encoder.encoder.layer.3.attention.output                  |                37056 |                        0 |                        0 |       0 |
| model._orig_mod.encoder.encoder.layer.3.attention.output.dense            |                37056 |                        0 |                        0 |       0 |
| model._orig_mod.encoder.encoder.layer.3.attention.output.dropout          |                    0 |                        0 |                        0 |       0 |
| model._orig_mod.encoder.encoder.layer.3.intermediate                      |               148224 |                        0 |                        0 |       0 |
| model._orig_mod.encoder.encoder.layer.3.intermediate.dense                |               148224 |                        0 |                        0 |       0 |
| model._orig_mod.encoder.encoder.layer.3.intermediate.intermediate_act_fn  |                    0 |                        0 |                        0 |       0 |
| model._orig_mod.encoder.encoder.layer.3.output                            |               147648 |                        0 |                        0 |       0 |
| model._orig_mod.encoder.encoder.layer.3.output.dense                      |               147648 |                        0 |                        0 |       0 |
| model._orig_mod.encoder.encoder.layer.3.output.dropout                    |                    0 |                        0 |                        0 |       0 |
| model._orig_mod.encoder.encoder.layer.3.layernorm_before                  |                  384 |                        0 |                        0 |       0 |
| model._orig_mod.encoder.encoder.layer.3.layernorm_after                   |                  384 |                        0 |                        0 |       0 |
| model._orig_mod.encoder.encoder.layer.4                                   |               444864 |                        0 |                        0 |       0 |
| model._orig_mod.encoder.encoder.layer.4.attention                         |               148224 |                        0 |                        0 |       0 |
| model._orig_mod.encoder.encoder.layer.4.attention.attention               |               111168 |                        0 |                        0 |       0 |
| model._orig_mod.encoder.encoder.layer.4.attention.attention.query         |                37056 |                        0 |                        0 |       0 |
| model._orig_mod.encoder.encoder.layer.4.attention.attention.key           |                37056 |                        0 |                        0 |       0 |
| model._orig_mod.encoder.encoder.layer.4.attention.attention.value         |                37056 |                        0 |                        0 |       0 |
| model._orig_mod.encoder.encoder.layer.4.attention.output                  |                37056 |                        0 |                        0 |       0 |
| model._orig_mod.encoder.encoder.layer.4.attention.output.dense            |                37056 |                        0 |                        0 |       0 |
| model._orig_mod.encoder.encoder.layer.4.attention.output.dropout          |                    0 |                        0 |                        0 |       0 |
| model._orig_mod.encoder.encoder.layer.4.intermediate                      |               148224 |                        0 |                        0 |       0 |
| model._orig_mod.encoder.encoder.layer.4.intermediate.dense                |               148224 |                        0 |                        0 |       0 |
| model._orig_mod.encoder.encoder.layer.4.intermediate.intermediate_act_fn  |                    0 |                        0 |                        0 |       0 |
| model._orig_mod.encoder.encoder.layer.4.output                            |               147648 |                        0 |                        0 |       0 |
| model._orig_mod.encoder.encoder.layer.4.output.dense                      |               147648 |                        0 |                        0 |       0 |
| model._orig_mod.encoder.encoder.layer.4.output.dropout                    |                    0 |                        0 |                        0 |       0 |
| model._orig_mod.encoder.encoder.layer.4.layernorm_before                  |                  384 |                        0 |                        0 |       0 |
| model._orig_mod.encoder.encoder.layer.4.layernorm_after                   |                  384 |                        0 |                        0 |       0 |
| model._orig_mod.encoder.encoder.layer.5                                   |               444864 |                        0 |                        0 |       0 |
| model._orig_mod.encoder.encoder.layer.5.attention                         |               148224 |                        0 |                        0 |       0 |
| model._orig_mod.encoder.encoder.layer.5.attention.attention               |               111168 |                        0 |                        0 |       0 |
| model._orig_mod.encoder.encoder.layer.5.attention.attention.query         |                37056 |                        0 |                        0 |       0 |
| model._orig_mod.encoder.encoder.layer.5.attention.attention.key           |                37056 |                        0 |                        0 |       0 |
| model._orig_mod.encoder.encoder.layer.5.attention.attention.value         |                37056 |                        0 |                        0 |       0 |
| model._orig_mod.encoder.encoder.layer.5.attention.output                  |                37056 |                        0 |                        0 |       0 |
| model._orig_mod.encoder.encoder.layer.5.attention.output.dense            |                37056 |                        0 |                        0 |       0 |
| model._orig_mod.encoder.encoder.layer.5.attention.output.dropout          |                    0 |                        0 |                        0 |       0 |
| model._orig_mod.encoder.encoder.layer.5.intermediate                      |               148224 |                        0 |                        0 |       0 |
| model._orig_mod.encoder.encoder.layer.5.intermediate.dense                |               148224 |                        0 |                        0 |       0 |
| model._orig_mod.encoder.encoder.layer.5.intermediate.intermediate_act_fn  |                    0 |                        0 |                        0 |       0 |
| model._orig_mod.encoder.encoder.layer.5.output                            |               147648 |                        0 |                        0 |       0 |
| model._orig_mod.encoder.encoder.layer.5.output.dense                      |               147648 |                        0 |                        0 |       0 |
| model._orig_mod.encoder.encoder.layer.5.output.dropout                    |                    0 |                        0 |                        0 |       0 |
| model._orig_mod.encoder.encoder.layer.5.layernorm_before                  |                  384 |                        0 |                        0 |       0 |
| model._orig_mod.encoder.encoder.layer.5.layernorm_after                   |                  384 |                        0 |                        0 |       0 |
| model._orig_mod.encoder.encoder.layer.6                                   |               444864 |                        0 |                        0 |       0 |
| model._orig_mod.encoder.encoder.layer.6.attention                         |               148224 |                        0 |                        0 |       0 |
| model._orig_mod.encoder.encoder.layer.6.attention.attention               |               111168 |                        0 |                        0 |       0 |
| model._orig_mod.encoder.encoder.layer.6.attention.attention.query         |                37056 |                        0 |                        0 |       0 |
| model._orig_mod.encoder.encoder.layer.6.attention.attention.key           |                37056 |                        0 |                        0 |       0 |
| model._orig_mod.encoder.encoder.layer.6.attention.attention.value         |                37056 |                        0 |                        0 |       0 |
| model._orig_mod.encoder.encoder.layer.6.attention.output                  |                37056 |                        0 |                        0 |       0 |
| model._orig_mod.encoder.encoder.layer.6.attention.output.dense            |                37056 |                        0 |                        0 |       0 |
| model._orig_mod.encoder.encoder.layer.6.attention.output.dropout          |                    0 |                        0 |                        0 |       0 |
| model._orig_mod.encoder.encoder.layer.6.intermediate                      |               148224 |                        0 |                        0 |       0 |
| model._orig_mod.encoder.encoder.layer.6.intermediate.dense                |               148224 |                        0 |                        0 |       0 |
| model._orig_mod.encoder.encoder.layer.6.intermediate.intermediate_act_fn  |                    0 |                        0 |                        0 |       0 |
| model._orig_mod.encoder.encoder.layer.6.output                            |               147648 |                        0 |                        0 |       0 |
| model._orig_mod.encoder.encoder.layer.6.output.dense                      |               147648 |                        0 |                        0 |       0 |
| model._orig_mod.encoder.encoder.layer.6.output.dropout                    |                    0 |                        0 |                        0 |       0 |
| model._orig_mod.encoder.encoder.layer.6.layernorm_before                  |                  384 |                        0 |                        0 |       0 |
| model._orig_mod.encoder.encoder.layer.6.layernorm_after                   |                  384 |                        0 |                        0 |       0 |
| model._orig_mod.encoder.encoder.layer.7                                   |               444864 |                        0 |                        0 |       0 |
| model._orig_mod.encoder.encoder.layer.7.attention                         |               148224 |                        0 |                        0 |       0 |
| model._orig_mod.encoder.encoder.layer.7.attention.attention               |               111168 |                        0 |                        0 |       0 |
| model._orig_mod.encoder.encoder.layer.7.attention.attention.query         |                37056 |                        0 |                        0 |       0 |
| model._orig_mod.encoder.encoder.layer.7.attention.attention.key           |                37056 |                        0 |                        0 |       0 |
| model._orig_mod.encoder.encoder.layer.7.attention.attention.value         |                37056 |                        0 |                        0 |       0 |
| model._orig_mod.encoder.encoder.layer.7.attention.output                  |                37056 |                        0 |                        0 |       0 |
| model._orig_mod.encoder.encoder.layer.7.attention.output.dense            |                37056 |                        0 |                        0 |       0 |
| model._orig_mod.encoder.encoder.layer.7.attention.output.dropout          |                    0 |                        0 |                        0 |       0 |
| model._orig_mod.encoder.encoder.layer.7.intermediate                      |               148224 |                        0 |                        0 |       0 |
| model._orig_mod.encoder.encoder.layer.7.intermediate.dense                |               148224 |                        0 |                        0 |       0 |
| model._orig_mod.encoder.encoder.layer.7.intermediate.intermediate_act_fn  |                    0 |                        0 |                        0 |       0 |
| model._orig_mod.encoder.encoder.layer.7.output                            |               147648 |                        0 |                        0 |       0 |
| model._orig_mod.encoder.encoder.layer.7.output.dense                      |               147648 |                        0 |                        0 |       0 |
| model._orig_mod.encoder.encoder.layer.7.output.dropout                    |                    0 |                        0 |                        0 |       0 |
| model._orig_mod.encoder.encoder.layer.7.layernorm_before                  |                  384 |                        0 |                        0 |       0 |
| model._orig_mod.encoder.encoder.layer.7.layernorm_after                   |                  384 |                        0 |                        0 |       0 |
| model._orig_mod.encoder.encoder.layer.8                                   |               444864 |                        0 |                        0 |       0 |
| model._orig_mod.encoder.encoder.layer.8.attention                         |               148224 |                        0 |                        0 |       0 |
| model._orig_mod.encoder.encoder.layer.8.attention.attention               |               111168 |                        0 |                        0 |       0 |
| model._orig_mod.encoder.encoder.layer.8.attention.attention.query         |                37056 |                        0 |                        0 |       0 |
| model._orig_mod.encoder.encoder.layer.8.attention.attention.key           |                37056 |                        0 |                        0 |       0 |
| model._orig_mod.encoder.encoder.layer.8.attention.attention.value         |                37056 |                        0 |                        0 |       0 |
| model._orig_mod.encoder.encoder.layer.8.attention.output                  |                37056 |                        0 |                        0 |       0 |
| model._orig_mod.encoder.encoder.layer.8.attention.output.dense            |                37056 |                        0 |                        0 |       0 |
| model._orig_mod.encoder.encoder.layer.8.attention.output.dropout          |                    0 |                        0 |                        0 |       0 |
| model._orig_mod.encoder.encoder.layer.8.intermediate                      |               148224 |                        0 |                        0 |       0 |
| model._orig_mod.encoder.encoder.layer.8.intermediate.dense                |               148224 |                        0 |                        0 |       0 |
| model._orig_mod.encoder.encoder.layer.8.intermediate.intermediate_act_fn  |                    0 |                        0 |                        0 |       0 |
| model._orig_mod.encoder.encoder.layer.8.output                            |               147648 |                        0 |                        0 |       0 |
| model._orig_mod.encoder.encoder.layer.8.output.dense                      |               147648 |                        0 |                        0 |       0 |
| model._orig_mod.encoder.encoder.layer.8.output.dropout                    |                    0 |                        0 |                        0 |       0 |
| model._orig_mod.encoder.encoder.layer.8.layernorm_before                  |                  384 |                        0 |                        0 |       0 |
| model._orig_mod.encoder.encoder.layer.8.layernorm_after                   |                  384 |                        0 |                        0 |       0 |
| model._orig_mod.encoder.encoder.layer.9                                   |               444864 |                        0 |                        0 |       0 |
| model._orig_mod.encoder.encoder.layer.9.attention                         |               148224 |                        0 |                        0 |       0 |
| model._orig_mod.encoder.encoder.layer.9.attention.attention               |               111168 |                        0 |                        0 |       0 |
| model._orig_mod.encoder.encoder.layer.9.attention.attention.query         |                37056 |                        0 |                        0 |       0 |
| model._orig_mod.encoder.encoder.layer.9.attention.attention.key           |                37056 |                        0 |                        0 |       0 |
| model._orig_mod.encoder.encoder.layer.9.attention.attention.value         |                37056 |                        0 |                        0 |       0 |
| model._orig_mod.encoder.encoder.layer.9.attention.output                  |                37056 |                        0 |                        0 |       0 |
| model._orig_mod.encoder.encoder.layer.9.attention.output.dense            |                37056 |                        0 |                        0 |       0 |
| model._orig_mod.encoder.encoder.layer.9.attention.output.dropout          |                    0 |                        0 |                        0 |       0 |
| model._orig_mod.encoder.encoder.layer.9.intermediate                      |               148224 |                        0 |                        0 |       0 |
| model._orig_mod.encoder.encoder.layer.9.intermediate.dense                |               148224 |                        0 |                        0 |       0 |
| model._orig_mod.encoder.encoder.layer.9.intermediate.intermediate_act_fn  |                    0 |                        0 |                        0 |       0 |
| model._orig_mod.encoder.encoder.layer.9.output                            |               147648 |                        0 |                        0 |       0 |
| model._orig_mod.encoder.encoder.layer.9.output.dense                      |               147648 |                        0 |                        0 |       0 |
| model._orig_mod.encoder.encoder.layer.9.output.dropout                    |                    0 |                        0 |                        0 |       0 |
| model._orig_mod.encoder.encoder.layer.9.layernorm_before                  |                  384 |                        0 |                        0 |       0 |
| model._orig_mod.encoder.encoder.layer.9.layernorm_after                   |                  384 |                        0 |                        0 |       0 |
| model._orig_mod.encoder.encoder.layer.10                                  |               444864 |                        0 |                        0 |       0 |
| model._orig_mod.encoder.encoder.layer.10.attention                        |               148224 |                        0 |                        0 |       0 |
| model._orig_mod.encoder.encoder.layer.10.attention.attention              |               111168 |                        0 |                        0 |       0 |
| model._orig_mod.encoder.encoder.layer.10.attention.attention.query        |                37056 |                        0 |                        0 |       0 |
| model._orig_mod.encoder.encoder.layer.10.attention.attention.key          |                37056 |                        0 |                        0 |       0 |
| model._orig_mod.encoder.encoder.layer.10.attention.attention.value        |                37056 |                        0 |                        0 |       0 |
| model._orig_mod.encoder.encoder.layer.10.attention.output                 |                37056 |                        0 |                        0 |       0 |
| model._orig_mod.encoder.encoder.layer.10.attention.output.dense           |                37056 |                        0 |                        0 |       0 |
| model._orig_mod.encoder.encoder.layer.10.attention.output.dropout         |                    0 |                        0 |                        0 |       0 |
| model._orig_mod.encoder.encoder.layer.10.intermediate                     |               148224 |                        0 |                        0 |       0 |
| model._orig_mod.encoder.encoder.layer.10.intermediate.dense               |               148224 |                        0 |                        0 |       0 |
| model._orig_mod.encoder.encoder.layer.10.intermediate.intermediate_act_fn |                    0 |                        0 |                        0 |       0 |
| model._orig_mod.encoder.encoder.layer.10.output                           |               147648 |                        0 |                        0 |       0 |
| model._orig_mod.encoder.encoder.layer.10.output.dense                     |               147648 |                        0 |                        0 |       0 |
| model._orig_mod.encoder.encoder.layer.10.output.dropout                   |                    0 |                        0 |                        0 |       0 |
| model._orig_mod.encoder.encoder.layer.10.layernorm_before                 |                  384 |                        0 |                        0 |       0 |
| model._orig_mod.encoder.encoder.layer.10.layernorm_after                  |                  384 |                        0 |                        0 |       0 |
| model._orig_mod.encoder.encoder.layer.11                                  |               444864 |                        0 |                        0 |       0 |
| model._orig_mod.encoder.encoder.layer.11.attention                        |               148224 |                        0 |                        0 |       0 |
| model._orig_mod.encoder.encoder.layer.11.attention.attention              |               111168 |                        0 |                        0 |       0 |
| model._orig_mod.encoder.encoder.layer.11.attention.attention.query        |                37056 |                        0 |                        0 |       0 |
| model._orig_mod.encoder.encoder.layer.11.attention.attention.key          |                37056 |                        0 |                        0 |       0 |
| model._orig_mod.encoder.encoder.layer.11.attention.attention.value        |                37056 |                        0 |                        0 |       0 |
| model._orig_mod.encoder.encoder.layer.11.attention.output                 |                37056 |                        0 |                        0 |       0 |
| model._orig_mod.encoder.encoder.layer.11.attention.output.dense           |                37056 |                        0 |                        0 |       0 |
| model._orig_mod.encoder.encoder.layer.11.attention.output.dropout         |                    0 |                        0 |                        0 |       0 |
| model._orig_mod.encoder.encoder.layer.11.intermediate                     |               148224 |                        0 |                        0 |       0 |
| model._orig_mod.encoder.encoder.layer.11.intermediate.dense               |               148224 |                        0 |                        0 |       0 |
| model._orig_mod.encoder.encoder.layer.11.intermediate.intermediate_act_fn |                    0 |                        0 |                        0 |       0 |
| model._orig_mod.encoder.encoder.layer.11.output                           |               147648 |                        0 |                        0 |       0 |
| model._orig_mod.encoder.encoder.layer.11.output.dense                     |               147648 |                        0 |                        0 |       0 |
| model._orig_mod.encoder.encoder.layer.11.output.dropout                   |                    0 |                        0 |                        0 |       0 |
| model._orig_mod.encoder.encoder.layer.11.layernorm_before                 |                  384 |                        0 |                        0 |       0 |
| model._orig_mod.encoder.encoder.layer.11.layernorm_after                  |                  384 |                        0 |                        0 |       0 |
| model._orig_mod.encoder.layernorm                                         |                  384 |                        0 |                        0 |       0 |
| model._orig_mod.predictor                                                 |             10791360 |                        0 |                        0 |       0 |
| model._orig_mod.predictor.dropout                                         |                    0 |                        0 |                        0 |       0 |
| model._orig_mod.predictor.transformer                                     |             10790784 |                        0 |                        0 |       0 |
| model._orig_mod.predictor.transformer.norm                                |                  384 |                        0 |                        0 |       0 |
| model._orig_mod.predictor.transformer.layers                              |             10790400 |                        0 |                        0 |       0 |
| model._orig_mod.predictor.transformer.layers.0                            |              1798400 |                        0 |                        0 |       0 |
| model._orig_mod.predictor.transformer.layers.0.attn                       |               787008 |                        0 |                        0 |       0 |
| model._orig_mod.predictor.transformer.layers.0.attn.norm                  |                  384 |                        0 |                        0 |       0 |
| model._orig_mod.predictor.transformer.layers.0.attn.attend                |                    0 |                        0 |                        0 |       0 |
| model._orig_mod.predictor.transformer.layers.0.attn.to_qkv                |               589824 |                        0 |                        0 |       0 |
| model._orig_mod.predictor.transformer.layers.0.attn.to_out                |               196800 |                        0 |                        0 |       0 |
| model._orig_mod.predictor.transformer.layers.0.attn.to_out.0              |               196800 |                        0 |                        0 |       0 |
| model._orig_mod.predictor.transformer.layers.0.attn.to_out.1              |                    0 |                        0 |                        0 |       0 |
| model._orig_mod.predictor.transformer.layers.0.mlp                        |               789056 |                        0 |                        0 |       0 |
| model._orig_mod.predictor.transformer.layers.0.mlp.net                    |               789056 |                        0 |                        0 |       0 |
| model._orig_mod.predictor.transformer.layers.0.mlp.net.0                  |                  384 |                        0 |                        0 |       0 |
| model._orig_mod.predictor.transformer.layers.0.mlp.net.1                  |               395264 |                        0 |                        0 |       0 |
| model._orig_mod.predictor.transformer.layers.0.mlp.net.2                  |                    0 |                        0 |                        0 |       0 |
| model._orig_mod.predictor.transformer.layers.0.mlp.net.3                  |                    0 |                        0 |                        0 |       0 |
| model._orig_mod.predictor.transformer.layers.0.mlp.net.4                  |               393408 |                        0 |                        0 |       0 |
| model._orig_mod.predictor.transformer.layers.0.mlp.net.5                  |                    0 |                        0 |                        0 |       0 |
| model._orig_mod.predictor.transformer.layers.0.norm1                      |                    0 |                        0 |                        0 |       0 |
| model._orig_mod.predictor.transformer.layers.0.norm2                      |                    0 |                        0 |                        0 |       0 |
| model._orig_mod.predictor.transformer.layers.0.adaLN_modulation           |               222336 |                        0 |                        0 |       0 |
| model._orig_mod.predictor.transformer.layers.0.adaLN_modulation.0         |                    0 |                        0 |                        0 |       0 |
| model._orig_mod.predictor.transformer.layers.0.adaLN_modulation.1         |               222336 |                        0 |                        0 |       0 |
| model._orig_mod.predictor.transformer.layers.1                            |              1798400 |                        0 |                        0 |       0 |
| model._orig_mod.predictor.transformer.layers.1.attn                       |               787008 |                        0 |                        0 |       0 |
| model._orig_mod.predictor.transformer.layers.1.attn.norm                  |                  384 |                        0 |                        0 |       0 |
| model._orig_mod.predictor.transformer.layers.1.attn.attend                |                    0 |                        0 |                        0 |       0 |
| model._orig_mod.predictor.transformer.layers.1.attn.to_qkv                |               589824 |                        0 |                        0 |       0 |
| model._orig_mod.predictor.transformer.layers.1.attn.to_out                |               196800 |                        0 |                        0 |       0 |
| model._orig_mod.predictor.transformer.layers.1.attn.to_out.0              |               196800 |                        0 |                        0 |       0 |
| model._orig_mod.predictor.transformer.layers.1.attn.to_out.1              |                    0 |                        0 |                        0 |       0 |
| model._orig_mod.predictor.transformer.layers.1.mlp                        |               789056 |                        0 |                        0 |       0 |
| model._orig_mod.predictor.transformer.layers.1.mlp.net                    |               789056 |                        0 |                        0 |       0 |
| model._orig_mod.predictor.transformer.layers.1.mlp.net.0                  |                  384 |                        0 |                        0 |       0 |
| model._orig_mod.predictor.transformer.layers.1.mlp.net.1                  |               395264 |                        0 |                        0 |       0 |
| model._orig_mod.predictor.transformer.layers.1.mlp.net.2                  |                    0 |                        0 |                        0 |       0 |
| model._orig_mod.predictor.transformer.layers.1.mlp.net.3                  |                    0 |                        0 |                        0 |       0 |
| model._orig_mod.predictor.transformer.layers.1.mlp.net.4                  |               393408 |                        0 |                        0 |       0 |
| model._orig_mod.predictor.transformer.layers.1.mlp.net.5                  |                    0 |                        0 |                        0 |       0 |
| model._orig_mod.predictor.transformer.layers.1.norm1                      |                    0 |                        0 |                        0 |       0 |
| model._orig_mod.predictor.transformer.layers.1.norm2                      |                    0 |                        0 |                        0 |       0 |
| model._orig_mod.predictor.transformer.layers.1.adaLN_modulation           |               222336 |                        0 |                        0 |       0 |
| model._orig_mod.predictor.transformer.layers.1.adaLN_modulation.0         |                    0 |                        0 |                        0 |       0 |
| model._orig_mod.predictor.transformer.layers.1.adaLN_modulation.1         |               222336 |                        0 |                        0 |       0 |
| model._orig_mod.predictor.transformer.layers.2                            |              1798400 |                        0 |                        0 |       0 |
| model._orig_mod.predictor.transformer.layers.2.attn                       |               787008 |                        0 |                        0 |       0 |
| model._orig_mod.predictor.transformer.layers.2.attn.norm                  |                  384 |                        0 |                        0 |       0 |
| model._orig_mod.predictor.transformer.layers.2.attn.attend                |                    0 |                        0 |                        0 |       0 |
| model._orig_mod.predictor.transformer.layers.2.attn.to_qkv                |               589824 |                        0 |                        0 |       0 |
| model._orig_mod.predictor.transformer.layers.2.attn.to_out                |               196800 |                        0 |                        0 |       0 |
| model._orig_mod.predictor.transformer.layers.2.attn.to_out.0              |               196800 |                        0 |                        0 |       0 |
| model._orig_mod.predictor.transformer.layers.2.attn.to_out.1              |                    0 |                        0 |                        0 |       0 |
| model._orig_mod.predictor.transformer.layers.2.mlp                        |               789056 |                        0 |                        0 |       0 |
| model._orig_mod.predictor.transformer.layers.2.mlp.net                    |               789056 |                        0 |                        0 |       0 |
| model._orig_mod.predictor.transformer.layers.2.mlp.net.0                  |                  384 |                        0 |                        0 |       0 |
| model._orig_mod.predictor.transformer.layers.2.mlp.net.1                  |               395264 |                        0 |                        0 |       0 |
| model._orig_mod.predictor.transformer.layers.2.mlp.net.2                  |                    0 |                        0 |                        0 |       0 |
| model._orig_mod.predictor.transformer.layers.2.mlp.net.3                  |                    0 |                        0 |                        0 |       0 |
| model._orig_mod.predictor.transformer.layers.2.mlp.net.4                  |               393408 |                        0 |                        0 |       0 |
| model._orig_mod.predictor.transformer.layers.2.mlp.net.5                  |                    0 |                        0 |                        0 |       0 |
| model._orig_mod.predictor.transformer.layers.2.norm1                      |                    0 |                        0 |                        0 |       0 |
| model._orig_mod.predictor.transformer.layers.2.norm2                      |                    0 |                        0 |                        0 |       0 |
| model._orig_mod.predictor.transformer.layers.2.adaLN_modulation           |               222336 |                        0 |                        0 |       0 |
| model._orig_mod.predictor.transformer.layers.2.adaLN_modulation.0         |                    0 |                        0 |                        0 |       0 |
| model._orig_mod.predictor.transformer.layers.2.adaLN_modulation.1         |               222336 |                        0 |                        0 |       0 |
| model._orig_mod.predictor.transformer.layers.3                            |              1798400 |                        0 |                        0 |       0 |
| model._orig_mod.predictor.transformer.layers.3.attn                       |               787008 |                        0 |                        0 |       0 |
| model._orig_mod.predictor.transformer.layers.3.attn.norm                  |                  384 |                        0 |                        0 |       0 |
| model._orig_mod.predictor.transformer.layers.3.attn.attend                |                    0 |                        0 |                        0 |       0 |
| model._orig_mod.predictor.transformer.layers.3.attn.to_qkv                |               589824 |                        0 |                        0 |       0 |
| model._orig_mod.predictor.transformer.layers.3.attn.to_out                |               196800 |                        0 |                        0 |       0 |
| model._orig_mod.predictor.transformer.layers.3.attn.to_out.0              |               196800 |                        0 |                        0 |       0 |
| model._orig_mod.predictor.transformer.layers.3.attn.to_out.1              |                    0 |                        0 |                        0 |       0 |
| model._orig_mod.predictor.transformer.layers.3.mlp                        |               789056 |                        0 |                        0 |       0 |
| model._orig_mod.predictor.transformer.layers.3.mlp.net                    |               789056 |                        0 |                        0 |       0 |
| model._orig_mod.predictor.transformer.layers.3.mlp.net.0                  |                  384 |                        0 |                        0 |       0 |
| model._orig_mod.predictor.transformer.layers.3.mlp.net.1                  |               395264 |                        0 |                        0 |       0 |
| model._orig_mod.predictor.transformer.layers.3.mlp.net.2                  |                    0 |                        0 |                        0 |       0 |
| model._orig_mod.predictor.transformer.layers.3.mlp.net.3                  |                    0 |                        0 |                        0 |       0 |
| model._orig_mod.predictor.transformer.layers.3.mlp.net.4                  |               393408 |                        0 |                        0 |       0 |
| model._orig_mod.predictor.transformer.layers.3.mlp.net.5                  |                    0 |                        0 |                        0 |       0 |
| model._orig_mod.predictor.transformer.layers.3.norm1                      |                    0 |                        0 |                        0 |       0 |
| model._orig_mod.predictor.transformer.layers.3.norm2                      |                    0 |                        0 |                        0 |       0 |
| model._orig_mod.predictor.transformer.layers.3.adaLN_modulation           |               222336 |                        0 |                        0 |       0 |
| model._orig_mod.predictor.transformer.layers.3.adaLN_modulation.0         |                    0 |                        0 |                        0 |       0 |
| model._orig_mod.predictor.transformer.layers.3.adaLN_modulation.1         |               222336 |                        0 |                        0 |       0 |
| model._orig_mod.predictor.transformer.layers.4                            |              1798400 |                        0 |                        0 |       0 |
| model._orig_mod.predictor.transformer.layers.4.attn                       |               787008 |                        0 |                        0 |       0 |
| model._orig_mod.predictor.transformer.layers.4.attn.norm                  |                  384 |                        0 |                        0 |       0 |
| model._orig_mod.predictor.transformer.layers.4.attn.attend                |                    0 |                        0 |                        0 |       0 |
| model._orig_mod.predictor.transformer.layers.4.attn.to_qkv                |               589824 |                        0 |                        0 |       0 |
| model._orig_mod.predictor.transformer.layers.4.attn.to_out                |               196800 |                        0 |                        0 |       0 |
| model._orig_mod.predictor.transformer.layers.4.attn.to_out.0              |               196800 |                        0 |                        0 |       0 |
| model._orig_mod.predictor.transformer.layers.4.attn.to_out.1              |                    0 |                        0 |                        0 |       0 |
| model._orig_mod.predictor.transformer.layers.4.mlp                        |               789056 |                        0 |                        0 |       0 |
| model._orig_mod.predictor.transformer.layers.4.mlp.net                    |               789056 |                        0 |                        0 |       0 |
| model._orig_mod.predictor.transformer.layers.4.mlp.net.0                  |                  384 |                        0 |                        0 |       0 |
| model._orig_mod.predictor.transformer.layers.4.mlp.net.1                  |               395264 |                        0 |                        0 |       0 |
| model._orig_mod.predictor.transformer.layers.4.mlp.net.2                  |                    0 |                        0 |                        0 |       0 |
| model._orig_mod.predictor.transformer.layers.4.mlp.net.3                  |                    0 |                        0 |                        0 |       0 |
| model._orig_mod.predictor.transformer.layers.4.mlp.net.4                  |               393408 |                        0 |                        0 |       0 |
| model._orig_mod.predictor.transformer.layers.4.mlp.net.5                  |                    0 |                        0 |                        0 |       0 |
| model._orig_mod.predictor.transformer.layers.4.norm1                      |                    0 |                        0 |                        0 |       0 |
| model._orig_mod.predictor.transformer.layers.4.norm2                      |                    0 |                        0 |                        0 |       0 |
| model._orig_mod.predictor.transformer.layers.4.adaLN_modulation           |               222336 |                        0 |                        0 |       0 |
| model._orig_mod.predictor.transformer.layers.4.adaLN_modulation.0         |                    0 |                        0 |                        0 |       0 |
| model._orig_mod.predictor.transformer.layers.4.adaLN_modulation.1         |               222336 |                        0 |                        0 |       0 |
| model._orig_mod.predictor.transformer.layers.5                            |              1798400 |                        0 |                        0 |       0 |
| model._orig_mod.predictor.transformer.layers.5.attn                       |               787008 |                        0 |                        0 |       0 |
| model._orig_mod.predictor.transformer.layers.5.attn.norm                  |                  384 |                        0 |                        0 |       0 |
| model._orig_mod.predictor.transformer.layers.5.attn.attend                |                    0 |                        0 |                        0 |       0 |
| model._orig_mod.predictor.transformer.layers.5.attn.to_qkv                |               589824 |                        0 |                        0 |       0 |
| model._orig_mod.predictor.transformer.layers.5.attn.to_out                |               196800 |                        0 |                        0 |       0 |
| model._orig_mod.predictor.transformer.layers.5.attn.to_out.0              |               196800 |                        0 |                        0 |       0 |
| model._orig_mod.predictor.transformer.layers.5.attn.to_out.1              |                    0 |                        0 |                        0 |       0 |
| model._orig_mod.predictor.transformer.layers.5.mlp                        |               789056 |                        0 |                        0 |       0 |
| model._orig_mod.predictor.transformer.layers.5.mlp.net                    |               789056 |                        0 |                        0 |       0 |
| model._orig_mod.predictor.transformer.layers.5.mlp.net.0                  |                  384 |                        0 |                        0 |       0 |
| model._orig_mod.predictor.transformer.layers.5.mlp.net.1                  |               395264 |                        0 |                        0 |       0 |
| model._orig_mod.predictor.transformer.layers.5.mlp.net.2                  |                    0 |                        0 |                        0 |       0 |
| model._orig_mod.predictor.transformer.layers.5.mlp.net.3                  |                    0 |                        0 |                        0 |       0 |
| model._orig_mod.predictor.transformer.layers.5.mlp.net.4                  |               393408 |                        0 |                        0 |       0 |
| model._orig_mod.predictor.transformer.layers.5.mlp.net.5                  |                    0 |                        0 |                        0 |       0 |
| model._orig_mod.predictor.transformer.layers.5.norm1                      |                    0 |                        0 |                        0 |       0 |
| model._orig_mod.predictor.transformer.layers.5.norm2                      |                    0 |                        0 |                        0 |       0 |
| model._orig_mod.predictor.transformer.layers.5.adaLN_modulation           |               222336 |                        0 |                        0 |       0 |
| model._orig_mod.predictor.transformer.layers.5.adaLN_modulation.0         |                    0 |                        0 |                        0 |       0 |
| model._orig_mod.predictor.transformer.layers.5.adaLN_modulation.1         |               222336 |                        0 |                        0 |       0 |
| model._orig_mod.predictor.transformer.input_proj                          |                    0 |                        0 |                        0 |       0 |
| model._orig_mod.predictor.transformer.cond_proj                           |                    0 |                        0 |                        0 |       0 |
| model._orig_mod.predictor.transformer.output_proj                         |                    0 |                        0 |                        0 |       0 |
| model._orig_mod.action_encoder                                            |               746798 |                        0 |                        0 |       0 |
| model._orig_mod.action_encoder.patch_embed                                |                  110 |                        0 |                        0 |       0 |
| model._orig_mod.action_encoder.embed                                      |               746688 |                        0 |                        0 |       0 |
| model._orig_mod.action_encoder.embed.0                                    |                 8448 |                        0 |                        0 |       0 |
| model._orig_mod.action_encoder.embed.1                                    |                    0 |                        0 |                        0 |       0 |
| model._orig_mod.action_encoder.embed.2                                    |               590592 |                        0 |                        0 |       0 |
| model._orig_mod.action_encoder.embed.3                                    |                    0 |                        0 |                        0 |       0 |
| model._orig_mod.action_encoder.embed.4                                    |               147648 |                        0 |                        0 |       0 |
| model._orig_mod.projector                                                 |               792768 |                        0 |                        0 |    4097 |
| model._orig_mod.projector.net                                             |               792768 |                        0 |                        0 |    4097 |
| model._orig_mod.projector.net.0                                           |               395264 |                        0 |                        0 |       0 |
| model._orig_mod.projector.net.1                                           |                 4096 |                        0 |                        0 |    4097 |
| model._orig_mod.projector.net.2                                           |                    0 |                        0 |                        0 |       0 |
| model._orig_mod.projector.net.3                                           |               393408 |                        0 |                        0 |       0 |
| model._orig_mod.pred_proj                                                 |               792768 |                        0 |                        0 |    4097 |
| model._orig_mod.pred_proj.net                                             |               792768 |                        0 |                        0 |    4097 |
| model._orig_mod.pred_proj.net.0                                           |               395264 |                        0 |                        0 |       0 |
| model._orig_mod.pred_proj.net.1                                           |                 4096 |                        0 |                        0 |    4097 |
| model._orig_mod.pred_proj.net.2                                           |                    0 |                        0 |                        0 |       0 |
| model._orig_mod.pred_proj.net.3                                           |               393408 |                        0 |                        0 |       0 |
| rdmreg                                                                    |                    0 |                        0 |                        0 |       0 |
+---------------------------------------------------------------------------+----------------------+--------------------------+--------------------------+---------+
02:16:24.740 | INFO    (630558, stable_pretraining.callbacks.trainer_info) | ---- SLURM INFO ---- 🔧
02:16:24.740 | INFO    (630558, stable_pretraining.callbacks.trainer_info) | Job ID: N/A
02:16:24.740 | INFO    (630558, stable_pretraining.callbacks.trainer_info) | Task ID: N/A
02:16:24.740 | INFO    (630558, stable_pretraining.callbacks.trainer_info) | Job Name: N/A
02:16:24.740 | INFO    (630558, stable_pretraining.callbacks.trainer_info) | Nodes: N/A
02:16:24.740 | INFO    (630558, stable_pretraining.callbacks.trainer_info) | Tasks: N/A
02:16:24.740 | INFO    (630558, stable_pretraining.callbacks.trainer_info) | CPUs per node: N/A
02:16:24.740 | INFO    (630558, stable_pretraining.callbacks.trainer_info) | CPUs per task: N/A
02:16:24.740 | INFO    (630558, stable_pretraining.callbacks.trainer_info) | Memory per node: N/A
02:16:24.740 | INFO    (630558, stable_pretraining.callbacks.trainer_info) | Memory per CPU: N/A
02:16:24.740 | INFO    (630558, stable_pretraining.callbacks.trainer_info) | Time limit: N/A
02:16:24.740 | INFO    (630558, stable_pretraining.callbacks.trainer_info) | Partition: N/A
02:16:24.740 | INFO    (630558, stable_pretraining.callbacks.trainer_info) | Node List: N/A
02:16:24.740 | INFO    (630558, stable_pretraining.callbacks.trainer_info) | Submit Directory: N/A
02:16:24.741 | INFO    (630558, stable_pretraining.callbacks.cpu_offload) | CPUOffloadCallback: Setup called for stage 'TrainerFn.FITTING'
02:16:24.741 | INFO    (630558, stable_pretraining.callbacks.cpu_offload) |   - Trainer rank: 0/1
02:16:24.741 | INFO    (630558, stable_pretraining.callbacks.cpu_offload) |   - Strategy: SingleDeviceStrategy
02:16:24.741 | SUCCESS (630558, stable_pretraining.callbacks.cpu_offload) | ✓ Strategy 'SingleDeviceStrategy' is compatible with CPU offload
02:16:24.741 | SUCCESS (630558, stable_pretraining.callbacks.cpu_offload) | ✓ CPUOffloadCallback ENABLED for strategy 'SingleDeviceStrategy'
02:16:24.741 | INFO    (630558, stable_pretraining.callbacks.cpu_offload) |   - This rank will handle checkpoint saving and CPU offload
/home/aarav/wms/le-wm/le-wm/lib/python3.11/site-packages/lightning/pytorch/callbacks/model_checkpoint.py:881: Checkpoint directory /home/aarav/wms/le-wm/dataset exists and is not empty.
LOCAL_RANK: 0 - CUDA_VISIBLE_DEVICES: [0]
02:16:24.756 | WARNING (630558, stable_pretraining.callbacks.env_info) |      ⚠️  pip freeze failed: Command '['/home/aarav/wms/le-wm/le-wm/bin/python', '-m', 'pip', 'freeze']' returned non-zero exit status 1.
02:16:24.756 | SUCCESS (630558, stable_pretraining.callbacks.env_info) |   ✓ Packages: 0 packages collected in 0.03s
02:16:24.789 | SUCCESS (630558, stable_pretraining.callbacks.env_info) |   ✓ NVIDIA Driver: 580.126.09
02:16:24.805 | INFO    (630558, stable_pretraining.module) | Configuring optimizers and learning rate schedulers...
02:16:24.805 | INFO    (630558, stable_pretraining.module) | 	Optimizer specified by Dict with keys ['model_opt']... 🔧
02:16:24.807 | INFO    (630558, stable_pretraining.module) | 
┏━━━━━━━━━━━━━┳━━━━━━━━━━━┳━━━━━━━━━━━━━━━━━━━┳━━━━━━━━━━━━━━━━━┳━━━━━━━━━━━━━━━━┳━━━━━━━━━━━━━━━━━━━━━━━━┓
┃ Optimizer   ┃ Pattern   ┃   Matched Modules ┃   Param Tensors ┃   Total Params ┃   RequiresGrad Tensors ┃
┣━━━━━━━━━━━━━╋━━━━━━━━━━━╋━━━━━━━━━━━━━━━━━━━╋━━━━━━━━━━━━━━━━━╋━━━━━━━━━━━━━━━━╋━━━━━━━━━━━━━━━━━━━━━━━━┫
┃ model_opt   ┃ model     ┃               368 ┃             299 ┃       18588206 ┃                    299 ┃
┗━━━━━━━━━━━━━┻━━━━━━━━━━━┻━━━━━━━━━━━━━━━━━━━┻━━━━━━━━━━━━━━━━━┻━━━━━━━━━━━━━━━━┻━━━━━━━━━━━━━━━━━━━━━━━━┛
02:16:24.807 | INFO    (630558, stable_pretraining.optim.lr_scheduler) | 	User provided a dict
Loading `train_dataloader` to estimate number of stepping batches.
/home/aarav/wms/le-wm/le-wm/lib/python3.11/site-packages/lightning/pytorch/utilities/_pytree.py:21: `isinstance(treespec, LeafSpec)` is deprecated, use `isinstance(treespec, TreeSpec) and treespec.is_leaf()` instead.
02:16:24.822 | SUCCESS (630558, stable_pretraining.callbacks.env_info) |   ✓ Git: main @ abdc04e2
02:16:24.822 | INFO    (630558, stable_pretraining.callbacks.env_info) |      Remote: https://github.com/Planning-for-WMs/le-wm.git
02:16:24.822 | WARNING (630558, stable_pretraining.callbacks.env_info) |      ⚠️  Working directory has uncommitted changes!
02:16:24.823 | SUCCESS (630558, stable_pretraining.callbacks.env_info) |   ✓ Environment: 3 relevant variables captured
02:16:24.823 | INFO    (630558, stable_pretraining.callbacks.env_info) | 🔄 Serializing environment data...
02:16:24.823 | INFO    (630558, stable_pretraining.callbacks.env_info) | 📋 File exists, using version 7: environment_v7.json
02:16:24.824 | INFO    (630558, stable_pretraining.callbacks.env_info) | 📋 File exists, using version 7: requirements_frozen_v7.txt
02:16:24.824 | INFO    (630558, stable_pretraining.callbacks.env_info) | 📁 Save directory: /home/aarav/wms/le-wm
02:16:24.824 | INFO    (630558, stable_pretraining.callbacks.env_info) | 💾 Writing environment to temp file...
02:16:24.825 | INFO    (630558, stable_pretraining.callbacks.env_info) | 💾 Moving to: environment_v7.json
02:16:24.825 | SUCCESS (630558, stable_pretraining.callbacks.env_info) | ✓ Environment file saved (2.3 KB)
02:16:24.825 | SUCCESS (630558, stable_pretraining.callbacks.env_info) | ✓ Requirements file saved (0.1 KB)
02:16:25.052 | INFO    (630558, stable_pretraining.module) | Configured optimizer 'model_opt' (modules=368, param_tensors=299, total_params=18588206) with LinearWarmupCosineAnnealingLR scheduler.
/home/aarav/wms/le-wm/le-wm/lib/python3.11/site-packages/lightning/pytorch/utilities/model_summary/model_summary.py:242: Precision bf16-mixed is not supported by the model summary.  Estimated model size in MB will not be accurate. Using 32 bits instead.
02:16:25.064 | WARNING (630558, stable_pretraining.module) | You are calling self.parameters which also gives callbacks parameters, to remove then, pass `with_callbacks=False`
02:16:25.066 | WARNING (630558, stable_pretraining.module) | You are calling self.parameters which also gives callbacks parameters, to remove then, pass `with_callbacks=False`
02:16:25.066 | WARNING (630558, stable_pretraining.module) | You are calling self.parameters which also gives callbacks parameters, to remove then, pass `with_callbacks=False`
02:16:25.067 | WARNING (630558, stable_pretraining.module) | You are calling self.parameters which also gives callbacks parameters, to remove then, pass `with_callbacks=False`
┏━━━┳━━━━━━━━━━━━━━━━━━━┳━━━━━━━━━━━━━━━━━┳━━━━━━━━┳━━━━━━━┳━━━━━━━┓
┃   ┃ Name              ┃ Type            ┃ Params ┃ Mode  ┃ FLOPs ┃
┡━━━╇━━━━━━━━━━━━━━━━━━━╇━━━━━━━━━━━━━━━━━╇━━━━━━━━╇━━━━━━━╇━━━━━━━┩
│ 0 │ callbacks_modules │ ModuleDict      │      0 │ train │     0 │
│ 1 │ callbacks_metrics │ ModuleDict      │      0 │ train │     0 │
│ 2 │ model             │ OptimizedModule │ 18.6 M │ train │     0 │
│ 3 │ rdmreg            │ RDMReg          │      0 │ train │     0 │
└───┴───────────────────┴─────────────────┴────────┴───────┴───────┘
Trainable params: 18.6 M                                                        
Non-trainable params: 0                                                         
Total params: 18.6 M                                                            
Total estimated model params size (MB): 74                                      
Modules in train mode: 371                                                      
Modules in eval mode: 0                                                         
Total FLOPs: 0                                                                  
02:16:25.074 | WARNING (630558, stable_pretraining.module) | You are calling self.parameters which also gives callbacks parameters, to remove then, pass `with_callbacks=False`
/home/aarav/wms/le-wm/le-wm/lib/python3.11/site-packages/lightning/pytorch/utilities/_pytree.py:21: `isinstance(treespec, LeafSpec)` is deprecated, use `isinstance(treespec, TreeSpec) and treespec.is_leaf()` instead.
/home/aarav/wms/le-wm/le-wm/lib/python3.11/site-packages/lightning/pytorch/utilities/data.py:79: Trying to infer the `batch_size` from an ambiguous collection. The batch size we found is 512. To avoid any miscalculations, use `self.log(..., batch_size=batch_size)`.
02:17:08.291 | INFO    (630558, stable_pretraining.callbacks.trainer_info) | \n+----------------------------+---------------------+
|           Metric           |        Value        |
+----------------------------+---------------------+
|       [0;34;40mvalidate/loss[0m        |  [0;32;40m0.6519178748130798[0m |
|    [0;34;40mvalidate/loss_epoch[0m     |  [0;32;40m0.6519178748130798[0m |
|     [0;34;40mvalidate/pred_loss[0m     | [0;32;40m0.09042970836162567[0m |
|  [0;34;40mvalidate/pred_loss_epoch[0m  | [0;32;40m0.09042970836162567[0m |
|    [0;34;40mvalidate/rdmreg_loss[0m    |  [0;32;40m0.561488151550293[0m  |
| [0;34;40mvalidate/rdmreg_loss_epoch[0m |  [0;32;40m0.561488151550293[0m  |
+----------------------------+---------------------+
02:17:08.323 | INFO    (630558, stable_pretraining.callbacks.cpu_offload) | CPUOffloadCallback: Training started
02:17:08.324 | WARNING (630558, stable_pretraining.module) | You are calling self.parameters which also gives callbacks parameters, to remove then, pass `with_callbacks=False`
02:17:08.325 | WARNING (630558, stable_pretraining.module) | You are calling self.parameters which also gives callbacks parameters, to remove then, pass `with_callbacks=False`
02:17:08.325 | INFO    (630558, stable_pretraining.callbacks.cpu_offload) | Model statistics:
02:17:08.325 | INFO    (630558, stable_pretraining.callbacks.cpu_offload) |   - Total parameters: 18,588,206
02:17:08.325 | INFO    (630558, stable_pretraining.callbacks.cpu_offload) |   - Trainable parameters: 18,588,206
02:17:08.325 | INFO    (630558, stable_pretraining.callbacks.cpu_offload) |   - Model size (bf16): ~0.04 GB
02:17:08.325 | INFO    (630558, stable_pretraining.callbacks.cpu_offload) |   - Estimated checkpoint size (with optimizer): ~0.11 GB
02:17:08.326 | INFO    (630558, stable_pretraining.module) | Double checking optimizers!
02:17:08.326 | INFO    (630558, stable_pretraining.module) | `self.optimizers() gave us 1 optimizers
02:17:08.326 | WARNING (630558, stable_pretraining.module) | No clip val found for optimizer default_0
02:17:08.326 | WARNING (630558, stable_pretraining.module) | -> we will use the Trainer's value of 1.0
02:17:08.327 | WARNING (630558, stable_pretraining.module) | No clip algorithm found for optimizer default_0
02:17:08.327 | WARNING (630558, stable_pretraining.module) | -> we will use the Trainer's value of None
02:17:08.327 | SUCCESS (630558, stable_pretraining.module) | We are done checking your optimizers! Here is the summary:
+------------+-----------+----------------+-----------+-----------+
| Opt. Index | Opt. name |      opt       | clip val. | clip alg. |
+------------+-----------+----------------+-----------+-----------+
|     0      | default_0 | LightningAdamW |    1.0    |    None   |
+------------+-----------+----------------+-----------+-----------+
02:17:09.256 | WARNING (630558, stable_pretraining.module) | You are calling self.parameters which also gives callbacks parameters, to remove then, pass `with_callbacks=False`
02:17:09.259 | INFO    (630558, stable_pretraining.callbacks.unused_parameters) | [LogUnusedParametersOnce] Registered hooks on 299 leaf parameters.
02:17:13.548 | WARNING (630558, stable_pretraining.module) | You are calling self.parameters which also gives callbacks parameters, to remove then, pass `with_callbacks=False`
02:17:13.549 | INFO    (630558, stable_pretraining.callbacks.unused_parameters) | [LogUnusedParametersOnce] All tracked parameters received gradients on the first backward pass.
02:17:13.550 | INFO    (630558, stable_pretraining.callbacks.unused_parameters) | [LogUnusedParametersOnce] Hooks removed, callback disabled.
03:14:05.409 | WARNING (630558, stable_pretraining.module) | You are calling self.parameters which also gives callbacks parameters, to remove then, pass `with_callbacks=False`
/home/aarav/wms/le-wm/le-wm/lib/python3.11/site-packages/lightning/pytorch/utilities/data.py:79: Trying to infer the `batch_size` from an ambiguous collection. The batch size we found is 28. To avoid any miscalculations, use `self.log(..., batch_size=batch_size)`.
03:15:56.680 | INFO    (630558, stable_pretraining.callbacks.trainer_info) | \n+----------------------------+----------------------+
|           Metric           |        Value         |
+----------------------------+----------------------+
|          [0;34;40mfit/loss[0m          | [0;32;40m0.020301982760429382[0m |
|       [0;34;40mfit/pred_loss[0m        | [0;32;40m0.005326165352016687[0m |
|      [0;34;40mfit/rdmreg_loss[0m       | [0;32;40m0.014975817874073982[0m |
|       [0;34;40mvalidate/loss[0m        | [0;32;40m0.022862093523144722[0m |
|    [0;34;40mvalidate/loss_epoch[0m     | [0;32;40m0.022862093523144722[0m |
|     [0;34;40mvalidate/pred_loss[0m     | [0;32;40m0.005388068966567516[0m |
|  [0;34;40mvalidate/pred_loss_epoch[0m  | [0;32;40m0.005388068966567516[0m |
|    [0;34;40mvalidate/rdmreg_loss[0m    | [0;32;40m0.017474031075835228[0m |
| [0;34;40mvalidate/rdmreg_loss_epoch[0m | [0;32;40m0.017474031075835228[0m |
+----------------------------+----------------------+
03:15:57.074 | INFO    (630558, stable_pretraining.callbacks.checkpoint_sklearn) | Checking for non PyTorch modules to save... 🔧
03:15:57.182 | INFO    (630558, stable_pretraining.callbacks.checkpoint_sklearn) | Checking for Wandb params to save... 🔧
03:15:57.183 | INFO    (630558, stable_pretraining.callbacks.checkpoint_sklearn) | Saving Wandb params {'id': 'lewm_lp_pusht_expert_v1'}
03:15:57.183 | INFO    (630558, stable_pretraining.callbacks.checkpoint_sklearn) | Checking for Wandb params to save... Done!
03:15:57.183 | INFO    (630558, stable_pretraining.callbacks.cpu_offload) | ============================================================
03:15:57.183 | INFO    (630558, stable_pretraining.callbacks.cpu_offload) | CPUOffloadCallback: Starting checkpoint CPU offload (#1)
03:15:57.183 | INFO    (630558, stable_pretraining.callbacks.cpu_offload) |   - Global step: 3483
03:15:57.183 | INFO    (630558, stable_pretraining.callbacks.cpu_offload) |   - Epoch: 0
03:15:57.183 | INFO    (630558, stable_pretraining.callbacks.cpu_offload) | Checkpoint contains 11 keys: ['callbacks', 'epoch', 'global_step', 'hparams_name', 'hyper_parameters', 'loops', 'lr_schedulers', 'optimizer_states', 'pytorch-lightning_version', 'state_dict', 'wandb']
03:15:57.184 | INFO    (630558, stable_pretraining.callbacks.cpu_offload) | GPU memory before offload:
03:15:57.185 | INFO    (630558, stable_pretraining.callbacks.cpu_offload) |   - Allocated: 0.24 GB
03:15:57.185 | INFO    (630558, stable_pretraining.callbacks.cpu_offload) |   - Reserved: 16.65 GB
03:15:57.185 | INFO    (630558, stable_pretraining.callbacks.cpu_offload) | Processing checkpoint key: 'state_dict'
03:15:57.216 | SUCCESS (630558, stable_pretraining.callbacks.cpu_offload) | ✓ Completed 'state_dict' in 0.03s
03:15:57.217 | INFO    (630558, stable_pretraining.callbacks.cpu_offload) | Processing checkpoint key: 'optimizer_states'
03:15:57.284 | SUCCESS (630558, stable_pretraining.callbacks.cpu_offload) | ✓ Completed 'optimizer_states' in 0.07s
03:15:57.284 | INFO    (630558, stable_pretraining.callbacks.cpu_offload) | Processing checkpoint key: 'lr_schedulers'
03:15:57.284 | SUCCESS (630558, stable_pretraining.callbacks.cpu_offload) | ✓ Completed 'lr_schedulers' in 0.00s
03:15:57.284 | WARNING (630558, stable_pretraining.callbacks.cpu_offload) | Skipped 322 custom object(s)
03:15:57.285 | WARNING (630558, stable_pretraining.callbacks.cpu_offload) | First 10 skipped objects:
03:15:57.285 | WARNING (630558, stable_pretraining.callbacks.cpu_offload) |   - float at 'optimizer_states[0].param_groups[0].lr'
03:15:57.285 | WARNING (630558, stable_pretraining.callbacks.cpu_offload) |   - float at 'optimizer_states[0].param_groups[0].betas[0]'
03:15:57.285 | WARNING (630558, stable_pretraining.callbacks.cpu_offload) |   - float at 'optimizer_states[0].param_groups[0].betas[1]'
03:15:57.285 | WARNING (630558, stable_pretraining.callbacks.cpu_offload) |   - float at 'optimizer_states[0].param_groups[0].eps'
03:15:57.285 | WARNING (630558, stable_pretraining.callbacks.cpu_offload) |   - float at 'optimizer_states[0].param_groups[0].weight_decay'
03:15:57.285 | WARNING (630558, stable_pretraining.callbacks.cpu_offload) |   - bool at 'optimizer_states[0].param_groups[0].amsgrad'
03:15:57.285 | WARNING (630558, stable_pretraining.callbacks.cpu_offload) |   - bool at 'optimizer_states[0].param_groups[0].maximize'
03:15:57.285 | WARNING (630558, stable_pretraining.callbacks.cpu_offload) |   - NoneType at 'optimizer_states[0].param_groups[0].foreach'
03:15:57.285 | WARNING (630558, stable_pretraining.callbacks.cpu_offload) |   - bool at 'optimizer_states[0].param_groups[0].capturable'
03:15:57.285 | WARNING (630558, stable_pretraining.callbacks.cpu_offload) |   - bool at 'optimizer_states[0].param_groups[0].differentiable'
03:15:57.285 | WARNING (630558, stable_pretraining.callbacks.cpu_offload) | ... (302 more skipped) ...
03:15:57.285 | WARNING (630558, stable_pretraining.callbacks.cpu_offload) | Last 10 skipped objects:
03:15:57.285 | WARNING (630558, stable_pretraining.callbacks.cpu_offload) |   - int at 'lr_schedulers[0].warmup_steps'
03:15:57.285 | WARNING (630558, stable_pretraining.callbacks.cpu_offload) |   - int at 'lr_schedulers[0].max_steps'
03:15:57.285 | WARNING (630558, stable_pretraining.callbacks.cpu_offload) |   - float at 'lr_schedulers[0].warmup_start_lr'
03:15:57.285 | WARNING (630558, stable_pretraining.callbacks.cpu_offload) |   - float at 'lr_schedulers[0].eta_min'
03:15:57.285 | WARNING (630558, stable_pretraining.callbacks.cpu_offload) |   - float at 'lr_schedulers[0].base_lrs[0]'
03:15:57.285 | WARNING (630558, stable_pretraining.callbacks.cpu_offload) |   - int at 'lr_schedulers[0].last_epoch'
03:15:57.285 | WARNING (630558, stable_pretraining.callbacks.cpu_offload) |   - int at 'lr_schedulers[0]._step_count'
03:15:57.285 | WARNING (630558, stable_pretraining.callbacks.cpu_offload) |   - bool at 'lr_schedulers[0]._is_initial'
03:15:57.286 | WARNING (630558, stable_pretraining.callbacks.cpu_offload) |   - bool at 'lr_schedulers[0]._get_lr_called_within_step'
03:15:57.286 | WARNING (630558, stable_pretraining.callbacks.cpu_offload) |   - float at 'lr_schedulers[0]._last_lr[0]'
03:15:57.286 | INFO    (630558, stable_pretraining.callbacks.cpu_offload) | To see all 322 skipped objects, set log_skipped=True
03:15:57.286 | INFO    (630558, stable_pretraining.callbacks.cpu_offload) | GPU memory after offload:
03:15:57.286 | INFO    (630558, stable_pretraining.callbacks.cpu_offload) |   - Allocated: 0.24 GB
03:15:57.286 | INFO    (630558, stable_pretraining.callbacks.cpu_offload) |   - Reserved: 16.65 GB
03:15:57.286 | INFO    (630558, stable_pretraining.callbacks.cpu_offload) | GPU memory freed: 0.00 GB
03:15:57.286 | SUCCESS (630558, stable_pretraining.callbacks.cpu_offload) | CPUOffloadCallback: Checkpoint #1 completed in 0.10s
03:15:57.286 | INFO    (630558, stable_pretraining.callbacks.cpu_offload) | Successfully processed keys: ['state_dict', 'optimizer_states', 'lr_schedulers']
03:15:57.286 | INFO    (630558, stable_pretraining.callbacks.cpu_offload) | Cumulative stats:
03:15:57.287 | INFO    (630558, stable_pretraining.callbacks.cpu_offload) |   - Total checkpoints saved: 1
03:15:57.287 | INFO    (630558, stable_pretraining.callbacks.cpu_offload) |   - Total time in offload: 0.10s
03:15:57.287 | INFO    (630558, stable_pretraining.callbacks.cpu_offload) |   - Total memory freed: 0.00 GB
03:15:57.287 | INFO    (630558, stable_pretraining.callbacks.cpu_offload) |   - Average time per checkpoint: 0.10s
03:15:57.287 | INFO    (630558, stable_pretraining.callbacks.cpu_offload) | ============================================================
03:15:57.886 | INFO    (630558, stable_pretraining.callbacks.checkpoint_sklearn) | Checking for non PyTorch modules to save... 🔧
03:15:57.886 | INFO    (630558, stable_pretraining.callbacks.checkpoint_sklearn) | Checking for Wandb params to save... 🔧
03:15:57.887 | INFO    (630558, stable_pretraining.callbacks.checkpoint_sklearn) | Saving Wandb params {'id': 'lewm_lp_pusht_expert_v1'}
03:15:57.887 | INFO    (630558, stable_pretraining.callbacks.checkpoint_sklearn) | Checking for Wandb params to save... Done!
03:15:57.887 | INFO    (630558, stable_pretraining.callbacks.cpu_offload) | ============================================================
03:15:57.887 | INFO    (630558, stable_pretraining.callbacks.cpu_offload) | CPUOffloadCallback: Starting checkpoint CPU offload (#2)
03:15:57.887 | INFO    (630558, stable_pretraining.callbacks.cpu_offload) |   - Global step: 3483
03:15:57.887 | INFO    (630558, stable_pretraining.callbacks.cpu_offload) |   - Epoch: 0
03:15:57.887 | INFO    (630558, stable_pretraining.callbacks.cpu_offload) | Checkpoint contains 11 keys: ['callbacks', 'epoch', 'global_step', 'hparams_name', 'hyper_parameters', 'loops', 'lr_schedulers', 'optimizer_states', 'pytorch-lightning_version', 'state_dict', 'wandb']
03:15:57.887 | INFO    (630558, stable_pretraining.callbacks.cpu_offload) | GPU memory before offload:
03:15:57.887 | INFO    (630558, stable_pretraining.callbacks.cpu_offload) |   - Allocated: 0.24 GB
03:15:57.887 | INFO    (630558, stable_pretraining.callbacks.cpu_offload) |   - Reserved: 16.65 GB
03:15:57.887 | INFO    (630558, stable_pretraining.callbacks.cpu_offload) | Processing checkpoint key: 'state_dict'
03:15:57.917 | SUCCESS (630558, stable_pretraining.callbacks.cpu_offload) | ✓ Completed 'state_dict' in 0.03s
03:15:57.917 | INFO    (630558, stable_pretraining.callbacks.cpu_offload) | Processing checkpoint key: 'optimizer_states'
03:15:57.984 | SUCCESS (630558, stable_pretraining.callbacks.cpu_offload) | ✓ Completed 'optimizer_states' in 0.07s
03:15:57.984 | INFO    (630558, stable_pretraining.callbacks.cpu_offload) | Processing checkpoint key: 'lr_schedulers'
03:15:57.984 | SUCCESS (630558, stable_pretraining.callbacks.cpu_offload) | ✓ Completed 'lr_schedulers' in 0.00s
03:15:57.985 | WARNING (630558, stable_pretraining.callbacks.cpu_offload) | Skipped 322 custom object(s)
03:15:57.985 | WARNING (630558, stable_pretraining.callbacks.cpu_offload) | First 10 skipped objects:
03:15:57.985 | WARNING (630558, stable_pretraining.callbacks.cpu_offload) |   - float at 'optimizer_states[0].param_groups[0].lr'
03:15:57.985 | WARNING (630558, stable_pretraining.callbacks.cpu_offload) |   - float at 'optimizer_states[0].param_groups[0].betas[0]'
03:15:57.985 | WARNING (630558, stable_pretraining.callbacks.cpu_offload) |   - float at 'optimizer_states[0].param_groups[0].betas[1]'
03:15:57.985 | WARNING (630558, stable_pretraining.callbacks.cpu_offload) |   - float at 'optimizer_states[0].param_groups[0].eps'
03:15:57.985 | WARNING (630558, stable_pretraining.callbacks.cpu_offload) |   - float at 'optimizer_states[0].param_groups[0].weight_decay'
03:15:57.985 | WARNING (630558, stable_pretraining.callbacks.cpu_offload) |   - bool at 'optimizer_states[0].param_groups[0].amsgrad'
03:15:57.985 | WARNING (630558, stable_pretraining.callbacks.cpu_offload) |   - bool at 'optimizer_states[0].param_groups[0].maximize'
03:15:57.985 | WARNING (630558, stable_pretraining.callbacks.cpu_offload) |   - NoneType at 'optimizer_states[0].param_groups[0].foreach'
03:15:57.985 | WARNING (630558, stable_pretraining.callbacks.cpu_offload) |   - bool at 'optimizer_states[0].param_groups[0].capturable'
03:15:57.985 | WARNING (630558, stable_pretraining.callbacks.cpu_offload) |   - bool at 'optimizer_states[0].param_groups[0].differentiable'
03:15:57.985 | WARNING (630558, stable_pretraining.callbacks.cpu_offload) | ... (302 more skipped) ...
03:15:57.986 | WARNING (630558, stable_pretraining.callbacks.cpu_offload) | Last 10 skipped objects:
03:15:57.986 | WARNING (630558, stable_pretraining.callbacks.cpu_offload) |   - int at 'lr_schedulers[0].warmup_steps'
03:15:57.986 | WARNING (630558, stable_pretraining.callbacks.cpu_offload) |   - int at 'lr_schedulers[0].max_steps'
03:15:57.986 | WARNING (630558, stable_pretraining.callbacks.cpu_offload) |   - float at 'lr_schedulers[0].warmup_start_lr'
03:15:57.986 | WARNING (630558, stable_pretraining.callbacks.cpu_offload) |   - float at 'lr_schedulers[0].eta_min'
03:15:57.986 | WARNING (630558, stable_pretraining.callbacks.cpu_offload) |   - float at 'lr_schedulers[0].base_lrs[0]'
03:15:57.986 | WARNING (630558, stable_pretraining.callbacks.cpu_offload) |   - int at 'lr_schedulers[0].last_epoch'
03:15:57.986 | WARNING (630558, stable_pretraining.callbacks.cpu_offload) |   - int at 'lr_schedulers[0]._step_count'
03:15:57.987 | WARNING (630558, stable_pretraining.callbacks.cpu_offload) |   - bool at 'lr_schedulers[0]._is_initial'
03:15:57.987 | WARNING (630558, stable_pretraining.callbacks.cpu_offload) |   - bool at 'lr_schedulers[0]._get_lr_called_within_step'
03:15:57.987 | WARNING (630558, stable_pretraining.callbacks.cpu_offload) |   - float at 'lr_schedulers[0]._last_lr[0]'
03:15:57.987 | INFO    (630558, stable_pretraining.callbacks.cpu_offload) | To see all 322 skipped objects, set log_skipped=True
03:15:57.987 | INFO    (630558, stable_pretraining.callbacks.cpu_offload) | GPU memory after offload:
03:15:57.987 | INFO    (630558, stable_pretraining.callbacks.cpu_offload) |   - Allocated: 0.24 GB
03:15:57.987 | INFO    (630558, stable_pretraining.callbacks.cpu_offload) |   - Reserved: 16.65 GB
03:15:57.987 | INFO    (630558, stable_pretraining.callbacks.cpu_offload) | GPU memory freed: 0.00 GB
03:15:57.987 | SUCCESS (630558, stable_pretraining.callbacks.cpu_offload) | CPUOffloadCallback: Checkpoint #2 completed in 0.10s
03:15:57.987 | INFO    (630558, stable_pretraining.callbacks.cpu_offload) | Successfully processed keys: ['state_dict', 'optimizer_states', 'lr_schedulers']
03:15:57.987 | INFO    (630558, stable_pretraining.callbacks.cpu_offload) | Cumulative stats:
03:15:57.987 | INFO    (630558, stable_pretraining.callbacks.cpu_offload) |   - Total checkpoints saved: 2
03:15:57.987 | INFO    (630558, stable_pretraining.callbacks.cpu_offload) |   - Total time in offload: 0.20s
03:15:57.987 | INFO    (630558, stable_pretraining.callbacks.cpu_offload) |   - Total memory freed: 0.00 GB
03:15:57.987 | INFO    (630558, stable_pretraining.callbacks.cpu_offload) |   - Average time per checkpoint: 0.10s
03:15:57.987 | INFO    (630558, stable_pretraining.callbacks.cpu_offload) | ============================================================
04:00:27.622 | WARNING (630558, stable_pretraining.module) | You are calling self.parameters which also gives callbacks parameters, to remove then, pass `with_callbacks=False`
04:02:17.249 | INFO    (630558, stable_pretraining.callbacks.trainer_info) | \n+----------------------------+-----------------------+
|           Metric           |         Value         |
+----------------------------+-----------------------+
|          [0;34;40mfit/loss[0m          |  [0;32;40m0.012437256053090096[0m |
|       [0;34;40mfit/pred_loss[0m        | [0;32;40m0.0031872258987277746[0m |
|      [0;34;40mfit/rdmreg_loss[0m       |  [0;32;40m0.009250029921531677[0m |
|       [0;34;40mvalidate/loss[0m        |  [0;32;40m0.013704035431146622[0m |
|    [0;34;40mvalidate/loss_epoch[0m     |  [0;32;40m0.013704035431146622[0m |
|     [0;34;40mvalidate/pred_loss[0m     |  [0;32;40m0.002697224961593747[0m |
|  [0;34;40mvalidate/pred_loss_epoch[0m  |  [0;32;40m0.002697224961593747[0m |
|    [0;34;40mvalidate/rdmreg_loss[0m    |  [0;32;40m0.011006811633706093[0m |
| [0;34;40mvalidate/rdmreg_loss_epoch[0m |  [0;32;40m0.011006811633706093[0m |
+----------------------------+-----------------------+
04:02:17.310 | INFO    (630558, stable_pretraining.callbacks.checkpoint_sklearn) | Checking for non PyTorch modules to save... 🔧
04:02:17.311 | INFO    (630558, stable_pretraining.callbacks.checkpoint_sklearn) | Checking for Wandb params to save... 🔧
04:02:17.311 | INFO    (630558, stable_pretraining.callbacks.checkpoint_sklearn) | Saving Wandb params {'id': 'lewm_lp_pusht_expert_v1'}
04:02:17.311 | INFO    (630558, stable_pretraining.callbacks.checkpoint_sklearn) | Checking for Wandb params to save... Done!
04:02:17.311 | INFO    (630558, stable_pretraining.callbacks.cpu_offload) | ============================================================
04:02:17.311 | INFO    (630558, stable_pretraining.callbacks.cpu_offload) | CPUOffloadCallback: Starting checkpoint CPU offload (#3)
04:02:17.311 | INFO    (630558, stable_pretraining.callbacks.cpu_offload) |   - Global step: 6966
04:02:17.311 | INFO    (630558, stable_pretraining.callbacks.cpu_offload) |   - Epoch: 1
04:02:17.311 | INFO    (630558, stable_pretraining.callbacks.cpu_offload) | Checkpoint contains 11 keys: ['callbacks', 'epoch', 'global_step', 'hparams_name', 'hyper_parameters', 'loops', 'lr_schedulers', 'optimizer_states', 'pytorch-lightning_version', 'state_dict', 'wandb']
04:02:17.311 | INFO    (630558, stable_pretraining.callbacks.cpu_offload) | GPU memory before offload:
04:02:17.311 | INFO    (630558, stable_pretraining.callbacks.cpu_offload) |   - Allocated: 0.24 GB
04:02:17.311 | INFO    (630558, stable_pretraining.callbacks.cpu_offload) |   - Reserved: 16.65 GB
04:02:17.311 | INFO    (630558, stable_pretraining.callbacks.cpu_offload) | Processing checkpoint key: 'state_dict'
04:02:17.343 | SUCCESS (630558, stable_pretraining.callbacks.cpu_offload) | ✓ Completed 'state_dict' in 0.03s
04:02:17.343 | INFO    (630558, stable_pretraining.callbacks.cpu_offload) | Processing checkpoint key: 'optimizer_states'
04:02:17.406 | SUCCESS (630558, stable_pretraining.callbacks.cpu_offload) | ✓ Completed 'optimizer_states' in 0.06s
04:02:17.406 | INFO    (630558, stable_pretraining.callbacks.cpu_offload) | Processing checkpoint key: 'lr_schedulers'
04:02:17.406 | SUCCESS (630558, stable_pretraining.callbacks.cpu_offload) | ✓ Completed 'lr_schedulers' in 0.00s
04:02:17.406 | WARNING (630558, stable_pretraining.callbacks.cpu_offload) | Skipped 322 custom object(s)
04:02:17.406 | WARNING (630558, stable_pretraining.callbacks.cpu_offload) | First 10 skipped objects:
04:02:17.406 | WARNING (630558, stable_pretraining.callbacks.cpu_offload) |   - float at 'optimizer_states[0].param_groups[0].lr'
04:02:17.406 | WARNING (630558, stable_pretraining.callbacks.cpu_offload) |   - float at 'optimizer_states[0].param_groups[0].betas[0]'
04:02:17.406 | WARNING (630558, stable_pretraining.callbacks.cpu_offload) |   - float at 'optimizer_states[0].param_groups[0].betas[1]'
04:02:17.406 | WARNING (630558, stable_pretraining.callbacks.cpu_offload) |   - float at 'optimizer_states[0].param_groups[0].eps'
04:02:17.406 | WARNING (630558, stable_pretraining.callbacks.cpu_offload) |   - float at 'optimizer_states[0].param_groups[0].weight_decay'
04:02:17.406 | WARNING (630558, stable_pretraining.callbacks.cpu_offload) |   - bool at 'optimizer_states[0].param_groups[0].amsgrad'
04:02:17.406 | WARNING (630558, stable_pretraining.callbacks.cpu_offload) |   - bool at 'optimizer_states[0].param_groups[0].maximize'
04:02:17.406 | WARNING (630558, stable_pretraining.callbacks.cpu_offload) |   - NoneType at 'optimizer_states[0].param_groups[0].foreach'
04:02:17.406 | WARNING (630558, stable_pretraining.callbacks.cpu_offload) |   - bool at 'optimizer_states[0].param_groups[0].capturable'
04:02:17.406 | WARNING (630558, stable_pretraining.callbacks.cpu_offload) |   - bool at 'optimizer_states[0].param_groups[0].differentiable'
04:02:17.407 | WARNING (630558, stable_pretraining.callbacks.cpu_offload) | ... (302 more skipped) ...
04:02:17.407 | WARNING (630558, stable_pretraining.callbacks.cpu_offload) | Last 10 skipped objects:
04:02:17.407 | WARNING (630558, stable_pretraining.callbacks.cpu_offload) |   - int at 'lr_schedulers[0].warmup_steps'
04:02:17.407 | WARNING (630558, stable_pretraining.callbacks.cpu_offload) |   - int at 'lr_schedulers[0].max_steps'
04:02:17.407 | WARNING (630558, stable_pretraining.callbacks.cpu_offload) |   - float at 'lr_schedulers[0].warmup_start_lr'
04:02:17.407 | WARNING (630558, stable_pretraining.callbacks.cpu_offload) |   - float at 'lr_schedulers[0].eta_min'
04:02:17.407 | WARNING (630558, stable_pretraining.callbacks.cpu_offload) |   - float at 'lr_schedulers[0].base_lrs[0]'
04:02:17.407 | WARNING (630558, stable_pretraining.callbacks.cpu_offload) |   - int at 'lr_schedulers[0].last_epoch'
04:02:17.407 | WARNING (630558, stable_pretraining.callbacks.cpu_offload) |   - int at 'lr_schedulers[0]._step_count'
04:02:17.407 | WARNING (630558, stable_pretraining.callbacks.cpu_offload) |   - bool at 'lr_schedulers[0]._is_initial'
04:02:17.407 | WARNING (630558, stable_pretraining.callbacks.cpu_offload) |   - bool at 'lr_schedulers[0]._get_lr_called_within_step'
04:02:17.407 | WARNING (630558, stable_pretraining.callbacks.cpu_offload) |   - float at 'lr_schedulers[0]._last_lr[0]'
04:02:17.407 | INFO    (630558, stable_pretraining.callbacks.cpu_offload) | To see all 322 skipped objects, set log_skipped=True
04:02:17.408 | INFO    (630558, stable_pretraining.callbacks.cpu_offload) | GPU memory after offload:
04:02:17.408 | INFO    (630558, stable_pretraining.callbacks.cpu_offload) |   - Allocated: 0.24 GB
04:02:17.408 | INFO    (630558, stable_pretraining.callbacks.cpu_offload) |   - Reserved: 16.65 GB
04:02:17.408 | INFO    (630558, stable_pretraining.callbacks.cpu_offload) | GPU memory freed: 0.00 GB
04:02:17.408 | SUCCESS (630558, stable_pretraining.callbacks.cpu_offload) | CPUOffloadCallback: Checkpoint #3 completed in 0.10s
04:02:17.408 | INFO    (630558, stable_pretraining.callbacks.cpu_offload) | Successfully processed keys: ['state_dict', 'optimizer_states', 'lr_schedulers']
04:02:17.408 | INFO    (630558, stable_pretraining.callbacks.cpu_offload) | Cumulative stats:
04:02:17.408 | INFO    (630558, stable_pretraining.callbacks.cpu_offload) |   - Total checkpoints saved: 3
04:02:17.408 | INFO    (630558, stable_pretraining.callbacks.cpu_offload) |   - Total time in offload: 0.30s
04:02:17.408 | INFO    (630558, stable_pretraining.callbacks.cpu_offload) |   - Total memory freed: 0.00 GB
04:02:17.408 | INFO    (630558, stable_pretraining.callbacks.cpu_offload) |   - Average time per checkpoint: 0.10s
04:02:17.408 | INFO    (630558, stable_pretraining.callbacks.cpu_offload) | ============================================================
04:02:17.884 | INFO    (630558, stable_pretraining.callbacks.checkpoint_sklearn) | Checking for non PyTorch modules to save... 🔧
04:02:17.884 | INFO    (630558, stable_pretraining.callbacks.checkpoint_sklearn) | Checking for Wandb params to save... 🔧
04:02:17.884 | INFO    (630558, stable_pretraining.callbacks.checkpoint_sklearn) | Saving Wandb params {'id': 'lewm_lp_pusht_expert_v1'}
04:02:17.884 | INFO    (630558, stable_pretraining.callbacks.checkpoint_sklearn) | Checking for Wandb params to save... Done!
04:02:17.884 | INFO    (630558, stable_pretraining.callbacks.cpu_offload) | ============================================================
04:02:17.885 | INFO    (630558, stable_pretraining.callbacks.cpu_offload) | CPUOffloadCallback: Starting checkpoint CPU offload (#4)
04:02:17.885 | INFO    (630558, stable_pretraining.callbacks.cpu_offload) |   - Global step: 6966
04:02:17.885 | INFO    (630558, stable_pretraining.callbacks.cpu_offload) |   - Epoch: 1
04:02:17.885 | INFO    (630558, stable_pretraining.callbacks.cpu_offload) | Checkpoint contains 11 keys: ['callbacks', 'epoch', 'global_step', 'hparams_name', 'hyper_parameters', 'loops', 'lr_schedulers', 'optimizer_states', 'pytorch-lightning_version', 'state_dict', 'wandb']
04:02:17.885 | INFO    (630558, stable_pretraining.callbacks.cpu_offload) | GPU memory before offload:
04:02:17.885 | INFO    (630558, stable_pretraining.callbacks.cpu_offload) |   - Allocated: 0.24 GB
04:02:17.885 | INFO    (630558, stable_pretraining.callbacks.cpu_offload) |   - Reserved: 16.65 GB
04:02:17.885 | INFO    (630558, stable_pretraining.callbacks.cpu_offload) | Processing checkpoint key: 'state_dict'
04:02:17.898 | SUCCESS (630558, stable_pretraining.callbacks.cpu_offload) | ✓ Completed 'state_dict' in 0.01s
04:02:17.898 | INFO    (630558, stable_pretraining.callbacks.cpu_offload) | Processing checkpoint key: 'optimizer_states'
04:02:17.925 | SUCCESS (630558, stable_pretraining.callbacks.cpu_offload) | ✓ Completed 'optimizer_states' in 0.03s
04:02:17.925 | INFO    (630558, stable_pretraining.callbacks.cpu_offload) | Processing checkpoint key: 'lr_schedulers'
04:02:17.925 | SUCCESS (630558, stable_pretraining.callbacks.cpu_offload) | ✓ Completed 'lr_schedulers' in 0.00s
04:02:17.925 | WARNING (630558, stable_pretraining.callbacks.cpu_offload) | Skipped 322 custom object(s)
04:02:17.925 | WARNING (630558, stable_pretraining.callbacks.cpu_offload) | First 10 skipped objects:
04:02:17.925 | WARNING (630558, stable_pretraining.callbacks.cpu_offload) |   - float at 'optimizer_states[0].param_groups[0].lr'
04:02:17.925 | WARNING (630558, stable_pretraining.callbacks.cpu_offload) |   - float at 'optimizer_states[0].param_groups[0].betas[0]'
04:02:17.925 | WARNING (630558, stable_pretraining.callbacks.cpu_offload) |   - float at 'optimizer_states[0].param_groups[0].betas[1]'
04:02:17.925 | WARNING (630558, stable_pretraining.callbacks.cpu_offload) |   - float at 'optimizer_states[0].param_groups[0].eps'
04:02:17.925 | WARNING (630558, stable_pretraining.callbacks.cpu_offload) |   - float at 'optimizer_states[0].param_groups[0].weight_decay'
04:02:17.925 | WARNING (630558, stable_pretraining.callbacks.cpu_offload) |   - bool at 'optimizer_states[0].param_groups[0].amsgrad'
04:02:17.925 | WARNING (630558, stable_pretraining.callbacks.cpu_offload) |   - bool at 'optimizer_states[0].param_groups[0].maximize'
04:02:17.925 | WARNING (630558, stable_pretraining.callbacks.cpu_offload) |   - NoneType at 'optimizer_states[0].param_groups[0].foreach'
04:02:17.925 | WARNING (630558, stable_pretraining.callbacks.cpu_offload) |   - bool at 'optimizer_states[0].param_groups[0].capturable'
04:02:17.925 | WARNING (630558, stable_pretraining.callbacks.cpu_offload) |   - bool at 'optimizer_states[0].param_groups[0].differentiable'
04:02:17.925 | WARNING (630558, stable_pretraining.callbacks.cpu_offload) | ... (302 more skipped) ...
04:02:17.926 | WARNING (630558, stable_pretraining.callbacks.cpu_offload) | Last 10 skipped objects:
04:02:17.926 | WARNING (630558, stable_pretraining.callbacks.cpu_offload) |   - int at 'lr_schedulers[0].warmup_steps'
04:02:17.926 | WARNING (630558, stable_pretraining.callbacks.cpu_offload) |   - int at 'lr_schedulers[0].max_steps'
04:02:17.926 | WARNING (630558, stable_pretraining.callbacks.cpu_offload) |   - float at 'lr_schedulers[0].warmup_start_lr'
04:02:17.926 | WARNING (630558, stable_pretraining.callbacks.cpu_offload) |   - float at 'lr_schedulers[0].eta_min'
04:02:17.926 | WARNING (630558, stable_pretraining.callbacks.cpu_offload) |   - float at 'lr_schedulers[0].base_lrs[0]'
04:02:17.926 | WARNING (630558, stable_pretraining.callbacks.cpu_offload) |   - int at 'lr_schedulers[0].last_epoch'
04:02:17.926 | WARNING (630558, stable_pretraining.callbacks.cpu_offload) |   - int at 'lr_schedulers[0]._step_count'
04:02:17.926 | WARNING (630558, stable_pretraining.callbacks.cpu_offload) |   - bool at 'lr_schedulers[0]._is_initial'
04:02:17.926 | WARNING (630558, stable_pretraining.callbacks.cpu_offload) |   - bool at 'lr_schedulers[0]._get_lr_called_within_step'
04:02:17.926 | WARNING (630558, stable_pretraining.callbacks.cpu_offload) |   - float at 'lr_schedulers[0]._last_lr[0]'
04:02:17.926 | INFO    (630558, stable_pretraining.callbacks.cpu_offload) | To see all 322 skipped objects, set log_skipped=True
04:02:17.926 | INFO    (630558, stable_pretraining.callbacks.cpu_offload) | GPU memory after offload:
04:02:17.926 | INFO    (630558, stable_pretraining.callbacks.cpu_offload) |   - Allocated: 0.24 GB
04:02:17.926 | INFO    (630558, stable_pretraining.callbacks.cpu_offload) |   - Reserved: 16.65 GB
04:02:17.926 | INFO    (630558, stable_pretraining.callbacks.cpu_offload) | GPU memory freed: 0.00 GB
04:02:17.927 | SUCCESS (630558, stable_pretraining.callbacks.cpu_offload) | CPUOffloadCallback: Checkpoint #4 completed in 0.04s
04:02:17.927 | INFO    (630558, stable_pretraining.callbacks.cpu_offload) | Successfully processed keys: ['state_dict', 'optimizer_states', 'lr_schedulers']
04:02:17.927 | INFO    (630558, stable_pretraining.callbacks.cpu_offload) | Cumulative stats:
04:02:17.927 | INFO    (630558, stable_pretraining.callbacks.cpu_offload) |   - Total checkpoints saved: 4
04:02:17.927 | INFO    (630558, stable_pretraining.callbacks.cpu_offload) |   - Total time in offload: 0.34s
04:02:17.927 | INFO    (630558, stable_pretraining.callbacks.cpu_offload) |   - Total memory freed: 0.00 GB
04:02:17.927 | INFO    (630558, stable_pretraining.callbacks.cpu_offload) |   - Average time per checkpoint: 0.09s
04:02:17.927 | INFO    (630558, stable_pretraining.callbacks.cpu_offload) | ============================================================
04:46:48.409 | WARNING (630558, stable_pretraining.module) | You are calling self.parameters which also gives callbacks parameters, to remove then, pass `with_callbacks=False`
04:48:38.032 | INFO    (630558, stable_pretraining.callbacks.trainer_info) | \n+----------------------------+-----------------------+
|           Metric           |         Value         |
+----------------------------+-----------------------+
|          [0;34;40mfit/loss[0m          |  [0;32;40m0.010837964713573456[0m |
|       [0;34;40mfit/pred_loss[0m        |  [0;32;40m0.002887511160224676[0m |
|      [0;34;40mfit/rdmreg_loss[0m       |  [0;32;40m0.007950453087687492[0m |
|       [0;34;40mvalidate/loss[0m        |  [0;32;40m0.011061311699450016[0m |
|    [0;34;40mvalidate/loss_epoch[0m     |  [0;32;40m0.011061311699450016[0m |
|     [0;34;40mvalidate/pred_loss[0m     | [0;32;40m0.0022934649605304003[0m |
|  [0;34;40mvalidate/pred_loss_epoch[0m  | [0;32;40m0.0022934649605304003[0m |
|    [0;34;40mvalidate/rdmreg_loss[0m    |  [0;32;40m0.008767840452492237[0m |
| [0;34;40mvalidate/rdmreg_loss_epoch[0m |  [0;32;40m0.008767840452492237[0m |
+----------------------------+-----------------------+
04:48:38.096 | INFO    (630558, stable_pretraining.callbacks.checkpoint_sklearn) | Checking for non PyTorch modules to save... 🔧
04:48:38.096 | INFO    (630558, stable_pretraining.callbacks.checkpoint_sklearn) | Checking for Wandb params to save... 🔧
04:48:38.097 | INFO    (630558, stable_pretraining.callbacks.checkpoint_sklearn) | Saving Wandb params {'id': 'lewm_lp_pusht_expert_v1'}
04:48:38.097 | INFO    (630558, stable_pretraining.callbacks.checkpoint_sklearn) | Checking for Wandb params to save... Done!
04:48:38.097 | INFO    (630558, stable_pretraining.callbacks.cpu_offload) | ============================================================
04:48:38.097 | INFO    (630558, stable_pretraining.callbacks.cpu_offload) | CPUOffloadCallback: Starting checkpoint CPU offload (#5)
04:48:38.097 | INFO    (630558, stable_pretraining.callbacks.cpu_offload) |   - Global step: 10449
04:48:38.097 | INFO    (630558, stable_pretraining.callbacks.cpu_offload) |   - Epoch: 2
04:48:38.097 | INFO    (630558, stable_pretraining.callbacks.cpu_offload) | Checkpoint contains 11 keys: ['callbacks', 'epoch', 'global_step', 'hparams_name', 'hyper_parameters', 'loops', 'lr_schedulers', 'optimizer_states', 'pytorch-lightning_version', 'state_dict', 'wandb']
04:48:38.097 | INFO    (630558, stable_pretraining.callbacks.cpu_offload) | GPU memory before offload:
04:48:38.097 | INFO    (630558, stable_pretraining.callbacks.cpu_offload) |   - Allocated: 0.24 GB
04:48:38.097 | INFO    (630558, stable_pretraining.callbacks.cpu_offload) |   - Reserved: 16.65 GB
04:48:38.097 | INFO    (630558, stable_pretraining.callbacks.cpu_offload) | Processing checkpoint key: 'state_dict'
04:48:38.131 | SUCCESS (630558, stable_pretraining.callbacks.cpu_offload) | ✓ Completed 'state_dict' in 0.03s
04:48:38.131 | INFO    (630558, stable_pretraining.callbacks.cpu_offload) | Processing checkpoint key: 'optimizer_states'
04:48:38.196 | SUCCESS (630558, stable_pretraining.callbacks.cpu_offload) | ✓ Completed 'optimizer_states' in 0.06s
04:48:38.196 | INFO    (630558, stable_pretraining.callbacks.cpu_offload) | Processing checkpoint key: 'lr_schedulers'
04:48:38.196 | SUCCESS (630558, stable_pretraining.callbacks.cpu_offload) | ✓ Completed 'lr_schedulers' in 0.00s
04:48:38.196 | WARNING (630558, stable_pretraining.callbacks.cpu_offload) | Skipped 322 custom object(s)
04:48:38.196 | WARNING (630558, stable_pretraining.callbacks.cpu_offload) | First 10 skipped objects:
04:48:38.196 | WARNING (630558, stable_pretraining.callbacks.cpu_offload) |   - float at 'optimizer_states[0].param_groups[0].lr'
04:48:38.196 | WARNING (630558, stable_pretraining.callbacks.cpu_offload) |   - float at 'optimizer_states[0].param_groups[0].betas[0]'
04:48:38.196 | WARNING (630558, stable_pretraining.callbacks.cpu_offload) |   - float at 'optimizer_states[0].param_groups[0].betas[1]'
04:48:38.196 | WARNING (630558, stable_pretraining.callbacks.cpu_offload) |   - float at 'optimizer_states[0].param_groups[0].eps'
04:48:38.196 | WARNING (630558, stable_pretraining.callbacks.cpu_offload) |   - float at 'optimizer_states[0].param_groups[0].weight_decay'
04:48:38.196 | WARNING (630558, stable_pretraining.callbacks.cpu_offload) |   - bool at 'optimizer_states[0].param_groups[0].amsgrad'
04:48:38.196 | WARNING (630558, stable_pretraining.callbacks.cpu_offload) |   - bool at 'optimizer_states[0].param_groups[0].maximize'
04:48:38.197 | WARNING (630558, stable_pretraining.callbacks.cpu_offload) |   - NoneType at 'optimizer_states[0].param_groups[0].foreach'
04:48:38.197 | WARNING (630558, stable_pretraining.callbacks.cpu_offload) |   - bool at 'optimizer_states[0].param_groups[0].capturable'
04:48:38.197 | WARNING (630558, stable_pretraining.callbacks.cpu_offload) |   - bool at 'optimizer_states[0].param_groups[0].differentiable'
04:48:38.197 | WARNING (630558, stable_pretraining.callbacks.cpu_offload) | ... (302 more skipped) ...
04:48:38.197 | WARNING (630558, stable_pretraining.callbacks.cpu_offload) | Last 10 skipped objects:
04:48:38.197 | WARNING (630558, stable_pretraining.callbacks.cpu_offload) |   - int at 'lr_schedulers[0].warmup_steps'
04:48:38.197 | WARNING (630558, stable_pretraining.callbacks.cpu_offload) |   - int at 'lr_schedulers[0].max_steps'
04:48:38.197 | WARNING (630558, stable_pretraining.callbacks.cpu_offload) |   - float at 'lr_schedulers[0].warmup_start_lr'
04:48:38.197 | WARNING (630558, stable_pretraining.callbacks.cpu_offload) |   - float at 'lr_schedulers[0].eta_min'
04:48:38.197 | WARNING (630558, stable_pretraining.callbacks.cpu_offload) |   - float at 'lr_schedulers[0].base_lrs[0]'
04:48:38.197 | WARNING (630558, stable_pretraining.callbacks.cpu_offload) |   - int at 'lr_schedulers[0].last_epoch'
04:48:38.197 | WARNING (630558, stable_pretraining.callbacks.cpu_offload) |   - int at 'lr_schedulers[0]._step_count'
04:48:38.197 | WARNING (630558, stable_pretraining.callbacks.cpu_offload) |   - bool at 'lr_schedulers[0]._is_initial'
04:48:38.197 | WARNING (630558, stable_pretraining.callbacks.cpu_offload) |   - bool at 'lr_schedulers[0]._get_lr_called_within_step'
04:48:38.197 | WARNING (630558, stable_pretraining.callbacks.cpu_offload) |   - float at 'lr_schedulers[0]._last_lr[0]'
04:48:38.197 | INFO    (630558, stable_pretraining.callbacks.cpu_offload) | To see all 322 skipped objects, set log_skipped=True
04:48:38.198 | INFO    (630558, stable_pretraining.callbacks.cpu_offload) | GPU memory after offload:
04:48:38.198 | INFO    (630558, stable_pretraining.callbacks.cpu_offload) |   - Allocated: 0.24 GB
04:48:38.198 | INFO    (630558, stable_pretraining.callbacks.cpu_offload) |   - Reserved: 16.65 GB
04:48:38.198 | INFO    (630558, stable_pretraining.callbacks.cpu_offload) | GPU memory freed: 0.00 GB
04:48:38.198 | SUCCESS (630558, stable_pretraining.callbacks.cpu_offload) | CPUOffloadCallback: Checkpoint #5 completed in 0.10s
04:48:38.198 | INFO    (630558, stable_pretraining.callbacks.cpu_offload) | Successfully processed keys: ['state_dict', 'optimizer_states', 'lr_schedulers']
04:48:38.198 | INFO    (630558, stable_pretraining.callbacks.cpu_offload) | Cumulative stats:
04:48:38.198 | INFO    (630558, stable_pretraining.callbacks.cpu_offload) |   - Total checkpoints saved: 5
04:48:38.198 | INFO    (630558, stable_pretraining.callbacks.cpu_offload) |   - Total time in offload: 0.44s
04:48:38.198 | INFO    (630558, stable_pretraining.callbacks.cpu_offload) |   - Total memory freed: 0.00 GB
04:48:38.198 | INFO    (630558, stable_pretraining.callbacks.cpu_offload) |   - Average time per checkpoint: 0.09s
04:48:38.198 | INFO    (630558, stable_pretraining.callbacks.cpu_offload) | ============================================================
04:48:38.536 | INFO    (630558, stable_pretraining.callbacks.checkpoint_sklearn) | Checking for non PyTorch modules to save... 🔧
04:48:38.536 | INFO    (630558, stable_pretraining.callbacks.checkpoint_sklearn) | Checking for Wandb params to save... 🔧
04:48:38.536 | INFO    (630558, stable_pretraining.callbacks.checkpoint_sklearn) | Saving Wandb params {'id': 'lewm_lp_pusht_expert_v1'}
04:48:38.536 | INFO    (630558, stable_pretraining.callbacks.checkpoint_sklearn) | Checking for Wandb params to save... Done!
04:48:38.537 | INFO    (630558, stable_pretraining.callbacks.cpu_offload) | ============================================================
04:48:38.537 | INFO    (630558, stable_pretraining.callbacks.cpu_offload) | CPUOffloadCallback: Starting checkpoint CPU offload (#6)
04:48:38.537 | INFO    (630558, stable_pretraining.callbacks.cpu_offload) |   - Global step: 10449
04:48:38.537 | INFO    (630558, stable_pretraining.callbacks.cpu_offload) |   - Epoch: 2
04:48:38.537 | INFO    (630558, stable_pretraining.callbacks.cpu_offload) | Checkpoint contains 11 keys: ['callbacks', 'epoch', 'global_step', 'hparams_name', 'hyper_parameters', 'loops', 'lr_schedulers', 'optimizer_states', 'pytorch-lightning_version', 'state_dict', 'wandb']
04:48:38.537 | INFO    (630558, stable_pretraining.callbacks.cpu_offload) | GPU memory before offload:
04:48:38.537 | INFO    (630558, stable_pretraining.callbacks.cpu_offload) |   - Allocated: 0.24 GB
04:48:38.537 | INFO    (630558, stable_pretraining.callbacks.cpu_offload) |   - Reserved: 16.65 GB
04:48:38.537 | INFO    (630558, stable_pretraining.callbacks.cpu_offload) | Processing checkpoint key: 'state_dict'
04:48:38.550 | SUCCESS (630558, stable_pretraining.callbacks.cpu_offload) | ✓ Completed 'state_dict' in 0.01s
04:48:38.550 | INFO    (630558, stable_pretraining.callbacks.cpu_offload) | Processing checkpoint key: 'optimizer_states'
04:48:38.576 | SUCCESS (630558, stable_pretraining.callbacks.cpu_offload) | ✓ Completed 'optimizer_states' in 0.03s
04:48:38.576 | INFO    (630558, stable_pretraining.callbacks.cpu_offload) | Processing checkpoint key: 'lr_schedulers'
04:48:38.576 | SUCCESS (630558, stable_pretraining.callbacks.cpu_offload) | ✓ Completed 'lr_schedulers' in 0.00s
04:48:38.576 | WARNING (630558, stable_pretraining.callbacks.cpu_offload) | Skipped 322 custom object(s)
04:48:38.576 | WARNING (630558, stable_pretraining.callbacks.cpu_offload) | First 10 skipped objects:
04:48:38.577 | WARNING (630558, stable_pretraining.callbacks.cpu_offload) |   - float at 'optimizer_states[0].param_groups[0].lr'
04:48:38.577 | WARNING (630558, stable_pretraining.callbacks.cpu_offload) |   - float at 'optimizer_states[0].param_groups[0].betas[0]'
04:48:38.577 | WARNING (630558, stable_pretraining.callbacks.cpu_offload) |   - float at 'optimizer_states[0].param_groups[0].betas[1]'
04:48:38.577 | WARNING (630558, stable_pretraining.callbacks.cpu_offload) |   - float at 'optimizer_states[0].param_groups[0].eps'
04:48:38.577 | WARNING (630558, stable_pretraining.callbacks.cpu_offload) |   - float at 'optimizer_states[0].param_groups[0].weight_decay'
04:48:38.577 | WARNING (630558, stable_pretraining.callbacks.cpu_offload) |   - bool at 'optimizer_states[0].param_groups[0].amsgrad'
04:48:38.577 | WARNING (630558, stable_pretraining.callbacks.cpu_offload) |   - bool at 'optimizer_states[0].param_groups[0].maximize'
04:48:38.577 | WARNING (630558, stable_pretraining.callbacks.cpu_offload) |   - NoneType at 'optimizer_states[0].param_groups[0].foreach'
04:48:38.577 | WARNING (630558, stable_pretraining.callbacks.cpu_offload) |   - bool at 'optimizer_states[0].param_groups[0].capturable'
04:48:38.577 | WARNING (630558, stable_pretraining.callbacks.cpu_offload) |   - bool at 'optimizer_states[0].param_groups[0].differentiable'
04:48:38.577 | WARNING (630558, stable_pretraining.callbacks.cpu_offload) | ... (302 more skipped) ...
04:48:38.577 | WARNING (630558, stable_pretraining.callbacks.cpu_offload) | Last 10 skipped objects:
04:48:38.578 | WARNING (630558, stable_pretraining.callbacks.cpu_offload) |   - int at 'lr_schedulers[0].warmup_steps'
04:48:38.578 | WARNING (630558, stable_pretraining.callbacks.cpu_offload) |   - int at 'lr_schedulers[0].max_steps'
04:48:38.578 | WARNING (630558, stable_pretraining.callbacks.cpu_offload) |   - float at 'lr_schedulers[0].warmup_start_lr'
04:48:38.578 | WARNING (630558, stable_pretraining.callbacks.cpu_offload) |   - float at 'lr_schedulers[0].eta_min'
04:48:38.578 | WARNING (630558, stable_pretraining.callbacks.cpu_offload) |   - float at 'lr_schedulers[0].base_lrs[0]'
04:48:38.578 | WARNING (630558, stable_pretraining.callbacks.cpu_offload) |   - int at 'lr_schedulers[0].last_epoch'
04:48:38.578 | WARNING (630558, stable_pretraining.callbacks.cpu_offload) |   - int at 'lr_schedulers[0]._step_count'
04:48:38.578 | WARNING (630558, stable_pretraining.callbacks.cpu_offload) |   - bool at 'lr_schedulers[0]._is_initial'
04:48:38.578 | WARNING (630558, stable_pretraining.callbacks.cpu_offload) |   - bool at 'lr_schedulers[0]._get_lr_called_within_step'
04:48:38.578 | WARNING (630558, stable_pretraining.callbacks.cpu_offload) |   - float at 'lr_schedulers[0]._last_lr[0]'
04:48:38.578 | INFO    (630558, stable_pretraining.callbacks.cpu_offload) | To see all 322 skipped objects, set log_skipped=True
04:48:38.578 | INFO    (630558, stable_pretraining.callbacks.cpu_offload) | GPU memory after offload:
04:48:38.578 | INFO    (630558, stable_pretraining.callbacks.cpu_offload) |   - Allocated: 0.24 GB
04:48:38.578 | INFO    (630558, stable_pretraining.callbacks.cpu_offload) |   - Reserved: 16.65 GB
04:48:38.578 | INFO    (630558, stable_pretraining.callbacks.cpu_offload) | GPU memory freed: 0.00 GB
04:48:38.578 | SUCCESS (630558, stable_pretraining.callbacks.cpu_offload) | CPUOffloadCallback: Checkpoint #6 completed in 0.04s
04:48:38.579 | INFO    (630558, stable_pretraining.callbacks.cpu_offload) | Successfully processed keys: ['state_dict', 'optimizer_states', 'lr_schedulers']
04:48:38.579 | INFO    (630558, stable_pretraining.callbacks.cpu_offload) | Cumulative stats:
04:48:38.579 | INFO    (630558, stable_pretraining.callbacks.cpu_offload) |   - Total checkpoints saved: 6
04:48:38.579 | INFO    (630558, stable_pretraining.callbacks.cpu_offload) |   - Total time in offload: 0.49s
04:48:38.579 | INFO    (630558, stable_pretraining.callbacks.cpu_offload) |   - Total memory freed: 0.00 GB
04:48:38.579 | INFO    (630558, stable_pretraining.callbacks.cpu_offload) |   - Average time per checkpoint: 0.08s
04:48:38.580 | INFO    (630558, stable_pretraining.callbacks.cpu_offload) | ============================================================
05:33:09.487 | WARNING (630558, stable_pretraining.module) | You are calling self.parameters which also gives callbacks parameters, to remove then, pass `with_callbacks=False`
05:34:59.368 | INFO    (630558, stable_pretraining.callbacks.trainer_info) | \n+----------------------------+-----------------------+
|           Metric           |         Value         |
+----------------------------+-----------------------+
|          [0;34;40mfit/loss[0m          |  [0;32;40m0.009588733315467834[0m |
|       [0;34;40mfit/pred_loss[0m        |  [0;32;40m0.002344763372093439[0m |
|      [0;34;40mfit/rdmreg_loss[0m       |  [0;32;40m0.007243970409035683[0m |
|       [0;34;40mvalidate/loss[0m        |  [0;32;40m0.009772779420018196[0m |
|    [0;34;40mvalidate/loss_epoch[0m     |  [0;32;40m0.009772779420018196[0m |
|     [0;34;40mvalidate/pred_loss[0m     | [0;32;40m0.0017280236352235079[0m |
|  [0;34;40mvalidate/pred_loss_epoch[0m  | [0;32;40m0.0017280236352235079[0m |
|    [0;34;40mvalidate/rdmreg_loss[0m    |  [0;32;40m0.00804474949836731[0m  |
| [0;34;40mvalidate/rdmreg_loss_epoch[0m |  [0;32;40m0.00804474949836731[0m  |
+----------------------------+-----------------------+
05:34:59.430 | INFO    (630558, stable_pretraining.callbacks.checkpoint_sklearn) | Checking for non PyTorch modules to save... 🔧
05:34:59.430 | INFO    (630558, stable_pretraining.callbacks.checkpoint_sklearn) | Checking for Wandb params to save... 🔧
05:34:59.430 | INFO    (630558, stable_pretraining.callbacks.checkpoint_sklearn) | Saving Wandb params {'id': 'lewm_lp_pusht_expert_v1'}
05:34:59.431 | INFO    (630558, stable_pretraining.callbacks.checkpoint_sklearn) | Checking for Wandb params to save... Done!
05:34:59.431 | INFO    (630558, stable_pretraining.callbacks.cpu_offload) | ============================================================
05:34:59.431 | INFO    (630558, stable_pretraining.callbacks.cpu_offload) | CPUOffloadCallback: Starting checkpoint CPU offload (#7)
05:34:59.431 | INFO    (630558, stable_pretraining.callbacks.cpu_offload) |   - Global step: 13932
05:34:59.431 | INFO    (630558, stable_pretraining.callbacks.cpu_offload) |   - Epoch: 3
05:34:59.431 | INFO    (630558, stable_pretraining.callbacks.cpu_offload) | Checkpoint contains 11 keys: ['callbacks', 'epoch', 'global_step', 'hparams_name', 'hyper_parameters', 'loops', 'lr_schedulers', 'optimizer_states', 'pytorch-lightning_version', 'state_dict', 'wandb']
05:34:59.431 | INFO    (630558, stable_pretraining.callbacks.cpu_offload) | GPU memory before offload:
05:34:59.431 | INFO    (630558, stable_pretraining.callbacks.cpu_offload) |   - Allocated: 0.24 GB
05:34:59.431 | INFO    (630558, stable_pretraining.callbacks.cpu_offload) |   - Reserved: 16.65 GB
05:34:59.431 | INFO    (630558, stable_pretraining.callbacks.cpu_offload) | Processing checkpoint key: 'state_dict'
05:34:59.464 | SUCCESS (630558, stable_pretraining.callbacks.cpu_offload) | ✓ Completed 'state_dict' in 0.03s
05:34:59.464 | INFO    (630558, stable_pretraining.callbacks.cpu_offload) | Processing checkpoint key: 'optimizer_states'
05:34:59.534 | SUCCESS (630558, stable_pretraining.callbacks.cpu_offload) | ✓ Completed 'optimizer_states' in 0.07s
05:34:59.534 | INFO    (630558, stable_pretraining.callbacks.cpu_offload) | Processing checkpoint key: 'lr_schedulers'
05:34:59.534 | SUCCESS (630558, stable_pretraining.callbacks.cpu_offload) | ✓ Completed 'lr_schedulers' in 0.00s
05:34:59.534 | WARNING (630558, stable_pretraining.callbacks.cpu_offload) | Skipped 322 custom object(s)
05:34:59.534 | WARNING (630558, stable_pretraining.callbacks.cpu_offload) | First 10 skipped objects:
05:34:59.534 | WARNING (630558, stable_pretraining.callbacks.cpu_offload) |   - float at 'optimizer_states[0].param_groups[0].lr'
05:34:59.535 | WARNING (630558, stable_pretraining.callbacks.cpu_offload) |   - float at 'optimizer_states[0].param_groups[0].betas[0]'
05:34:59.535 | WARNING (630558, stable_pretraining.callbacks.cpu_offload) |   - float at 'optimizer_states[0].param_groups[0].betas[1]'
05:34:59.535 | WARNING (630558, stable_pretraining.callbacks.cpu_offload) |   - float at 'optimizer_states[0].param_groups[0].eps'
05:34:59.535 | WARNING (630558, stable_pretraining.callbacks.cpu_offload) |   - float at 'optimizer_states[0].param_groups[0].weight_decay'
05:34:59.535 | WARNING (630558, stable_pretraining.callbacks.cpu_offload) |   - bool at 'optimizer_states[0].param_groups[0].amsgrad'
05:34:59.535 | WARNING (630558, stable_pretraining.callbacks.cpu_offload) |   - bool at 'optimizer_states[0].param_groups[0].maximize'
05:34:59.535 | WARNING (630558, stable_pretraining.callbacks.cpu_offload) |   - NoneType at 'optimizer_states[0].param_groups[0].foreach'
05:34:59.535 | WARNING (630558, stable_pretraining.callbacks.cpu_offload) |   - bool at 'optimizer_states[0].param_groups[0].capturable'
05:34:59.535 | WARNING (630558, stable_pretraining.callbacks.cpu_offload) |   - bool at 'optimizer_states[0].param_groups[0].differentiable'
05:34:59.535 | WARNING (630558, stable_pretraining.callbacks.cpu_offload) | ... (302 more skipped) ...
05:34:59.535 | WARNING (630558, stable_pretraining.callbacks.cpu_offload) | Last 10 skipped objects:
05:34:59.535 | WARNING (630558, stable_pretraining.callbacks.cpu_offload) |   - int at 'lr_schedulers[0].warmup_steps'
05:34:59.535 | WARNING (630558, stable_pretraining.callbacks.cpu_offload) |   - int at 'lr_schedulers[0].max_steps'
05:34:59.536 | WARNING (630558, stable_pretraining.callbacks.cpu_offload) |   - float at 'lr_schedulers[0].warmup_start_lr'
05:34:59.536 | WARNING (630558, stable_pretraining.callbacks.cpu_offload) |   - float at 'lr_schedulers[0].eta_min'
05:34:59.536 | WARNING (630558, stable_pretraining.callbacks.cpu_offload) |   - float at 'lr_schedulers[0].base_lrs[0]'
05:34:59.536 | WARNING (630558, stable_pretraining.callbacks.cpu_offload) |   - int at 'lr_schedulers[0].last_epoch'
05:34:59.536 | WARNING (630558, stable_pretraining.callbacks.cpu_offload) |   - int at 'lr_schedulers[0]._step_count'
05:34:59.536 | WARNING (630558, stable_pretraining.callbacks.cpu_offload) |   - bool at 'lr_schedulers[0]._is_initial'
05:34:59.536 | WARNING (630558, stable_pretraining.callbacks.cpu_offload) |   - bool at 'lr_schedulers[0]._get_lr_called_within_step'
05:34:59.536 | WARNING (630558, stable_pretraining.callbacks.cpu_offload) |   - float at 'lr_schedulers[0]._last_lr[0]'
05:34:59.536 | INFO    (630558, stable_pretraining.callbacks.cpu_offload) | To see all 322 skipped objects, set log_skipped=True
05:34:59.536 | INFO    (630558, stable_pretraining.callbacks.cpu_offload) | GPU memory after offload:
05:34:59.536 | INFO    (630558, stable_pretraining.callbacks.cpu_offload) |   - Allocated: 0.24 GB
05:34:59.536 | INFO    (630558, stable_pretraining.callbacks.cpu_offload) |   - Reserved: 16.65 GB
05:34:59.536 | INFO    (630558, stable_pretraining.callbacks.cpu_offload) | GPU memory freed: 0.00 GB
05:34:59.536 | SUCCESS (630558, stable_pretraining.callbacks.cpu_offload) | CPUOffloadCallback: Checkpoint #7 completed in 0.11s
05:34:59.536 | INFO    (630558, stable_pretraining.callbacks.cpu_offload) | Successfully processed keys: ['state_dict', 'optimizer_states', 'lr_schedulers']
05:34:59.537 | INFO    (630558, stable_pretraining.callbacks.cpu_offload) | Cumulative stats:
05:34:59.537 | INFO    (630558, stable_pretraining.callbacks.cpu_offload) |   - Total checkpoints saved: 7
05:34:59.537 | INFO    (630558, stable_pretraining.callbacks.cpu_offload) |   - Total time in offload: 0.59s
05:34:59.537 | INFO    (630558, stable_pretraining.callbacks.cpu_offload) |   - Total memory freed: 0.00 GB
05:34:59.537 | INFO    (630558, stable_pretraining.callbacks.cpu_offload) |   - Average time per checkpoint: 0.08s
05:34:59.537 | INFO    (630558, stable_pretraining.callbacks.cpu_offload) | ============================================================
05:34:59.897 | INFO    (630558, stable_pretraining.callbacks.checkpoint_sklearn) | Checking for non PyTorch modules to save... 🔧
05:34:59.897 | INFO    (630558, stable_pretraining.callbacks.checkpoint_sklearn) | Checking for Wandb params to save... 🔧
05:34:59.898 | INFO    (630558, stable_pretraining.callbacks.checkpoint_sklearn) | Saving Wandb params {'id': 'lewm_lp_pusht_expert_v1'}
05:34:59.898 | INFO    (630558, stable_pretraining.callbacks.checkpoint_sklearn) | Checking for Wandb params to save... Done!
05:34:59.898 | INFO    (630558, stable_pretraining.callbacks.cpu_offload) | ============================================================
05:34:59.898 | INFO    (630558, stable_pretraining.callbacks.cpu_offload) | CPUOffloadCallback: Starting checkpoint CPU offload (#8)
05:34:59.898 | INFO    (630558, stable_pretraining.callbacks.cpu_offload) |   - Global step: 13932
05:34:59.898 | INFO    (630558, stable_pretraining.callbacks.cpu_offload) |   - Epoch: 3
05:34:59.898 | INFO    (630558, stable_pretraining.callbacks.cpu_offload) | Checkpoint contains 11 keys: ['callbacks', 'epoch', 'global_step', 'hparams_name', 'hyper_parameters', 'loops', 'lr_schedulers', 'optimizer_states', 'pytorch-lightning_version', 'state_dict', 'wandb']
05:34:59.898 | INFO    (630558, stable_pretraining.callbacks.cpu_offload) | GPU memory before offload:
05:34:59.898 | INFO    (630558, stable_pretraining.callbacks.cpu_offload) |   - Allocated: 0.24 GB
05:34:59.898 | INFO    (630558, stable_pretraining.callbacks.cpu_offload) |   - Reserved: 16.65 GB
05:34:59.899 | INFO    (630558, stable_pretraining.callbacks.cpu_offload) | Processing checkpoint key: 'state_dict'
05:34:59.928 | SUCCESS (630558, stable_pretraining.callbacks.cpu_offload) | ✓ Completed 'state_dict' in 0.03s
05:34:59.928 | INFO    (630558, stable_pretraining.callbacks.cpu_offload) | Processing checkpoint key: 'optimizer_states'
05:34:59.992 | SUCCESS (630558, stable_pretraining.callbacks.cpu_offload) | ✓ Completed 'optimizer_states' in 0.06s
05:34:59.993 | INFO    (630558, stable_pretraining.callbacks.cpu_offload) | Processing checkpoint key: 'lr_schedulers'
05:34:59.993 | SUCCESS (630558, stable_pretraining.callbacks.cpu_offload) | ✓ Completed 'lr_schedulers' in 0.00s
05:34:59.993 | WARNING (630558, stable_pretraining.callbacks.cpu_offload) | Skipped 322 custom object(s)
05:34:59.993 | WARNING (630558, stable_pretraining.callbacks.cpu_offload) | First 10 skipped objects:
05:34:59.993 | WARNING (630558, stable_pretraining.callbacks.cpu_offload) |   - float at 'optimizer_states[0].param_groups[0].lr'
05:34:59.993 | WARNING (630558, stable_pretraining.callbacks.cpu_offload) |   - float at 'optimizer_states[0].param_groups[0].betas[0]'
05:34:59.993 | WARNING (630558, stable_pretraining.callbacks.cpu_offload) |   - float at 'optimizer_states[0].param_groups[0].betas[1]'
05:34:59.993 | WARNING (630558, stable_pretraining.callbacks.cpu_offload) |   - float at 'optimizer_states[0].param_groups[0].eps'
05:34:59.993 | WARNING (630558, stable_pretraining.callbacks.cpu_offload) |   - float at 'optimizer_states[0].param_groups[0].weight_decay'
05:34:59.993 | WARNING (630558, stable_pretraining.callbacks.cpu_offload) |   - bool at 'optimizer_states[0].param_groups[0].amsgrad'
05:34:59.993 | WARNING (630558, stable_pretraining.callbacks.cpu_offload) |   - bool at 'optimizer_states[0].param_groups[0].maximize'
05:34:59.993 | WARNING (630558, stable_pretraining.callbacks.cpu_offload) |   - NoneType at 'optimizer_states[0].param_groups[0].foreach'
05:34:59.993 | WARNING (630558, stable_pretraining.callbacks.cpu_offload) |   - bool at 'optimizer_states[0].param_groups[0].capturable'
05:34:59.993 | WARNING (630558, stable_pretraining.callbacks.cpu_offload) |   - bool at 'optimizer_states[0].param_groups[0].differentiable'
05:34:59.993 | WARNING (630558, stable_pretraining.callbacks.cpu_offload) | ... (302 more skipped) ...
05:34:59.994 | WARNING (630558, stable_pretraining.callbacks.cpu_offload) | Last 10 skipped objects:
05:34:59.994 | WARNING (630558, stable_pretraining.callbacks.cpu_offload) |   - int at 'lr_schedulers[0].warmup_steps'
05:34:59.994 | WARNING (630558, stable_pretraining.callbacks.cpu_offload) |   - int at 'lr_schedulers[0].max_steps'
05:34:59.994 | WARNING (630558, stable_pretraining.callbacks.cpu_offload) |   - float at 'lr_schedulers[0].warmup_start_lr'
05:34:59.994 | WARNING (630558, stable_pretraining.callbacks.cpu_offload) |   - float at 'lr_schedulers[0].eta_min'
05:34:59.994 | WARNING (630558, stable_pretraining.callbacks.cpu_offload) |   - float at 'lr_schedulers[0].base_lrs[0]'
05:34:59.994 | WARNING (630558, stable_pretraining.callbacks.cpu_offload) |   - int at 'lr_schedulers[0].last_epoch'
05:34:59.994 | WARNING (630558, stable_pretraining.callbacks.cpu_offload) |   - int at 'lr_schedulers[0]._step_count'
05:34:59.994 | WARNING (630558, stable_pretraining.callbacks.cpu_offload) |   - bool at 'lr_schedulers[0]._is_initial'
05:34:59.994 | WARNING (630558, stable_pretraining.callbacks.cpu_offload) |   - bool at 'lr_schedulers[0]._get_lr_called_within_step'
05:34:59.994 | WARNING (630558, stable_pretraining.callbacks.cpu_offload) |   - float at 'lr_schedulers[0]._last_lr[0]'
05:34:59.994 | INFO    (630558, stable_pretraining.callbacks.cpu_offload) | To see all 322 skipped objects, set log_skipped=True
05:34:59.994 | INFO    (630558, stable_pretraining.callbacks.cpu_offload) | GPU memory after offload:
05:34:59.995 | INFO    (630558, stable_pretraining.callbacks.cpu_offload) |   - Allocated: 0.24 GB
05:34:59.995 | INFO    (630558, stable_pretraining.callbacks.cpu_offload) |   - Reserved: 16.65 GB
05:34:59.995 | INFO    (630558, stable_pretraining.callbacks.cpu_offload) | GPU memory freed: 0.00 GB
05:34:59.995 | SUCCESS (630558, stable_pretraining.callbacks.cpu_offload) | CPUOffloadCallback: Checkpoint #8 completed in 0.10s
05:34:59.995 | INFO    (630558, stable_pretraining.callbacks.cpu_offload) | Successfully processed keys: ['state_dict', 'optimizer_states', 'lr_schedulers']
05:34:59.995 | INFO    (630558, stable_pretraining.callbacks.cpu_offload) | Cumulative stats:
05:34:59.995 | INFO    (630558, stable_pretraining.callbacks.cpu_offload) |   - Total checkpoints saved: 8
05:34:59.995 | INFO    (630558, stable_pretraining.callbacks.cpu_offload) |   - Total time in offload: 0.69s
05:34:59.995 | INFO    (630558, stable_pretraining.callbacks.cpu_offload) |   - Total memory freed: 0.00 GB
05:34:59.995 | INFO    (630558, stable_pretraining.callbacks.cpu_offload) |   - Average time per checkpoint: 0.09s
05:34:59.995 | INFO    (630558, stable_pretraining.callbacks.cpu_offload) | ============================================================
06:19:30.838 | WARNING (630558, stable_pretraining.module) | You are calling self.parameters which also gives callbacks parameters, to remove then, pass `with_callbacks=False`
06:21:20.692 | INFO    (630558, stable_pretraining.callbacks.trainer_info) | \n+----------------------------+-----------------------+
|           Metric           |         Value         |
+----------------------------+-----------------------+
|          [0;34;40mfit/loss[0m          |  [0;32;40m0.008750912733376026[0m |
|       [0;34;40mfit/pred_loss[0m        | [0;32;40m0.0020891311578452587[0m |
|      [0;34;40mfit/rdmreg_loss[0m       | [0;32;40m0.0066617815755307674[0m |
|       [0;34;40mvalidate/loss[0m        |  [0;32;40m0.008976617828011513[0m |
|    [0;34;40mvalidate/loss_epoch[0m     |  [0;32;40m0.008976617828011513[0m |
|     [0;34;40mvalidate/pred_loss[0m     | [0;32;40m0.0015193572035059333[0m |
|  [0;34;40mvalidate/pred_loss_epoch[0m  | [0;32;40m0.0015193572035059333[0m |
|    [0;34;40mvalidate/rdmreg_loss[0m    |  [0;32;40m0.007457262370735407[0m |
| [0;34;40mvalidate/rdmreg_loss_epoch[0m |  [0;32;40m0.007457262370735407[0m |
+----------------------------+-----------------------+
06:21:20.757 | INFO    (630558, stable_pretraining.callbacks.checkpoint_sklearn) | Checking for non PyTorch modules to save... 🔧
06:21:20.758 | INFO    (630558, stable_pretraining.callbacks.checkpoint_sklearn) | Checking for Wandb params to save... 🔧
06:21:20.758 | INFO    (630558, stable_pretraining.callbacks.checkpoint_sklearn) | Saving Wandb params {'id': 'lewm_lp_pusht_expert_v1'}
06:21:20.758 | INFO    (630558, stable_pretraining.callbacks.checkpoint_sklearn) | Checking for Wandb params to save... Done!
06:21:20.758 | INFO    (630558, stable_pretraining.callbacks.cpu_offload) | ============================================================
06:21:20.758 | INFO    (630558, stable_pretraining.callbacks.cpu_offload) | CPUOffloadCallback: Starting checkpoint CPU offload (#9)
06:21:20.758 | INFO    (630558, stable_pretraining.callbacks.cpu_offload) |   - Global step: 17415
06:21:20.758 | INFO    (630558, stable_pretraining.callbacks.cpu_offload) |   - Epoch: 4
06:21:20.758 | INFO    (630558, stable_pretraining.callbacks.cpu_offload) | Checkpoint contains 11 keys: ['callbacks', 'epoch', 'global_step', 'hparams_name', 'hyper_parameters', 'loops', 'lr_schedulers', 'optimizer_states', 'pytorch-lightning_version', 'state_dict', 'wandb']
06:21:20.759 | INFO    (630558, stable_pretraining.callbacks.cpu_offload) | GPU memory before offload:
06:21:20.759 | INFO    (630558, stable_pretraining.callbacks.cpu_offload) |   - Allocated: 0.24 GB
06:21:20.759 | INFO    (630558, stable_pretraining.callbacks.cpu_offload) |   - Reserved: 16.65 GB
06:21:20.759 | INFO    (630558, stable_pretraining.callbacks.cpu_offload) | Processing checkpoint key: 'state_dict'
06:21:20.789 | SUCCESS (630558, stable_pretraining.callbacks.cpu_offload) | ✓ Completed 'state_dict' in 0.03s
06:21:20.789 | INFO    (630558, stable_pretraining.callbacks.cpu_offload) | Processing checkpoint key: 'optimizer_states'
06:21:20.854 | SUCCESS (630558, stable_pretraining.callbacks.cpu_offload) | ✓ Completed 'optimizer_states' in 0.06s
06:21:20.854 | INFO    (630558, stable_pretraining.callbacks.cpu_offload) | Processing checkpoint key: 'lr_schedulers'
06:21:20.854 | SUCCESS (630558, stable_pretraining.callbacks.cpu_offload) | ✓ Completed 'lr_schedulers' in 0.00s
06:21:20.854 | WARNING (630558, stable_pretraining.callbacks.cpu_offload) | Skipped 322 custom object(s)
06:21:20.854 | WARNING (630558, stable_pretraining.callbacks.cpu_offload) | First 10 skipped objects:
06:21:20.854 | WARNING (630558, stable_pretraining.callbacks.cpu_offload) |   - float at 'optimizer_states[0].param_groups[0].lr'
06:21:20.854 | WARNING (630558, stable_pretraining.callbacks.cpu_offload) |   - float at 'optimizer_states[0].param_groups[0].betas[0]'
06:21:20.854 | WARNING (630558, stable_pretraining.callbacks.cpu_offload) |   - float at 'optimizer_states[0].param_groups[0].betas[1]'
06:21:20.854 | WARNING (630558, stable_pretraining.callbacks.cpu_offload) |   - float at 'optimizer_states[0].param_groups[0].eps'
06:21:20.854 | WARNING (630558, stable_pretraining.callbacks.cpu_offload) |   - float at 'optimizer_states[0].param_groups[0].weight_decay'
06:21:20.854 | WARNING (630558, stable_pretraining.callbacks.cpu_offload) |   - bool at 'optimizer_states[0].param_groups[0].amsgrad'
06:21:20.854 | WARNING (630558, stable_pretraining.callbacks.cpu_offload) |   - bool at 'optimizer_states[0].param_groups[0].maximize'
06:21:20.854 | WARNING (630558, stable_pretraining.callbacks.cpu_offload) |   - NoneType at 'optimizer_states[0].param_groups[0].foreach'
06:21:20.855 | WARNING (630558, stable_pretraining.callbacks.cpu_offload) |   - bool at 'optimizer_states[0].param_groups[0].capturable'
06:21:20.855 | WARNING (630558, stable_pretraining.callbacks.cpu_offload) |   - bool at 'optimizer_states[0].param_groups[0].differentiable'
06:21:20.855 | WARNING (630558, stable_pretraining.callbacks.cpu_offload) | ... (302 more skipped) ...
06:21:20.855 | WARNING (630558, stable_pretraining.callbacks.cpu_offload) | Last 10 skipped objects:
06:21:20.855 | WARNING (630558, stable_pretraining.callbacks.cpu_offload) |   - int at 'lr_schedulers[0].warmup_steps'
06:21:20.855 | WARNING (630558, stable_pretraining.callbacks.cpu_offload) |   - int at 'lr_schedulers[0].max_steps'
06:21:20.855 | WARNING (630558, stable_pretraining.callbacks.cpu_offload) |   - float at 'lr_schedulers[0].warmup_start_lr'
06:21:20.855 | WARNING (630558, stable_pretraining.callbacks.cpu_offload) |   - float at 'lr_schedulers[0].eta_min'
06:21:20.855 | WARNING (630558, stable_pretraining.callbacks.cpu_offload) |   - float at 'lr_schedulers[0].base_lrs[0]'
06:21:20.855 | WARNING (630558, stable_pretraining.callbacks.cpu_offload) |   - int at 'lr_schedulers[0].last_epoch'
06:21:20.855 | WARNING (630558, stable_pretraining.callbacks.cpu_offload) |   - int at 'lr_schedulers[0]._step_count'
06:21:20.855 | WARNING (630558, stable_pretraining.callbacks.cpu_offload) |   - bool at 'lr_schedulers[0]._is_initial'
06:21:20.855 | WARNING (630558, stable_pretraining.callbacks.cpu_offload) |   - bool at 'lr_schedulers[0]._get_lr_called_within_step'
06:21:20.855 | WARNING (630558, stable_pretraining.callbacks.cpu_offload) |   - float at 'lr_schedulers[0]._last_lr[0]'
06:21:20.855 | INFO    (630558, stable_pretraining.callbacks.cpu_offload) | To see all 322 skipped objects, set log_skipped=True
06:21:20.856 | INFO    (630558, stable_pretraining.callbacks.cpu_offload) | GPU memory after offload:
06:21:20.856 | INFO    (630558, stable_pretraining.callbacks.cpu_offload) |   - Allocated: 0.24 GB
06:21:20.856 | INFO    (630558, stable_pretraining.callbacks.cpu_offload) |   - Reserved: 16.65 GB
06:21:20.856 | INFO    (630558, stable_pretraining.callbacks.cpu_offload) | GPU memory freed: 0.00 GB
06:21:20.856 | SUCCESS (630558, stable_pretraining.callbacks.cpu_offload) | CPUOffloadCallback: Checkpoint #9 completed in 0.10s
06:21:20.856 | INFO    (630558, stable_pretraining.callbacks.cpu_offload) | Successfully processed keys: ['state_dict', 'optimizer_states', 'lr_schedulers']
06:21:20.856 | INFO    (630558, stable_pretraining.callbacks.cpu_offload) | Cumulative stats:
06:21:20.856 | INFO    (630558, stable_pretraining.callbacks.cpu_offload) |   - Total checkpoints saved: 9
06:21:20.856 | INFO    (630558, stable_pretraining.callbacks.cpu_offload) |   - Total time in offload: 0.79s
06:21:20.856 | INFO    (630558, stable_pretraining.callbacks.cpu_offload) |   - Total memory freed: 0.00 GB
06:21:20.856 | INFO    (630558, stable_pretraining.callbacks.cpu_offload) |   - Average time per checkpoint: 0.09s
06:21:20.856 | INFO    (630558, stable_pretraining.callbacks.cpu_offload) | ============================================================
06:21:21.195 | INFO    (630558, stable_pretraining.callbacks.checkpoint_sklearn) | Checking for non PyTorch modules to save... 🔧
06:21:21.195 | INFO    (630558, stable_pretraining.callbacks.checkpoint_sklearn) | Checking for Wandb params to save... 🔧
06:21:21.195 | INFO    (630558, stable_pretraining.callbacks.checkpoint_sklearn) | Saving Wandb params {'id': 'lewm_lp_pusht_expert_v1'}
06:21:21.196 | INFO    (630558, stable_pretraining.callbacks.checkpoint_sklearn) | Checking for Wandb params to save... Done!
06:21:21.196 | INFO    (630558, stable_pretraining.callbacks.cpu_offload) | ============================================================
06:21:21.196 | INFO    (630558, stable_pretraining.callbacks.cpu_offload) | CPUOffloadCallback: Starting checkpoint CPU offload (#10)
06:21:21.196 | INFO    (630558, stable_pretraining.callbacks.cpu_offload) |   - Global step: 17415
06:21:21.196 | INFO    (630558, stable_pretraining.callbacks.cpu_offload) |   - Epoch: 4
06:21:21.196 | INFO    (630558, stable_pretraining.callbacks.cpu_offload) | Checkpoint contains 11 keys: ['callbacks', 'epoch', 'global_step', 'hparams_name', 'hyper_parameters', 'loops', 'lr_schedulers', 'optimizer_states', 'pytorch-lightning_version', 'state_dict', 'wandb']
06:21:21.196 | INFO    (630558, stable_pretraining.callbacks.cpu_offload) | GPU memory before offload:
06:21:21.197 | INFO    (630558, stable_pretraining.callbacks.cpu_offload) |   - Allocated: 0.24 GB
06:21:21.197 | INFO    (630558, stable_pretraining.callbacks.cpu_offload) |   - Reserved: 16.65 GB
06:21:21.197 | INFO    (630558, stable_pretraining.callbacks.cpu_offload) | Processing checkpoint key: 'state_dict'
06:21:21.209 | SUCCESS (630558, stable_pretraining.callbacks.cpu_offload) | ✓ Completed 'state_dict' in 0.01s
06:21:21.209 | INFO    (630558, stable_pretraining.callbacks.cpu_offload) | Processing checkpoint key: 'optimizer_states'
06:21:21.236 | SUCCESS (630558, stable_pretraining.callbacks.cpu_offload) | ✓ Completed 'optimizer_states' in 0.03s
06:21:21.236 | INFO    (630558, stable_pretraining.callbacks.cpu_offload) | Processing checkpoint key: 'lr_schedulers'
06:21:21.236 | SUCCESS (630558, stable_pretraining.callbacks.cpu_offload) | ✓ Completed 'lr_schedulers' in 0.00s
06:21:21.236 | WARNING (630558, stable_pretraining.callbacks.cpu_offload) | Skipped 322 custom object(s)
06:21:21.236 | WARNING (630558, stable_pretraining.callbacks.cpu_offload) | First 10 skipped objects:
06:21:21.236 | WARNING (630558, stable_pretraining.callbacks.cpu_offload) |   - float at 'optimizer_states[0].param_groups[0].lr'
06:21:21.236 | WARNING (630558, stable_pretraining.callbacks.cpu_offload) |   - float at 'optimizer_states[0].param_groups[0].betas[0]'
06:21:21.236 | WARNING (630558, stable_pretraining.callbacks.cpu_offload) |   - float at 'optimizer_states[0].param_groups[0].betas[1]'
06:21:21.236 | WARNING (630558, stable_pretraining.callbacks.cpu_offload) |   - float at 'optimizer_states[0].param_groups[0].eps'
06:21:21.236 | WARNING (630558, stable_pretraining.callbacks.cpu_offload) |   - float at 'optimizer_states[0].param_groups[0].weight_decay'
06:21:21.236 | WARNING (630558, stable_pretraining.callbacks.cpu_offload) |   - bool at 'optimizer_states[0].param_groups[0].amsgrad'
06:21:21.236 | WARNING (630558, stable_pretraining.callbacks.cpu_offload) |   - bool at 'optimizer_states[0].param_groups[0].maximize'
06:21:21.236 | WARNING (630558, stable_pretraining.callbacks.cpu_offload) |   - NoneType at 'optimizer_states[0].param_groups[0].foreach'
06:21:21.236 | WARNING (630558, stable_pretraining.callbacks.cpu_offload) |   - bool at 'optimizer_states[0].param_groups[0].capturable'
06:21:21.236 | WARNING (630558, stable_pretraining.callbacks.cpu_offload) |   - bool at 'optimizer_states[0].param_groups[0].differentiable'
06:21:21.237 | WARNING (630558, stable_pretraining.callbacks.cpu_offload) | ... (302 more skipped) ...
06:21:21.237 | WARNING (630558, stable_pretraining.callbacks.cpu_offload) | Last 10 skipped objects:
06:21:21.237 | WARNING (630558, stable_pretraining.callbacks.cpu_offload) |   - int at 'lr_schedulers[0].warmup_steps'
06:21:21.237 | WARNING (630558, stable_pretraining.callbacks.cpu_offload) |   - int at 'lr_schedulers[0].max_steps'
06:21:21.237 | WARNING (630558, stable_pretraining.callbacks.cpu_offload) |   - float at 'lr_schedulers[0].warmup_start_lr'
06:21:21.237 | WARNING (630558, stable_pretraining.callbacks.cpu_offload) |   - float at 'lr_schedulers[0].eta_min'
06:21:21.237 | WARNING (630558, stable_pretraining.callbacks.cpu_offload) |   - float at 'lr_schedulers[0].base_lrs[0]'
06:21:21.237 | WARNING (630558, stable_pretraining.callbacks.cpu_offload) |   - int at 'lr_schedulers[0].last_epoch'
06:21:21.237 | WARNING (630558, stable_pretraining.callbacks.cpu_offload) |   - int at 'lr_schedulers[0]._step_count'
06:21:21.237 | WARNING (630558, stable_pretraining.callbacks.cpu_offload) |   - bool at 'lr_schedulers[0]._is_initial'
06:21:21.237 | WARNING (630558, stable_pretraining.callbacks.cpu_offload) |   - bool at 'lr_schedulers[0]._get_lr_called_within_step'
06:21:21.237 | WARNING (630558, stable_pretraining.callbacks.cpu_offload) |   - float at 'lr_schedulers[0]._last_lr[0]'
06:21:21.237 | INFO    (630558, stable_pretraining.callbacks.cpu_offload) | To see all 322 skipped objects, set log_skipped=True
06:21:21.237 | INFO    (630558, stable_pretraining.callbacks.cpu_offload) | GPU memory after offload:
06:21:21.237 | INFO    (630558, stable_pretraining.callbacks.cpu_offload) |   - Allocated: 0.24 GB
06:21:21.238 | INFO    (630558, stable_pretraining.callbacks.cpu_offload) |   - Reserved: 16.65 GB
06:21:21.238 | INFO    (630558, stable_pretraining.callbacks.cpu_offload) | GPU memory freed: 0.00 GB
06:21:21.238 | SUCCESS (630558, stable_pretraining.callbacks.cpu_offload) | CPUOffloadCallback: Checkpoint #10 completed in 0.04s
06:21:21.238 | INFO    (630558, stable_pretraining.callbacks.cpu_offload) | Successfully processed keys: ['state_dict', 'optimizer_states', 'lr_schedulers']
06:21:21.238 | INFO    (630558, stable_pretraining.callbacks.cpu_offload) | Cumulative stats:
06:21:21.238 | INFO    (630558, stable_pretraining.callbacks.cpu_offload) |   - Total checkpoints saved: 10
06:21:21.238 | INFO    (630558, stable_pretraining.callbacks.cpu_offload) |   - Total time in offload: 0.83s
06:21:21.238 | INFO    (630558, stable_pretraining.callbacks.cpu_offload) |   - Total memory freed: 0.00 GB
06:21:21.238 | INFO    (630558, stable_pretraining.callbacks.cpu_offload) |   - Average time per checkpoint: 0.08s
06:21:21.238 | INFO    (630558, stable_pretraining.callbacks.cpu_offload) | ============================================================
07:05:51.788 | WARNING (630558, stable_pretraining.module) | You are calling self.parameters which also gives callbacks parameters, to remove then, pass `with_callbacks=False`
07:07:41.630 | INFO    (630558, stable_pretraining.callbacks.trainer_info) | \n+----------------------------+-----------------------+
|           Metric           |         Value         |
+----------------------------+-----------------------+
|          [0;34;40mfit/loss[0m          |  [0;32;40m0.007917400449514389[0m |
|       [0;34;40mfit/pred_loss[0m        | [0;32;40m0.0016301103169098496[0m |
|      [0;34;40mfit/rdmreg_loss[0m       |  [0;32;40m0.006287289783358574[0m |
|       [0;34;40mvalidate/loss[0m        |  [0;32;40m0.008249836042523384[0m |
|    [0;34;40mvalidate/loss_epoch[0m     |  [0;32;40m0.008249836042523384[0m |
|     [0;34;40mvalidate/pred_loss[0m     | [0;32;40m0.0011426599230617285[0m |
|  [0;34;40mvalidate/pred_loss_epoch[0m  | [0;32;40m0.0011426599230617285[0m |
|    [0;34;40mvalidate/rdmreg_loss[0m    |  [0;32;40m0.007107182405889034[0m |
| [0;34;40mvalidate/rdmreg_loss_epoch[0m |  [0;32;40m0.007107182405889034[0m |
+----------------------------+-----------------------+
07:07:41.693 | INFO    (630558, stable_pretraining.callbacks.checkpoint_sklearn) | Checking for non PyTorch modules to save... 🔧
07:07:41.693 | INFO    (630558, stable_pretraining.callbacks.checkpoint_sklearn) | Checking for Wandb params to save... 🔧
07:07:41.693 | INFO    (630558, stable_pretraining.callbacks.checkpoint_sklearn) | Saving Wandb params {'id': 'lewm_lp_pusht_expert_v1'}
07:07:41.693 | INFO    (630558, stable_pretraining.callbacks.checkpoint_sklearn) | Checking for Wandb params to save... Done!
07:07:41.693 | INFO    (630558, stable_pretraining.callbacks.cpu_offload) | ============================================================
07:07:41.693 | INFO    (630558, stable_pretraining.callbacks.cpu_offload) | CPUOffloadCallback: Starting checkpoint CPU offload (#11)
07:07:41.693 | INFO    (630558, stable_pretraining.callbacks.cpu_offload) |   - Global step: 20898
07:07:41.694 | INFO    (630558, stable_pretraining.callbacks.cpu_offload) |   - Epoch: 5
07:07:41.694 | INFO    (630558, stable_pretraining.callbacks.cpu_offload) | Checkpoint contains 11 keys: ['callbacks', 'epoch', 'global_step', 'hparams_name', 'hyper_parameters', 'loops', 'lr_schedulers', 'optimizer_states', 'pytorch-lightning_version', 'state_dict', 'wandb']
07:07:41.694 | INFO    (630558, stable_pretraining.callbacks.cpu_offload) | GPU memory before offload:
07:07:41.695 | INFO    (630558, stable_pretraining.callbacks.cpu_offload) |   - Allocated: 0.24 GB
07:07:41.695 | INFO    (630558, stable_pretraining.callbacks.cpu_offload) |   - Reserved: 16.65 GB
07:07:41.695 | INFO    (630558, stable_pretraining.callbacks.cpu_offload) | Processing checkpoint key: 'state_dict'
07:07:41.731 | SUCCESS (630558, stable_pretraining.callbacks.cpu_offload) | ✓ Completed 'state_dict' in 0.04s
07:07:41.731 | INFO    (630558, stable_pretraining.callbacks.cpu_offload) | Processing checkpoint key: 'optimizer_states'
07:07:41.794 | SUCCESS (630558, stable_pretraining.callbacks.cpu_offload) | ✓ Completed 'optimizer_states' in 0.06s
07:07:41.794 | INFO    (630558, stable_pretraining.callbacks.cpu_offload) | Processing checkpoint key: 'lr_schedulers'
07:07:41.794 | SUCCESS (630558, stable_pretraining.callbacks.cpu_offload) | ✓ Completed 'lr_schedulers' in 0.00s
07:07:41.794 | WARNING (630558, stable_pretraining.callbacks.cpu_offload) | Skipped 322 custom object(s)
07:07:41.794 | WARNING (630558, stable_pretraining.callbacks.cpu_offload) | First 10 skipped objects:
07:07:41.794 | WARNING (630558, stable_pretraining.callbacks.cpu_offload) |   - float at 'optimizer_states[0].param_groups[0].lr'
07:07:41.794 | WARNING (630558, stable_pretraining.callbacks.cpu_offload) |   - float at 'optimizer_states[0].param_groups[0].betas[0]'
07:07:41.794 | WARNING (630558, stable_pretraining.callbacks.cpu_offload) |   - float at 'optimizer_states[0].param_groups[0].betas[1]'
07:07:41.794 | WARNING (630558, stable_pretraining.callbacks.cpu_offload) |   - float at 'optimizer_states[0].param_groups[0].eps'
07:07:41.795 | WARNING (630558, stable_pretraining.callbacks.cpu_offload) |   - float at 'optimizer_states[0].param_groups[0].weight_decay'
07:07:41.795 | WARNING (630558, stable_pretraining.callbacks.cpu_offload) |   - bool at 'optimizer_states[0].param_groups[0].amsgrad'
07:07:41.795 | WARNING (630558, stable_pretraining.callbacks.cpu_offload) |   - bool at 'optimizer_states[0].param_groups[0].maximize'
07:07:41.795 | WARNING (630558, stable_pretraining.callbacks.cpu_offload) |   - NoneType at 'optimizer_states[0].param_groups[0].foreach'
07:07:41.795 | WARNING (630558, stable_pretraining.callbacks.cpu_offload) |   - bool at 'optimizer_states[0].param_groups[0].capturable'
07:07:41.795 | WARNING (630558, stable_pretraining.callbacks.cpu_offload) |   - bool at 'optimizer_states[0].param_groups[0].differentiable'
07:07:41.795 | WARNING (630558, stable_pretraining.callbacks.cpu_offload) | ... (302 more skipped) ...
07:07:41.795 | WARNING (630558, stable_pretraining.callbacks.cpu_offload) | Last 10 skipped objects:
07:07:41.795 | WARNING (630558, stable_pretraining.callbacks.cpu_offload) |   - int at 'lr_schedulers[0].warmup_steps'
07:07:41.795 | WARNING (630558, stable_pretraining.callbacks.cpu_offload) |   - int at 'lr_schedulers[0].max_steps'
07:07:41.795 | WARNING (630558, stable_pretraining.callbacks.cpu_offload) |   - float at 'lr_schedulers[0].warmup_start_lr'
07:07:41.795 | WARNING (630558, stable_pretraining.callbacks.cpu_offload) |   - float at 'lr_schedulers[0].eta_min'
07:07:41.795 | WARNING (630558, stable_pretraining.callbacks.cpu_offload) |   - float at 'lr_schedulers[0].base_lrs[0]'
07:07:41.795 | WARNING (630558, stable_pretraining.callbacks.cpu_offload) |   - int at 'lr_schedulers[0].last_epoch'
07:07:41.795 | WARNING (630558, stable_pretraining.callbacks.cpu_offload) |   - int at 'lr_schedulers[0]._step_count'
07:07:41.795 | WARNING (630558, stable_pretraining.callbacks.cpu_offload) |   - bool at 'lr_schedulers[0]._is_initial'
07:07:41.795 | WARNING (630558, stable_pretraining.callbacks.cpu_offload) |   - bool at 'lr_schedulers[0]._get_lr_called_within_step'
07:07:41.795 | WARNING (630558, stable_pretraining.callbacks.cpu_offload) |   - float at 'lr_schedulers[0]._last_lr[0]'
07:07:41.795 | INFO    (630558, stable_pretraining.callbacks.cpu_offload) | To see all 322 skipped objects, set log_skipped=True
07:07:41.796 | INFO    (630558, stable_pretraining.callbacks.cpu_offload) | GPU memory after offload:
07:07:41.796 | INFO    (630558, stable_pretraining.callbacks.cpu_offload) |   - Allocated: 0.24 GB
07:07:41.796 | INFO    (630558, stable_pretraining.callbacks.cpu_offload) |   - Reserved: 16.65 GB
07:07:41.796 | INFO    (630558, stable_pretraining.callbacks.cpu_offload) | GPU memory freed: 0.00 GB
07:07:41.796 | SUCCESS (630558, stable_pretraining.callbacks.cpu_offload) | CPUOffloadCallback: Checkpoint #11 completed in 0.10s
07:07:41.796 | INFO    (630558, stable_pretraining.callbacks.cpu_offload) | Successfully processed keys: ['state_dict', 'optimizer_states', 'lr_schedulers']
07:07:41.796 | INFO    (630558, stable_pretraining.callbacks.cpu_offload) | Cumulative stats:
07:07:41.796 | INFO    (630558, stable_pretraining.callbacks.cpu_offload) |   - Total checkpoints saved: 11
07:07:41.796 | INFO    (630558, stable_pretraining.callbacks.cpu_offload) |   - Total time in offload: 0.93s
07:07:41.796 | INFO    (630558, stable_pretraining.callbacks.cpu_offload) |   - Total memory freed: 0.00 GB
07:07:41.796 | INFO    (630558, stable_pretraining.callbacks.cpu_offload) |   - Average time per checkpoint: 0.08s
07:07:41.796 | INFO    (630558, stable_pretraining.callbacks.cpu_offload) | ============================================================
07:07:42.175 | INFO    (630558, stable_pretraining.callbacks.checkpoint_sklearn) | Checking for non PyTorch modules to save... 🔧
07:07:42.175 | INFO    (630558, stable_pretraining.callbacks.checkpoint_sklearn) | Checking for Wandb params to save... 🔧
07:07:42.175 | INFO    (630558, stable_pretraining.callbacks.checkpoint_sklearn) | Saving Wandb params {'id': 'lewm_lp_pusht_expert_v1'}
07:07:42.175 | INFO    (630558, stable_pretraining.callbacks.checkpoint_sklearn) | Checking for Wandb params to save... Done!
07:07:42.175 | INFO    (630558, stable_pretraining.callbacks.cpu_offload) | ============================================================
07:07:42.175 | INFO    (630558, stable_pretraining.callbacks.cpu_offload) | CPUOffloadCallback: Starting checkpoint CPU offload (#12)
07:07:42.175 | INFO    (630558, stable_pretraining.callbacks.cpu_offload) |   - Global step: 20898
07:07:42.175 | INFO    (630558, stable_pretraining.callbacks.cpu_offload) |   - Epoch: 5
07:07:42.175 | INFO    (630558, stable_pretraining.callbacks.cpu_offload) | Checkpoint contains 11 keys: ['callbacks', 'epoch', 'global_step', 'hparams_name', 'hyper_parameters', 'loops', 'lr_schedulers', 'optimizer_states', 'pytorch-lightning_version', 'state_dict', 'wandb']
07:07:42.176 | INFO    (630558, stable_pretraining.callbacks.cpu_offload) | GPU memory before offload:
07:07:42.176 | INFO    (630558, stable_pretraining.callbacks.cpu_offload) |   - Allocated: 0.24 GB
07:07:42.176 | INFO    (630558, stable_pretraining.callbacks.cpu_offload) |   - Reserved: 16.65 GB
07:07:42.176 | INFO    (630558, stable_pretraining.callbacks.cpu_offload) | Processing checkpoint key: 'state_dict'
07:07:42.205 | SUCCESS (630558, stable_pretraining.callbacks.cpu_offload) | ✓ Completed 'state_dict' in 0.03s
07:07:42.205 | INFO    (630558, stable_pretraining.callbacks.cpu_offload) | Processing checkpoint key: 'optimizer_states'
07:07:42.277 | SUCCESS (630558, stable_pretraining.callbacks.cpu_offload) | ✓ Completed 'optimizer_states' in 0.07s
07:07:42.277 | INFO    (630558, stable_pretraining.callbacks.cpu_offload) | Processing checkpoint key: 'lr_schedulers'
07:07:42.277 | SUCCESS (630558, stable_pretraining.callbacks.cpu_offload) | ✓ Completed 'lr_schedulers' in 0.00s
07:07:42.277 | WARNING (630558, stable_pretraining.callbacks.cpu_offload) | Skipped 322 custom object(s)
07:07:42.277 | WARNING (630558, stable_pretraining.callbacks.cpu_offload) | First 10 skipped objects:
07:07:42.277 | WARNING (630558, stable_pretraining.callbacks.cpu_offload) |   - float at 'optimizer_states[0].param_groups[0].lr'
07:07:42.277 | WARNING (630558, stable_pretraining.callbacks.cpu_offload) |   - float at 'optimizer_states[0].param_groups[0].betas[0]'
07:07:42.277 | WARNING (630558, stable_pretraining.callbacks.cpu_offload) |   - float at 'optimizer_states[0].param_groups[0].betas[1]'
07:07:42.278 | WARNING (630558, stable_pretraining.callbacks.cpu_offload) |   - float at 'optimizer_states[0].param_groups[0].eps'
07:07:42.278 | WARNING (630558, stable_pretraining.callbacks.cpu_offload) |   - float at 'optimizer_states[0].param_groups[0].weight_decay'
07:07:42.278 | WARNING (630558, stable_pretraining.callbacks.cpu_offload) |   - bool at 'optimizer_states[0].param_groups[0].amsgrad'
07:07:42.278 | WARNING (630558, stable_pretraining.callbacks.cpu_offload) |   - bool at 'optimizer_states[0].param_groups[0].maximize'
07:07:42.278 | WARNING (630558, stable_pretraining.callbacks.cpu_offload) |   - NoneType at 'optimizer_states[0].param_groups[0].foreach'
07:07:42.278 | WARNING (630558, stable_pretraining.callbacks.cpu_offload) |   - bool at 'optimizer_states[0].param_groups[0].capturable'
07:07:42.278 | WARNING (630558, stable_pretraining.callbacks.cpu_offload) |   - bool at 'optimizer_states[0].param_groups[0].differentiable'
07:07:42.278 | WARNING (630558, stable_pretraining.callbacks.cpu_offload) | ... (302 more skipped) ...
07:07:42.278 | WARNING (630558, stable_pretraining.callbacks.cpu_offload) | Last 10 skipped objects:
07:07:42.278 | WARNING (630558, stable_pretraining.callbacks.cpu_offload) |   - int at 'lr_schedulers[0].warmup_steps'
07:07:42.278 | WARNING (630558, stable_pretraining.callbacks.cpu_offload) |   - int at 'lr_schedulers[0].max_steps'
07:07:42.279 | WARNING (630558, stable_pretraining.callbacks.cpu_offload) |   - float at 'lr_schedulers[0].warmup_start_lr'
07:07:42.279 | WARNING (630558, stable_pretraining.callbacks.cpu_offload) |   - float at 'lr_schedulers[0].eta_min'
07:07:42.279 | WARNING (630558, stable_pretraining.callbacks.cpu_offload) |   - float at 'lr_schedulers[0].base_lrs[0]'
07:07:42.279 | WARNING (630558, stable_pretraining.callbacks.cpu_offload) |   - int at 'lr_schedulers[0].last_epoch'
07:07:42.279 | WARNING (630558, stable_pretraining.callbacks.cpu_offload) |   - int at 'lr_schedulers[0]._step_count'
07:07:42.279 | WARNING (630558, stable_pretraining.callbacks.cpu_offload) |   - bool at 'lr_schedulers[0]._is_initial'
07:07:42.279 | WARNING (630558, stable_pretraining.callbacks.cpu_offload) |   - bool at 'lr_schedulers[0]._get_lr_called_within_step'
07:07:42.279 | WARNING (630558, stable_pretraining.callbacks.cpu_offload) |   - float at 'lr_schedulers[0]._last_lr[0]'
07:07:42.279 | INFO    (630558, stable_pretraining.callbacks.cpu_offload) | To see all 322 skipped objects, set log_skipped=True
07:07:42.279 | INFO    (630558, stable_pretraining.callbacks.cpu_offload) | GPU memory after offload:
07:07:42.279 | INFO    (630558, stable_pretraining.callbacks.cpu_offload) |   - Allocated: 0.24 GB
07:07:42.279 | INFO    (630558, stable_pretraining.callbacks.cpu_offload) |   - Reserved: 16.65 GB
07:07:42.279 | INFO    (630558, stable_pretraining.callbacks.cpu_offload) | GPU memory freed: 0.00 GB
07:07:42.279 | SUCCESS (630558, stable_pretraining.callbacks.cpu_offload) | CPUOffloadCallback: Checkpoint #12 completed in 0.10s
07:07:42.279 | INFO    (630558, stable_pretraining.callbacks.cpu_offload) | Successfully processed keys: ['state_dict', 'optimizer_states', 'lr_schedulers']
07:07:42.280 | INFO    (630558, stable_pretraining.callbacks.cpu_offload) | Cumulative stats:
07:07:42.280 | INFO    (630558, stable_pretraining.callbacks.cpu_offload) |   - Total checkpoints saved: 12
07:07:42.280 | INFO    (630558, stable_pretraining.callbacks.cpu_offload) |   - Total time in offload: 1.04s
07:07:42.280 | INFO    (630558, stable_pretraining.callbacks.cpu_offload) |   - Total memory freed: 0.00 GB
07:07:42.280 | INFO    (630558, stable_pretraining.callbacks.cpu_offload) |   - Average time per checkpoint: 0.09s
07:07:42.280 | INFO    (630558, stable_pretraining.callbacks.cpu_offload) | ============================================================
07:52:15.015 | WARNING (630558, stable_pretraining.module) | You are calling self.parameters which also gives callbacks parameters, to remove then, pass `with_callbacks=False`
07:54:04.851 | INFO    (630558, stable_pretraining.callbacks.trainer_info) | \n+----------------------------+-----------------------+
|           Metric           |         Value         |
+----------------------------+-----------------------+
|          [0;34;40mfit/loss[0m          |  [0;32;40m0.007847319357097149[0m |
|       [0;34;40mfit/pred_loss[0m        |  [0;32;40m0.001622481388039887[0m |
|      [0;34;40mfit/rdmreg_loss[0m       | [0;32;40m0.0062248376198112965[0m |
|       [0;34;40mvalidate/loss[0m        |  [0;32;40m0.007951615378260612[0m |
|    [0;34;40mvalidate/loss_epoch[0m     |  [0;32;40m0.007951615378260612[0m |
|     [0;34;40mvalidate/pred_loss[0m     | [0;32;40m0.0010339446598663926[0m |
|  [0;34;40mvalidate/pred_loss_epoch[0m  | [0;32;40m0.0010339446598663926[0m |
|    [0;34;40mvalidate/rdmreg_loss[0m    |  [0;32;40m0.006917674094438553[0m |
| [0;34;40mvalidate/rdmreg_loss_epoch[0m |  [0;32;40m0.006917674094438553[0m |
+----------------------------+-----------------------+
07:54:04.910 | INFO    (630558, stable_pretraining.callbacks.checkpoint_sklearn) | Checking for non PyTorch modules to save... 🔧
07:54:04.910 | INFO    (630558, stable_pretraining.callbacks.checkpoint_sklearn) | Checking for Wandb params to save... 🔧
07:54:04.910 | INFO    (630558, stable_pretraining.callbacks.checkpoint_sklearn) | Saving Wandb params {'id': 'lewm_lp_pusht_expert_v1'}
07:54:04.910 | INFO    (630558, stable_pretraining.callbacks.checkpoint_sklearn) | Checking for Wandb params to save... Done!
07:54:04.910 | INFO    (630558, stable_pretraining.callbacks.cpu_offload) | ============================================================
07:54:04.910 | INFO    (630558, stable_pretraining.callbacks.cpu_offload) | CPUOffloadCallback: Starting checkpoint CPU offload (#13)
07:54:04.910 | INFO    (630558, stable_pretraining.callbacks.cpu_offload) |   - Global step: 24381
07:54:04.910 | INFO    (630558, stable_pretraining.callbacks.cpu_offload) |   - Epoch: 6
07:54:04.910 | INFO    (630558, stable_pretraining.callbacks.cpu_offload) | Checkpoint contains 11 keys: ['callbacks', 'epoch', 'global_step', 'hparams_name', 'hyper_parameters', 'loops', 'lr_schedulers', 'optimizer_states', 'pytorch-lightning_version', 'state_dict', 'wandb']
07:54:04.910 | INFO    (630558, stable_pretraining.callbacks.cpu_offload) | GPU memory before offload:
07:54:04.911 | INFO    (630558, stable_pretraining.callbacks.cpu_offload) |   - Allocated: 0.24 GB
07:54:04.911 | INFO    (630558, stable_pretraining.callbacks.cpu_offload) |   - Reserved: 16.65 GB
07:54:04.911 | INFO    (630558, stable_pretraining.callbacks.cpu_offload) | Processing checkpoint key: 'state_dict'
07:54:04.934 | SUCCESS (630558, stable_pretraining.callbacks.cpu_offload) | ✓ Completed 'state_dict' in 0.02s
07:54:04.934 | INFO    (630558, stable_pretraining.callbacks.cpu_offload) | Processing checkpoint key: 'optimizer_states'
07:54:04.999 | SUCCESS (630558, stable_pretraining.callbacks.cpu_offload) | ✓ Completed 'optimizer_states' in 0.06s
07:54:04.999 | INFO    (630558, stable_pretraining.callbacks.cpu_offload) | Processing checkpoint key: 'lr_schedulers'
07:54:04.999 | SUCCESS (630558, stable_pretraining.callbacks.cpu_offload) | ✓ Completed 'lr_schedulers' in 0.00s
07:54:04.999 | WARNING (630558, stable_pretraining.callbacks.cpu_offload) | Skipped 322 custom object(s)
07:54:04.999 | WARNING (630558, stable_pretraining.callbacks.cpu_offload) | First 10 skipped objects:
07:54:05.000 | WARNING (630558, stable_pretraining.callbacks.cpu_offload) |   - float at 'optimizer_states[0].param_groups[0].lr'
07:54:05.000 | WARNING (630558, stable_pretraining.callbacks.cpu_offload) |   - float at 'optimizer_states[0].param_groups[0].betas[0]'
07:54:05.000 | WARNING (630558, stable_pretraining.callbacks.cpu_offload) |   - float at 'optimizer_states[0].param_groups[0].betas[1]'
07:54:05.000 | WARNING (630558, stable_pretraining.callbacks.cpu_offload) |   - float at 'optimizer_states[0].param_groups[0].eps'
07:54:05.000 | WARNING (630558, stable_pretraining.callbacks.cpu_offload) |   - float at 'optimizer_states[0].param_groups[0].weight_decay'
07:54:05.000 | WARNING (630558, stable_pretraining.callbacks.cpu_offload) |   - bool at 'optimizer_states[0].param_groups[0].amsgrad'
07:54:05.000 | WARNING (630558, stable_pretraining.callbacks.cpu_offload) |   - bool at 'optimizer_states[0].param_groups[0].maximize'
07:54:05.000 | WARNING (630558, stable_pretraining.callbacks.cpu_offload) |   - NoneType at 'optimizer_states[0].param_groups[0].foreach'
07:54:05.000 | WARNING (630558, stable_pretraining.callbacks.cpu_offload) |   - bool at 'optimizer_states[0].param_groups[0].capturable'
07:54:05.000 | WARNING (630558, stable_pretraining.callbacks.cpu_offload) |   - bool at 'optimizer_states[0].param_groups[0].differentiable'
07:54:05.000 | WARNING (630558, stable_pretraining.callbacks.cpu_offload) | ... (302 more skipped) ...
07:54:05.000 | WARNING (630558, stable_pretraining.callbacks.cpu_offload) | Last 10 skipped objects:
07:54:05.000 | WARNING (630558, stable_pretraining.callbacks.cpu_offload) |   - int at 'lr_schedulers[0].warmup_steps'
07:54:05.000 | WARNING (630558, stable_pretraining.callbacks.cpu_offload) |   - int at 'lr_schedulers[0].max_steps'
07:54:05.000 | WARNING (630558, stable_pretraining.callbacks.cpu_offload) |   - float at 'lr_schedulers[0].warmup_start_lr'
07:54:05.000 | WARNING (630558, stable_pretraining.callbacks.cpu_offload) |   - float at 'lr_schedulers[0].eta_min'
07:54:05.000 | WARNING (630558, stable_pretraining.callbacks.cpu_offload) |   - float at 'lr_schedulers[0].base_lrs[0]'
07:54:05.000 | WARNING (630558, stable_pretraining.callbacks.cpu_offload) |   - int at 'lr_schedulers[0].last_epoch'
07:54:05.000 | WARNING (630558, stable_pretraining.callbacks.cpu_offload) |   - int at 'lr_schedulers[0]._step_count'
07:54:05.000 | WARNING (630558, stable_pretraining.callbacks.cpu_offload) |   - bool at 'lr_schedulers[0]._is_initial'
07:54:05.001 | WARNING (630558, stable_pretraining.callbacks.cpu_offload) |   - bool at 'lr_schedulers[0]._get_lr_called_within_step'
07:54:05.001 | WARNING (630558, stable_pretraining.callbacks.cpu_offload) |   - float at 'lr_schedulers[0]._last_lr[0]'
07:54:05.001 | INFO    (630558, stable_pretraining.callbacks.cpu_offload) | To see all 322 skipped objects, set log_skipped=True
07:54:05.001 | INFO    (630558, stable_pretraining.callbacks.cpu_offload) | GPU memory after offload:
07:54:05.001 | INFO    (630558, stable_pretraining.callbacks.cpu_offload) |   - Allocated: 0.24 GB
07:54:05.001 | INFO    (630558, stable_pretraining.callbacks.cpu_offload) |   - Reserved: 16.65 GB
07:54:05.001 | INFO    (630558, stable_pretraining.callbacks.cpu_offload) | GPU memory freed: 0.00 GB
07:54:05.001 | SUCCESS (630558, stable_pretraining.callbacks.cpu_offload) | CPUOffloadCallback: Checkpoint #13 completed in 0.09s
07:54:05.001 | INFO    (630558, stable_pretraining.callbacks.cpu_offload) | Successfully processed keys: ['state_dict', 'optimizer_states', 'lr_schedulers']
07:54:05.001 | INFO    (630558, stable_pretraining.callbacks.cpu_offload) | Cumulative stats:
07:54:05.001 | INFO    (630558, stable_pretraining.callbacks.cpu_offload) |   - Total checkpoints saved: 13
07:54:05.001 | INFO    (630558, stable_pretraining.callbacks.cpu_offload) |   - Total time in offload: 1.13s
07:54:05.001 | INFO    (630558, stable_pretraining.callbacks.cpu_offload) |   - Total memory freed: 0.00 GB
07:54:05.001 | INFO    (630558, stable_pretraining.callbacks.cpu_offload) |   - Average time per checkpoint: 0.09s
07:54:05.001 | INFO    (630558, stable_pretraining.callbacks.cpu_offload) | ============================================================
07:54:05.394 | INFO    (630558, stable_pretraining.callbacks.checkpoint_sklearn) | Checking for non PyTorch modules to save... 🔧
07:54:05.395 | INFO    (630558, stable_pretraining.callbacks.checkpoint_sklearn) | Checking for Wandb params to save... 🔧
07:54:05.395 | INFO    (630558, stable_pretraining.callbacks.checkpoint_sklearn) | Saving Wandb params {'id': 'lewm_lp_pusht_expert_v1'}
07:54:05.395 | INFO    (630558, stable_pretraining.callbacks.checkpoint_sklearn) | Checking for Wandb params to save... Done!
07:54:05.395 | INFO    (630558, stable_pretraining.callbacks.cpu_offload) | ============================================================
07:54:05.395 | INFO    (630558, stable_pretraining.callbacks.cpu_offload) | CPUOffloadCallback: Starting checkpoint CPU offload (#14)
07:54:05.395 | INFO    (630558, stable_pretraining.callbacks.cpu_offload) |   - Global step: 24381
07:54:05.395 | INFO    (630558, stable_pretraining.callbacks.cpu_offload) |   - Epoch: 6
07:54:05.395 | INFO    (630558, stable_pretraining.callbacks.cpu_offload) | Checkpoint contains 11 keys: ['callbacks', 'epoch', 'global_step', 'hparams_name', 'hyper_parameters', 'loops', 'lr_schedulers', 'optimizer_states', 'pytorch-lightning_version', 'state_dict', 'wandb']
07:54:05.395 | INFO    (630558, stable_pretraining.callbacks.cpu_offload) | GPU memory before offload:
07:54:05.395 | INFO    (630558, stable_pretraining.callbacks.cpu_offload) |   - Allocated: 0.24 GB
07:54:05.396 | INFO    (630558, stable_pretraining.callbacks.cpu_offload) |   - Reserved: 16.65 GB
07:54:05.396 | INFO    (630558, stable_pretraining.callbacks.cpu_offload) | Processing checkpoint key: 'state_dict'
07:54:05.426 | SUCCESS (630558, stable_pretraining.callbacks.cpu_offload) | ✓ Completed 'state_dict' in 0.03s
07:54:05.426 | INFO    (630558, stable_pretraining.callbacks.cpu_offload) | Processing checkpoint key: 'optimizer_states'
07:54:05.492 | SUCCESS (630558, stable_pretraining.callbacks.cpu_offload) | ✓ Completed 'optimizer_states' in 0.07s
07:54:05.492 | INFO    (630558, stable_pretraining.callbacks.cpu_offload) | Processing checkpoint key: 'lr_schedulers'
07:54:05.492 | SUCCESS (630558, stable_pretraining.callbacks.cpu_offload) | ✓ Completed 'lr_schedulers' in 0.00s
07:54:05.492 | WARNING (630558, stable_pretraining.callbacks.cpu_offload) | Skipped 322 custom object(s)
07:54:05.493 | WARNING (630558, stable_pretraining.callbacks.cpu_offload) | First 10 skipped objects:
07:54:05.493 | WARNING (630558, stable_pretraining.callbacks.cpu_offload) |   - float at 'optimizer_states[0].param_groups[0].lr'
07:54:05.493 | WARNING (630558, stable_pretraining.callbacks.cpu_offload) |   - float at 'optimizer_states[0].param_groups[0].betas[0]'
07:54:05.493 | WARNING (630558, stable_pretraining.callbacks.cpu_offload) |   - float at 'optimizer_states[0].param_groups[0].betas[1]'
07:54:05.493 | WARNING (630558, stable_pretraining.callbacks.cpu_offload) |   - float at 'optimizer_states[0].param_groups[0].eps'
07:54:05.493 | WARNING (630558, stable_pretraining.callbacks.cpu_offload) |   - float at 'optimizer_states[0].param_groups[0].weight_decay'
07:54:05.493 | WARNING (630558, stable_pretraining.callbacks.cpu_offload) |   - bool at 'optimizer_states[0].param_groups[0].amsgrad'
07:54:05.493 | WARNING (630558, stable_pretraining.callbacks.cpu_offload) |   - bool at 'optimizer_states[0].param_groups[0].maximize'
07:54:05.493 | WARNING (630558, stable_pretraining.callbacks.cpu_offload) |   - NoneType at 'optimizer_states[0].param_groups[0].foreach'
07:54:05.493 | WARNING (630558, stable_pretraining.callbacks.cpu_offload) |   - bool at 'optimizer_states[0].param_groups[0].capturable'
07:54:05.493 | WARNING (630558, stable_pretraining.callbacks.cpu_offload) |   - bool at 'optimizer_states[0].param_groups[0].differentiable'
07:54:05.493 | WARNING (630558, stable_pretraining.callbacks.cpu_offload) | ... (302 more skipped) ...
07:54:05.493 | WARNING (630558, stable_pretraining.callbacks.cpu_offload) | Last 10 skipped objects:
07:54:05.493 | WARNING (630558, stable_pretraining.callbacks.cpu_offload) |   - int at 'lr_schedulers[0].warmup_steps'
07:54:05.493 | WARNING (630558, stable_pretraining.callbacks.cpu_offload) |   - int at 'lr_schedulers[0].max_steps'
07:54:05.493 | WARNING (630558, stable_pretraining.callbacks.cpu_offload) |   - float at 'lr_schedulers[0].warmup_start_lr'
07:54:05.493 | WARNING (630558, stable_pretraining.callbacks.cpu_offload) |   - float at 'lr_schedulers[0].eta_min'
07:54:05.493 | WARNING (630558, stable_pretraining.callbacks.cpu_offload) |   - float at 'lr_schedulers[0].base_lrs[0]'
07:54:05.493 | WARNING (630558, stable_pretraining.callbacks.cpu_offload) |   - int at 'lr_schedulers[0].last_epoch'
07:54:05.493 | WARNING (630558, stable_pretraining.callbacks.cpu_offload) |   - int at 'lr_schedulers[0]._step_count'
07:54:05.494 | WARNING (630558, stable_pretraining.callbacks.cpu_offload) |   - bool at 'lr_schedulers[0]._is_initial'
07:54:05.494 | WARNING (630558, stable_pretraining.callbacks.cpu_offload) |   - bool at 'lr_schedulers[0]._get_lr_called_within_step'
07:54:05.494 | WARNING (630558, stable_pretraining.callbacks.cpu_offload) |   - float at 'lr_schedulers[0]._last_lr[0]'
07:54:05.494 | INFO    (630558, stable_pretraining.callbacks.cpu_offload) | To see all 322 skipped objects, set log_skipped=True
07:54:05.494 | INFO    (630558, stable_pretraining.callbacks.cpu_offload) | GPU memory after offload:
07:54:05.494 | INFO    (630558, stable_pretraining.callbacks.cpu_offload) |   - Allocated: 0.24 GB
07:54:05.494 | INFO    (630558, stable_pretraining.callbacks.cpu_offload) |   - Reserved: 16.65 GB
07:54:05.494 | INFO    (630558, stable_pretraining.callbacks.cpu_offload) | GPU memory freed: 0.00 GB
07:54:05.494 | SUCCESS (630558, stable_pretraining.callbacks.cpu_offload) | CPUOffloadCallback: Checkpoint #14 completed in 0.10s
07:54:05.494 | INFO    (630558, stable_pretraining.callbacks.cpu_offload) | Successfully processed keys: ['state_dict', 'optimizer_states', 'lr_schedulers']
07:54:05.494 | INFO    (630558, stable_pretraining.callbacks.cpu_offload) | Cumulative stats:
07:54:05.494 | INFO    (630558, stable_pretraining.callbacks.cpu_offload) |   - Total checkpoints saved: 14
07:54:05.494 | INFO    (630558, stable_pretraining.callbacks.cpu_offload) |   - Total time in offload: 1.23s
07:54:05.495 | INFO    (630558, stable_pretraining.callbacks.cpu_offload) |   - Total memory freed: 0.00 GB
07:54:05.495 | INFO    (630558, stable_pretraining.callbacks.cpu_offload) |   - Average time per checkpoint: 0.09s
07:54:05.495 | INFO    (630558, stable_pretraining.callbacks.cpu_offload) | ============================================================
08:38:38.278 | WARNING (630558, stable_pretraining.module) | You are calling self.parameters which also gives callbacks parameters, to remove then, pass `with_callbacks=False`
08:40:28.285 | INFO    (630558, stable_pretraining.callbacks.trainer_info) | \n+----------------------------+-----------------------+
|           Metric           |         Value         |
+----------------------------+-----------------------+
|          [0;34;40mfit/loss[0m          |  [0;32;40m0.007331266533583403[0m |
|       [0;34;40mfit/pred_loss[0m        |  [0;32;40m0.001464077620767057[0m |
|      [0;34;40mfit/rdmreg_loss[0m       |  [0;32;40m0.005867188796401024[0m |
|       [0;34;40mvalidate/loss[0m        |  [0;32;40m0.007390722166746855[0m |
|    [0;34;40mvalidate/loss_epoch[0m     |  [0;32;40m0.007390722166746855[0m |
|     [0;34;40mvalidate/pred_loss[0m     | [0;32;40m0.0007583176484331489[0m |
|  [0;34;40mvalidate/pred_loss_epoch[0m  | [0;32;40m0.0007583176484331489[0m |
|    [0;34;40mvalidate/rdmreg_loss[0m    |  [0;32;40m0.00663240859284997[0m  |
| [0;34;40mvalidate/rdmreg_loss_epoch[0m |  [0;32;40m0.00663240859284997[0m  |
+----------------------------+-----------------------+
08:40:28.346 | INFO    (630558, stable_pretraining.callbacks.checkpoint_sklearn) | Checking for non PyTorch modules to save... 🔧
08:40:28.346 | INFO    (630558, stable_pretraining.callbacks.checkpoint_sklearn) | Checking for Wandb params to save... 🔧
08:40:28.347 | INFO    (630558, stable_pretraining.callbacks.checkpoint_sklearn) | Saving Wandb params {'id': 'lewm_lp_pusht_expert_v1'}
08:40:28.347 | INFO    (630558, stable_pretraining.callbacks.checkpoint_sklearn) | Checking for Wandb params to save... Done!
08:40:28.347 | INFO    (630558, stable_pretraining.callbacks.cpu_offload) | ============================================================
08:40:28.347 | INFO    (630558, stable_pretraining.callbacks.cpu_offload) | CPUOffloadCallback: Starting checkpoint CPU offload (#15)
08:40:28.347 | INFO    (630558, stable_pretraining.callbacks.cpu_offload) |   - Global step: 27864
08:40:28.348 | INFO    (630558, stable_pretraining.callbacks.cpu_offload) |   - Epoch: 7
08:40:28.348 | INFO    (630558, stable_pretraining.callbacks.cpu_offload) | Checkpoint contains 11 keys: ['callbacks', 'epoch', 'global_step', 'hparams_name', 'hyper_parameters', 'loops', 'lr_schedulers', 'optimizer_states', 'pytorch-lightning_version', 'state_dict', 'wandb']
08:40:28.348 | INFO    (630558, stable_pretraining.callbacks.cpu_offload) | GPU memory before offload:
08:40:28.348 | INFO    (630558, stable_pretraining.callbacks.cpu_offload) |   - Allocated: 0.24 GB
08:40:28.348 | INFO    (630558, stable_pretraining.callbacks.cpu_offload) |   - Reserved: 16.65 GB
08:40:28.348 | INFO    (630558, stable_pretraining.callbacks.cpu_offload) | Processing checkpoint key: 'state_dict'
08:40:28.373 | SUCCESS (630558, stable_pretraining.callbacks.cpu_offload) | ✓ Completed 'state_dict' in 0.02s
08:40:28.373 | INFO    (630558, stable_pretraining.callbacks.cpu_offload) | Processing checkpoint key: 'optimizer_states'
08:40:28.440 | SUCCESS (630558, stable_pretraining.callbacks.cpu_offload) | ✓ Completed 'optimizer_states' in 0.07s
08:40:28.440 | INFO    (630558, stable_pretraining.callbacks.cpu_offload) | Processing checkpoint key: 'lr_schedulers'
08:40:28.440 | SUCCESS (630558, stable_pretraining.callbacks.cpu_offload) | ✓ Completed 'lr_schedulers' in 0.00s
08:40:28.440 | WARNING (630558, stable_pretraining.callbacks.cpu_offload) | Skipped 322 custom object(s)
08:40:28.440 | WARNING (630558, stable_pretraining.callbacks.cpu_offload) | First 10 skipped objects:
08:40:28.441 | WARNING (630558, stable_pretraining.callbacks.cpu_offload) |   - float at 'optimizer_states[0].param_groups[0].lr'
08:40:28.441 | WARNING (630558, stable_pretraining.callbacks.cpu_offload) |   - float at 'optimizer_states[0].param_groups[0].betas[0]'
08:40:28.441 | WARNING (630558, stable_pretraining.callbacks.cpu_offload) |   - float at 'optimizer_states[0].param_groups[0].betas[1]'
08:40:28.441 | WARNING (630558, stable_pretraining.callbacks.cpu_offload) |   - float at 'optimizer_states[0].param_groups[0].eps'
08:40:28.441 | WARNING (630558, stable_pretraining.callbacks.cpu_offload) |   - float at 'optimizer_states[0].param_groups[0].weight_decay'
08:40:28.441 | WARNING (630558, stable_pretraining.callbacks.cpu_offload) |   - bool at 'optimizer_states[0].param_groups[0].amsgrad'
08:40:28.441 | WARNING (630558, stable_pretraining.callbacks.cpu_offload) |   - bool at 'optimizer_states[0].param_groups[0].maximize'
08:40:28.441 | WARNING (630558, stable_pretraining.callbacks.cpu_offload) |   - NoneType at 'optimizer_states[0].param_groups[0].foreach'
08:40:28.441 | WARNING (630558, stable_pretraining.callbacks.cpu_offload) |   - bool at 'optimizer_states[0].param_groups[0].capturable'
08:40:28.441 | WARNING (630558, stable_pretraining.callbacks.cpu_offload) |   - bool at 'optimizer_states[0].param_groups[0].differentiable'
08:40:28.441 | WARNING (630558, stable_pretraining.callbacks.cpu_offload) | ... (302 more skipped) ...
08:40:28.441 | WARNING (630558, stable_pretraining.callbacks.cpu_offload) | Last 10 skipped objects:
08:40:28.441 | WARNING (630558, stable_pretraining.callbacks.cpu_offload) |   - int at 'lr_schedulers[0].warmup_steps'
08:40:28.441 | WARNING (630558, stable_pretraining.callbacks.cpu_offload) |   - int at 'lr_schedulers[0].max_steps'
08:40:28.441 | WARNING (630558, stable_pretraining.callbacks.cpu_offload) |   - float at 'lr_schedulers[0].warmup_start_lr'
08:40:28.441 | WARNING (630558, stable_pretraining.callbacks.cpu_offload) |   - float at 'lr_schedulers[0].eta_min'
08:40:28.441 | WARNING (630558, stable_pretraining.callbacks.cpu_offload) |   - float at 'lr_schedulers[0].base_lrs[0]'
08:40:28.441 | WARNING (630558, stable_pretraining.callbacks.cpu_offload) |   - int at 'lr_schedulers[0].last_epoch'
08:40:28.441 | WARNING (630558, stable_pretraining.callbacks.cpu_offload) |   - int at 'lr_schedulers[0]._step_count'
08:40:28.442 | WARNING (630558, stable_pretraining.callbacks.cpu_offload) |   - bool at 'lr_schedulers[0]._is_initial'
08:40:28.442 | WARNING (630558, stable_pretraining.callbacks.cpu_offload) |   - bool at 'lr_schedulers[0]._get_lr_called_within_step'
08:40:28.442 | WARNING (630558, stable_pretraining.callbacks.cpu_offload) |   - float at 'lr_schedulers[0]._last_lr[0]'
08:40:28.442 | INFO    (630558, stable_pretraining.callbacks.cpu_offload) | To see all 322 skipped objects, set log_skipped=True
08:40:28.442 | INFO    (630558, stable_pretraining.callbacks.cpu_offload) | GPU memory after offload:
08:40:28.442 | INFO    (630558, stable_pretraining.callbacks.cpu_offload) |   - Allocated: 0.24 GB
08:40:28.442 | INFO    (630558, stable_pretraining.callbacks.cpu_offload) |   - Reserved: 16.65 GB
08:40:28.442 | INFO    (630558, stable_pretraining.callbacks.cpu_offload) | GPU memory freed: 0.00 GB
08:40:28.442 | SUCCESS (630558, stable_pretraining.callbacks.cpu_offload) | CPUOffloadCallback: Checkpoint #15 completed in 0.10s
08:40:28.442 | INFO    (630558, stable_pretraining.callbacks.cpu_offload) | Successfully processed keys: ['state_dict', 'optimizer_states', 'lr_schedulers']
08:40:28.443 | INFO    (630558, stable_pretraining.callbacks.cpu_offload) | Cumulative stats:
08:40:28.443 | INFO    (630558, stable_pretraining.callbacks.cpu_offload) |   - Total checkpoints saved: 15
08:40:28.443 | INFO    (630558, stable_pretraining.callbacks.cpu_offload) |   - Total time in offload: 1.32s
08:40:28.443 | INFO    (630558, stable_pretraining.callbacks.cpu_offload) |   - Total memory freed: 0.00 GB
08:40:28.443 | INFO    (630558, stable_pretraining.callbacks.cpu_offload) |   - Average time per checkpoint: 0.09s
08:40:28.443 | INFO    (630558, stable_pretraining.callbacks.cpu_offload) | ============================================================
08:40:28.801 | INFO    (630558, stable_pretraining.callbacks.checkpoint_sklearn) | Checking for non PyTorch modules to save... 🔧
08:40:28.801 | INFO    (630558, stable_pretraining.callbacks.checkpoint_sklearn) | Checking for Wandb params to save... 🔧
08:40:28.801 | INFO    (630558, stable_pretraining.callbacks.checkpoint_sklearn) | Saving Wandb params {'id': 'lewm_lp_pusht_expert_v1'}
08:40:28.802 | INFO    (630558, stable_pretraining.callbacks.checkpoint_sklearn) | Checking for Wandb params to save... Done!
08:40:28.802 | INFO    (630558, stable_pretraining.callbacks.cpu_offload) | ============================================================
08:40:28.802 | INFO    (630558, stable_pretraining.callbacks.cpu_offload) | CPUOffloadCallback: Starting checkpoint CPU offload (#16)
08:40:28.802 | INFO    (630558, stable_pretraining.callbacks.cpu_offload) |   - Global step: 27864
08:40:28.802 | INFO    (630558, stable_pretraining.callbacks.cpu_offload) |   - Epoch: 7
08:40:28.802 | INFO    (630558, stable_pretraining.callbacks.cpu_offload) | Checkpoint contains 11 keys: ['callbacks', 'epoch', 'global_step', 'hparams_name', 'hyper_parameters', 'loops', 'lr_schedulers', 'optimizer_states', 'pytorch-lightning_version', 'state_dict', 'wandb']
08:40:28.802 | INFO    (630558, stable_pretraining.callbacks.cpu_offload) | GPU memory before offload:
08:40:28.802 | INFO    (630558, stable_pretraining.callbacks.cpu_offload) |   - Allocated: 0.24 GB
08:40:28.802 | INFO    (630558, stable_pretraining.callbacks.cpu_offload) |   - Reserved: 16.65 GB
08:40:28.802 | INFO    (630558, stable_pretraining.callbacks.cpu_offload) | Processing checkpoint key: 'state_dict'
08:40:28.832 | SUCCESS (630558, stable_pretraining.callbacks.cpu_offload) | ✓ Completed 'state_dict' in 0.03s
08:40:28.832 | INFO    (630558, stable_pretraining.callbacks.cpu_offload) | Processing checkpoint key: 'optimizer_states'
08:40:28.900 | SUCCESS (630558, stable_pretraining.callbacks.cpu_offload) | ✓ Completed 'optimizer_states' in 0.07s
08:40:28.900 | INFO    (630558, stable_pretraining.callbacks.cpu_offload) | Processing checkpoint key: 'lr_schedulers'
08:40:28.900 | SUCCESS (630558, stable_pretraining.callbacks.cpu_offload) | ✓ Completed 'lr_schedulers' in 0.00s
08:40:28.900 | WARNING (630558, stable_pretraining.callbacks.cpu_offload) | Skipped 322 custom object(s)
08:40:28.900 | WARNING (630558, stable_pretraining.callbacks.cpu_offload) | First 10 skipped objects:
08:40:28.900 | WARNING (630558, stable_pretraining.callbacks.cpu_offload) |   - float at 'optimizer_states[0].param_groups[0].lr'
08:40:28.900 | WARNING (630558, stable_pretraining.callbacks.cpu_offload) |   - float at 'optimizer_states[0].param_groups[0].betas[0]'
08:40:28.900 | WARNING (630558, stable_pretraining.callbacks.cpu_offload) |   - float at 'optimizer_states[0].param_groups[0].betas[1]'
08:40:28.900 | WARNING (630558, stable_pretraining.callbacks.cpu_offload) |   - float at 'optimizer_states[0].param_groups[0].eps'
08:40:28.900 | WARNING (630558, stable_pretraining.callbacks.cpu_offload) |   - float at 'optimizer_states[0].param_groups[0].weight_decay'
08:40:28.900 | WARNING (630558, stable_pretraining.callbacks.cpu_offload) |   - bool at 'optimizer_states[0].param_groups[0].amsgrad'
08:40:28.900 | WARNING (630558, stable_pretraining.callbacks.cpu_offload) |   - bool at 'optimizer_states[0].param_groups[0].maximize'
08:40:28.900 | WARNING (630558, stable_pretraining.callbacks.cpu_offload) |   - NoneType at 'optimizer_states[0].param_groups[0].foreach'
08:40:28.900 | WARNING (630558, stable_pretraining.callbacks.cpu_offload) |   - bool at 'optimizer_states[0].param_groups[0].capturable'
08:40:28.900 | WARNING (630558, stable_pretraining.callbacks.cpu_offload) |   - bool at 'optimizer_states[0].param_groups[0].differentiable'
08:40:28.900 | WARNING (630558, stable_pretraining.callbacks.cpu_offload) | ... (302 more skipped) ...
08:40:28.901 | WARNING (630558, stable_pretraining.callbacks.cpu_offload) | Last 10 skipped objects:
08:40:28.901 | WARNING (630558, stable_pretraining.callbacks.cpu_offload) |   - int at 'lr_schedulers[0].warmup_steps'
08:40:28.901 | WARNING (630558, stable_pretraining.callbacks.cpu_offload) |   - int at 'lr_schedulers[0].max_steps'
08:40:28.901 | WARNING (630558, stable_pretraining.callbacks.cpu_offload) |   - float at 'lr_schedulers[0].warmup_start_lr'
08:40:28.901 | WARNING (630558, stable_pretraining.callbacks.cpu_offload) |   - float at 'lr_schedulers[0].eta_min'
08:40:28.901 | WARNING (630558, stable_pretraining.callbacks.cpu_offload) |   - float at 'lr_schedulers[0].base_lrs[0]'
08:40:28.901 | WARNING (630558, stable_pretraining.callbacks.cpu_offload) |   - int at 'lr_schedulers[0].last_epoch'
08:40:28.901 | WARNING (630558, stable_pretraining.callbacks.cpu_offload) |   - int at 'lr_schedulers[0]._step_count'
08:40:28.901 | WARNING (630558, stable_pretraining.callbacks.cpu_offload) |   - bool at 'lr_schedulers[0]._is_initial'
08:40:28.901 | WARNING (630558, stable_pretraining.callbacks.cpu_offload) |   - bool at 'lr_schedulers[0]._get_lr_called_within_step'
08:40:28.901 | WARNING (630558, stable_pretraining.callbacks.cpu_offload) |   - float at 'lr_schedulers[0]._last_lr[0]'
08:40:28.901 | INFO    (630558, stable_pretraining.callbacks.cpu_offload) | To see all 322 skipped objects, set log_skipped=True
08:40:28.901 | INFO    (630558, stable_pretraining.callbacks.cpu_offload) | GPU memory after offload:
08:40:28.901 | INFO    (630558, stable_pretraining.callbacks.cpu_offload) |   - Allocated: 0.24 GB
08:40:28.902 | INFO    (630558, stable_pretraining.callbacks.cpu_offload) |   - Reserved: 16.65 GB
08:40:28.902 | INFO    (630558, stable_pretraining.callbacks.cpu_offload) | GPU memory freed: 0.00 GB
08:40:28.902 | SUCCESS (630558, stable_pretraining.callbacks.cpu_offload) | CPUOffloadCallback: Checkpoint #16 completed in 0.10s
08:40:28.902 | INFO    (630558, stable_pretraining.callbacks.cpu_offload) | Successfully processed keys: ['state_dict', 'optimizer_states', 'lr_schedulers']
08:40:28.902 | INFO    (630558, stable_pretraining.callbacks.cpu_offload) | Cumulative stats:
08:40:28.902 | INFO    (630558, stable_pretraining.callbacks.cpu_offload) |   - Total checkpoints saved: 16
08:40:28.902 | INFO    (630558, stable_pretraining.callbacks.cpu_offload) |   - Total time in offload: 1.42s
08:40:28.902 | INFO    (630558, stable_pretraining.callbacks.cpu_offload) |   - Total memory freed: 0.00 GB
08:40:28.902 | INFO    (630558, stable_pretraining.callbacks.cpu_offload) |   - Average time per checkpoint: 0.09s
08:40:28.902 | INFO    (630558, stable_pretraining.callbacks.cpu_offload) | ============================================================
09:25:01.407 | WARNING (630558, stable_pretraining.module) | You are calling self.parameters which also gives callbacks parameters, to remove then, pass `with_callbacks=False`
09:26:51.393 | INFO    (630558, stable_pretraining.callbacks.trainer_info) | \n+----------------------------+-----------------------+
|           Metric           |         Value         |
+----------------------------+-----------------------+
|          [0;34;40mfit/loss[0m          |  [0;32;40m0.006856224499642849[0m |
|       [0;34;40mfit/pred_loss[0m        | [0;32;40m0.0011336238821968436[0m |
|      [0;34;40mfit/rdmreg_loss[0m       | [0;32;40m0.0057226005010306835[0m |
|       [0;34;40mvalidate/loss[0m        |  [0;32;40m0.007211676333099604[0m |
|    [0;34;40mvalidate/loss_epoch[0m     |  [0;32;40m0.007211676333099604[0m |
|     [0;34;40mvalidate/pred_loss[0m     |  [0;32;40m0.000666430511046201[0m |
|  [0;34;40mvalidate/pred_loss_epoch[0m  |  [0;32;40m0.000666430511046201[0m |
|    [0;34;40mvalidate/rdmreg_loss[0m    |  [0;32;40m0.006545250304043293[0m |
| [0;34;40mvalidate/rdmreg_loss_epoch[0m |  [0;32;40m0.006545250304043293[0m |
+----------------------------+-----------------------+
09:26:51.622 | INFO    (630558, stable_pretraining.callbacks.checkpoint_sklearn) | Checking for non PyTorch modules to save... 🔧
09:26:51.622 | INFO    (630558, stable_pretraining.callbacks.checkpoint_sklearn) | Checking for Wandb params to save... 🔧
09:26:51.622 | INFO    (630558, stable_pretraining.callbacks.checkpoint_sklearn) | Saving Wandb params {'id': 'lewm_lp_pusht_expert_v1'}
09:26:51.622 | INFO    (630558, stable_pretraining.callbacks.checkpoint_sklearn) | Checking for Wandb params to save... Done!
09:26:51.622 | INFO    (630558, stable_pretraining.callbacks.cpu_offload) | ============================================================
09:26:51.622 | INFO    (630558, stable_pretraining.callbacks.cpu_offload) | CPUOffloadCallback: Starting checkpoint CPU offload (#17)
09:26:51.622 | INFO    (630558, stable_pretraining.callbacks.cpu_offload) |   - Global step: 31347
09:26:51.623 | INFO    (630558, stable_pretraining.callbacks.cpu_offload) |   - Epoch: 8
09:26:51.623 | INFO    (630558, stable_pretraining.callbacks.cpu_offload) | Checkpoint contains 11 keys: ['callbacks', 'epoch', 'global_step', 'hparams_name', 'hyper_parameters', 'loops', 'lr_schedulers', 'optimizer_states', 'pytorch-lightning_version', 'state_dict', 'wandb']
09:26:51.623 | INFO    (630558, stable_pretraining.callbacks.cpu_offload) | GPU memory before offload:
09:26:51.623 | INFO    (630558, stable_pretraining.callbacks.cpu_offload) |   - Allocated: 0.24 GB
09:26:51.623 | INFO    (630558, stable_pretraining.callbacks.cpu_offload) |   - Reserved: 16.65 GB
09:26:51.623 | INFO    (630558, stable_pretraining.callbacks.cpu_offload) | Processing checkpoint key: 'state_dict'
09:26:51.646 | SUCCESS (630558, stable_pretraining.callbacks.cpu_offload) | ✓ Completed 'state_dict' in 0.02s
09:26:51.646 | INFO    (630558, stable_pretraining.callbacks.cpu_offload) | Processing checkpoint key: 'optimizer_states'
09:26:51.711 | SUCCESS (630558, stable_pretraining.callbacks.cpu_offload) | ✓ Completed 'optimizer_states' in 0.06s
09:26:51.711 | INFO    (630558, stable_pretraining.callbacks.cpu_offload) | Processing checkpoint key: 'lr_schedulers'
09:26:51.711 | SUCCESS (630558, stable_pretraining.callbacks.cpu_offload) | ✓ Completed 'lr_schedulers' in 0.00s
09:26:51.711 | WARNING (630558, stable_pretraining.callbacks.cpu_offload) | Skipped 322 custom object(s)
09:26:51.711 | WARNING (630558, stable_pretraining.callbacks.cpu_offload) | First 10 skipped objects:
09:26:51.711 | WARNING (630558, stable_pretraining.callbacks.cpu_offload) |   - float at 'optimizer_states[0].param_groups[0].lr'
09:26:51.711 | WARNING (630558, stable_pretraining.callbacks.cpu_offload) |   - float at 'optimizer_states[0].param_groups[0].betas[0]'
09:26:51.711 | WARNING (630558, stable_pretraining.callbacks.cpu_offload) |   - float at 'optimizer_states[0].param_groups[0].betas[1]'
09:26:51.711 | WARNING (630558, stable_pretraining.callbacks.cpu_offload) |   - float at 'optimizer_states[0].param_groups[0].eps'
09:26:51.711 | WARNING (630558, stable_pretraining.callbacks.cpu_offload) |   - float at 'optimizer_states[0].param_groups[0].weight_decay'
09:26:51.711 | WARNING (630558, stable_pretraining.callbacks.cpu_offload) |   - bool at 'optimizer_states[0].param_groups[0].amsgrad'
09:26:51.711 | WARNING (630558, stable_pretraining.callbacks.cpu_offload) |   - bool at 'optimizer_states[0].param_groups[0].maximize'
09:26:51.711 | WARNING (630558, stable_pretraining.callbacks.cpu_offload) |   - NoneType at 'optimizer_states[0].param_groups[0].foreach'
09:26:51.711 | WARNING (630558, stable_pretraining.callbacks.cpu_offload) |   - bool at 'optimizer_states[0].param_groups[0].capturable'
09:26:51.712 | WARNING (630558, stable_pretraining.callbacks.cpu_offload) |   - bool at 'optimizer_states[0].param_groups[0].differentiable'
09:26:51.712 | WARNING (630558, stable_pretraining.callbacks.cpu_offload) | ... (302 more skipped) ...
09:26:51.712 | WARNING (630558, stable_pretraining.callbacks.cpu_offload) | Last 10 skipped objects:
09:26:51.712 | WARNING (630558, stable_pretraining.callbacks.cpu_offload) |   - int at 'lr_schedulers[0].warmup_steps'
09:26:51.712 | WARNING (630558, stable_pretraining.callbacks.cpu_offload) |   - int at 'lr_schedulers[0].max_steps'
09:26:51.712 | WARNING (630558, stable_pretraining.callbacks.cpu_offload) |   - float at 'lr_schedulers[0].warmup_start_lr'
09:26:51.712 | WARNING (630558, stable_pretraining.callbacks.cpu_offload) |   - float at 'lr_schedulers[0].eta_min'
09:26:51.712 | WARNING (630558, stable_pretraining.callbacks.cpu_offload) |   - float at 'lr_schedulers[0].base_lrs[0]'
09:26:51.712 | WARNING (630558, stable_pretraining.callbacks.cpu_offload) |   - int at 'lr_schedulers[0].last_epoch'
09:26:51.712 | WARNING (630558, stable_pretraining.callbacks.cpu_offload) |   - int at 'lr_schedulers[0]._step_count'
09:26:51.712 | WARNING (630558, stable_pretraining.callbacks.cpu_offload) |   - bool at 'lr_schedulers[0]._is_initial'
09:26:51.712 | WARNING (630558, stable_pretraining.callbacks.cpu_offload) |   - bool at 'lr_schedulers[0]._get_lr_called_within_step'
09:26:51.712 | WARNING (630558, stable_pretraining.callbacks.cpu_offload) |   - float at 'lr_schedulers[0]._last_lr[0]'
09:26:51.712 | INFO    (630558, stable_pretraining.callbacks.cpu_offload) | To see all 322 skipped objects, set log_skipped=True
09:26:51.712 | INFO    (630558, stable_pretraining.callbacks.cpu_offload) | GPU memory after offload:
09:26:51.712 | INFO    (630558, stable_pretraining.callbacks.cpu_offload) |   - Allocated: 0.24 GB
09:26:51.713 | INFO    (630558, stable_pretraining.callbacks.cpu_offload) |   - Reserved: 16.65 GB
09:26:51.713 | INFO    (630558, stable_pretraining.callbacks.cpu_offload) | GPU memory freed: 0.00 GB
09:26:51.713 | SUCCESS (630558, stable_pretraining.callbacks.cpu_offload) | CPUOffloadCallback: Checkpoint #17 completed in 0.09s
09:26:51.713 | INFO    (630558, stable_pretraining.callbacks.cpu_offload) | Successfully processed keys: ['state_dict', 'optimizer_states', 'lr_schedulers']
09:26:51.713 | INFO    (630558, stable_pretraining.callbacks.cpu_offload) | Cumulative stats:
09:26:51.713 | INFO    (630558, stable_pretraining.callbacks.cpu_offload) |   - Total checkpoints saved: 17
09:26:51.713 | INFO    (630558, stable_pretraining.callbacks.cpu_offload) |   - Total time in offload: 1.51s
09:26:51.713 | INFO    (630558, stable_pretraining.callbacks.cpu_offload) |   - Total memory freed: 0.00 GB
09:26:51.713 | INFO    (630558, stable_pretraining.callbacks.cpu_offload) |   - Average time per checkpoint: 0.09s
09:26:51.713 | INFO    (630558, stable_pretraining.callbacks.cpu_offload) | ============================================================
09:26:52.045 | INFO    (630558, stable_pretraining.callbacks.checkpoint_sklearn) | Checking for non PyTorch modules to save... 🔧
09:26:52.045 | INFO    (630558, stable_pretraining.callbacks.checkpoint_sklearn) | Checking for Wandb params to save... 🔧
09:26:52.045 | INFO    (630558, stable_pretraining.callbacks.checkpoint_sklearn) | Saving Wandb params {'id': 'lewm_lp_pusht_expert_v1'}
09:26:52.045 | INFO    (630558, stable_pretraining.callbacks.checkpoint_sklearn) | Checking for Wandb params to save... Done!
09:26:52.045 | INFO    (630558, stable_pretraining.callbacks.cpu_offload) | ============================================================
09:26:52.045 | INFO    (630558, stable_pretraining.callbacks.cpu_offload) | CPUOffloadCallback: Starting checkpoint CPU offload (#18)
09:26:52.045 | INFO    (630558, stable_pretraining.callbacks.cpu_offload) |   - Global step: 31347
09:26:52.045 | INFO    (630558, stable_pretraining.callbacks.cpu_offload) |   - Epoch: 8
09:26:52.045 | INFO    (630558, stable_pretraining.callbacks.cpu_offload) | Checkpoint contains 11 keys: ['callbacks', 'epoch', 'global_step', 'hparams_name', 'hyper_parameters', 'loops', 'lr_schedulers', 'optimizer_states', 'pytorch-lightning_version', 'state_dict', 'wandb']
09:26:52.046 | INFO    (630558, stable_pretraining.callbacks.cpu_offload) | GPU memory before offload:
09:26:52.046 | INFO    (630558, stable_pretraining.callbacks.cpu_offload) |   - Allocated: 0.24 GB
09:26:52.046 | INFO    (630558, stable_pretraining.callbacks.cpu_offload) |   - Reserved: 16.65 GB
09:26:52.046 | INFO    (630558, stable_pretraining.callbacks.cpu_offload) | Processing checkpoint key: 'state_dict'
09:26:52.059 | SUCCESS (630558, stable_pretraining.callbacks.cpu_offload) | ✓ Completed 'state_dict' in 0.01s
09:26:52.060 | INFO    (630558, stable_pretraining.callbacks.cpu_offload) | Processing checkpoint key: 'optimizer_states'
09:26:52.086 | SUCCESS (630558, stable_pretraining.callbacks.cpu_offload) | ✓ Completed 'optimizer_states' in 0.03s
09:26:52.087 | INFO    (630558, stable_pretraining.callbacks.cpu_offload) | Processing checkpoint key: 'lr_schedulers'
09:26:52.087 | SUCCESS (630558, stable_pretraining.callbacks.cpu_offload) | ✓ Completed 'lr_schedulers' in 0.00s
09:26:52.087 | WARNING (630558, stable_pretraining.callbacks.cpu_offload) | Skipped 322 custom object(s)
09:26:52.087 | WARNING (630558, stable_pretraining.callbacks.cpu_offload) | First 10 skipped objects:
09:26:52.087 | WARNING (630558, stable_pretraining.callbacks.cpu_offload) |   - float at 'optimizer_states[0].param_groups[0].lr'
09:26:52.087 | WARNING (630558, stable_pretraining.callbacks.cpu_offload) |   - float at 'optimizer_states[0].param_groups[0].betas[0]'
09:26:52.087 | WARNING (630558, stable_pretraining.callbacks.cpu_offload) |   - float at 'optimizer_states[0].param_groups[0].betas[1]'
09:26:52.087 | WARNING (630558, stable_pretraining.callbacks.cpu_offload) |   - float at 'optimizer_states[0].param_groups[0].eps'
09:26:52.087 | WARNING (630558, stable_pretraining.callbacks.cpu_offload) |   - float at 'optimizer_states[0].param_groups[0].weight_decay'
09:26:52.087 | WARNING (630558, stable_pretraining.callbacks.cpu_offload) |   - bool at 'optimizer_states[0].param_groups[0].amsgrad'
09:26:52.087 | WARNING (630558, stable_pretraining.callbacks.cpu_offload) |   - bool at 'optimizer_states[0].param_groups[0].maximize'
09:26:52.087 | WARNING (630558, stable_pretraining.callbacks.cpu_offload) |   - NoneType at 'optimizer_states[0].param_groups[0].foreach'
09:26:52.087 | WARNING (630558, stable_pretraining.callbacks.cpu_offload) |   - bool at 'optimizer_states[0].param_groups[0].capturable'
09:26:52.087 | WARNING (630558, stable_pretraining.callbacks.cpu_offload) |   - bool at 'optimizer_states[0].param_groups[0].differentiable'
09:26:52.087 | WARNING (630558, stable_pretraining.callbacks.cpu_offload) | ... (302 more skipped) ...
09:26:52.087 | WARNING (630558, stable_pretraining.callbacks.cpu_offload) | Last 10 skipped objects:
09:26:52.087 | WARNING (630558, stable_pretraining.callbacks.cpu_offload) |   - int at 'lr_schedulers[0].warmup_steps'
09:26:52.088 | WARNING (630558, stable_pretraining.callbacks.cpu_offload) |   - int at 'lr_schedulers[0].max_steps'
09:26:52.088 | WARNING (630558, stable_pretraining.callbacks.cpu_offload) |   - float at 'lr_schedulers[0].warmup_start_lr'
09:26:52.088 | WARNING (630558, stable_pretraining.callbacks.cpu_offload) |   - float at 'lr_schedulers[0].eta_min'
09:26:52.088 | WARNING (630558, stable_pretraining.callbacks.cpu_offload) |   - float at 'lr_schedulers[0].base_lrs[0]'
09:26:52.088 | WARNING (630558, stable_pretraining.callbacks.cpu_offload) |   - int at 'lr_schedulers[0].last_epoch'
09:26:52.088 | WARNING (630558, stable_pretraining.callbacks.cpu_offload) |   - int at 'lr_schedulers[0]._step_count'
09:26:52.088 | WARNING (630558, stable_pretraining.callbacks.cpu_offload) |   - bool at 'lr_schedulers[0]._is_initial'
09:26:52.088 | WARNING (630558, stable_pretraining.callbacks.cpu_offload) |   - bool at 'lr_schedulers[0]._get_lr_called_within_step'
09:26:52.088 | WARNING (630558, stable_pretraining.callbacks.cpu_offload) |   - float at 'lr_schedulers[0]._last_lr[0]'
09:26:52.088 | INFO    (630558, stable_pretraining.callbacks.cpu_offload) | To see all 322 skipped objects, set log_skipped=True
09:26:52.088 | INFO    (630558, stable_pretraining.callbacks.cpu_offload) | GPU memory after offload:
09:26:52.088 | INFO    (630558, stable_pretraining.callbacks.cpu_offload) |   - Allocated: 0.24 GB
09:26:52.088 | INFO    (630558, stable_pretraining.callbacks.cpu_offload) |   - Reserved: 16.65 GB
09:26:52.089 | INFO    (630558, stable_pretraining.callbacks.cpu_offload) | GPU memory freed: 0.00 GB
09:26:52.089 | SUCCESS (630558, stable_pretraining.callbacks.cpu_offload) | CPUOffloadCallback: Checkpoint #18 completed in 0.04s
09:26:52.089 | INFO    (630558, stable_pretraining.callbacks.cpu_offload) | Successfully processed keys: ['state_dict', 'optimizer_states', 'lr_schedulers']
09:26:52.089 | INFO    (630558, stable_pretraining.callbacks.cpu_offload) | Cumulative stats:
09:26:52.089 | INFO    (630558, stable_pretraining.callbacks.cpu_offload) |   - Total checkpoints saved: 18
09:26:52.089 | INFO    (630558, stable_pretraining.callbacks.cpu_offload) |   - Total time in offload: 1.56s
09:26:52.089 | INFO    (630558, stable_pretraining.callbacks.cpu_offload) |   - Total memory freed: 0.00 GB
09:26:52.089 | INFO    (630558, stable_pretraining.callbacks.cpu_offload) |   - Average time per checkpoint: 0.09s
09:26:52.089 | INFO    (630558, stable_pretraining.callbacks.cpu_offload) | ============================================================
10:11:25.835 | WARNING (630558, stable_pretraining.module) | You are calling self.parameters which also gives callbacks parameters, to remove then, pass `with_callbacks=False`
10:13:16.079 | INFO    (630558, stable_pretraining.callbacks.trainer_info) | \n+----------------------------+-----------------------+
|           Metric           |         Value         |
+----------------------------+-----------------------+
|          [0;34;40mfit/loss[0m          | [0;32;40m0.0068795508705079556[0m |
|       [0;34;40mfit/pred_loss[0m        | [0;32;40m0.0010998487705364823[0m |
|      [0;34;40mfit/rdmreg_loss[0m       |  [0;32;40m0.005779702216386795[0m |
|       [0;34;40mvalidate/loss[0m        | [0;32;40m0.0071719191037118435[0m |
|    [0;34;40mvalidate/loss_epoch[0m     | [0;32;40m0.0071719191037118435[0m |
|     [0;34;40mvalidate/pred_loss[0m     | [0;32;40m0.0006425271276384592[0m |
|  [0;34;40mvalidate/pred_loss_epoch[0m  | [0;32;40m0.0006425271276384592[0m |
|    [0;34;40mvalidate/rdmreg_loss[0m    |  [0;32;40m0.006529394071549177[0m |
| [0;34;40mvalidate/rdmreg_loss_epoch[0m |  [0;32;40m0.006529394071549177[0m |
+----------------------------+-----------------------+
10:13:16.527 | INFO    (630558, stable_pretraining.callbacks.checkpoint_sklearn) | Checking for non PyTorch modules to save... 🔧
10:13:16.527 | INFO    (630558, stable_pretraining.callbacks.checkpoint_sklearn) | Checking for Wandb params to save... 🔧
10:13:16.527 | INFO    (630558, stable_pretraining.callbacks.checkpoint_sklearn) | Saving Wandb params {'id': 'lewm_lp_pusht_expert_v1'}
10:13:16.527 | INFO    (630558, stable_pretraining.callbacks.checkpoint_sklearn) | Checking for Wandb params to save... Done!
10:13:16.527 | INFO    (630558, stable_pretraining.callbacks.cpu_offload) | ============================================================
10:13:16.528 | INFO    (630558, stable_pretraining.callbacks.cpu_offload) | CPUOffloadCallback: Starting checkpoint CPU offload (#19)
10:13:16.528 | INFO    (630558, stable_pretraining.callbacks.cpu_offload) |   - Global step: 34830
10:13:16.528 | INFO    (630558, stable_pretraining.callbacks.cpu_offload) |   - Epoch: 9
10:13:16.528 | INFO    (630558, stable_pretraining.callbacks.cpu_offload) | Checkpoint contains 11 keys: ['callbacks', 'epoch', 'global_step', 'hparams_name', 'hyper_parameters', 'loops', 'lr_schedulers', 'optimizer_states', 'pytorch-lightning_version', 'state_dict', 'wandb']
10:13:16.528 | INFO    (630558, stable_pretraining.callbacks.cpu_offload) | GPU memory before offload:
10:13:16.528 | INFO    (630558, stable_pretraining.callbacks.cpu_offload) |   - Allocated: 0.24 GB
10:13:16.528 | INFO    (630558, stable_pretraining.callbacks.cpu_offload) |   - Reserved: 16.65 GB
10:13:16.528 | INFO    (630558, stable_pretraining.callbacks.cpu_offload) | Processing checkpoint key: 'state_dict'
10:13:16.552 | SUCCESS (630558, stable_pretraining.callbacks.cpu_offload) | ✓ Completed 'state_dict' in 0.02s
10:13:16.552 | INFO    (630558, stable_pretraining.callbacks.cpu_offload) | Processing checkpoint key: 'optimizer_states'
10:13:16.614 | SUCCESS (630558, stable_pretraining.callbacks.cpu_offload) | ✓ Completed 'optimizer_states' in 0.06s
10:13:16.614 | INFO    (630558, stable_pretraining.callbacks.cpu_offload) | Processing checkpoint key: 'lr_schedulers'
10:13:16.614 | SUCCESS (630558, stable_pretraining.callbacks.cpu_offload) | ✓ Completed 'lr_schedulers' in 0.00s
10:13:16.614 | WARNING (630558, stable_pretraining.callbacks.cpu_offload) | Skipped 322 custom object(s)
10:13:16.614 | WARNING (630558, stable_pretraining.callbacks.cpu_offload) | First 10 skipped objects:
10:13:16.614 | WARNING (630558, stable_pretraining.callbacks.cpu_offload) |   - float at 'optimizer_states[0].param_groups[0].lr'
10:13:16.615 | WARNING (630558, stable_pretraining.callbacks.cpu_offload) |   - float at 'optimizer_states[0].param_groups[0].betas[0]'
10:13:16.615 | WARNING (630558, stable_pretraining.callbacks.cpu_offload) |   - float at 'optimizer_states[0].param_groups[0].betas[1]'
10:13:16.615 | WARNING (630558, stable_pretraining.callbacks.cpu_offload) |   - float at 'optimizer_states[0].param_groups[0].eps'
10:13:16.615 | WARNING (630558, stable_pretraining.callbacks.cpu_offload) |   - float at 'optimizer_states[0].param_groups[0].weight_decay'
10:13:16.615 | WARNING (630558, stable_pretraining.callbacks.cpu_offload) |   - bool at 'optimizer_states[0].param_groups[0].amsgrad'
10:13:16.615 | WARNING (630558, stable_pretraining.callbacks.cpu_offload) |   - bool at 'optimizer_states[0].param_groups[0].maximize'
10:13:16.615 | WARNING (630558, stable_pretraining.callbacks.cpu_offload) |   - NoneType at 'optimizer_states[0].param_groups[0].foreach'
10:13:16.615 | WARNING (630558, stable_pretraining.callbacks.cpu_offload) |   - bool at 'optimizer_states[0].param_groups[0].capturable'
10:13:16.615 | WARNING (630558, stable_pretraining.callbacks.cpu_offload) |   - bool at 'optimizer_states[0].param_groups[0].differentiable'
10:13:16.615 | WARNING (630558, stable_pretraining.callbacks.cpu_offload) | ... (302 more skipped) ...
10:13:16.615 | WARNING (630558, stable_pretraining.callbacks.cpu_offload) | Last 10 skipped objects:
10:13:16.615 | WARNING (630558, stable_pretraining.callbacks.cpu_offload) |   - int at 'lr_schedulers[0].warmup_steps'
10:13:16.615 | WARNING (630558, stable_pretraining.callbacks.cpu_offload) |   - int at 'lr_schedulers[0].max_steps'
10:13:16.615 | WARNING (630558, stable_pretraining.callbacks.cpu_offload) |   - float at 'lr_schedulers[0].warmup_start_lr'
10:13:16.615 | WARNING (630558, stable_pretraining.callbacks.cpu_offload) |   - float at 'lr_schedulers[0].eta_min'
10:13:16.615 | WARNING (630558, stable_pretraining.callbacks.cpu_offload) |   - float at 'lr_schedulers[0].base_lrs[0]'
10:13:16.615 | WARNING (630558, stable_pretraining.callbacks.cpu_offload) |   - int at 'lr_schedulers[0].last_epoch'
10:13:16.615 | WARNING (630558, stable_pretraining.callbacks.cpu_offload) |   - int at 'lr_schedulers[0]._step_count'
10:13:16.615 | WARNING (630558, stable_pretraining.callbacks.cpu_offload) |   - bool at 'lr_schedulers[0]._is_initial'
10:13:16.615 | WARNING (630558, stable_pretraining.callbacks.cpu_offload) |   - bool at 'lr_schedulers[0]._get_lr_called_within_step'
10:13:16.615 | WARNING (630558, stable_pretraining.callbacks.cpu_offload) |   - float at 'lr_schedulers[0]._last_lr[0]'
10:13:16.616 | INFO    (630558, stable_pretraining.callbacks.cpu_offload) | To see all 322 skipped objects, set log_skipped=True
10:13:16.616 | INFO    (630558, stable_pretraining.callbacks.cpu_offload) | GPU memory after offload:
10:13:16.616 | INFO    (630558, stable_pretraining.callbacks.cpu_offload) |   - Allocated: 0.24 GB
10:13:16.616 | INFO    (630558, stable_pretraining.callbacks.cpu_offload) |   - Reserved: 16.65 GB
10:13:16.616 | INFO    (630558, stable_pretraining.callbacks.cpu_offload) | GPU memory freed: 0.00 GB
10:13:16.616 | SUCCESS (630558, stable_pretraining.callbacks.cpu_offload) | CPUOffloadCallback: Checkpoint #19 completed in 0.09s
10:13:16.616 | INFO    (630558, stable_pretraining.callbacks.cpu_offload) | Successfully processed keys: ['state_dict', 'optimizer_states', 'lr_schedulers']
10:13:16.617 | INFO    (630558, stable_pretraining.callbacks.cpu_offload) | Cumulative stats:
10:13:16.617 | INFO    (630558, stable_pretraining.callbacks.cpu_offload) |   - Total checkpoints saved: 19
10:13:16.617 | INFO    (630558, stable_pretraining.callbacks.cpu_offload) |   - Total time in offload: 1.64s
10:13:16.617 | INFO    (630558, stable_pretraining.callbacks.cpu_offload) |   - Total memory freed: 0.00 GB
10:13:16.617 | INFO    (630558, stable_pretraining.callbacks.cpu_offload) |   - Average time per checkpoint: 0.09s
10:13:16.617 | INFO    (630558, stable_pretraining.callbacks.cpu_offload) | ============================================================
10:13:17.064 | INFO    (630558, stable_pretraining.callbacks.checkpoint_sklearn) | Checking for non PyTorch modules to save... 🔧
10:13:17.064 | INFO    (630558, stable_pretraining.callbacks.checkpoint_sklearn) | Checking for Wandb params to save... 🔧
10:13:17.064 | INFO    (630558, stable_pretraining.callbacks.checkpoint_sklearn) | Saving Wandb params {'id': 'lewm_lp_pusht_expert_v1'}
10:13:17.064 | INFO    (630558, stable_pretraining.callbacks.checkpoint_sklearn) | Checking for Wandb params to save... Done!
10:13:17.064 | INFO    (630558, stable_pretraining.callbacks.cpu_offload) | ============================================================
10:13:17.064 | INFO    (630558, stable_pretraining.callbacks.cpu_offload) | CPUOffloadCallback: Starting checkpoint CPU offload (#20)
10:13:17.064 | INFO    (630558, stable_pretraining.callbacks.cpu_offload) |   - Global step: 34830
10:13:17.064 | INFO    (630558, stable_pretraining.callbacks.cpu_offload) |   - Epoch: 9
10:13:17.064 | INFO    (630558, stable_pretraining.callbacks.cpu_offload) | Checkpoint contains 11 keys: ['callbacks', 'epoch', 'global_step', 'hparams_name', 'hyper_parameters', 'loops', 'lr_schedulers', 'optimizer_states', 'pytorch-lightning_version', 'state_dict', 'wandb']
10:13:17.065 | INFO    (630558, stable_pretraining.callbacks.cpu_offload) | GPU memory before offload:
10:13:17.065 | INFO    (630558, stable_pretraining.callbacks.cpu_offload) |   - Allocated: 0.24 GB
10:13:17.065 | INFO    (630558, stable_pretraining.callbacks.cpu_offload) |   - Reserved: 16.65 GB
10:13:17.065 | INFO    (630558, stable_pretraining.callbacks.cpu_offload) | Processing checkpoint key: 'state_dict'
10:13:17.093 | SUCCESS (630558, stable_pretraining.callbacks.cpu_offload) | ✓ Completed 'state_dict' in 0.03s
10:13:17.093 | INFO    (630558, stable_pretraining.callbacks.cpu_offload) | Processing checkpoint key: 'optimizer_states'
10:13:17.168 | SUCCESS (630558, stable_pretraining.callbacks.cpu_offload) | ✓ Completed 'optimizer_states' in 0.07s
10:13:17.168 | INFO    (630558, stable_pretraining.callbacks.cpu_offload) | Processing checkpoint key: 'lr_schedulers'
10:13:17.168 | SUCCESS (630558, stable_pretraining.callbacks.cpu_offload) | ✓ Completed 'lr_schedulers' in 0.00s
10:13:17.168 | WARNING (630558, stable_pretraining.callbacks.cpu_offload) | Skipped 322 custom object(s)
10:13:17.168 | WARNING (630558, stable_pretraining.callbacks.cpu_offload) | First 10 skipped objects:
10:13:17.168 | WARNING (630558, stable_pretraining.callbacks.cpu_offload) |   - float at 'optimizer_states[0].param_groups[0].lr'
10:13:17.168 | WARNING (630558, stable_pretraining.callbacks.cpu_offload) |   - float at 'optimizer_states[0].param_groups[0].betas[0]'
10:13:17.168 | WARNING (630558, stable_pretraining.callbacks.cpu_offload) |   - float at 'optimizer_states[0].param_groups[0].betas[1]'
10:13:17.168 | WARNING (630558, stable_pretraining.callbacks.cpu_offload) |   - float at 'optimizer_states[0].param_groups[0].eps'
10:13:17.168 | WARNING (630558, stable_pretraining.callbacks.cpu_offload) |   - float at 'optimizer_states[0].param_groups[0].weight_decay'
10:13:17.168 | WARNING (630558, stable_pretraining.callbacks.cpu_offload) |   - bool at 'optimizer_states[0].param_groups[0].amsgrad'
10:13:17.168 | WARNING (630558, stable_pretraining.callbacks.cpu_offload) |   - bool at 'optimizer_states[0].param_groups[0].maximize'
10:13:17.168 | WARNING (630558, stable_pretraining.callbacks.cpu_offload) |   - NoneType at 'optimizer_states[0].param_groups[0].foreach'
10:13:17.168 | WARNING (630558, stable_pretraining.callbacks.cpu_offload) |   - bool at 'optimizer_states[0].param_groups[0].capturable'
10:13:17.168 | WARNING (630558, stable_pretraining.callbacks.cpu_offload) |   - bool at 'optimizer_states[0].param_groups[0].differentiable'
10:13:17.168 | WARNING (630558, stable_pretraining.callbacks.cpu_offload) | ... (302 more skipped) ...
10:13:17.169 | WARNING (630558, stable_pretraining.callbacks.cpu_offload) | Last 10 skipped objects:
10:13:17.169 | WARNING (630558, stable_pretraining.callbacks.cpu_offload) |   - int at 'lr_schedulers[0].warmup_steps'
10:13:17.169 | WARNING (630558, stable_pretraining.callbacks.cpu_offload) |   - int at 'lr_schedulers[0].max_steps'
10:13:17.169 | WARNING (630558, stable_pretraining.callbacks.cpu_offload) |   - float at 'lr_schedulers[0].warmup_start_lr'
10:13:17.169 | WARNING (630558, stable_pretraining.callbacks.cpu_offload) |   - float at 'lr_schedulers[0].eta_min'
10:13:17.169 | WARNING (630558, stable_pretraining.callbacks.cpu_offload) |   - float at 'lr_schedulers[0].base_lrs[0]'
10:13:17.169 | WARNING (630558, stable_pretraining.callbacks.cpu_offload) |   - int at 'lr_schedulers[0].last_epoch'
10:13:17.169 | WARNING (630558, stable_pretraining.callbacks.cpu_offload) |   - int at 'lr_schedulers[0]._step_count'
10:13:17.169 | WARNING (630558, stable_pretraining.callbacks.cpu_offload) |   - bool at 'lr_schedulers[0]._is_initial'
10:13:17.169 | WARNING (630558, stable_pretraining.callbacks.cpu_offload) |   - bool at 'lr_schedulers[0]._get_lr_called_within_step'
10:13:17.169 | WARNING (630558, stable_pretraining.callbacks.cpu_offload) |   - float at 'lr_schedulers[0]._last_lr[0]'
10:13:17.169 | INFO    (630558, stable_pretraining.callbacks.cpu_offload) | To see all 322 skipped objects, set log_skipped=True
10:13:17.169 | INFO    (630558, stable_pretraining.callbacks.cpu_offload) | GPU memory after offload:
10:13:17.170 | INFO    (630558, stable_pretraining.callbacks.cpu_offload) |   - Allocated: 0.24 GB
10:13:17.170 | INFO    (630558, stable_pretraining.callbacks.cpu_offload) |   - Reserved: 16.65 GB
10:13:17.170 | INFO    (630558, stable_pretraining.callbacks.cpu_offload) | GPU memory freed: 0.00 GB
10:13:17.170 | SUCCESS (630558, stable_pretraining.callbacks.cpu_offload) | CPUOffloadCallback: Checkpoint #20 completed in 0.11s
10:13:17.170 | INFO    (630558, stable_pretraining.callbacks.cpu_offload) | Successfully processed keys: ['state_dict', 'optimizer_states', 'lr_schedulers']
10:13:17.170 | INFO    (630558, stable_pretraining.callbacks.cpu_offload) | Cumulative stats:
10:13:17.170 | INFO    (630558, stable_pretraining.callbacks.cpu_offload) |   - Total checkpoints saved: 20
10:13:17.170 | INFO    (630558, stable_pretraining.callbacks.cpu_offload) |   - Total time in offload: 1.75s
10:13:17.170 | INFO    (630558, stable_pretraining.callbacks.cpu_offload) |   - Total memory freed: 0.00 GB
10:13:17.170 | INFO    (630558, stable_pretraining.callbacks.cpu_offload) |   - Average time per checkpoint: 0.09s
10:13:17.170 | INFO    (630558, stable_pretraining.callbacks.cpu_offload) | ============================================================
`Trainer.fit` stopped: `max_epochs=10` reached.
10:13:19.137 | INFO    (630558, stable_pretraining.callbacks.cpu_offload) | ============================================================
10:13:19.137 | INFO    (630558, stable_pretraining.callbacks.cpu_offload) | CPUOffloadCallback: Training completed
10:13:19.137 | INFO    (630558, stable_pretraining.callbacks.cpu_offload) | Final statistics:
10:13:19.137 | INFO    (630558, stable_pretraining.callbacks.cpu_offload) |   - Total checkpoints saved: 20
10:13:19.137 | INFO    (630558, stable_pretraining.callbacks.cpu_offload) |   - Total time in offload: 1.75s
10:13:19.137 | INFO    (630558, stable_pretraining.callbacks.cpu_offload) |   - Total GPU memory freed: 0.00 GB
10:13:19.137 | INFO    (630558, stable_pretraining.callbacks.cpu_offload) |   - Average time per checkpoint: 0.09s
10:13:19.137 | INFO    (630558, stable_pretraining.callbacks.cpu_offload) |   - Average memory freed per checkpoint: 0.00 GB
10:13:19.137 | SUCCESS (630558, stable_pretraining.callbacks.cpu_offload) | CPUOffloadCallback: All checkpoints saved successfully
10:13:19.138 | INFO    (630558, stable_pretraining.callbacks.cpu_offload) | ============================================================
Epoch 9/9  ━━━━━━━━━━━━━━━━━━━━ 3483/3483 0:44:31 • 0:00:00 1.30it/s v_num: t_v1
10:13:19.903 | INFO    (630558, stable_pretraining.callbacks.cpu_offload) | CPUOffloadCallback: Teardown called for stage 'TrainerFn.FITTING'
[1;34mwandb[0m: 
[1;34mwandb[0m: 🚀 View run [33mlewm_lp_p1.0_pusht_expert[0m at: [34mhttps://wandb.ai/wms_at_iitb/le-wm/runs/lewm_lp_pusht_expert_v1[0m
TRAINING_EXITED_0
